:020000040800F2
:10000000C84601246D03000821B000084988000893
:1000100019B0000889110008590401080000000007
:10002000000000000000000000000000F1D1000806
:100030008924000800000000E1B5000861DD000827
:100040008B0300088B0300088B0300088B03000858
:100050008B0300088B0300088B0300088B03000848
:100060008B0300088B0300088B030008291C000881
:10007000391C0008491C0008591C0008691C0008AC
:10008000791C0008891C00088B030008C92400089B
:10009000D92400088B0300088B0300088B03000899
:1000A0008B0300088B0300088B0300088B030008F8
:1000B0008B0300088B0300088B0300088B030008E8
:1000C0008B0300088B0300088B0300088B030008D8
:1000D0008B030008A9FD00088B0300088B030008B0
:1000E0008B0300088B030008000000008B0300084E
:1000F0008B0300088B0300088B030008991C000881
:100100008B0300088B0300088B0300088B03000897
:10011000A9E000088B03000821DF00088B0300081A
:10012000A91C0008B91C0008C91C0008D91C00083B
:100130008B0300088B0300088B0300088B03000867
:1001400000000000000000000000000000000000AF
:100150008B0300088B0300088B030008B9FD00081F
:100160008B0300088B0300088B0300088B03000837
:100170008B0300088B0300088B03000800000000BD
:100180008B0300088B030008B9E00008C9E00008F1
:100190008B0300088B0300088B0300088B03000807
:1001A0008B0300088B0300088B030008000000008D
:1001B0008B0300088B0300088B0300088B030008E7
:1001C0008B0300088B030008000000000000000003
:1001D00000000000000000008B0300080000000089
:1001E000000000000000000000000000000000000F
:1001F00000000000000000008B0300088B030008D3
:100200008B0300088B030008000000008B0300082C
:100210008B0300088B0300088B0300088B03000886
:100220008B030008000000008B03000800000000A2
:100230008B0300088B030008000000008B030008FC
:100240008B0300088B0300088B0300088B03000856
:100250008B0300088B0300088B0300088B03000846
:100260008B0300088B0300088B0300088B03000836
:100270008B0300088B0300088B03000800000000BC
:100280008B0300088B0300088B0300088B03000816
:10029000000000008B0300088B0300080000000032
:1002A000000000008B0300088B030008D9E0000861
:1002B0008B0300088B0300088B0300088B030008E6
:1002C0008B0300088B0300088B03000800F002F882
:1002D00000F03CF80AA090E8000C82448344AAF1A4
:1002E0000107DA4501D100F031F8AFF2090EBAE8A2
:1002F0000F0013F0010F18BFFB1A43F0010318475A
:100300003C3B01005C3B0100103A24BF78C878C137
:10031000FAD8520724BF30C830C144BF04680C600B
:10032000704700000023002400250026103A28BF53
:1003300078C1FBD8520728BF30C148BF0B60704757
:100340001FB513F0D3FB1FBD10B510BD00F0C2F9EF
:100350001146FFF7F5FF10F01BFC00F0E0F903B4C5
:10036000FFF7F2FF03BC00F0E3F900000A48804702
:100370000A4880470A480047FEE7FEE7FEE7FEE737
:10038000FEE7FEE7FEE7FEE7FEE7FEE70548064973
:10039000064A074B704700009924000849DE000810
:1003A000CD020008C8340124C8460124C8360124FF
:1003B000C836012453EA020C00F069802DE9F04BA5
:1003C0004FF00006002B1FBFB3FA83F503FA05F4C4
:1003D00024FA05F65E4012BF1643B2FA82F502FA1D
:1003E00005F4C5F120051EBF22FA05FC44EA0C0401
:1003F000203556EA044C4FEA144418BF641C4FF0F1
:1004000000084FF00009904271EB030C39D300292A
:1004100019BFB1FA81F701FA07F6B0FA80F700FACE
:1004200007F6C7F120071EBF20FA07FC46EA0C06B4
:100430002037B6FBF4FCA7EB0507103F07F01F0BB6
:10044000CBF120062CFA06F60CFA0BFB44BFB346A0
:100450000026202FA4BF5E464FF0000B5BEA060C7F
:1004600008BF4FF0010B19EB0B0948EB0608ABFB7B
:10047000027C06FB02CC0BFB03CCC01B71EB0C0116
:10048000C1E70B46024641464846BDE8F08B13B52E
:10049000084318BF4FF0FF300146AFF30080BDE8BE
:1004A0001C40704753EA020C23D010B54C1084EA6C
:1004B000530404D54042C1F1000138BF491E1B421C
:1004C00004D55242C3F1000338BF5B1EFFF772FF31
:1004D00014F0804F04D04042C1F1000138BF491EE2
:1004E00014F0004F04D05242C3F1000338BF5B1E2A
:1004F00010BD13B540424FF0000070EB0104B8BFCF
:10050000012001F0004100281CBF6FF000414FF0B6
:10051000FF30AFF300801CBD032A40F2308010F0A2
:10052000030C00F0158011F8013BBCF1020F62448E
:1005300098BF11F801CB00F8013B38BF11F8013B1F
:10054000A2F1040298BF00F801CB38BF00F8013BCC
:1005500011F0030300F08480083AC0F0088051F8DD
:10056000043B083A51F804CBA0E80810F5E7121D47
:100570005CBF51F8043B40F8043BAFF30080D20766
:1005800024BF11F8013B11F801CB48BF11F8012B32
:1005900024BF00F8013B00F801CB48BF00F8012B55
:1005A000704702F0FF0343EA032242EA024200F0EE
:1005B00024B84FF000020429C0F0128010F0030CA0
:1005C00000F01B80CCF1040CBCF1020F18BF00F846
:1005D000012BA8BF20F8022BA1EB0C0100F00DB8F5
:1005E0005FEAC17C24BF00F8012B00F8012B48BF53
:1005F00000F8012B70474FF0000200B513469446F7
:100600009646203922BFA0E80C50A0E80C50B1F16A
:100610002001BFF4F7AF090728BFA0E80C5048BF7E
:100620000CC05DF804EB890028BF40F8042B08BF1C
:10063000704748BF20F8022B11F0804F18BF00F818
:10064000012B704770477047704710B500F03AF8BB
:10065000006810BD10B5044600F034F8046010BD09
:1006600010B5203AC0F00B80B1E81850A0E818503F
:10067000B1E81850A0E81850203ABFF4F5AF5FEA8F
:10068000027C24BFB1E81850A0E8185044BF18C934
:1006900018C0BDE810405FEA827C24BF51F8043BDB
:1006A00040F8043B08BF7047D20728BF31F8023B2F
:1006B00048BF11F8012B28BF20F8023B48BF00F8C3
:1006C000012B7047004870477000002400487047B5
:1006D000700000247546FFF7F9FFAE460500694635
:1006E000534620F00700854618B020B5FFF74EFEB0
:1006F000BDE820404FF000064FF000074FF0000823
:100700004FF0000BAC46ACE8C009ACE8C009ACE85F
:10071000C009ACE8C00921F007018D46704710B54B
:100720000446AFF300802046BDE81040FFF717BE37
:1007300001491820ABBEFEE726000200704700000A
:10074000082801D90120704708284FF0010114D86A
:1007500001FA00F212F01B0F09D108280DD140F266
:100760006441C2F20041CA7A82F00102CA7240F2C8
:100770001001C2F2004108700021084670470000D5
:1007800070B50FF075FB40F26445C2F2004548B108
:10079000297B41B90021697340F210010122C2F2A4
:1007A00000414A702873A87BD0B104F04DFEA97BAC
:1007B00004464A1E062A00F21E81DFE802F03D05CB
:1007C00047516705730000BF0FF0A2FB002800F03F
:1007D00011810120A5F80D000020287070BD00BF18
:1007E00040F21004EFF31080C2F2004472B6002809
:1007F0004FF0FF002678207000D162B6FF2E08BFB0
:1008000070BD0FF035FB68B1082E11D8DFE806F097
:10081000065C10708A1010109A0000BF687B0128D7
:1008200058D1C0E0082E55D1E87A80F00100E87276
:100830000120287070BD00BF0FF06AFB002800F097
:10084000D9800020A5F80D00287070BD0FF060FB66
:10085000002800F0CF800FF01FFB80B90420C2E019
:100860000FF0B2FA022800F0C58048B99FED7F0A68
:10087000F0EE400A0FF080FD002800F0B380012068
:1008800028700020A8730FF0CBFDB3E00FF040FB01
:10089000002800F0AF800220A5F80D00002028708D
:1008A00070BD00BF0FF034FB002800F0A38040F2C1
:1008B0001001E87BC2F2004180F001004870002086
:1008C0002870A87370BD00BF687B002804BFE87A59
:1008D000002865D0287A0128AAD1012EA8D8E87965
:1008E00080F00100E871002028720120287070BD9E
:1008F000687B01289CD140F2DC109FED612AC2F296
:10090000004090ED000A90ED011A30EE020A9FEDD2
:100910005D2A71EE020A0FF02FFD002840F0A4803E
:10092000032099E0687B02287FF482AF9FED520A92
:10093000DFED520A0FF020FD002840F095800620E0
:100940008AE000BF687B00287FF46EAFE87A002859
:1009500076D040F2DC11B8EE080AC2F2004191ED07
:10096000002AB4EE402AF1EE10FAFFF65DAFB0EEC9
:10097000081AB4EE412AF1EE10FA3FF755AF91EDA7
:10098000012AB4EE402AF1EE10FAFFF64DAFB4EEB4
:10099000412AF1EE10FA3FF747AF9FED360A51E0DA
:1009A0006078002896D0287A012801D1002028728A
:1009B000012E2DD0002E41D140F2DC109FED342AC3
:1009C000C2F2004090ED000A90ED011A30EE020AEA
:1009D0009FED302A71EE020A0FF0CEFC002843D1C1
:1009E000012039E00520A87304F02EFD41F2883182
:1009F00008442861A97BC1B32869201A35D4032093
:100A000028700020A873BDE870400FF009BD00BF3A
:100A100040F2DC109FED1C2AC2F2004090ED000A6B
:100A200090ED011A30EE020A9FED182A71EE020ACB
:100A30000FF0A2FCC0B902200EE000BF012013E0BD
:100A40009FED0B0AF0EE400AE87380F00100607041
:100A50000FF092FC40B90720A87304F0F5FC41F2B6
:100A60008831084428610020287070BD0000B4421D
:100A70000000000000003442000033430000314316
:100A800000003543000037430000064300000443E4
:100A9000000006C3000004C3002818BF0120A9B14C
:100AA00040F26441C2F20041CA78BAB10A79824286
:100AB00008BF7047CA7A087182F00100C87240F21C
:100AC00010000821C2F200400170704740F26440FB
:100AD0000021C2F20040C170704700BF08710120C0
:100AE000C87070470000000040F26442002818BF40
:100AF0000120C2F200420029507018BF01219170FC
:100B0000704700000000000091B140F2644100F025
:100B10003F00C2F200414A7A92B18A7A887220EA92
:100B20000202D30710D1900724D501200DE000BFA9
:100B300040F264400021C2F200404172704700BFA1
:100B4000887201204872704700200BA2105C0828B0
:100B500010D80122824012F01B0F06D1082818BFBE
:100B60007047CA7A82F00102CA7240F21001C2F2E2
:100B700000410870704700BF0304FFFFFFFF000043
:100B800010B50020002400F0F7FE002000F070FCFB
:100B900004F05AFC40F254210122C2F200414860A4
:100BA000EFF3108072B60A704C7028B1012000215A
:100BB000BDE810400CF048BF62B601200021BDE83E
:100BC00010400CF041BF000080B582B0B6EE002AA4
:100BD000B5EE400ABEEE003A0020F1EE10FAB0EE9B
:100BE000424AF5EE400AB8BFB0EE434AF1EE10FAC1
:100BF000B0EE425AB5EE401AB8BFB0EE435AF1EE2D
:100C000010FAB8BFB0EE432A34EE000A4FF0320CAF
:100C100035EE203ACDF800C032EE011ABDEEC00A22
:100C2000BDEEC32ABDEEC11A10EE101A12EE102A44
:100C300011EE103A00F034FCF0B100F0B1FB0128E5
:100C40001AD1002000F014FC40F25421EFF3108080
:100C5000C2F2004172B600284FF006020A704FF04F
:100C60000400487000D162B60620042102B0BDE83D
:100C700080400CF0E9BE00BF02B080BD0000000063
:100C8000F0B581B02DED0E8B8AB004F0DDFB40F2A3
:100C900054260446C2F200467168401A0A2805D25A
:100CA0000AB0BDEC0E8B01B0F0BD00BF746000F067
:100CB00077FB002800F0B2803778022F40F0CA801E
:100CC00068460CF0D9FA002800F0EA809DF80C0084
:100CD000002800F0E5800298201AFA2800F2E0804F
:100CE0009DED040A10EE100A00F0FF40B0F1FF4F36
:100CF00000F0D6809DED051A11EE100A00F0FF40BD
:100D0000B0F1FF4F00F0CC80079800F0FF40B0F149
:100D1000FF4F00F0C580B0EEC02A9FED8A0AB4EE06
:100D2000402AF1EE10FA00F3BB80B0EEC11AB4EE27
:100D3000401AF1EE10FA00F3B380EFF3108072B6B0
:100D400096ED029A96ED03BA96ED04AA00B962B642
:100D50009DED070A9FEDDCDA9FEDDC8A30EE0D0A8F
:100D6000F0EE480A12F082FC9DED051A30EE082ADA
:100D70003BEE41CA9DED041A39EE41BAB5EE400A88
:100D8000F1EE10FA2CEE0C1A9FEDD1EAB8BFB0EEDE
:100D9000420AABEE0B1A30EE0E0A8DED070AB1EEE9
:100DA000C19AB4EE499AF1EE10FA80F1A3819DED5B
:100DB000070AF0EE480A3AEE400A30EE0D0A12F049
:100DC00055FC30EE081AB5EE400AF1EE10FAB8BF45
:100DD000B0EE410A30EE0EAA9FEDD60AB4EE409A6C
:100DE000F1EE10FAB0EECADA00F304819FEDD20AF8
:100DF000B4EE40DAF1EE10FA00F3FC80002000249B
:100E000000F036FBEFF3108072B600284FF00501BA
:100E10003170747040F06B8162B668E1002000248C
:100E200000F026FB307801283FF43AAFEFF3108052
:100E300072B64FF001013170747000B962B60120D2
:100E400000210AB0BDEC0E8B01B0BDE8F0400CF003
:100E5000FBBD00BFF81E01283AD86D4628460CF0AD
:100E6000DBF918B10298201AFB283DD30324002097
:100E7000032F08BF022400F0FBFAEFF3108072B6D4
:100E80004FF006013170747000B962B60620214639
:100E90000CF0DAFD0AB0BDEC0E8B01B0F0BD00BF66
:100EA000002000F0E5FAEFF3108072B600284FF052
:100EB000060131704FF00100707000D162B606205B
:100EC00001210CF0C1FD0AB0BDEC0E8B01B0F0BDEC
:100ED000012F3FF4E5AE00200AB0BDEC0E8B01B04F
:100EE000BDE8F04000F0C4BA05F10D00032F08BFC3
:100EF00005F10C0005F11C01027805F1200004BF8A
:100F000005F1100105F1140042B191ED001A11EE46
:100F1000101A01F0FF41B1F1FF4F15D10324002059
:100F2000032F08BF022400F0A3FAEFF3108072B67B
:100F30004FF006013170747000B962B60620214688
:100F4000BFE700BF0000C84290ED000A10EE100A93
:100F500000F0FF40B0F1FF4FE0D0B0EEC12A9FEDAE
:100F60006F3AB4EE432AF1EE10FAD7DCB0EEC02AA5
:100F7000B4EE432AF1EE10FAD0DCEFF3108072B633
:100F800096ED053A00B962B631EE431A9FED643A28
:100F9000B0EEC14AB4EE434AF1EE10FA05DCB4EE0D
:100FA000432AF1EE10FA40F395809FED5F2A21EE7F
:100FB000028A9FED5C1A20EE019A28EE081AA9EE2B
:100FC000091AB1EEC10AB4EE400AF1EE10FA80F14E
:100FD00099809FED561AB7EE003A81EE002AB4EEE2
:100FE000410AF1EE10FA32FE031A29EE010A68EE08
:100FF000010A5FE09DED070A12F090FAB0EE408A18
:101000009DED070A12F08AFB2CEE009A9DED070A6F
:10101000A8EE0B9A12F082FBB0EE408A9DED070A13
:1010200012F07CFA20EE4C0AA8EE0B0A9FED43BAB0
:1010300029EE0B8A28EE081A20EE0B9AA9EE091A5F
:10104000B1EEC10AB4EE400AF1EE10FA60D68BEEB2
:10105000001AB7EE002AB4EE4B0AF1EE10FA31FE98
:10106000021A29EE010A68EE010A9FED331AB4EE66
:1010700041DAF1EE10FA1DDDB2EE001ABAEE042AE2
:101080002AEE011A81FE021AB2EE042A81FE421AE9
:10109000B1EE002AB0EEC13AB4EE423AF1EE10FAE7
:1010A0000ADAB9EE003AB5EE401AF1EE10FA22FE75
:1010B000031A01E09FED1E1AFFF786FD0AB0BDEC92
:1010C0000E8B01B0F0BD00BFDB0F4940DB0FC94004
:1010D000DB0F49C00020002400F0CAF9EFF31080B4
:1010E00072B64FF005013170747000B962B6052018
:1010F0000021E6E6B0EE410A12F0D8FBB0EE409ACD
:1011000055E600BFB0EE410A12F0D0FB61E700BF28
:10111000B0EE410A12F0CAFB99E700BF0000C842D6
:101120008FC2F53C000096C3000096430000964233
:1011300000000000CDCC4C3D0AD7A33D0000164373
:1011400010B50020002400F093F9002000F014FCFA
:1011500040F25421EFF31080C2F2004172B64FF01A
:1011600001020A704C7028B101200021BDE8104036
:101170000CF06ABC62B601200021BDE810400CF002
:1011800063BC000000000000FEE70000000000005B
:101190002DE9F04F81B000EE102A9FED7F1A0D1857
:1011A000401A9846B8EEC00A20EE010ABDEEC00A09
:1011B00010EE102A15EB020B00EB02065F46A0EBC7
:1011C000020A3046A5EB020948BFCBF10007002E0A
:1011D00048BF7042B84288BF07465046BAF1000F78
:1011E00048BFCAF10000B84288BF07464846B9F177
:1011F000000F48BFC9F10000B84288BF0746B7F5E5
:101200007A6F4AD900204FF47A62B0EB57054FF05D
:10121000000360F1000428462146BBF1FF3FC4BF34
:1012200078080021CBFB02013A464FF47A6BFFF7B6
:1012300039F92A462146B6F1FF3F4FF00003C4BFFB
:101240007A080021C6FB0B2183464FF47A661046CC
:101250003A46FFF727F92A462146BAF1FF3F4FF0F9
:101260000003C4BF7A080021CAFB062106464FF4DA
:101270007A6A10463A46FFF715F9B9F1FF3F4FF089
:101280000003C4BF00247D083A46C9FB0A548246C5
:1012900028462146FFF706F981464FEA98004A287A
:1012A0005AD84FEAEB70ABFB081200FB08226FF034
:1012B00095006FF09504B2F1FF3F4FEAE273C8BFAB
:1012C0009620401843EB02014FF496720023FFF77B
:1012D000E9F8F117A6FB082301FB08316FF095032D
:1012E0008346B1F1FF3F4FEAE176C8BF96239F18CE
:1012F0004FF49672714100233846FFF7D3F84FEA56
:10130000EA71AAFB082301FB08316FF0950306463A
:10131000B1F1FF3F4FEAE175C8BF96239F184FF424
:101320009672694100233846FFF7BCF84FEAE9712D
:10133000A9FB082301FB08318246B1F1FF3F4FEAC8
:10134000E173C8BF9624A7184FF496725941002341
:101350003846FFF7A7F8814640F2D0445946C2F21A
:10136000004420460FF08CFA58B904F12C003146A5
:101370000FF086FA28B904F1580051460FF080FAB0
:1013800010B101B0BDE8F08F04F18400494601B00E
:10139000BDE8F04F0FF074BA9A99D94000000000F0
:1013A00040F2EC10C2F2004080787047000000006C
:1013B0002DE9F04740F2EC16C2F20046707818B101
:1013C0000020BDE8F08700BF06F1140440F620318C
:1013D000C2F2004120460FF043F800281CBF012054
:1013E000BDE8F08740F2D04543F6C047C2F2004561
:1013F000C0F60107284621463A460FF085F9D0B9D4
:1014000005F12C0A07F11002504621460FF07CF935
:1014100088B905F1580807F12002404621460FF02F
:1014200073F940B905F1840907F1300248462146B5
:101430000FF06AF930B120460FF056F90120BDE8EF
:10144000F08700BF0024347003F0FEFFF06001203D
:10145000707028460FF0E0F950460FF0DDF9404675
:101460000FF0DAF948460FF0D7F92046BDE8F087CB
:10147000022812D800EB800040F2EC11C2F20041C9
:10148000EFF3108201EB800072B6002A4FF00001EA
:1014900080F83C1018BF704762B67047000000002B
:1014A0002DE9F047DDF820804FF0010CB8F1000F76
:1014B0003FD002283DD840F2EC19C2F2004999F819
:1014C0000160B6B3EFF3108A72B699F8024058B1D2
:1014D00064B1BAF1000F1CBF0220BDE8F08762B60C
:1014E0000220BDE8F08700BF012CF2D18FB200EBE3
:1014F000800095B29EB209EB8004A785E58526861B
:1015000003F0A2FF606345EA0700C4F83880304367
:101510004FF0010084F83C001CBF002089F8030054
:10152000BAF1000F1CBF0020BDE8F08762B64FF093
:10153000000C6046BDE8F0872DE9F04F87B040F21F
:10154000EC1BC2F2004B9BF80100012840F08A819D
:1015500003F07AFF0BF11406054630460EF0F8FF53
:1015600040F2D0494FF00008C2F2004903AF09F140
:101570002C0A09F1840409F15800029005E000BF2B
:10158000B8F11F0F08F1010822D2304639460EF09B
:10159000ABFF02281CD00028F2D1484639462A4623
:1015A0000FF0E6F80028EBD1504639462A460FF0F6
:1015B000DFF80028E4D1029839462A460FF0D8F81F
:1015C0000028DDD1204639462A460FF0D1F8D7E76A
:1015D000484629460FF07CF9504629460FF078F925
:1015E000029829460FF074F9204629460FF070F949
:1015F00040F2120CEFF3108EC2F2004C72B6FF20D4
:101600008CF800009BF8640068B1DBE91701281A28
:10161000884203D900208BF8640005E09CF90000A3
:10162000B0F1FF3F20DD0020002200219BF8506038
:101630003EB32746DBE91264AE1BA64204D93C4602
:1016400000268BF850601CE09CF900603C46B6F127
:10165000FF3F16DCBBF84010BBF84420BBF842004B
:1016600001268CF800600CE0BBF85410BBF8582041
:10167000BBF8560002268CF800609BF85060002EE4
:10168000D7D19BF83C60D6B12346DBE90D64AE1B95
:10169000A64205D91C4600278BF83C700FE000BF1E
:1016A0009CF900601C46B6F1FF3F08DCBBF82C102B
:1016B000BBF83020BBF82E0000268CF80060ABF899
:1016C0000410BEF1000FABF80600ABF808209BF841
:1016D000036000D162B641EA0003134318BF01233F
:1016E0009BF8007036B3042F00F0A98040F2D0467A
:1016F0000020C2F200460021CDE90500CDE903003B
:1017000030460FF0BDF880B906F12C0000210FF033
:10171000B7F850B906F1580000210FF0B1F820B920
:1017200006F1840000210FF0ABF804208BF80000D4
:101730008AE000BF042F13D8DFE807F00418323E18
:10174000580000BF002B52D100200021002207F0DA
:101750007FF80246002000214FF496733DE000BF61
:1017600001208BF80300042067E000BF002B43D06A
:101770000FB2DBF810300FFA80F8384612B241464B
:10178000EE1A07F065F8B6F5967F024604D34FF4DB
:10179000967602208BF800003846414633461CE01E
:1017A00053B30EB207B2304612B2394607F050F8C2
:1017B00002464FF496730EE093B30EB2CBF810507E
:1017C00007B2304612B2394601238BF8003007F0D9
:1017D0003FF80246002330463946FFF7D9FCDBF8D4
:1017E0000C00281A0A283DD32EE000BF23B3CBF803
:1017F0001050012021E000BFCBF81050D9F81400A0
:10180000CBF81C00D9F84000CBF82000D9F86C00C8
:10181000CBF82400D9F89800CBF8280003200CE07E
:10182000DBF81000281AC82820D3019407F01CFA0E
:1018300000268BF800601EE000208BF80000DBF82B
:101840000C00281A0A280DD34846CBF80C500EF08D
:10185000E3FF50460EF0E0FF02980EF0DDFF204659
:101860000EF0DAFF07B0BDE8F08F00BF00286BD0A4
:10187000C0F1C8060194DBF81C000027C117DBF893
:101880002040A6FB002306FB013107FB00116FF08F
:101890006300B1F1FF3FC8BF6420DBE90983009317
:1018A000CB1780184FF0C80259410023FEF7FAFD0C
:1018B000E117A6FB042306FB01316FF0630307FB6E
:1018C00004113C46B1F1FF3FC8BF642303909F1849
:1018D0004FEAE1725141C82200233846FEF7E2FD8B
:1018E0004FEAE871A6FB082306FB01316FF06303A2
:1018F00004FB0811B1F1FF3FC8BF642304909F1897
:101900004FEAE1725141C82200233846FEF7CAFD72
:10191000009FF917A6FB072306FB013104FB071103
:101920006FF06307B1F1FF3F4FEAE173C8BF64276F
:101930000590BF184FF0C802594100233846FEF702
:10194000B1FD019C06900BE0DBF828000690DBF867
:1019500024000590DBF820000490DBF81C000390C5
:1019600003A800F025F8DBF80C00281A0A28FFF479
:1019700079AF69E700000000012818D840F2EC12A6
:10198000EFF31081C2F2004272B6907030B10020C5
:1019900082F8500002F1640002E000BF02F13C0056
:1019A00000294FF00001017018BF704762B6704700
:1019B000B0B540F2D0450446C2F200450168284661
:1019C0000EF05EFF68B9616805F12C000EF058FF5B
:1019D000002818BFB0BDA16805F158000EF050FFF7
:1019E00000B1B0BDE16805F18400BDE8B0400EF083
:1019F00047BF00000000000040F2F421C2F20041A5
:101A0000CA681AB1824204BF012088717047000081
:101A100070B568B140F2F425C2F200452978012979
:101A200008D1E9680C1A18BF0124204670BD00BF18
:101A3000012070BDE8600024C5F81A40FF21C5F8F8
:101A40001E40012285F822400126AC82EC822C83C4
:101A5000A970691C2C61EC702C716C71AC71A5F8CB
:101A600007406C722E8006F063FD00281CBFAE712B
:101A70000446204670BD0000F0B581B040F2F42568
:101A8000C2F20045E86800284CD0A97979B1002459
:101A9000AC7105F085FCE868A5F807406C7220B1D0
:101AA000691C012206F044FD08B10120A871EFF382
:101AB000108072B6E978B9B3B5F814C00026B5F84D
:101AC00016E02B8BEE702E798EB3AF7800222A7140
:101AD00000B962B651B10FFA8CF101200FFA8EF203
:101AE0004FF4FA741BB20094FFF7DAFC16B13846D3
:101AF000FEF726FEE86807F00FFDE86800F008FC36
:101B000003F0A2FC697969B12969401AB0F5FA7F3E
:101B100008D901200021697101B0BDE8F040FFF74C
:101B2000A7BC00BF01B0F0BD2E79002ECDD1FF279C
:101B30000028CFD1CDE70000F0B581B040F2F42409
:101B4000C2F20044E16800296BD0814269D1617A18
:101B5000627802290AD001293ED0002955D1A52A50
:101B600057D1A521A176012152E000BFE17994F877
:101B700008C065180131CBB2E1716345AA7648D33C
:101B8000E17E5B293AD05A293FD194F81CC094F8E1
:101B90002270637F94F81EE0E17F83EA0C0282EA00
:101BA0000E0594F8202085EA010694F8215056404D
:101BB0006E40B74229D14CEA0320A0824EEA0120B0
:101BC000E08242EA0520208303F03EFC20610120F0
:101BD000E070611DE06816E002F0FE015A2909D1AB
:101BE0000323E27602215A2AE17108BF09232372F6
:101BF0000EE000BFA52A08D10BE000BF217F082915
:101C000003D8A170211D01220A700021A4F8071039
:101C1000617220B1611C012206F08AFC08B101202A
:101C2000A07101B0F0BD000040F63020C2F20040CB
:101C300001F006B90000000040F6A820C2F2004002
:101C400001F0FEB80000000040F64010C2F2004073
:101C500001F0F6B80000000040F6B810C2F20040F3
:101C600001F0EEB80000000040F2F850C2F200406F
:101C700001F0E6B80000000040F28050C2F20040DF
:101C800001F0DEB80000000040F27060C2F20040D7
:101C900001F0D6B80000000040F2E860C2F2004057
:101CA00001F0CEB80000000040F65000C2F2004043
:101CB00001F0C6B80000000040F6C800C2F20040C3
:101CC00001F0BEB80000000040F26070C2F20040B7
:101CD00001F0B6B80000000040F2D870C2F2004037
:101CE00001F0AEB80000000040F20F42D0F800C092
:101CF000C4F20202944511DC6F22C4F20202944540
:101D000022DC3F22C4F20202944539DC1022C4F2E4
:101D1000020294455AD0282254E000BF40F26F429C
:101D2000C4F2020294451BDC40F23F42C4F20202BC
:101D300094452DDC40F21042C4F20202944545D095
:101D400040F228423EE000BF9F22C4F202029445C6
:101D500028DC7022C4F20202944537D0882231E098
:101D600040F29F42C4F20202944523DC40F27042EA
:101D7000C4F20202944529D040F2884222E000BF1A
:101D80004022C4F20202944520D058221AE000BF3B
:101D900040F24042C4F20202944517D040F2584249
:101DA00010E000BFA022C4F2020294450ED0B82277
:101DB00008E000BF40F2B842C4F20202944505D0E8
:101DC00040F2A042C4F20202944519D16FF00F0212
:101DD0004AF6AB2352FA8CF2CAF6AA23A2FB0331CD
:101DE0000AA35F2AC1F302115B5C40F2FF312CEAC7
:101DF0000101C36588BF043181650846704700BF93
:101E00002CF0FF0181650846704700BF00061016E0
:101E1000000610160000000070B540F26F44D0F8C4
:101E200000C0C4F20204D0F858E0A4451ADC9F2593
:101E3000C4F20205AC4533DC5725C4F20205AC45BB
:101E40005ADC1025C4F20205AC4500F09880282524
:101E5000C4F20205AC4500F092804025C4F20205B0
:101E60008AE000BF45F22F45C5F60205AC452DDCE2
:101E700040F2B745C4F20205AC454BDC40F2704578
:101E8000C4F20205AC457AD040F28845C4F202059E
:101E9000AC4574D040F2A045C4F202056CE000BF2E
:101EA00040F22745C4F20205AC4543DCA025C4F24C
:101EB0000205AC4563D0B825C4F20205AC455ED03E
:101EC00040F21045C4F2020556E000BF45F26B45F2
:101ED000C5F60205AC453FDC45F23045C5F60205C6
:101EE000AC454CD045F24445C5F60205AC4546D05C
:101EF00045F258453EE000BF5825C4F20205AC4506
:101F00003DD07025C4F20205AC4538D08825C4F216
:101F1000020531E040F2B845C4F20205AC452ED0CE
:101F200045F20845C5F60205AC4528D045F21C45EA
:101F300020E000BF40F22845C4F20205AC451ED0A7
:101F400040F24045C4F20205AC4518D040F2584575
:101F5000C4F2020510E000BF45F26C45C5F602056B
:101F6000AC450CD045F29445C5F60205AC4506D00B
:101F700045F28045C5F60205AC4540F0CF80456E80
:101F8000C66E002E866E6E601CBFD0E91C566E6059
:101F9000A44515DC9F24C4F20204A4452CDC57247C
:101FA000C4F20204A44551DC1024C4F20204A44586
:101FB0007AD02824C4F20204A44575D040246FE0EE
:101FC00045F22F44C5F60204A44529DC40F2B7448B
:101FD000C4F20204A44545DC40F27044C4F2020499
:101FE000A44561D040F28844C4F20204A4455BD009
:101FF00040F2A04454E000BF40F22744C4F202047F
:10200000A4453FDCA024C4F20204A4454CD0B8246B
:10201000C4F20204A44547D040F2104440E000BF9F
:1020200045F26B44C5F60204A44553DC45F2304446
:10203000C5F60204A4455FD045F24444C5F6020447
:10204000A44559D045F2584452E000BF5824C4F288
:102050000204A44528D07024C4F20204A44523D06D
:1020600088241DE040F2B844C4F20204A4451BD009
:1020700045F20844C5F60204A4453DD045F21C448F
:1020800036E000BF40F22844C4F20204A4450BD05D
:1020900040F24044C4F20204A44505D040F2584442
:1020A000C4F20204A44539D18468C06D00F01F0059
:1020B0003F2505FA00F0CEF80800DCF80000402CBF
:1020C00020F48020CCF80000CCF8043021D1CCF8EA
:1020D000082021E045F26C44C5F60204A4450BD06B
:1020E00045F28044C5F60204A44505D045F2944467
:1020F000C5F60204A44511D1C46D806804F01F0424
:102100000125402805FA04F4CEF80440CCF8043048
:10211000DDD0CCF808101146CCF80C1070BD0000D2
:1021200040F21831C2F200414A681AB1824204BF3B
:102130000120C8737047000070B568B140F21835CF
:10214000C2F200452978012908D169680C1A18BF24
:102150000124204670BD00BF012070BD05F10801BB
:10216000012268600024EC730126AC73AC822C6100
:10217000AC75EC7585F824402C6285F8254085F80F
:102180002640AC83AC61AC77EC7785F82C40AC6230
:1021900085F82D4085F82E402E7006F0C9F90028EC
:1021A0001CBFEE730124204670BD0000000000003B
:1021B000B0B540F21834C2F200446068002842D042
:1021C000E17B59B10021E173A17304F108010122FF
:1021D000012506F0ADF9002818BFE57303F034F9C6
:1021E000A17D31B12169411AB1F5FA7F01D90021F0
:1021F000A17594F8251061B1216A411AB1F5FA7FF1
:1022000007D9002184F8251084F82410012184F8CE
:102210002610A17F31B1A169411AB1F5FA7F01D928
:102220000021A17794F82D1069B1A16A401AB0F588
:10223000FA7F98BFB0BD002084F82D0084F82C00F0
:10224000012084F82E00B0BDF0B581B040F2183402
:10225000C2F200446168002958D0814256D1A27B65
:10226000217A8AB322445172A17B0131A173CAB28F
:10227000052A42D3A67A06F0FE0040283AD1607AB9
:10228000277BE57A627B80EA0601694079408A42D1
:1022900030D1AA2805D0AB282CD145EA0720012847
:1022A00028D803F0D1F8617AAA2915D1B6F14001F6
:1022B00045EA072218BF012104EBC1018A820861A7
:1022C00001208875C87515E001F0FE02AA2A14D114
:1022D000617201200FE000BFB6F1400118BF01217B
:1022E00004EBC10181F824500862012081F8250027
:1022F00081F826000020A073606828B104F108016D
:10230000012206F015F908B10120E07301B0F0BD1B
:1023100070B58EB0002800F0B18040F21832EFF3B3
:10232000108CC2F2004272B60646002410690B906F
:10233000908ABCF1000FADF82800907D8DF8260042
:10234000D07D8DF82500116A059192F824108DF842
:10235000101092F825108DF80F1092F826108DF8B5
:102360000E1092F827108DF80910D47582F82640C7
:1023700091690891938BADF81C30917F8DF81A10FC
:10238000D17F8DF81910956ACDF80A5092F82C502B
:102390008DF8085092F82D508DF8075092F82E5075
:1023A0008DF8065092F82F508DF80550D47782F8AA
:1023B0002E4065D0B9B144F2AA10ADF83300180A26
:1023C0008DF8360083EA13208DF8353080F0EB006D
:1023D0008DF837000DF1330105221423304606F045
:1023E0000FF99DF82500B8B1BDF8280044F2AA0104
:1023F000ADF8331005228DF83500010A80EA10206F
:102400008DF8361080F0EA008DF837000DF13301B9
:102410001423304606F0F4F89DF80600A8B19DF8A4
:10242000080044F2AB11ADF8331000218DF83500EF
:1024300080F0EA008DF836100DF133018DF8370089
:1024400005221423304606F0DBF89DF80E00A8B1F3
:102450009DF8100044F2AB01ADF8331000218DF867
:10246000350080F0EB008DF836100DF133018DF85A
:10247000370005221423304606F0C2F80EB070BDB6
:1024800062B6002997D1AEE7704700000000000057
:1024900072B600BFFEE7000044F60400C5F6020075
:1024A000816841F0020181600168890409D40168F2
:1024B00089045CBF01685FEA814102D40168890434
:1024C000F2D570470000000040F62030C2F2004014
:1024D00002F09AB80000000040F6C030C2F200409E
:1024E00002F092B80000000040F2EC20C2F200407E
:1024F0000078012806D142F2B840C2F2004009F04B
:1025000087BE00BF0020704740F2EC20C2F20040BE
:10251000017842F2B840C2F20040002908BF0846E4
:10252000704700000000000040F6C032C2F20042D6
:10253000904218BF704740F2EC20C2F20040007891
:10254000012805D142F2B840C2F2004009F06CBE49
:10255000704700000000000040F6C032C2F20042A6
:10256000904218BF704740F2EC20C2F20040007861
:10257000012805D142F2B840C2F2004009F064BE21
:10258000704700000000000010B540F2EC24C2F2D9
:102590000044217811B1002010BD00BFA0B1027825
:1025A00042F2B84040F6C031C2F20040C2F20041EF
:1025B00009F096FE00284FF0010018BF10BD2070F2
:1025C00000200021616010BD012010BD000000004E
:1025D000B0B540F2EC25C2F200452878012818BFBA
:1025E000B0BD02F031FF044642F2B840C2F20040F2
:1025F00009F00EFE58B16868201A08D404F164008E
:10260000686042F2B840C2F2004009F0EDFE42F2CA
:10261000B840C2F20040BDE8B04009F0B1BE0000D1
:1026200010B540F2EC24C2F200442078012818BF13
:1026300010BD42F2B840C2F2004009F04DFF002048
:10264000207010BD000000002DE9F041044602F0AA
:10265000FBFE3CB3054694F83500022826D12768D6
:1026600040F20F46C4F2020640F26F483868B742A3
:1026700020F0010038606FF00E00C4F202081DDC8B
:102680006F21C4F202018F422ADC3F21C4F2020111
:102690008F4241DC1021C4F202018F4263D0282115
:1026A0005CE000BF0120BDE8F08100BF80206065D4
:1026B0000120002184F83410BDE8F08147451BDC7F
:1026C00040F23F41C4F202018F422DDC40F2104142
:1026D000C4F202018F4246D040F228413EE000BFE2
:1026E0009F21C4F202018F4228DC7021C4F2020152
:1026F0008F4238D0882131E040F29F41C4F202017C
:102700008F4223DC40F27041C4F202018F422AD092
:1027100040F2884122E000BF4021C4F202018F4212
:1027200021D058211AE000BF40F24041C4F202011A
:102730008F4218D040F2584110E000BFA021C4F2EF
:1027400002018F420FD0B82108E000BF40F2B8412B
:10275000C4F202018F4206D040F2A041C4F202014D
:102760008F42394607D13946386820F01E0041F8BB
:10277000140B6FF080000A68474500EA0200086009
:102780001ADC9F20C4F20200874233DC5720C4F2D7
:10279000020087425ADC1020C4F20200874200F097
:1027A00097802820C4F20200874200F091804020E8
:1027B000C4F202008AE000BF45F22F40C5F60200D5
:1027C00087422DDC40F2B740C4F2020087424BDC66
:1027D00040F27040C4F20200874279D040F2884053
:1027E000C4F20200874273D040F2A040C4F202005B
:1027F0006CE000BF40F22740C4F20200874243DC95
:10280000A020C4F20200874262D0B820C4F20200C5
:1028100087425DD040F21040C4F2020056E000BF93
:1028200045F26B40C5F6020087423FDC45F230407E
:10283000C5F6020087424BD045F24440C5F602007F
:10284000874245D045F258403EE000BF5820C4F2D0
:10285000020087423CD07020C4F20200874237D089
:102860008820C4F2020031E040F2B840C4F2020015
:1028700087422DD045F20840C5F60200874227D096
:1028800045F21C4020E000BF40F22840C4F20200A4
:1028900087421DD040F24040C4F20200874217D068
:1028A00040F25840C4F2020010E000BF45F26C4014
:1028B000C5F6020087420BD045F29440C5F60200EF
:1028C000874205D045F28040C5F60200874205D117
:1028D000206E016821F48071016000BF3868C00774
:1028E00010D002F0B1FD401B0628F7D32020606510
:1028F000032084F835000120002184F83410BDE85D
:10290000F08100BF2068B04210DC6F21C4F20201E8
:1029100088421DDC3F21C4F20201884234DC1021D0
:10292000C4F20201884255D028214FE040451BDC0B
:1029300040F23F41C4F2020188422DDC40F21041D6
:10294000C4F20201884245D040F228413EE000BF77
:102950009F21C4F20201884228DC7021C4F20201E6
:10296000884237D0882131E040F29F41C4F2020111
:10297000884223DC40F27041C4F20201884229D02F
:1029800040F2884122E000BF4021C4F202018842A7
:1029900020D058211AE000BF40F24041C4F20201A9
:1029A000884217D040F2584110E000BFA021C4F285
:1029B000020188420ED0B82108E000BF40F2B841C1
:1029C000C4F20201884205D040F2A041C4F20201E3
:1029D00088425BD1D4E9161202F01F023F2303FAAA
:1029E00002F28A6040455BDC9F21C4F2020188420A
:1029F00014DC5721C4F20201884227DC1021C4F202
:102A00000201884200F0A2802821C4F2020188421B
:102A100000F09C804021C4F2020195E040F2274181
:102A2000C4F2020188421FDCA021C4F202018842E4
:102A300000F08C80B821C4F20201884200F0868048
:102A400040F21041C4F202017EE000BF5821C4F2FE
:102A5000020188427AD07021C4F20201884275D006
:102A60008821C4F202016FE040F22841C4F2020161
:102A700088426BD040F24041C4F20201884265D0E6
:102A800040F25841C4F202015EE000BFD4E91612E0
:102A900002F01F02012303FA02F24A604045A3DD5F
:102AA00045F22F41C5F60201884217DC40F2B741DA
:102AB000C4F20201884227DC40F27041C4F20201F4
:102AC000884243D040F28841C4F2020188423DD09E
:102AD00040F2A041C4F2020136E000BF45F26B4172
:102AE000C5F6020188421FDC45F23041C5F60201FD
:102AF00088422BD045F24441C5F60201884225D0D8
:102B000045F258411EE000BF40F2B841C4F2020154
:102B100088421BD045F20841C5F60201884215D013
:102B200045F21C410EE000BF45F26C41C5F60201C2
:102B300088420BD045F29441C5F60201884205D087
:102B400045F28041C5F6020188420BD1616EA26E4A
:102B5000E06E4A6030B1016821F480710160D4E90F
:102B60001C014160012084F835000020002184F818
:102B70003410BDE8F081000080B5D8B190F8351070
:102B8000022919D140F20F420168C4F202029142B7
:102B900016DC6F23C4F20203994227DC3F23C4F200
:102BA000020399423EDC1023C4F2020399425FD033
:102BB000282359E0012080BD80214165012080BD8E
:102BC00040F26F43C4F2020399421BDC40F23F43E0
:102BD000C4F2020399422DDC40F21043C4F2020316
:102BE000994245D040F228433EE000BF9F23C4F203
:102BF0000203994228DC7023C4F20203994237D0C1
:102C0000882331E040F29F43C4F20203994223DC5F
:102C100040F27043C4F20203994229D040F2884343
:102C200022E000BF4023C4F20203994220D058237F
:102C30001AE000BF40F24043C4F20203994217D0A9
:102C400040F2584310E000BFA023C4F202039942AF
:102C50000ED0B82308E000BF40F2B843C4F202032C
:102C6000994205D040F2A043C4F20203994275D1C3
:102C700091424FF0040280F8352011DC6F20C4F23D
:102C80000200814222DC3F20C4F20200814239DC92
:102C90001020C4F20200814259D0282054E000BF25
:102CA00040F26F40C4F2020081421BDC40F23F4020
:102CB000C4F2020081422DDC40F21040C4F2020056
:102CC000814244D040F228403EE000BF9F20C4F241
:102CD0000200814228DC7020C4F20200814236D01A
:102CE000882031E040F29F40C4F20200814223DCA0
:102CF00040F27040C4F20200814228D040F2884085
:102D000022E000BF4020C4F2020081421FD05820C0
:102D10001AE000BF40F24040C4F20200814216D0E7
:102D200040F2584010E000BFA020C4F202008142EF
:102D30000DD0B82008E000BF40F2B840C4F2020055
:102D4000814204D040F2A040C4F2020081420868EF
:102D500020F001000860002080BD00BF0A6822F05A
:102D600001020A6045F25742C5F6020291420A6822
:102D700022F00E020A600FDC45F22F42C5F6020275
:102D8000914219DC45F20842C5F60202914229D06F
:102D900045F21C4222E000BF45F27F42C5F6020226
:102DA000914213DC45F25842C5F60202914219D015
:102DB00045F26C4212E000BF45F23042C5F6020215
:102DC00091420FD045F2444208E000BF45F29442E0
:102DD000C5F60202914205D045F28042C5F60202D4
:102DE00091421AD1D0E9181CD0E916E30A6822F4FE
:102DF00080720A6003F01F01012202FA01F1CEF88D
:102E00000410816ECCF80410C16E31B10A6822F44E
:102E100080720A60D0E91C124A60012180F83510E6
:102E2000026D002180F834100AB190470021084655
:102E300080BD000000000000406D704700000000F1
:102E40002DE9F04782B00021019140F208010446CB
:102E5000C2F2004148F2B512C1F64E32A56D0968C2
:102E600040F26F490068C4F20209A1FB021848450C
:102E70002E68296816DC9F21C4F2020188422DDCED
:102E80005721C4F20201884252DC1021C4F202012F
:102E900088427CD02821C4F20201884277D04021A8
:102EA00070E000BF45F22F42C5F60202904229DCD5
:102EB00040F2B742C4F20202904245DC40F2704157
:102EC000C4F20201884262D040F28841C4F2020199
:102ED00088425CD040F2A04154E000BF40F227415C
:102EE000C4F2020188423FDCA021C4F20201884200
:102EF0004DD0B821C4F20201884248D040F21041BE
:102F000040E000BF45F26B42C5F60202904275DC1C
:102F100045F23042C5F60202904200F0828045F24E
:102F20004442C5F6020290427BD045F2584273E01B
:102F30005821C4F20201884229D07021C4F2020152
:102F4000884224D088211DE040F2B842C4F2020237
:102F500090421CD045F20842C5F60202904260D071
:102F600045F21C4258E000BF40F22841C4F2020181
:102F700088420CD040F24041C4F20201884206D09F
:102F800040F25841C4F20201884240F05A83E16D98
:102F9000082201F01F0140F20F4A8A40C4F2020ADF
:102FA000324200F0E68050454FF0040312DC6F27F8
:102FB000C4F20207B8426FDC3F27C4F20207B842EE
:102FC00000F3A4801027C4F20207B84200F0C580C5
:102FD0002827BDE048456BDC40F23F47C4F20207BA
:102FE000B84200F39B8040F21047C4F20207B84297
:102FF00000F0B38040F22847AAE000BF45F26C42DF
:10300000C5F6020290420CD045F28042C5F602029B
:10301000904206D045F29442C5F60202904240F03A
:1030200010830268E36D03F01F0304279F400F42E3
:1030300018BF12F0040621D102279F400F4218BF8B
:1030400012F002064CD1D940090740F1FA8212F081
:10305000080100F0F682016821F00E0101600120F4
:1030600000FA03F16960606584F835000020E16CC6
:1030700084F83400002940F0DC82E2E211046F6041
:1030800026D4910603D4016821F004010160216C6B
:10309000002940F0CE82D4E29F27C4F20207B84252
:1030A00046DC7027C4F20207B84256D088274FE0AA
:1030B00040F29F47C4F20207B84241DC40F2704739
:1030C000C4F20207B84248D040F2884740E000BF4F
:1030D000D00300F1B382216C002940F0AA82B0E253
:1030E00011046F6000F1B482910609D4016821F0E7
:1030F0000A010160012084F83500002084F83400C2
:10310000E16B002940F095829BE200BF4027C4F2AA
:103110000207B84221D058271AE000BF40F24047CA
:10312000C4F20207B84218D040F2584710E000BF7E
:10313000A027C4F20207B8420FD0B82708E000BFAA
:1031400040F2A047C4F20207B84206D040F2B847A6
:10315000C4F20207B84218BF082307681F4208D00C
:10316000036823F004030360AA60626D42F0010269
:10317000626501228A4032426FD0504510DC6F23D5
:10318000C4F2020398421DDC3F23C4F202039842BA
:1031900034DC1023C4F20203984256D028234FE0B7
:1031A00048451BDC40F23F43C4F2020398422DDC49
:1031B00040F21043C4F20203984246D040F2284342
:1031C0003EE000BF9F23C4F20203984228DC702334
:1031D000C4F20203984238D0882331E040F29F4382
:1031E000C4F20203984223DC40F27043C4F20203AB
:1031F00098422AD040F2884322E000BF4023C4F224
:103200000203984221D058231AE000BF40F2404305
:10321000C4F20203984218D040F2584310E000BFB5
:10322000A023C4F2020398420FD0B82308E000BFE5
:1032300040F2A043C4F20203984206D040F2B843E1
:10324000C4F20203984240F0098243691B0604D588
:10325000AA60626D42F00202626504228A40324234
:103260006FD0504510DC6F23C4F2020398421DDC7E
:103270003F23C4F20203984234DC1023C4F2020359
:10328000984256D028234FE048451BDC40F23F438C
:10329000C4F2020398422DDC40F21043C4F2020350
:1032A000984246D040F228433EE000BF9F23C4F23C
:1032B0000203984228DC7023C4F20203984238D0FB
:1032C000882331E040F29F43C4F20203984223DC9A
:1032D00040F27043C4F2020398422AD040F288437D
:1032E00022E000BF4023C4F20203984221D05823B9
:1032F0001AE000BF40F24043C4F20203984218D0E3
:1033000040F2584310E000BFA023C4F202039842E9
:103310000FD0B82308E000BF40F2A043C4F202037C
:10332000984206D040F2B843C4F20203984240F0FB
:103330009D8103689B0704D5AA60626D42F0040278
:103340006265102202FA01F1314200F0818050459D
:103350004FF0080210DC6F23C4F2020398421DDC18
:103360003F23C4F20203984234DC1023C4F2020368
:10337000984256D028234FE048451BDC40F23F439B
:10338000C4F2020398422DDC40F21043C4F202035F
:10339000984246D040F228433EE000BF9F23C4F24B
:1033A0000203984228DC7023C4F20203984238D00A
:1033B000882331E040F29F43C4F20203984223DCA9
:1033C00040F27043C4F2020398422AD040F288438C
:1033D00022E000BF4023C4F20203984221D05823C8
:1033E0001AE000BF40F24043C4F20203984218D0F2
:1033F00040F2584310E000BFA023C4F202039842F9
:103400000FD0B82308E000BF40F2A043C4F202038B
:10341000984206D040F2B843C4F20203984218BF63
:1034200004220368134213D0A960016849030168AC
:1034300008D4C90508D4016821F008010160216C95
:1034400021B905E008034FD4216C09B12046884713
:10345000E06D00F01F01202000FA01F2324200F07E
:10346000AB8020681023504510DC6F27C4F20207A0
:10347000B8421DDC3F27C4F20207B84238DC1027EF
:10348000C4F20207B8425AD0282753E048451BDC53
:1034900040F23F47C4F20207B84231DC40F2104725
:1034A000C4F20207B8424AD040F2284742E000BFC7
:1034B0009F27C4F20207B8422CDC7027C4F202072F
:1034C000B8423CD0882735E040F29F47C4F202075B
:1034D000B84227DC40F27047C4F20207B8422ED04F
:1034E00040F2884726E000BFA16C0029AED1AFE7CB
:1034F0004027C4F20207B84221D058271AE000BF83
:1035000040F24047C4F20207B84218D040F2584790
:1035100010E000BFA027C4F20207B8420FD0B827BE
:1035200008E000BF40F2A047C4F20207B84206D04C
:1035300040F2B847C4F20207B84218BF0223076836
:103540001F4239D0AA6094F83520042A02681BD1A2
:1035500022F016020260426922F080024261226C6F
:103560000AB9A26C1AB1026822F0080202603F2078
:103570008840A860012084F83500216D00200029D2
:1035800084F8340055D15CE0510301680ED4C905BC
:103590000ED4016821F010010160012084F835008B
:1035A000002084F83400E16B21B905E008034BD416
:1035B000E16B09B120468847606D002841D0606DFD
:1035C000C00734D0042084F8350020684FEA9821E1
:1035D000026822F001020260019A013201928A42DD
:1035E0001AD80268D20717D0019A013201928A4292
:1035F00012D80268D2070FD0019A013201928A4292
:103600000AD80268D20707D0019A013201928A4291
:1036100002D80268D207DFD10068C0074FF003006C
:1036200008BF012084F83500002084F83400E16CE4
:1036300039B1204602B0BDE8F0470847A16C002927
:10364000F7D102B0BDE8F087616C0029B2D1B3E7D1
:10365000D0030DD4616C0029EBD1F2E7026804229B
:103660008A4032427FF4FDAD6BE600BF026868E637
:10367000E16B0029DDD1E4E72DE9F041044601F0DA
:10368000E3FEFCB140F26F4805462068C4F2020830
:1036900040451BDC9F21C4F20201884232DC5721E5
:1036A000C4F20201884259DC1021C4F202018842AE
:1036B00000F083802821C4F20201884200F07D805E
:1036C000402175E00120BDE8F08100BF45F22F41A7
:1036D000C5F60201884229DC40F2B741C4F202017A
:1036E000884247DC40F27041C4F20201884264D053
:1036F00040F28841C4F2020188425ED040F2A0410B
:1037000056E000BF40F22741C4F20201884241DC8A
:10371000A021C4F2020188424FD0B821C4F20201B4
:1037200088424AD040F2104142E000BF45F26B416E
:10373000C5F60201884200F3BB8045F23041C5F670
:103740000201884200F0C78045F24441C5F60201FB
:10375000884200F0C08045F25841B7E05821C4F2D9
:103760000201884229D07021C4F20201884224D08B
:1037700088211DE040F2B841C4F2020188421CD009
:1037800045F20841C5F60201884200F0A48045F2E6
:103790001C419BE040F22841C4F2020188420CD057
:1037A00040F24041C4F20201884206D040F2584142
:1037B000C4F20201884240F06982022184F8351087
:1037C000002184F83410016821F0010101600168D2
:1037D000C90708D001F038FE401B052860D82068D2
:1037E0000168C907F6D148F23F0204F108060168F2
:1037F000CFF610621140D4F818C06CCE11431943B3
:10380000E3692943256A0E43616A46EA0C060429E6
:1038100043EA060343EA050303D1D4E90B653343C6
:103820002B43666843F4801526F00302A6F1290EA7
:10383000742AA6F14F0208BF2B46A6F13F07473E68
:10384000042A38BF2B46022E38BF2B46042F38BF20
:103850002B46BEF1060F38BF2B4604290360426990
:1038600022F0070241EA020140F0F280D4E90A5353
:10387000002B41EA050100F0EB80BCF5005F00F091
:10388000CD80BCF1000F40F0D580022D00F0D58036
:10389000012D00F0C980002D00F0CF80D8E000BFDE
:1038A00020206065032084F835000120BDE8F08108
:1038B00045F26C41C5F6020188420CD045F28041C8
:1038C000C5F60201884206D045F29441C5F60201D0
:1038D000884240F0DB81022184F83510002184F811
:1038E00034100168A268A2F18003E768B3FA83F399
:1038F000402A4FEA53134FEA83336FF3101108BF86
:103900001023226941EAD70167691943A36941EA93
:10391000D201E26941EAD70141EAD3014CF6CD4335
:1039200041EAD2014AF6F832CAF2FD72276A02442D
:10393000CCF6CC43A2FB032341EA171101606FF0E0
:10394000030000EA9300E0652046FEF7CDF9E16D43
:10395000012201F01F0102FA01F141602068404597
:1039600040F3858045F22F41C5F60201884217DCFD
:1039700040F2B741C4F20201884229DC40F27041B2
:10398000C4F20201884200F0BC8040F28841C4F2D7
:103990000201884200F0B58040F2A041ACE000BFD7
:1039A00045F26B41C5F60201884223DC45F2304105
:1039B000C5F60201884200F0A48045F24441C5F6F4
:1039C0000201884200F09D8045F2584122E000BF8C
:1039D00040F2B841C4F20201884200F0928045F200
:1039E0000841C5F60201884200F08B8045F21C4177
:1039F00010E000BF45F26C41C5F60201884200F0BC
:103A0000808045F29441C5F60201884200F0798039
:103A100045F28041C5F6020170E000BF032D17D8C2
:103A2000DFE805F00E0B0E02A3F1C072B2FA82F2CB
:103A3000520904E0032D03D30AD1C3F300623AB163
:103A400040206065012084F83500BDE8F08100BFAA
:103A500041612046FEF748F9E16D3F2201F01F0168
:103A600002FA01F18160206840453FF77BAF9F215A
:103A7000C4F20201884211DC5721C4F202018842DB
:103A800020DC1021C4F2020188423AD02821C4F27D
:103A90000201884235D040212EE000BF40F227418C
:103AA000C4F20201884219DCA021C4F2020188425A
:103AB00027D0B821C4F20201884222D040F210413E
:103AC0001AE000BF5821C4F20201884219D07021C7
:103AD000C4F20201884214D088210DE040F228414E
:103AE000C4F2020188420CD040F24041C4F202010B
:103AF000884206D040F25841C4F20201884240F0A8
:103B0000E98045F2574C45F6FC01C5F6020CC5F6B6
:103B10000201604512DC45F22F42C5F602029042D6
:103B200020DC45F20842C5F60202904234D045F24C
:103B30001C42C5F6020290422ED075E045F27F424B
:103B4000C5F6020290421BDC45F25842C5F602025D
:103B5000904221D045F26C42C5F6020290421BD041
:103B600062E000BF45F23042C5F60202904213D037
:103B700045F24442C5F6020290420DD054E000BF27
:103B800045F29442C5F60202904205D045F28042C9
:103B9000C5F60202904247D16FF007024CF6CD43C2
:103BA00052FA80F2CCF6CC43A2FB0323A1F1FC0530
:103BB000A1F17C061B0905EB830503F01F02A36836
:103BC0002566802B4FF0010303FA02F26666A266B7
:103BD00004D100206060286072601DE06768FBB25D
:103BE000013F072F2B60726016D85E1E082E19D277
:103BF000604501F1440239DC45F22F47C5F6020762
:103C0000B84245DC45F20847C5F60207B84255D030
:103C100045F21C474EE000BF00206067C4E91B006E
:103C200058E000BFE06E50E06FF00F024AF6AB23A1
:103C300052FA80F2CAF6AA23A2FB032740F20F43EE
:103C4000C4F2020308253A09984203F1AA06134672
:103C500088BF05EB171340F60005B042C4F2020519
:103C600005F1800628BF1346A5E700BF45F27F4750
:103C7000C5F60207B84215DC45F25847C5F60207FB
:103C8000B8421BD045F26C4714E000BF402008E664
:103C900045F23047C5F60207B8420FD045F2444717
:103CA00008E000BF45F28047C5F60207B84205D0DC
:103CB00045F29447C5F60207B84213D101EB8300E1
:103CC0000121E066B1402267616700210160D4E90B
:103CD0001C01416000206065012184F83510BDE8B9
:103CE000F08100BF40F60000C4F2020000F1FC01C8
:103CF00000F5A072E2E70000B0B500283CD0054610
:103D000090F83400012801D10220B0BD012085F8CF
:103D1000340095F83500012828D1022085F83500B7
:103D2000002068652868046824F0010404602846BF
:103D3000FEF772F840F20F422868C4F2020240F225
:103D40006F419042C4F2020118DC6F23C4F20203F7
:103D5000984225DC3F23C4F2020398423CDC102346
:103D6000C4F2020398425ED0282357E04FF400606B
:103D70006865002085F834000120B0BD88421BDC56
:103D800040F23F43C4F2020398422DDC40F210435C
:103D9000C4F20203984246D040F228433EE000BFFE
:103DA0009F23C4F20203984228DC7023C4F202036A
:103DB000984238D0882331E040F29F43C4F2020396
:103DC000984223DC40F27043C4F2020398422AD0A6
:103DD00040F2884322E000BF4023C4F2020398422D
:103DE00021D058231AE000BF40F24043C4F202033E
:103DF000984218D040F2584310E000BFA023C4F20C
:103E0000020398420FD0B82308E000BF40F2B84345
:103E1000C4F20203984206D040F2A043C4F2020367
:103E2000984240F02F8103680B2464F3440303603D
:103E30002B6C1BB10823046823430360884219DC00
:103E40009F23C4F20203984232DC5723C4F20203D8
:103E5000984259DC1023C4F20203984200F0968085
:103E60002823C4F20203984200F090804023C4F259
:103E7000020389E045F22F43C5F6020398422DDC88
:103E800040F2B743C4F2020398424BDC40F2704365
:103E9000C4F20203984279D040F28843C4F202038C
:103EA000984273D040F2A043C4F202036CE000BF1A
:103EB00040F22743C4F20203984243DCA023C4F239
:103EC0000203984262D0B823C4F2020398425DD044
:103ED00040F21043C4F2020356E000BF45F26B43C8
:103EE000C5F6020398423FDC45F23043C5F60203B3
:103EF00098424BD045F24443C5F60203984245D060
:103F000045F258433EE000BF5823C4F202039842F2
:103F10003CD07023C4F20203984237D08823C4F205
:103F2000020331E040F2B843C4F2020398422DD0BC
:103F300045F20843C5F60203984227D045F21C43D8
:103F400020E000BF40F22843C4F2020398421DD093
:103F500040F24043C4F20203984217D040F2584363
:103F6000C4F2020310E000BF45F26C43C5F6020341
:103F700098420BD045F29443C5F60203984205D00F
:103F800045F28043C5F60203984274D12B6E1C683B
:103F9000E40303D51C6844F480741C60EB6E1BB111
:103FA0001D6845F480751D60904211DC6F21C4F2DC
:103FB000020188421EDC3F21C4F20201884235DC46
:103FC0001021C4F20201884255D0282150E000BFE0
:103FD00088421BDC40F23F41C4F2020188422DDCE2
:103FE00040F21041C4F20201884244D040F228411C
:103FF0003EE000BF9F21C4F20201884228DC70210C
:10400000C4F20201884236D0882131E040F29F415B
:10401000C4F20201884223DC40F27041C4F2020182
:10402000884228D040F2884122E000BF4021C4F2FB
:10403000020188421FD058211AE000BF40F24041DF
:10404000C4F20201884216D040F2584110E000BF8D
:10405000A021C4F2020188420DD0B82108E000BFBF
:1040600040F2B841C4F20201884204D040F2A041BB
:10407000C4F202018842016841F0010101600020A0
:10408000B0BD00BF0368052464F3430303602B6CD9
:10409000002B3FF4D3AE0423CDE600000000000067
:1040A000B0B5044601F0D0F940F200010546C2F275
:1040B0000041621C097818BF0C4400BF01F0C4F92C
:1040C000401BA042FAD3B0BD90F89830013B012BC1
:1040D0000ED80068836D0B4212D0836D0B408B426B
:1040E00016D1C36D43F00203C3658B0514D418E0E9
:1040F00000F19C01012002220B681A430A607047FC
:10410000C36D43F00103C3658B0505D409E000BF0F
:104110000323C3658B0504D5D0F8E0301343C0F802
:10412000E0304B0504D5D0F8E4301A43C0F8E42061
:104130004FF6FF72436DC3F6CF720A401A434265D1
:104140008A0F4AF614010020C4F200010B681A43DA
:104150000A607047000000002DE9F04390F89830A5
:10416000022B19D10668D6F8C03013F07C5F1DD041
:10417000D6F8C4309B0223D4D6F8C4304D68002D45
:104180000D69C3F3044C8B6824D00C682B43234384
:1041900043F0804E22E000BFD0F89C1041F00801AF
:1041A000C0F89C100120BDE8F08300BFD0F89C103F
:1041B00041F02001C0F89C100120BDE8F08300BF51
:1041C000D0F89C1041F40071C0F89C100120BDE8AB
:1041D000F08300BF0C682B4343EA844E836ED0F813
:1041E0008450D1E907970CFB03F48B6949EA076710
:1041F000D1F81480D1F80C901F4305EB840347EAF3
:10420000080745F824E047EA09475F60CF6887B1AF
:1042100043F62455083303320024C0F6010500BFDD
:10422000171957F8037C1F51CF680434EF5DBC4267
:10423000F6D3012101FA0CF1C6F8D010C0F89410A1
:104240000020BDE8F083000070470000000000007F
:1042500080B590F89820013A012A0BD80A68002A04
:10426000CA680FD00B69072A43EA427E18D18B69CE
:104270001BE000BFD0F89C1041F00201C0F89C1078
:10428000012080BD072A19D10A69D1F81CC0120487
:104290008B6942EA0C221A4342F0605218E000BFD8
:1042A000D1F808C04B6943EA8C73006F496800EB92
:1042B000C10240F831E00020536080BD8B68D1F826
:1042C00010C09B0743EAC2624B6942EA0C421A43A0
:1042D0004968C06E40F82120002080BD0000000029
:1042E00090F898C0BCF1010F0ED19200006842EA2C
:1042F0000111DDF800C041EA430141EA0C01C0F8B8
:1043000080100020704700BFD0F89C1041F00401DD
:10431000C0F89C100120704790F89830012B0DD107
:104320004029006812D1D0F8A01021F0004141EAE4
:10433000C271C0F8A0100020704700BFD0F89C10D8
:1043400041F00401C0F89C1001207047D0F8B01073
:1043500021F0004141EAC271C0F8B010002070475E
:104360007047000000000000FEF7DEB8000000000B
:104370000068426C02F007000860C2F30220486047
:10438000C2F3803302F018008860C2F34010C860A6
:10439000C2F380100861C2F3C0104861C2F3C020AC
:1043A0008861C2F30030C861C2F34030C1E908033C
:1043B000C2F3064200208A6270470000000000003D
:1043C000B422402908BFA4220068805800F07F0072
:1043D00070470000000000002DE9F04390F898704D
:1043E000022F27D140292FD10668D6F8A07017F4E4
:1043F000FE0F00F0C780D6F8A4707F0600F0D480CE
:10440000D6F8A470D6F8A450ED01C7F3052E0AD54E
:10441000D6F8A070B7F1FF3F05DC0EF10107D6F822
:10442000A06007EA164E00F1740400F14405F4465A
:104430003CE000BFD0F89C1041F00801C0F89C108F
:104440000120BDE8F08300BF412925D10668D6F8D8
:10445000B07017F4FE0F00F09580D6F8B4707F06A8
:1044600000F0A280D6F8B470D6F8B450ED01C7F3CE
:10447000052E0AD5D6F8B070B7F1FF3F05DC0EF176
:104480000107D6F8B06007EA164E00F1780400F193
:104490004C05F4460AE000BF076D8F4272D900F167
:1044A0007C0400F154054FF0000C8E462D68246802
:1044B0000EFB05F504EB850E54F8257017F08047C8
:1044C000576054F8257027F0604608BFC7F38A4646
:1044D000166054F8257007F00057976054F825408F
:1044E00004F000441461BEF80440D461BEF80640F4
:1044F00014F00F04D460DEF8044004F48014546116
:10450000DEF8044004F4001494619EF8074004F0BF
:104510007F041462DEF804404FEAD474546228D059
:1045200043F624580024C0F601080EEB0406651C6F
:10453000377A1F55D76818F80770BD4219D21F196E
:10454000757A7D70D56818F80590A51C4D453FBF5C
:10455000B57ABD70D56818F805903CBFE51C4D458F
:1045600007D2F57A0434FD70D56818F80550AC42CE
:10457000DBD3402910D10068C0F8A8C00020BDE8F6
:10458000F08300BFD0F89C1041F02001C0F89C10CF
:104590000120BDE8F08300BF41290FD10068C0F8B9
:1045A000B8C00020BDE8F083D0F89C1041F48071C1
:1045B000C0F89C100120BDE8F08300BF1F2909D876
:1045C0000068012202FA01F1C0F898100020BDE84D
:1045D000F08300BF006801F01F01012202FA01F11F
:1045E000C0F89C100020BDE8F0830000000000002F
:1045F0000068D0F8C40000F03F00704700000000E1
:1046000070470000000000002DE9F04F89B004461B
:104610004AF61000C4F2000001684AF61400C4F221
:1046200000000268206802EA0108056DD0F8549085
:10463000036D0293436D0193036D0493436D0393E4
:10464000036D0893436D0793036D0693436D0593C4
:10465000D0F854A0D0F850B05FEACA530ED51BF47E
:1046600080710BD04FF4807101654AF61001002073
:10467000C4F2000108602046FFF7C2FF05EA090600
:104680004AF610095FEA4A50C4F200094FEA8877F7
:1046900011D51BF480600ED02068D0F8DC10D0F863
:1046A000E42011404FF4806202650020C9F8000048
:1046B000204600F0B5FDDDE9011000EA010506F431
:1046C000704657B120680021016508F00300C9F861
:1046D000000020463946FFF7B7FDDDE9031000EA88
:1046E000010705F00F0546B1206831460665002038
:1046F000C9F80000204600F09BFD07F0F00645B128
:104700002068294605650020C9F80000204600F011
:1047100087FB46B12068314606650020C9F80000D5
:10472000204600F081FB5FEA0A500CD51BF40060C4
:1047300009D020684FF4006101650020C9F800002D
:10474000204600F079FD5FEA8A5011D51BF4007015
:104750000ED02068D0F8D810D0F8E02011404FF4E7
:10476000007202650020C9F80000204600F05CFDE0
:104770005FEA0A300CD51BF4002009D020684FF402
:10478000002101650020C9F80000204600F044FB2C
:104790005FEACA300CD51BF4803009D020684FF492
:1047A000803101650020C9F80000204600F034FD8A
:1047B0005FEA4A30DDE9051000EA01050CD51BF47B
:1047C000802009D020684FF4802101650020C9F8BD
:1047D0000000204600F01CFD5FEA8A30DDE907108A
:1047E00000EA010005F060710FD51BF400320CD017
:1047F00022684FF4003313650022C9F80020D4F872
:104800009C2042F08002C4F89C2000F0715539B120
:10481000206801650020C9F800002046FFF7A4FDCC
:10482000206845B105650021C9F80010D4F89C1036
:104830002943C4F89C10A9F5016188420AD0D4F834
:104840009C00002868D0204609B0BDE8F04FFFF773
:1048500087BD00BF606881688907F0D0016A426A3D
:10486000036A476A114003EA070202F03005D0F8F4
:104870002080D0F82490D0F820B0D0F824A0026A8C
:10488000089211F00F01426A0792466A026A069284
:1048900003D00162204600F0AFFC08EA09072DB101
:1048A000606829460562204600F0AEFC70060BEAFF
:1048B0000A0607F4C0750ED5069810F040000AD01D
:1048C00060684023C16BC26B090C02F03F020362B7
:1048D000204600F095FCDDE9071000EA010706F428
:1048E000FC462DB1606829460562204600F080FC38
:1048F00007F4F02036B161680E62D4F89C103143A1
:10490000C4F89C1000289AD061680862D4F89C1002
:104910000843C4F89C0092E709B0BDE8F08F00009E
:104920002DE9F04F85B0A8B34AF200080446C4F25E
:1049300000080068404531D094F89810A9B3816907
:1049400021F01001816100F07FFD0546206881693A
:10495000090705D500F078FD401B0B28F6D310E0C1
:10496000816941F00101816100F06EFD054600BFE3
:1049700020688169C90721D100F066FD401B0B2822
:10498000F6D30120D4F89C100843C4F89C000320FF
:1049900084F89800012005B0BDE8F08F08F580711B
:1049A000616094F898100029C9D1002084F899001A
:1049B000204600F0B5F92068C1E700BF816941F0E9
:1049C00002018161217C826922F04002012918BF25
:1049D00040328261617C826922F48042012908BFF1
:1049E00002F580428261A17C826922F48052012911
:1049F00018BF02F580528261816921F44073D4E9C5
:104A000002120B438361836923F0A403836103696A
:104A100023F0100303619AB1012A0DD0022A09D0B4
:104A20008369032A43F080038361036943F0100222
:104A3000026105D1202200E0042283691A438261C9
:104A4000D4E90572E369561E6FF0FF02256A02EB96
:104A50000323B1F5407F43EA4663A5F1010646EA28
:104A6000030640F20003CFF6FF7303EB074746EA65
:104A70000701C16110D1D4E90B65D4E90917013FE1
:104A800002EB06226FF00F063A4306EB05173A4396
:104A900003EB01411143C160236E2BB1616ED0F86D
:104AA000C0201143C0F8C010E16DCDE90313D94215
:104AB00043F61C41C0F6010109D0D0F8C820A36E0E
:104AC00022F0070251F823301A43C0F8C820D4F866
:104AD00040A0BAF1000F09D0D0F8BC20636C22F0DE
:104AE000070251F823301A43C0F8BC20A76C57B115
:104AF000D0F8BC20E36C22F0700251F8233042EA77
:104B00000312C0F8BC20D4F850C0BCF1000F0AD08A
:104B1000D0F8BC20636D22F4E06251F8231042EA21
:104B20000121C0F8BC10404504D161688A6822F0B8
:104B300003028A600021C4F89410C4F89C1001217B
:104B400084F898104FF6FC72D0F88410D4F83C909A
:104B500021EA0203656CD4E90D120292019543EA41
:104B60008103C0F88430D0F8843023F47F0343EA13
:104B70000243C0F884305318D0F888606FF38F0672
:104B800046EA8306C0F88860D0F8886003EB4903E2
:104B900026F4FE0646EA0946C0F88860D0F8A06010
:104BA0006FF38F0646EA8306C0F8A060D0F8A060D5
:104BB00005FB0A3326F4FE0646EA0A46C0F8A06062
:104BC000D0F8B0606FF38F0646EA8306C0F8B06095
:104BD000D0F8B06026F4FE0646EA0746C0F8B0609A
:104BE000E66CD0F8AC506FF38F0506FB07337E43BD
:104BF00045EA8305C0F8AC50D4F8548008FB0C3566
:104C0000D0F8F0306FF38F0308FB0CFC43EA850308
:104C1000C0F8F030D0F8F0E0A36D2EF47C1242EA38
:104C20000342C0F8F02005EB4302D0F8C0506FF308
:104C30008F0545EA8202C0F8C020D0F8C020DDF818
:104C40000CB022F47C1242EA0B42C0F8C020019A58
:104C5000D0F8C05025F07C5502FB0AFE4AF2000253
:104C6000C4F20002DDF810A002EB8101029A01F506
:104C7000406145EA0A6501EB8207C0F8C05007EBC6
:104C8000C902A56E02EB8E00626700EB86060BFB85
:104C900005F2276706EB8C07C4E91E060AFB05F040
:104CA00007EBC30303EB8202C4F884304DF2FC33FC
:104CB000E16602EB8000C4F200039842C4F8807001
:104CC000C4F88820C4F8900002D920205AE600BF1A
:104CD000814221D20A46002042F8040BD4F89030D9
:104CE0009A4215D2486001F10802D4F890309A42F5
:104CF0003FBF0020886001F10C02D4F8903038BF2B
:104D00009A4205D2C8601031D4F890209142E1D384
:104D100005B0BDE8F08F00BF002005B0BDE8F08F02
:104D200010B586B04AF200420068C4F200020021C9
:104D300090420591CDE90311CDE901112ED04AF23F
:104D40000001C4F20001884263D140F2C84144F23C
:104D5000E040C2F20041C5F602000A68002A02F1F2
:104D600001020A6008D1C16841F48071C160C16864
:104D700001F48071009100990168132441F0010150
:104D80000160006800F00100009000984FF4C050EE
:104D900001900020C5F6020029E000BF40F2C841A2
:104DA00044F2E040C2F20041C5F602000A68002A5F
:104DB00002F101020A6008D1C16841F48071C1604A
:104DC000C16801F48071009100990168142441F0D8
:104DD00002010160006800F00200009000984FF4AA
:104DE000405001900020C5F6020000F580600221CD
:104DF00002910021CDE903110921059101A900F0DB
:104E00001FFA05210022204600F036FC204600F063
:104E100023FC06B010BD0000704700000000000039
:104E2000FDF79ABB00000000704700000000000082
:104E300090F8981001290DD1022180F8981001688E
:104E40008A6922F001028A610021C0F89C1008469C
:104E5000704700BFD0F89C1041F00401C0F89C10CE
:104E6000012070470000000090F8981002292BD113
:104E7000016851F8182F42F001020A600A68D2074F
:104E800006D10A68D20704BF0A685FEAC27223D05B
:104E90000A6822F010020A600A68120707D50A6839
:104EA000120744BF0A685FEA027200F1CF800A6805
:104EB00042F002020A600021C0F89410012280F83A
:104EC00098200846704700BFD0F89C1041F00801B8
:104ED000C0F89C10012070470A68D20704BF0A6816
:104EE0005FEAC272D4D10A68D20704BF0A685FEAD7
:104EF000C272CDD10A68D20704BF0A685FEAC272E3
:104F0000C6D10A68D20704BF0A685FEAC272BFD17D
:104F10000A68D20704BF0A685FEAC272B8D10A6899
:104F2000D20704BF0A685FEAC272B1D10A68D20729
:104F300004BF0A685FEAC272AAD10A68D20704BF36
:104F40000A685FEAC272A3D10A68D20704BF0A687E
:104F50005FEAC2729CD10A68D20704BF0A685FEA9E
:104F6000C27295D10A68D20704BF0A685FEAC272AA
:104F70008ED10A68D20704BF0A685FEAC2727FF462
:104F800087AF0A68D20704BF0A685FEAC2727FF47B
:104F90007FAF0A68D20704BF0A685FEAC2727FF473
:104FA00077AF0A68D20704BF0A685FEAC2727FF46B
:104FB0006FAF0A68D20704BF0A685FEAC2727FF463
:104FC00067AF0A68D20704BF0A685FEAC2727FF45B
:104FD0005FAF0A68D20704BF0A685FEAC2727FF453
:104FE00057AF0A68D20704BF0A685FEAC2727FF44B
:104FF0004FAF0A68D20704BF0A685FEAC2727FF443
:1050000047AF0A68D20704BF0A685FEAC2727FF43A
:105010003FAF0A68D20704BF0A685FEAC2727FF432
:1050200037AF0A68D20704BF0A685FEAC2727FF42A
:105030002FAF0A68D20704BF0A685FEAC2727FF422
:1050400027AF0A68D20700F0C58021E70A68120777
:1050500044BF0A685FEA02727FF529AF0A68120747
:1050600044BF0A685FEA02727FF521AF0A6812073F
:1050700044BF0A685FEA02727FF519AF0A68120737
:1050800044BF0A685FEA02727FF511AF0A6812072F
:1050900044BF0A685FEA02727FF509AF0A68120727
:1050A00044BF0A685FEA02727FF501AF0A6812071F
:1050B00044BF0A685FEA02727FF5F9AE0A68120718
:1050C00044BF0A685FEA02727FF5F1AE0A68120710
:1050D00044BF0A685FEA02727FF5E9AE0A68120708
:1050E00044BF0A685FEA02727FF5E1AE0A68120700
:1050F00044BF0A685FEA02727FF5D9AE0A681207F8
:1051000044BF0A685FEA02727FF5D1AE0A681207EF
:1051100044BF0A685FEA02727FF5C9AE0A681207E7
:1051200044BF0A685FEA02727FF5C1AE0A681207DF
:1051300044BF0A685FEA02727FF5B9AE0A681207D7
:1051400044BF0A685FEA02727FF5B1AE0A681207CF
:1051500044BF0A685FEA02727FF5A9AE0A681207C7
:1051600044BF0A685FEA02727FF5A1AE0A681207BF
:1051700044BF0A685FEA02727FF599AE0A681207B7
:1051800044BF0A685FEA02727FF591AE0A681207AF
:1051900044BF0A685FEA02727FF589AE0A681207A7
:1051A00044BF0A685FEA02727FF581AE0A6812079F
:1051B00044BF0A685FEA02727FF579AE0A68120797
:1051C00044BF0A685FEA02727FF571AE0A6812078F
:1051D0007FF56DAED0F89C1041F00101C0F89C1035
:1051E000032180F8981001207047000000000000A3
:1051F0007047000000000000704700000000000041
:105200007047000000000000704700000000000030
:105210007047000000000000704700000000000020
:105220007047000000000000704700000000000010
:105230007047000000000000704700000000000000
:105240002DE9F04F84B08E4642F20042C5F60202CC
:105250000A219042DEF8005008BF0921002D00917C
:1052600000F0E68000F12642009902F1FF7200246E
:105270004FEAB2230126082B4FF0000738BF19462A
:105280004FF00008CDF808E000910DE0DEF8005086
:1052900008F1010835FA06F107F1020706F10106E7
:1052A00004F1040400F0C480A6F1010A012101FA0E
:1052B0000AF315EA0309E9D0DEF804B00BF00305A0
:1052C0006A1E012A1AD80321D0F808C001FA07FE85
:1052D00002992CEA0E0CDDF808E0CA68BA4042EAEE
:1052E0000C028260CBF30012D0F804C02CEA030356
:1052F00002FA0AF21A4342600CE000BF032D09D102
:10530000DEF80820012A05D10325BC4605FA07F27C
:10531000D1432FE00321C26801FA07F3022D6FEA9F
:10532000030122EA0302DEF808304FEA480C03FAD0
:1053300007F342EA0302C2601CD101916FF003013E
:1053400001EA5A0204F01C0502440F2101FA05F398
:10535000D2F820B002992BEA0303D1F810E00199AA
:105360000EFA05F5DDF808E02B431362DEF804B011
:105370000BF0030502681BF4403F01EA020105FA45
:105380000CF241EA020101603FF480AF44F2F442C2
:1053900040F2084CC5F60202C5F6000C0F25116854
:1053A00041F002011160116801F0020103912AF03D
:1053B0000301039A04F00C0251F80C309540AB4302
:1053C000009D05FA02F21A4341F80C204FF0B04C50
:1053D000DCF80010DEF8042041EA0903D50258BFCA
:1053E00021EA09039502CCF8003040F2040CC5F61E
:1053F000000CDCF8001041EA090358BF21EA090358
:105400009503CCF80030DCF8801041EA090358BF5E
:1054100021EA0903D203CCF88030DCF87C1041EAA1
:10542000090358BF21EA0903CCF87C302EE700BFFE
:1054300004B0BDE8F08F0000002A08BF09048161B4
:10544000704700000000000042F2CC70C2F2014040
:10545000006870470000000040F2000042F2CC718A
:10546000C2F20040C2F2014100780A6810440860AC
:10547000704700000000000080B5032000F02CF908
:1054800001F0E2F944F2184143F67443C5F6020113
:10549000C0F601030A68096801F00F01C2F3032294
:1054A000595C9A5C01F01F0102F01F02D04040F2EB
:1054B0000C02C2F2004220FA01F1116040F2080130
:1054C000C2F2004108600F2000F00AF800281CBF5B
:1054D000012080BD00F0A8F8002080BD0000000081
:1054E000B0B58AB00F2842D80446362000222146A3
:1054F000002500F0C1F8362000F0AEF840F20400BC
:10550000C2F20040046044F2E840C5F602000168BF
:1055100041F010010160006801A900F01000029044
:10552000029802A801F0DCF8079C002C18BF0124A7
:1055300001F02AF94DF68361A040C4F21B3141F21B
:105540000002A0FB010140F66040C2F200404FF0B3
:10555000FF33C4F20002026003EB9141C0E9011580
:1055600040F2E731C0E9031501F092FC10B10120CF
:105570000AB0B0BD40F66040C2F2004001F0BCFC91
:105580000AB0B0BD0000000010B54EF6A05E417834
:10559000CEF2000E90F800C04EF8081CDEF80010A5
:1055A00021F00101CEF8001041684EF8041C017B87
:1055B000C37A827A447B1B0643EA0171837B41EA0A
:1055C000C241C27B41EA8441447A41EA4341007AC4
:1055D00041EA024141EA042141EA400040EA0C006C
:1055E000CEF8000010BD00004EF62450CEF20000B0
:1055F000BFF35F8F016821F48031016000210167F2
:1056000070470000000000004EF6245140F00100F9
:10561000CEF200010867086840F480300860BFF3EC
:105620004F8FBFF36F8F704781B044F2F440002278
:10563000C5F60200016841F00201016000680F2117
:1056400000F0020000906FF00100009B01B000F03C
:1056500013B8000000000000002848BF704700F0A9
:105660001F01012202FA01F14EF200124009CEF2AE
:10567000000242F820107047B0B54EF60C5C00F006
:105680000F05CEF2000C043D6544DCF800304FF00D
:10569000FF3CC3F3022E8EF00703042B28BF042324
:1056A000BEF1030438BF00240CFA03F3B0F1FF3F4E
:1056B00021EA030105F10C0300F160450CFA04F046
:1056C000C8BF05F56443A14022EA00000843000179
:1056D0001870B0BD000000004EF60C514FF6FF03ED
:1056E000CEF200010A681A4060F30A2242F080609C
:1056F00040F0FD7008607047B0B544F60C05C5F683
:10570000020529684907296806D401F00701081A2B
:1057100018BF0120B0BD00BF21F007010843286079
:10572000FFF792FE044600BF55F8080C800407D42A
:10573000FFF78AFE001BB0F57A7FF5D90120B0BDD6
:105740000020B0BD0000000080B500F0F5FF44F27D
:10575000204143F67442C5F60201C0F60102096811
:10576000C1F30211515C01F01F01C84080BD00006F
:1057700080B544F2384EC5F6020E5EF8103C5EF875
:10578000101CC1F3053C5EF80C1CBCF1000FDEF8E8
:10579000042015D0C1F30011C2F3CC02514300EE36
:1057A000101A03F003010229B8EE400A0ED089B99D
:1057B0005EF8381C890611D49FED361A1CE000BF34
:1057C00000218160C0E9001180BD00BF9FED301A4B
:1057D00012E000BF9FED2D1A0EE000BF5EF8381CEE
:1057E00049F20002C0F2D032C1F3C10122FA01F144
:1057F00001EE101AB8EE411ADEF800109FED263ABD
:105800006FF35F2102EE101ADEF80010C1F346219B
:10581000B8EE422A00EE032A00EE10CAB7EE003AB4
:10582000B8EE400A81EE000A32EE031A02EE101AB8
:10583000B8EE422A20EE010A32EE031A80EE011A77
:10584000BCEEC11A80ED001ADEF80010C1F306416B
:1058500001EE101AB8EE411A31EE031A80EE011A69
:10586000BCEEC11A80ED011ADEF80010C1F306612A
:1058700001EE101AB8EE411A31EE031A80EE010A59
:10588000BCEEC00A10EE101A816080BD0024744A7C
:1058900020BCBE4B0024744C000000390000000006
:1058A00080B544F2404EC5F6020E5EF8183C5EF834
:1058B000181CC1F3055C5EF8141CBCF1000FDEF887
:1058C000042015D0C1F30021C2F3CC02514300EEF5
:1058D000101A03F003010229B8EE400A0ED089B96C
:1058E0005EF8401C890611D49FED361A1CE000BFFB
:1058F00000218160C0E9001180BD00BF9FED301A1A
:1059000012E000BF9FED2D1A0EE000BF5EF8401CB4
:1059100049F20002C0F2D032C1F3C10122FA01F112
:1059200001EE101AB8EE411ADEF800109FED263A8B
:105930006FF35F2102EE101ADEF80010C1F346216A
:10594000B8EE422A00EE032A00EE10CAB7EE003A83
:10595000B8EE400A81EE000A32EE031A02EE101A87
:10596000B8EE422A20EE010A32EE031A80EE011A46
:10597000BCEEC11A80ED001ADEF80010C1F306413A
:1059800001EE101AB8EE411A31EE031A80EE011A38
:10599000BCEEC11A80ED011ADEF80010C1F30661F9
:1059A00001EE101AB8EE411A31EE031A80EE010A28
:1059B000BCEEC00A10EE101A816080BD0024744A4B
:1059C00020BCBE4B0024744C0000003900000000D5
:1059D0002DE9F0470446C07844F22C480007C5F68C
:1059E000020833D5606E4FEA305103290CD8DFE846
:1059F00001F003111D2600BFD8F8001041F400315A
:105A0000C8F800101BE000BF01266078C0070BD06B
:105A100020E000BF04F10800022105F015FE064653
:105A200060B16078C00715D1354646E004F1280022
:105A3000022105F09DFE06460028F2D1606ED8F8DE
:105A4000241021F440110843C8F82400002660788F
:105A5000C007E9D0A06D04280ED83546DFE800F075
:105A60000412181E1E0000BFD8F80000354640F48E
:105A70000030C8F8000011E00125012760784007D8
:105A80001FD453E004F10800002105F0DDFD04E01F
:105A900004F12800002105F06BFE05462F461DB1DC
:105AA000607840070DD441E0D8F82400A16D20F0C3
:105AB000070000250843C8F82400374660784007EF
:105AC00034D5D4F8A4004FEA705005280CD8DFE88C
:105AD00000F00311171D1D1DD8F8000040F4003020
:105AE000C8F8000012E000BF012501266078000719
:105AF00020D455E004F10800002105F0A5FD04E0E4
:105B000004F12800002105F033FE05462E461DB1A4
:105B1000607800070ED443E0D8F82C00D4F8A41025
:105B200020F4600000250843C8F82C003E46607849
:105B3000000735D5D4F8A8004FEA306005280DD805
:105B4000DFE800F00412181E1E1E00BFD8F8000087
:105B500040F40030C8F8000012E000BF0125012722
:105B6000E078800720D44EE004F10800002105F021
:105B70006BFD04E004F12800002105F0F9FD054665
:105B80002F461DB1E07880070ED43CE0D8F82C00F9
:105B9000D4F8A81020F0E06000250843C8F82C00D5
:105BA0003746E07880072ED5E06C4FEA30100328A6
:105BB0000ED8DFE800F00903130900BFD8F8000091
:105BC00040F40030C8F800002E467DB912E000BF56
:105BD000012501266078C00619D44CE004F10800C4
:105BE000022105F031FD05462E461DB16078C00644
:105BF0000DD440E0D8F82000E16C20F03000002502
:105C00000843C8F820003E466078C00633D5E06DF2
:105C10004FEA303004280DD8DFE800F00412181ED7
:105C20001E0000BFD8F8000040F40030C8F80000A3
:105C300012E000BF01250127607880061FD44EE0E6
:105C400004F10800002105F0FFFC04E004F1280045
:105C5000002105F08DFD05462F461DB160788006B8
:105C60000DD43CE0D8F82400E16D20F4E04000259C
:105C70000843C8F824003746607880062FD5206E88
:105C80004FEA3040052809D8DFE800F0040E14047C
:105C9000040400BF2E46ADB918E000BF012501265F
:105CA000607840061FD44FE004F10800012105F0A0
:105CB000CBFC04E004F12800012105F059FD054664
:105CC0002E461DB1607840060DD43DE0D8F8240082
:105CD000216E20F4E02000250843C8F824003E4649
:105CE0006078400630D5D4F8AC004FEA3070052813
:105CF00008D8DFE800F0030D130303032F46ADB906
:105D000018E000BF012501276078000620D442E09A
:105D100004F10800012105F097FC04E004F12800DB
:105D2000012105F025FD05462F461DB160780006CE
:105D30000ED430E0D8F82C00D4F8AC1020F0E040BD
:105D400000250843C8F82C0037466078000622D5A5
:105D5000E06E58B1B0F1005F0CD0B0F1805F2FD190
:105D6000D8F8000040F40030C8F800002E469DB975
:105D700008E000BF04F10800012105F065FC0546BC
:105D80002E464DB9D8F82400E16E20F04050002591
:105D90000843C8F824003E46E078C00733D0A06C22
:105DA000032813D8DFE800F008021A08D8F800002A
:105DB00040F40030C8F80000A946BDB91AE000BFA1
:105DC00001250126E078C007E9D11CE001254FF04C
:105DD0000109A07840061AD51CE000BF04F10800B4
:105DE000022105F031FC0546A9461DB1A078400608
:105DF0000DD50FE0D8F82000A16C20F0030000259D
:105E00000843C8F82000B146A078400602D44F46A7
:105E100018E000BFD8F8D40340F48070C8F8D40369
:105E2000FFF712FB064600BFD8F8D403C00507D41D
:105E3000FFF70AFB801B6428F6D90325032701E03E
:105E40002F468DB12078C00761D0A06F4FEAF000D7
:105E500005283BD8DFE800F004404604040400BFF6
:105E6000002D2E4646D149E0D8F84410D4F8B000B1
:105E7000414011F4407F11D0D8F84410D8F84420A4
:105E800042F48032C8F84420D8F8442021F440710C
:105E900022F48032C8F84420C8F84410B0F5807F5E
:105EA00040F0CE82FFF7D0FA064641F2883A032549
:105EB000032700BFD8F84400800700F1BF82FFF736
:105EC000C3FA801B5045F5D9BCE700BF0125012668
:105ED000207880071FD44CE004F10800012105F070
:105EE000B3FB04E004F12800012105F041FC054664
:105EF0002E461DB1207880070DD43AE0D8F828004E
:105F0000A16F20F0380000250843C8F828003E465D
:105F1000207880072DD5606F052809D8DFE800F0CC
:105F2000040E1404040400BF2F46ADB918E000BFEE
:105F300001250127207840071FD44DE004F1080017
:105F4000012105F081FB04E004F12800012105F0A6
:105F50000FFC05462F461DB1207840070DD43BE0CD
:105F6000D8F82800616F20F0070000250843C8F822
:105F700028003746207840072ED5D4F89000052811
:105F800008D8DFE800F0030D130303032E46ADB974
:105F900018E000BF012601252078800620D451E0BA
:105FA00004F10800012105F04FFB04E004F1280092
:105FB000012105F0DDFB05462E461DB12078800647
:105FC0000ED43FE0D8F82C00D4F8901020F0070051
:105FD00000250843C8F82C003E462078800631D5BD
:105FE000D4F88C004FEA3070052809D8DFE800F0BB
:105FF000040E1404040400BF2F46ADB918E000BF1E
:10600000012701252078400620D451E004F1080042
:10601000002105F019FB04E004F12800022105F03D
:10602000A7FB05462F461DB1207840060ED43FE061
:10603000D8F82800D4F88C1020F0E0400025084360
:10604000C8F8280037462078400631D5D4F89800A3
:106050004FEAB020052809D8DFE800F0040E140448
:10606000040400BF2E46ADB918E000BF012601258B
:106070002078000620D454E004F10800002105F047
:10608000E3FA04E004F12800022105F071FB054663
:106090002E461DB1207800060ED442E0D8F82C0020
:1060A000D4F8981020F4E05000250843C8F82C00DC
:1060B0003E462078000634D5D4F89C004FEA703074
:1060C00005280FD8DFE800F004141A04040400BF08
:1060D0002F46E5B12068010727D4C1063ED400034E
:1060E00055D475E00127012520680107F5D51CE08E
:1060F00004F10800002105F0A7FA04E004F12800EB
:10610000022105F035FB0546002D2F46E2D1D8F8D7
:106110002C00D4F89C1020F4604000250843C8F8F7
:106120002C00374620680107D7D5D4F88000B0F599
:10613000805F09D104F12800022105F019FB002835
:1061400018BF0127D4F88000D8F8281021F4405156
:106150000843C8F828002068C106C0D5D4F89400C8
:10616000B0F5807F09D104F12800022105F000FB81
:10617000002818BF0127D4F89400D8F82C1021F477
:1061800040710843C8F82C002068000320D5D4F8DB
:10619000A000B0F5003F0FD0B0F5803F06D078BB2F
:1061A00004F10800002105F04FFA04E004F1280092
:1061B000022105F0DDFA05462E4655B9D8F82C0027
:1061C000D4F8A01020F4403000250843C8F82C0073
:1061D0003E46A07840072BD5D4F88400B0F5401F88
:1061E0000BD0B0F5001F11D0B0F5801F2AD1D8F820
:1061F000000040F40030C8F800002F46CDB90DE093
:1062000001260125A0784007E6D411E004F128001A
:10621000012105F0ADFA05462F4655B9D8F82800FA
:10622000D4F8841020F4401000250843C8F8280052
:106230003746A078C0070AD13E462168880016D5A7
:1062400033E000BF01270125A078C007F4D0206DFE
:10625000B0F5803F10D018BBD8F8000040F40030F3
:10626000C8F800002E4685B1216888001DD46068FA
:106270008A0326D465E000BF04F10800022105F07E
:10628000E3F90546002D2E46EED1D8F82000216D09
:1062900020F4803000250843C8F82000CCE700BF78
:1062A0000126012521688800E1D504F1280002219A
:1062B00005F05EFA002818BF0126D4E900108A0311
:1062C0003FD5E26F6FF0010303EB3223022B0BD3B8
:1062D0004FEA322343B1012B40F0AA80D8F80030B6
:1062E00043F40033C8F8003025B3CA022CD48A0224
:1062F00034D44A003CD4CA0F49D1090251D4C10751
:106300005AD1810763D441076CD4010776D4C10602
:1063100000F18080800607D504F12800022105F0F5
:1063200027FA002818BF0125002D18BF012528468F
:10633000BDE8F087D8F8283023F440731A43C8F832
:1063400028203546CA02D2D5D8F82420236F22F05F
:1063500000421A43C8F824208A02CAD5D8F824205B
:10636000A36E22F080721A43C8F824204A00C2D5D6
:1063700058F81C2C22F4004248F81C2CD4F8B42005
:1063800058F81C3C1A4348F81C2CCA0FB5D0D8F852
:106390002020636D22F040521A43C8F820200902E1
:1063A000ADD5D8F82810D4F8882021F44001114345
:1063B000C8F82810C107A4D004F10800002105F096
:1063C00043F9002818BF0546606881079BD504F192
:1063D0000800012105F038F9002818BF054660685B
:1063E000410792D504F10800022105F02DF900289B
:1063F00018BF0546606801077FF589AF04F12800E2
:10640000002105F0B5F9002818BF05466068C106EF
:106410007FF580AF04F12800012105F0A9F90028DB
:1064200018BF0546606880067FF57EAF74E700BF41
:106430000125CA027FF55BAF86E700BFD4F8B00044
:106440004FF6CF7358F81C2CC0F2FF0300F44071D4
:1064500022F47C5203EA10136FF31F30B1F5407F32
:1064600008BF1A43002548F81C2CD8F844100843EC
:10647000C8F84400FFF7CBBC2DE9F04381B00028F9
:1064800000F02A8142F200080446C5F2002889463D
:10649000D8F8000000F00F0088420ED2D8F80000B3
:1064A00020F00F0040EA0900C8F80000D8F800000A
:1064B00000F00F00484540F00F81206844F2184773
:1064C0004107C5F602070AD521693A6802F0700251
:1064D000914204D93A6822F07002114339600107F1
:1064E0000AD561697A6802F07002914204D97A682B
:1064F00022F0700211437960C1060AD5A1697A6859
:1065000002F4E062914204D97A6822F4E062114315
:10651000796081060AD5E169BA6802F07002914299
:1065200004D9BA6822F070021143B96010F0020178
:106530000AD0E2683B6803F00F039A4204D93B6833
:1065400023F00F031A433A60C20746D0386820F49C
:106550007061D4E90102012841EA0201396009D0E1
:1065600003280DD0022811D157F8181C890340F1D7
:10657000B38010E057F8181CC90540F1AD800AE05F
:1065800057F8181C890140F1A78004E057F8181C3F
:10659000490740F1A18057F8081C21F00701084382
:1065A00047F8080CFEF750FF064641F2883500BF59
:1065B00057F8080C616800F03800B0EBC10F09D043
:1065C000FEF742FF801BA842F2D9032001B0BDE8CC
:1065D000F08300BF206800F0020151B1E1683A6821
:1065E00002F00F02914204D23A6822F00F021143E6
:1065F0003960D8F8001001F00F0149450DD9D8F8DD
:10660000001021F00F0141EA0901C8F80010D8F884
:10661000001001F00F0149455ED141070AD52169FB
:106620003A6802F07002914204D23A6822F0700295
:106630001143396001070AD561697A6802F0700276
:10664000914204D27A6822F0700211437960C10647
:106650000AD5A1697A6802F4E062914204D27A68AC
:1066600022F4E0621143796080060AD5E069B968D6
:1066700001F07001884204D2B96821F0700108432A
:10668000B86000F0E1F8396843F674433A68C0F640
:106690000103C1F3032102F00F02595C9A5C01F07F
:1066A0001F0120FA01F102F01F0040F20C0221FA52
:1066B00000F0C2F20042106040F2040040F2080212
:1066C000C2F20040C2F200420068116001B0BDE8B1
:1066D000F043FEF705BF00BF012001B0BDE8F08325
:1066E0003F22026044F21842C5F6020252F8083C0A
:1066F00003F007034360136803F470638360136857
:1067000003F00F03C360136803F070030361536861
:1067100003F070034361536803F4E063836192689C
:1067200002F07002C26142F20000C5F2002000686F
:1067300000F00F000860704780B500F085F844F263
:10674000184143F67443C5F60201C0F601030A6816
:10675000096801F00F01C2F30322595C9A5C02F050
:106760001F0220FA02F201F01F0040F20C0122FA8F
:1067700000F0C2F20041086040F20801C2F200419C
:106780000A6080BD0000000080B500F05DF844F2B2
:10679000184C43F67441C5F6020CC0F60101DCF852
:1067A0000020DCF8003003F00F03C2F30322CB5CBF
:1067B0008A5C02F01F02D04003F01F0240F20C037B
:1067C00020FA02F2C2F200431A6040F20803C2F259
:1067D00000431860DCF80400C0F30210085C00F00D
:1067E0001F0022FA00F080BD80B500F02DF844F2C1
:1067F000184C43F67441C5F6020CC0F60101DCF8F2
:106800000020DCF8003003F00F03C2F30322CB5C5E
:106810008A5C02F01F02D04003F01F0240F20C031A
:1068200020FA02F2C2F200431A6040F20803C2F2F8
:1068300000431860DCF80400C0F30220085C00F09C
:106840001F0022FA00F080BD44F20041C5F60201AB
:106850000869C0F3C200032810D002282CD088BBDE
:106860000868800649F20000C0F2D03058BF704777
:106870000968C1F3C101C840704700BF8A6A886ACD
:10688000C0F3051CC86ABCF1000F4B6B20D0C3F3EA
:10689000CC0300F00100584302F00302022A00EE8C
:1068A000100AB8EE400A15D0C2B90868800619D49B
:1068B0009FED281A23E000BF47F64000C0F27D108C
:1068C000704700BF40F60010C0F23D00704700BFA7
:1068D000002070479FED1E1A11E000BF9FED1B1AAC
:1068E0000DE000BF086849F20002C0F2D032C0F3E8
:1068F000C10022FA00F001EE100AB8EE411A086B4E
:106900009FED153A6FF35F2002EE100A086BC0F39B
:106910004620B8EE422A013000EE032A00EE10CAEB
:10692000B7EE003AB8EE400A81EE000A32EE031AE2
:1069300020EE010A01EE100AB8EE411A80EE010ABB
:10694000BCEEC00A10EE100A704700BF0024744A63
:1069500020BCBE4B0024744C000000390000000035
:10696000F0B581B0002800F0D5800446007844F2EC
:106970000046C007C5F6020622D12078800768D5F8
:10698000306910F03801B06A42D0182908BF5FEAB8
:1069900080703DD0E0683168002800F0258121F04A
:1069A000190108433060FEF74FFD05463068400787
:1069B00048D4FEF749FD401B0228F7D977E100BF14
:1069C000306900F03801B06A102905D018290BD1C0
:1069D00000F00300022807D130688003CDD560683D
:1069E0000028CAD196E000BF6068002800F032811C
:1069F000B0F5A02F00F04681B0F5803F00F0468151
:106A0000306820F480303060306820F4802040E12D
:106A100030684007E06801D500287BD0316821F05C
:106A2000190108433060FEF70FFD05463068400746
:106A300008D4FEF709FD401B02284FF00300F5D9EA
:106A400001B0F0BD7068216920F0FE4040EA0160AD
:106A500070602078C00619D5306900F03801B06A3E
:106A6000082906D0182940F0818000F00300012891
:106A70007CD13068C00502D5E06980284AD1F06831
:106A8000216A20F07C5040EA0160F0602078000725
:106A900044D42078800655D42078400700F17E80C9
:106AA000656A9DB3306900F03800182840F0148101
:106AB000012DB16A306B2DD001F00302A36A9A4216
:106AC00028D1C1F30511E26A914223D10146226B1C
:106AD0006FF35F21013A91421CD1C0F34622616BF2
:106AE00001398A4216D1C0F30642A16B01398A42AC
:106AF00010D1C0F30660E16B013988420AD1706B96
:106B0000A16CC0F3CC00814240F09C81002001B018
:106B1000F0BD00BF012001B0F0BD00BF60690028DA
:106B2000706F4FD040F001007067FEF78DFC054696
:106B3000706F8007ADD4FEF787FC401B0228F7D9A1
:106B4000B5E000BFA0690028306871D040F48050E3
:106B50003060FEF779FC0546306880049CD4FEF76F
:106B600073FC401B0228F7D9A1E000BFE0690028B0
:106B7000306800F09F8040F080003060FEF764FCD9
:106B8000054600BF3068C0053FF579AFFEF75CFCF5
:106B9000401B02284FF00300F4D951E7D6F8000457
:106BA00040F48070C6F80004FEF74EFC054600BFB6
:106BB000D6F80004C00529D4FEF746FC401B642823
:106BC000F6D974E020F001007067FEF73DFC054641
:106BD000706F80077FF55DAFFEF736FC401B022823
:106BE0004FF00300F4D92BE721F001003060FEF7ED
:106BF0002BFC0546306840077FF52BAFFEF724FCE1
:106C0000401B02284FF00300F4D919E7A0680028C0
:106C100000F08480052800F09B80012800F09C8013
:106C2000306F20F001003067306F20F0040096E0F4
:106C300020F480503060FEF707FC05463068800481
:106C40007FF52AAFFEF700FC401B02284FF003003F
:106C5000F4D9F5E6306820F480303060306820F4F4
:106C600080203060FEF7F0FB054600BF30688003EF
:106C70007FF583AEFEF7E8FB401B64284FF003006E
:106C8000F4D9DDE6306840F480203060306840F4AC
:106C900080303060FEF7D8FB054600BF30688003C7
:106CA0003FF56BAEFEF7D0FB401B6428F6D90320FE
:106CB00001B0F0BD20F080003060FEF7C5FB054656
:106CC0003068C0057FF5E2AEFEF7BEFB401B022830
:106CD0004FF00300F4D9B3E6306820F080703060E4
:106CE000FEF7B2FB022D05460CD100BF30688001D3
:106CF00048D5FEF7A9FB401B02284FF00300F5D949
:106D00009EE600BF306880017FF500AFFEF79CFB78
:106D1000401B02284FF00300F4D991E6306F20F0B9
:106D200001003067306F20F004003067FEF78CFB05
:106D3000054641F28837306F80077FF5B1AEFEF728
:106D400083FB401BB8424FF00300F4D978E600BF44
:106D5000306F40F004003067306F40F00100306762
:106D6000FEF772FB054641F2883700BF306F80079F
:106D70003FF596AEFEF768FB401BB8424FF00300AC
:106D8000F4D95DE604F12807B06A40F2F331884394
:106D90008ECF0843591E40EA02104FF47E426FF333
:106DA0005F21B06202EB47204FF4FE0280B2E36B3A
:106DB0000844A16B02EB01414FF0FE4201F4FE01D9
:106DC00002EB0362084402F0FE4108443063F06ABB
:106DD0004FF6F87120F00100F062706BA26C8843EE
:106DE00040EAC2007063F06A216C20F00C00084396
:106DF000F062F06A616C20F002000843F062F06A11
:106E000040F48030F062F06A40F40030F062F06AE2
:106E100040F48020F062F06A40F00100F0623068D7
:106E200040F080703060FEF70FFB04463068800150
:106E30003FF56CAEFEF708FB001B02284FF0030085
:106E4000F4D9FDE5F06A20F00100F062FEF7FCFAEB
:106E50000546FEF7F9FAA842FBD0706B4FF6F871C1
:106E6000A26C884340EAC2007063F06A40F00100FF
:106E7000F062002001B0F0BD70470000000000008B
:106E80007047000000000000704700000000000094
:106E900060B310B5044690F83D0028B9002084F88E
:106EA0003C00204600F024F8022084F83D002068D1
:106EB000211D07F03DF8012084F8480084F83E00C9
:106EC00084F83F0084F8400084F8410084F84200D0
:106ED00084F8430084F8440084F8450084F84600B0
:106EE00084F8470084F83D00002010BD0120704761
:106EF000704700000000000090F83D10012927D1E4
:106F0000022180F83D1001684DF6FF70C4F20000C8
:106F10008142C86840F00100C8601BDC40F2FF708D
:106F2000C4F2000081422DDD40F60000C4F20000F2
:106F300081423DD040F60040C4F20000814237D08B
:106F400041F60000C4F20000814231D03CE000BFB5
:106F5000012070474FF6FF70C4F2000081421BDD34
:106F60000020C4F20100814222D044F20000C4F2A9
:106F7000010081421CD040F20040C4F20100814275
:106F800016D021E0B1F1804F12D040F20040C4F29F
:106F9000000081420CD017E04EF20000C4F2000065
:106FA000814205D04EF20040C4F2000081420BD174
:106FB00007228868C0F2010202400020062A18BF9A
:106FC000B2F5803F00D17047086840F001000860CA
:106FD0000020704700000000704700000000000023
:106FE000F0B581B004460068C5680669B10717D5D9
:106FF00015F0020114D06FF0020101610121217727
:107000008069800704D02046FFF7E6FF06E000BF56
:10701000204600F09DF8204600F09EF800202077E2
:10702000700719D515F0040016D020686FF0040120
:10703000016102212177806910F4407F04D020464D
:10704000FFF7CAFF06E000BF204600F081F82046A7
:1070500000F082F800202077300717D515F00800DF
:1070600014D020686FF00801016104212177C06904
:10707000800703D02046FFF7AFFF05E0204600F071
:1070800067F8204600F068F800202077F00619D550
:1070900015F0100016D020686FF010010161082172
:1070A0002177C06910F4407F04D02046FFF794FF99
:1070B00006E000BF204600F04BF8204600F04CF8F8
:1070C00000202077F00718BF15F0010006D02068D7
:1070D0006FF001010161204600F042F805F08007E1
:1070E00016F4025F18BF002F02D1F00509D410E09A
:1070F00020686FF4025101612046FFF7C1FEF005E0
:1071000007D537B120686FF4807101612046FFF721
:10711000B3FE700609D515F0400006D020686FF068
:1071200040010161204600F027F8B0060CD515F0AB
:10713000200009D020686FF020010161204601B0D5
:10714000BDE8F040FFF7A0BE01B0F0BD00000000B8
:1071500070470000000000007047000000000000C1
:1071600041F200010068C4F20001884218BF704774
:10717000FEF772B900000000704700000000000038
:1071800090F88410012901D1022070472421C0F811
:10719000881002681368116823F0005321F0010180
:1071A00011600021416613602022C0F8882080F819
:1071B000841008467047000010B50446D0F88C00D3
:1071C000202805D10120002918BF002A02D110BDB6
:1071D000022010BD0120E06600202067204608F054
:1071E0004FFA002818BF10BDE06E012834D1206886
:1071F0001021016250E8000F216840F0100041E8C2
:1072000000025AB3206850E8000F216840F01000D7
:1072100041E8000212B3206850E8000F216840F0F6
:10722000100041E80002002A1FBF206850E8000F4C
:10723000216840F010001CBF41E80002002A0DD078
:10724000206850E8000F216840F0100041E800027B
:107250000020002AD6D1BAE7012010BD002010BDC1
:1072600001F086BD00000000704700000000000033
:1072700070B590F88420012A02D1022070BD00BFB1
:107280002422C0F888200268D0F864E0BEF1000F24
:10729000D2F800C0136823F001031360936823F051
:1072A000606341EA030191601AD0916843F6345E4D
:1072B0009368C0F6010E5B0F43F63C55C1F342667E
:1072C000C0F601051EF80340E95C2301B3FBF1F1B0
:1072D0001EF80630AE5D1B01B3FBF6F302E000BF03
:1072E00001210123A0F86A102021A0F86830C2F81B
:1072F00000C0C0F88810002180F88410084670BDD6
:1073000070B590F88420012A02D1022070BD00BF20
:107310002422C0F888200268D0F864E0BEF1000F93
:10732000D2F800C0136823F001031360936823F0C0
:10733000604341EA030191601AD0916843F6345EDC
:107340009368C0F6010E5B0F43F63C55C1F34266ED
:10735000C0F601051EF80340E95C2301B3FBF1F11F
:107360001EF80630AE5D1B01B3FBF6F302E000BF72
:1073700001210123A0F86A102021A0F86830C2F88A
:1073800000C0C0F88810002180F88410084670BD45
:10739000704700000000000070470000000000007F
:1073A00010B50446206850E8000F216820F4907062
:1073B00041E80002F2B1206850E8000F216820F493
:1073C000907041E80002002A1FBF206850E8000FBB
:1073D000216820F490701CBF41E80002002A09D007
:1073E000206850E8000F216820F4907041E8000206
:1073F000002AD7D14FF6FE70CEF6FF70216851E813
:10740000021F2268014042E80213DBB1216851E803
:10741000021F2268014042E80213002B1FBF2168AF
:1074200051E8021F226801401CBF42E80213002BF2
:1074300008D0216851E8021F2268014042E8021387
:10744000002BDBD1E06E012827D1206850E8000F27
:10745000216820F0100041E80002F2B1206850E8F5
:10746000000F216820F0100041E80002002A1FBF31
:10747000206850E8000F216820F010001CBF41E890
:107480000002002A09D0206850E8000F216820F08F
:10749000100041E80002002AD7D12068816849061F
:1074A0003AD500E0206850E8020F216820F0400043
:1074B00041E80202EAB1206850E8020F216820F09A
:1074C000400041E80202A2B1206850E8020F2168A2
:1074D00020F0400041E80202002A1FBF206850E867
:1074E000020F216820F040001CBF41E80202002A80
:1074F000D8D1D4F8800078B100210165FBF7A4F859
:1075000050B1D4F88000FBF797FC202804D110205C
:10751000C4F89000032010BD20680F21016281692A
:1075200041F0080181612020C4F88C000020E06651
:1075300010BD00000000000010B50446206850E8AF
:10754000000F216820F0C00041E80002F2B120687D
:1075500050E8000F216820F0C00041E80002002A36
:107560001FBF206850E8000F216820F0C0001CBF3A
:1075700041E80002002A09D0206850E8000F216885
:1075800020F0C00041E80002002AD7D1206850E86E
:10759000020F216820F4000041E80202F2B12068E5
:1075A00050E8020F216820F4000041E80202002A9E
:1075B0001FBF206850E8020F216820F400001CBFA4
:1075C00041E80202002A09D0206850E8020F216831
:1075D00020F4000041E80202002AD7D12068816827
:1075E000090602D438E000BF206850E8020F216885
:1075F00020F0800041E80202EAB1206850E8020F62
:10760000216820F0800041E80202A2B1206850E821
:10761000020F216820F0800041E80202002A1FBF0B
:10762000206850E8020F216820F080001CBF41E86C
:107630000202002AD8D1E06F70B100210165FBF78A
:1076400003F848B1E06FFBF7F7FB202804D11020C6
:10765000C4F89000032010BD606EB0F1005F04D14B
:107660002068816941F0100181612020C4F8880000
:10767000002010BD0000000010B50446FAF7BCF968
:107680002046FAF74DFD204601F076FB204602F039
:107690001BFD204603F028FB2046BDE8104005F006
:1076A00023BE00000000000070B50446006840F6EC
:1076B0002F01C26911402029016886680CD101F0B0
:1076C000200306F080555B1918D0616F002957D050
:1076D0002046BDE87040084740F60F031A420DD01F
:1076E000012340F22015C1F20003C0F2004506EA72
:1076F000030C01EA050313EB0C0343D1E36E012BEA
:1077000005D112F0100318BF11F0100326D1D302D7
:107710000AD516F4800307D04FF480110162204689
:10772000BDE87040FFF738BE130606D501F08003B0
:1077300006F400069B1940F0DD80530602D511F0D7
:10774000400342D1100240F1E58011F0804000F08A
:10775000E1802046BDE87040FFF71ABE10210162AB
:107760008168490618D4B4F85C10B4F85E20B4F807
:107770005E30002B1CBF891A5FEA014240F05D8138
:1077800070BD00BFD30718BF11F480734ED19307AB
:1077900006F0010E56D460E0D4F880C0DCF800108A
:1077A0004B68B4F85C2099B2002900F0A98091429E
:1077B00080F0A680A4F85E30DCF81C10B1F5807F64
:1077C00000F0A882FFE100BF206850E8000F2168A8
:1077D00020F0400041E80002EAB1206850E8000FC4
:1077E000216820F0400041E80002A2B1206850E882
:1077F000000F216820F0400041E80002002A1FBF6E
:10780000206850E8000F216820F040001CBF41E8CC
:107810000002002AD8D12020C4F888000020A067E8
:107820002046BDE8704000F0FFBF00BF01230362A7
:10783000D4F8903043F00103C4F89030930706F079
:10784000010E0AD5BEF1000F07D002230362D4F85F
:10785000903043F00403C4F8903053070AD5BEF1CA
:10786000000F07D004230362D4F8903043F00203E2
:10787000C4F8903013070CD501F0200353EA0C0331
:1078800007D008230362D4F8903043F00803C4F80B
:10789000903013050BD511F0806308D04FF40063CE
:1078A0000362D4F8903043F02003C4F89030D4F849
:1078B0009030002B3FF464AF12F020020AD001F0A8
:1078C000200106F08052891804D0616F11B1204662
:1078D00088472068D4F89010826802F0400201F0D6
:1078E0002801891823D12046FFF7C6FE0020C4F8DE
:1078F000900070BDA16F00297FF4EAAE40E700BFA1
:107900008A427FF43DAFDCF81C00B0F5807F7FF445
:1079100037AF0FE1D0017FF533AFB1F1FF3FC8BF03
:1079200070BD2046BDE87040FFF79EBC206850E85F
:10793000000F216820F4907041E80002EAB120684D
:1079400050E8000F216820F4907041E80002A2B1D5
:10795000206850E8000F216820F4907041E8000290
:10796000002A1FBF206850E8000F216820F49070A3
:107970001CBF41E80002002AD8D14FF6FE70CEF6B7
:10798000FF70216851E8021F2268014042E802139B
:10799000DBB1216851E8021F2268014042E802136E
:1079A000002B1FBF216851E8021F226801401CBF45
:1079B00042E80213002B08D0216851E8021F226818
:1079C000014042E80213002BDBD1E06E012827D1F1
:1079D000206850E8000F216820F0100041E8000204
:1079E000F2B1206850E8000F216820F0100041E853
:1079F0000002002A1FBF206850E8000F216820F015
:107A000010001CBF41E80002002A09D0206850E89D
:107A1000000F216820F0100041E80002002AD7D1B1
:107A20002020C4F88C000021E1662068616781682D
:107A3000490640F1C18086E0206850E8000F2268C6
:107A400020F4907042E80003EBB1206850E8000F8A
:107A5000226820F4907042E80003A3B1206850E847
:107A6000000F226820F4907042E80003002B1FBF33
:107A7000206850E8000F226820F490701CBF42E894
:107A80000003002BD8D14FF6FE70CEF6FF702268AF
:107A900052E8022F2368024043E80226DEB1226842
:107AA00052E8022F2368024043E80226002E1FBF3F
:107AB000226852E8022F236802401CBF43E80226D6
:107AC000002E08D0226852E8022F2368024043E8C3
:107AD0000226002EDBD12020C4F88C000020E066B6
:107AE0006067206850E8000F226820F0100042E82C
:107AF0000003F3B1206850E8000F226820F0100066
:107B000042E80003002B1FBF206850E8000F2268E6
:107B100020F010001CBF42E80003002B09D02068B1
:107B200050E8000F226820F0100042E80003002B0C
:107B3000D7D189B2022020672046BDE87040FFF708
:107B40008FBB00BF206850E8020F216820F0400082
:107B500041E80202EAB1206850E8020F216820F0F3
:107B6000400041E80202A2B1206850E8020F2168FB
:107B700020F0400041E80202002A1FBF206850E8C0
:107B8000020F216820F040001CBF41E80202002AD9
:107B9000D8D1D4F8800078B14EF24131C0F600015E
:107BA0000165FAF7E9FF00283FF4EAADD4F8800058
:107BB000016DBDE8704008472046BDE87040FFF702
:107BC0005BBD00BF206850E8000F216820F4807082
:107BD00041E80002EAB1206850E8000F216820F473
:107BE000807041E80002A2B1206850E8000F2168CF
:107BF00020F4807041E80002002A1FBF206850E88E
:107C0000000F216820F480701CBF41E80002002AA8
:107C1000D8D1206850E8020F216820F0010041E827
:107C20000202F2B1206850E8020F216820F0010042
:107C300041E80202002A1FBF206850E8020F2168B5
:107C400020F001001CBF41E80202002A09D0206890
:107C500050E8020F216820F0010041E80202002AEA
:107C6000D7D1206850E8020F216820F0400041E899
:107C70000202F2B1206850E8020F216820F04000B3
:107C800041E80202002A1FBF206850E8020F216865
:107C900020F040001CBF41E80202002A09D0206801
:107CA00050E8020F216820F0400041E80202002A5B
:107CB000D7D12020C4F88C000020E066206850E86E
:107CC000000F216820F0100041E80002F2B12068A6
:107CD00050E8000F216820F0100041E80002002A5F
:107CE0001FBF206850E8000F216820F010001CBF63
:107CF00041E80002002A09D0206850E8000F2168FE
:107D000020F0100041E80002002AD7D1D4F880000A
:107D1000FAF79AFC02202067B4F85C00B4F85E1011
:107D2000401A81B22046BDE87040FFF799BA0000C2
:107D300010B5E0B10446D0F8880028B9002084F8D6
:107D40008400204600F028F82420C4F88800206829
:107D5000A16A0268002922F00101016002D02046D8
:107D600006F0C2F9204607F01FFA012802D10120CF
:107D700010BD00BF2068416821F4904141608168D6
:107D800021F02A018160016841F001010160204673
:107D9000BDE8104006F018BA2DE9F041B6B0002158
:107DA0000446CDE93411CDE93211319102A8B82150
:107DB000F8F721FC40F6FF712068C4F20101884207
:107DC0007ADC44F60041C4F20001884200F0FA80F7
:107DD00047F60001C4F20001884200F0578147F6DF
:107DE0000041C4F20001884240F0A48244F2E04025
:107DF00040F21008C5F602000026C4F202088168AD
:107E000041F000418160816801F0004101910199D8
:107E1000016841F010010160006831A900F0100014
:107E20000190019803203190022032900820359073
:107E300041F20000C5F6020033963496FDF700FAD1
:107E400040F2607508F58660C2F200454FF4806725
:107E500028605120C5E901064FF48070EE60C5E945
:107E600007062846AE61C5E904766E62FBF704FC9E
:107E700008B1FAF70DFBC4F8805008F58960AC63CF
:107E800040F2D875C2F2004505F108012860522081
:107E900068604020C1C128466E62C5E90566C5E933
:107EA0000766FBF7E9FB08B1FAF7F2FAE56705F1B7
:107EB0003800532535E200BF41F20001C4F2010150
:107EC000884200F0498141F20041C4F20101884238
:107ED00000F0B88141F60001C4F20101884240F08F
:107EE00029820120029002A800260396FDF770FD6A
:107EF00008B1FAF7CDFA44F2E04040F21008C5F6B6
:107F00000200C4F20208016941F040010161016907
:107F100001F0400101910199016841F008010160FF
:107F2000006841F2000100F008000190C5F602016E
:107F300001984FF44040319002203496CDE932064A
:107F40000B203590A1F5806031A9FDF779F940F655
:107F5000500508F58060C2F200454FF48067286044
:107F60007420C5E901062846EE60C5E90476C5E936
:107F70000666C5E90866FBF77FFB08B1FAF788FAE1
:107F8000C4F8805008F58360AC6340F6C805C2F2BF
:107F900000452860752068604020A8600020C5E981
:107FA0000307C5E90500C5E9070068622846FBF735
:107FB00063FB08B1FAF76CFAE56705F138009B2519
:107FC000AFE100BF44F2E04040F21008C5F6020005
:107FD000C4F202080026816841F4002181608168B2
:107FE00001F4002101910199016841F00101016052
:107FF000006831A900F00100019001980320319040
:10800000022032900820359041F20000C5F60200AF
:108010003396A0F580503496FDF712F940F2F855EA
:1080200008F16000C2F200454FF4806728604020EC
:10803000C5E901002846EE60C5E90476C5E9066693
:10804000C5E90866FBF718FB08B1FAF721FAE567FE
:1080500008F17800AC6340F28055C2F20045286018
:108060003F20C5E9010628466E62C5E90367C5E9F8
:108070000566C5E90766FBF7FFFA08B1FAF708FAE3
:10808000C4F8805005F1380034254AE144F2E0405C
:1080900040F21008C5F602000026C4F2020881680A
:1080A00041F080418160816801F080410191019936
:1080B000016841F010010160006831A900F0100072
:1080C000019001984FF4C070319002203290072047
:1080D000359041F20000C5F6020033963496FDF764
:1080E000AFF840F2706508F19000C2F200454FF41D
:1080F000806728604F20C5E901064FF48070EE606C
:10810000C5E907062846AE61C5E904766E62FBF74D
:10811000B3FA08B1FAF7BCF9C4F8805008F1A80026
:10812000AC6340F2E865C2F2004505F10801286041
:10813000502068604020C1C128466E62C5E90566CE
:10814000C5E90766FBF798FA08B1FAF7A1F9E56700
:1081500005F138005225E4E00120029002A8002633
:108160000396FDF735FC08B1FAF792F944F2E040C6
:1081700040F21008C5F60200C4F20208016941F09D
:1081800010010161016901F010010191019901687B
:1081900041F002010160006841F2000100F00200BC
:1081A0000190C5F6020101984FF440403190022041
:1081B0003496CDE9320604203590A1F5406031A90E
:1081C000FDF73EF840F6401508F13000C2F20045D8
:1081D0004FF4806728602920C5E901064FF48070BC
:1081E000E8614FF44030EE60C5E908062846AE610C
:1081F000C5E90476FBF740FA08B1FAF749F9C4F883
:10820000805008F14800AC6340F6B815C2F2004552
:108210004FF4003128602A2068604020A8600020C8
:10822000C5E90307C5E90500E861C5E90810284666
:10823000FBF722FA08B1FAF72BF9E56705F13800E8
:1082400025256EE00120029002A800260396FDF786
:10825000BFFB08B1FAF71CF944F2E04040F2100805
:10826000C5F60200C4F20208016941F02001016173
:10827000016901F0200101910199016841F00401B7
:108280000160006841F2000100F004000190C5F6B1
:1082900002010198C020319002203496CDE93206C7
:1082A00007203590A1F5006031A9FCF7C9FF40F621
:1082B00030254720C2F200454FF48067C5E901062A
:1082C0004FF48070C5F80080C5E907062846EE60C7
:1082D000C5E90476AE616E62FBF7CEF908B1FAF734
:1082E000D7F8C4F8805008F11800AC6340F6A82510
:1082F000C2F200452860482068604020A860002045
:10830000C5E90307C5E90500C5E907006862284615
:10831000FBF7B2F908B1FAF7BBF8E56705F13800E9
:1083200047250460052100222846FDF7A5F92846C7
:10833000FDF792F936B0BDE8F081000000000000C2
:10834000B0B50446D0F88C00202807D115460A465F
:108350000120002918BF002D02D1B0BD0220B0BD00
:108360004FF0000CC4F86CC040F600402168C5F620
:108370000000814233D04868000230D551E8000F38
:10838000D4F800E040F080604EE8000139B3206886
:1083900050E8000F216840F0806041E80003F3B12D
:1083A000206850E8000F216840F0806041E8000339
:1083B000002B1FBF206850E8000F216840F080604C
:1083C0001CBF41E80003002B09D0206850E8000FD3
:1083D000216840F0806041E80003002BD7D1A265FE
:1083E0002220A4F85C50C4F890C0C4F88C00D4F8E3
:1083F0008000F8B14EF239514EF2D163C0F600015F
:10840000C0F60003C0E90F134EF249310023C0F655
:108410000001C1642168036524312B46FBF76CFC25
:1084200040B11020C4F890002020C4F88C00012036
:10843000B0BD00BF206938B3206850E8000F216844
:1084400040F4807041E80002F2B1206850E8000F6B
:10845000216840F4807041E80002002A1FBF2068B4
:1084600050E8000F216840F480701CBF41E8000212
:10847000002A09D0206850E8000F216840F480707D
:1084800041E80002002AD7D1206850E8020F216895
:1084900040F0010041E80202F2B1206850E8020F0A
:1084A000216840F0010041E80202002A1FBF206855
:1084B00050E8020F216840F001001CBF41E80202B1
:1084C000002A09D0206850E8020F216840F001001E
:1084D00041E80202002AD7D1206850E8020F216843
:1084E00040F0400041E80202F2B1206850E8020F7B
:1084F000216840F0400041E80202002A1FBF2068C6
:1085000050E8020F216840F040001CBF41E8020221
:10851000002A09D0206850E8020F216840F040008E
:1085200041E80202002AD7D10020B0BD00000000BF
:1085300080B5D0F88C30202B06D10123002918BF3C
:10854000002A03D1184680BD022080BD0023C366E7
:1085500040F60043D0F800C0C5F600039C4538D073
:10856000DCF804301B0234D55CE800CF03E000BF28
:10857000036853E800CFD0F800E04CF080634EE889
:10858000003CBCF1000F24D0036853E800CFD0F8C2
:1085900000E04CF080634EE8003CBCF1000F18D0C6
:1085A000036853E800CFD0F800E04CF080634EE859
:1085B000003CBCF1000F1FBF036853E800CFD0F8A8
:1085C00000E04CF080631CBF4EE8003CBCF1000FA3
:1085D000CED107F001F90023184680BD000000004D
:1085E00010B50446F9F7A8FA2046BDE81040F9F79F
:1085F0002BBE0000000000007047000000000000DB
:108600002DE9F04381B00446D0F88800202877D1C6
:108610000F4600294FF0010000F088801646002A1E
:1086200000F084801D464FF00008C4F8908021209F
:10863000C4F88800FCF708FFA4F85460A4F856605A
:108640000646A168B1F5805F05D12069002814BFF6
:108650003846B8460746B4F85600216800283AD094
:1086600005F10109C86900060ED4B9F1000F0FD059
:10867000002D55D0FCF7E8FE801BA84252D8216897
:108680000868C8690006F5D587B117F8010B12E034
:10869000C8690006F8D4C86900065CBFC8695FEA0B
:1086A0000060F1D4C8690006F2D5EDE738F8020B96
:1086B00000276FF35F208862D4F8880000F0210063
:1086C000212837D1B4F856000138A4F85600B4F880
:1086D00056000028C6D1C86940061FD405B3681CDF
:1086E00012D1C869400619D4C869400616D4C869B1
:1086F000400613D4C86940064FF00000F1D512E0DF
:10870000022001B0BDE8F083FCF79EFE801BA8426A
:1087100008D820680168C0694006F5D5002002E04D
:10872000FCF792FE03202021C4F8881001B0BDE8B8
:10873000F08300BF012001B0BDE8F083000000001D
:10874000B0B50446D0F88800202831D100294FF078
:10875000010063D0002A134608BFB0BD2165002583
:10876000A4F854302120A4F85630C4F89050C4F82E
:108770008800E06FF0B14EF249324EF2097CC0F64B
:108780000002C26422684EF2C97E2832C0F6000C94
:10879000C0F6000E0565C0E90FCEFBF7ADFA48B193
:1087A0001020C4F890002020C4F888000120B0BD3B
:1087B0000220B0BD20684021016250E8020F21680C
:1087C00040F0800041E8020252B3206850E8020FF6
:1087D000216840F0800041E802020AB3206850E8B6
:1087E000020F216840F0800041E80202002A1FBF0A
:1087F000206850E8020F216840F080001CBF41E86B
:108800000202002A0CD0206850E8020F216840F0D4
:10881000800041E802020020002AD6D1B0BD00BF8E
:108820000020B0BD0000000010B5044601F03CFC83
:10883000204602F049FA2046BDE8104004F044BD4D
:108840007047000000000000FEE70000000000008C
:1088500070B540F28824C2F200442378012B0ED177
:1088600094F861305BB194F83C30042B07D194F854
:108870006030002B1CBF94F85E30002B20D140F2FA
:108880001800C2F2004090F84C10A1B10021012361
:10889000C0E905110377C0E90D1180F83C3001658E
:1088A000A0F85410C0E91011816480F84C10C4E99C
:1088B000151184F8621010B2A4F85C2070BD00BFDE
:1088C00094F85F30002BDAD0131F4FF6F8769BB286
:1088D000B34225D840F21800C2F2004090F84C1084
:1088E000012910D000210123C0E905110377C0E957
:1088F0000D1180F83C30C0E910118164016580F8E9
:10890000541080F84C30012180F85510206B6065C0
:108910000020A06584F8620010B2A4F85C2070BD4D
:1089200000EBE03240F2180582EAE030C2F2004586
:1089300080B20022032801EBE13080EAE1304FF001
:10894000000380B238BF012303284FF0020038BF74
:10895000012295F8551013EA020618BF032049B109
:1089600095F84C1081420ED1FCF76EFD95F854102D
:10897000F1B925E0216B6165012185F8551095F865
:108980004C108142F0D000210122C5E905112A775F
:10899000C5E90D1185F83C20C5E91011A96485F8D9
:1089A000541085F84C00FCF74FFD95F8541039B180
:1089B000296D411A042903D8B4F85C2010B270BDA7
:1089C00095F848102865012094ED0D3A85F854007B
:1089D000F1B195ED110A9FED9E1A30EE010AB0EE4D
:1089E000001A95ED102AB7EE004A33EE423A30EE07
:1089F000011A80EE011AA1EE032A34EE411A85ED28
:108A0000102A20EE010AB0EE423A85ED110A06E086
:108A100085ED103A4FF07E51696485F8480094ED79
:108A20000C0A94ED151A31EE400A9FED8A1AB4EE45
:108A3000410AF1EE10FA43DA9FED882AB4EE420AB9
:108A4000F1EE10FA1DDA9FED864A30EE040AB4EE1C
:108A5000420AF1EE10FA14DA30EE040AB4EE420AD9
:108A6000F1EE10FABEBF30EE040AB4EE420AF1EEA7
:108A700010FA06DA30EE040AB4EE420AF1EE10FA09
:108A8000E3DBB0EEC04A9FED725A012084ED160A76
:108A900084F86200B4EE454AF1EE10FA30DDB2EE31
:108AA000046A05EB4610B4EE464AF1EE10FA31DDE9
:108AB00090ED054A9FED6B5A24EE054A3CE000BF5D
:108AC0009FED652A30EE020AB4EE410AF1EE10FA8B
:108AD000A1BF30EE020AB4EE410AF1EE10FA30EE18
:108AE000020AA4BFB4EE410AF1EE10FAA4DB30EEA4
:108AF000020AB4EE410AF1EE10FAE3DA9CE700BF95
:108B000005EB46110022C1E90522087710B2A4F84E
:108B10005C2070BD90ED014A90ED055AA4EE005A1C
:108B200090ED034AB1EE447A85FE444AB4EE457AAC
:108B3000F1EE10FA37FE044A80ED054A05EB4610C7
:108B4000014611F81C2F2AB1B0EE405A00220A70DB
:108B500002E000BF90ED065A30EE455A23EE063A89
:108B6000B4EE415AF1EE10FA52DAB8FE431AB4EEFE
:108B7000425AF1EE10FA1DDA9FED393A35EE035AFA
:108B8000B4EE425AF1EE10FA14DA35EE035AB4EEAE
:108B9000425AF1EE10FABEBF35EE035AB4EE425A15
:108BA000F1EE10FA06DA35EE035AB4EE425AF1EE5F
:108BB00010FAE3DB90ED002A80ED060AA2EE004AEF
:108BC00090ED022AA2EE054A90ED042AB1EE423A57
:108BD00084FE425AB4EE443ABAEE044AF1EE10FA78
:108BE00033FE055A81EE041AB1EE044AA1EE045A8E
:108BF00085FE421AB4EE453AF1EE10FA33FE011A40
:108C0000BDEEC11A11EE102A10B2A4F85C2070BD9E
:108C10009FED116A35EE065AB4EE415AF1EE10FAA4
:108C2000A1BF35EE065AB4EE415AF1EE10FA35EE18
:108C3000065AA4BFB4EE415AF1EE10FA95DB35EEB8
:108C4000065AB4EE415AF1EE10FAE3DA8DE700BFAE
:108C5000CDCCCC3D000034430000B4C3000034C38D
:108C60000000B4436666663F40F28821C2F20041CC
:108C7000087801284FF0010004BF91F83C20042A35
:108C800000D0704791F86020002AFAD091F85E2059
:108C9000002A08BF7047086B486500208865A1F866
:108CA0005C00012281F8620040F21801C2F200412A
:108CB000C1E905000A77C1E90D0081F83C204FF4B5
:108CC0008072C1E9100088640865A1F854207047DB
:108CD00040F28821C2F200410A78012A18BF704789
:108CE00081F8610040F21800C2F200400022012326
:108CF000A1F85C20C0E905220377C0E90D2280F8C5
:108D00003C300265A0F85420C0E91022826480F84B
:108D10004C20C1E9152281F8622070470000000054
:108D200070B540F288220346C2F200420028117852
:108D300018BF01231940012918D102F13806D2E9E0
:108D40000CCE78CE46610561C4608360C0E900CE78
:108D5000D2E912CED2E91454D2E91636C0E90A3665
:108D6000C0E90854C0E906CE126E0263084670BD21
:108D700000F066BC0000000001F046B800000000F2
:108D800070B540F28825C2F20045287810B1002065
:108D900070BD00BF05F130003421F7F72CFC40F620
:108DA000AC40C2F2004001F043F828B1052085F83C
:108DB0003C00012070BD00BF0024EC62C5E9054401
:108DC000C5E90744C5E90944012685F83C6085F8F2
:108DD0006160FCF739FB6430A861FCF735FB00F5F6
:108DE0007A70686220462E7070BD0000000000009E
:108DF000B0B58CB040F28825C2F200452878012831
:108E000040F0C08201F03CF8684600F0D5FBE8B1C4
:108E1000FCF71AFBA9690446401A00F18B80287DF3
:108E2000042800F28780DFE800F00333414B530051
:108E300043F645500421C0F6010001F021F9002855
:108E400059D10120287504F1320036E00720287539
:108E5000052085F83C0040F218000021C2F20040D5
:108E60000122C5E91511C0E905110277C0E90D110C
:108E700080F83C200165A0F85410C0E9101181640D
:108E800080F84C10E96585F862100CB0B0BD00BFE9
:108E900043F645500421C0F60100063001F0F0F819
:108EA00048BB0220287504F57A6006E00320287587
:108EB000022085F83C0004F16400A8613AE000BF9C
:108EC000002085F82E0004202875AC6132E000BF38
:108ED00095F82E000FF22461085C43F64551C0F668
:108EE000010100EB400001EB4000417901F0C8F8BE
:108EF000002800F0B18207202875052085F83C0085
:108F000040F218000021C2F200400122C5E915110B
:108F1000C0E905110277C0E90D1180F83C20016518
:108F2000A0F85410C0E91011816480F84C10E96574
:108F300085F862109DF81000002860D00298E96959
:108F400088425CD0297DE86106294DD0052956D19B
:108F5000A88D9DED000A95ED0A1A30EE010A411C1C
:108F600088B285ED0A0AC828A98548D301EE100AFF
:108F70004FF07E5129614FF48071A5F85E1040F2E8
:108F80001801B8EE411AC2F200410398286200208D
:108F9000A5F8010080EE010A012285ED0E0AC5E95F
:108FA0000200C5E90C00C1E905000A77C1E90D001E
:108FB00081F83C200865A1F8540081F84C00C1E913
:108FC00010008864C5E91500A5F85C0085F862000A
:108FD00006202875FCF738FA00F57A7068620420DC
:108FE00085F83C000BE000BF9DED000A95ED0E1AE0
:108FF00031EE400A012085ED0D0A85F85F00287DDD
:10900000062840F062819DF81100002800F05D8183
:109010000398296A814200F058819DED012A9FED55
:10902000DA0AB1EE421A2862B4EE402AF1EE10FAE2
:1090300040F3CC80B4EE401AF1EE10FA1DDA9FED49
:10904000D32A31EE021AB4EE401AF1EE10FA14DA15
:1090500031EE021AB4EE401AF1EE10FABEBF31EE54
:10906000021AB4EE401AF1EE10FA06DA31EE021AE4
:10907000B4EE401AF1EE10FAE3DB6878002800F055
:10908000C78095ED022A31EE422A9FEDC11AB4EE57
:10909000412AF1EE10FA80F2C380B4EE402AF1EEDC
:1090A00010FA1DDA9FEDB93A32EE032AB4EE402AE7
:1090B000F1EE10FA14DA32EE032AB4EE402AF1EEA1
:1090C00010FABEBF32EE032AB4EE402AF1EE10FAD7
:1090D00006DA32EE032AB4EE402AF1EE10FAE3DBB0
:1090E000A878002800F0BC8095ED033A9FEDE65A81
:1090F00032EE434A95ED042AB4EE414AF1EE10FAFD
:1091000080F2488132EE052AB4EE404AF1EE10FAC0
:109110001DDA9FED9E5A34EE054AB4EE404AF1EE58
:1091200010FA14DA34EE054AB4EE404AF1EE10FAC1
:10913000BEBF34EE054AB4EE404AF1EE10FA06DA4C
:1091400034EE054AB4EE404AF1EE10FAE3DBB0EE3D
:10915000085A32EE055A82EE055AA5EE043AB4EEEC
:10916000413AF1EE10FA80F23581B4EE403AF1EE78
:1091700010FA1DDA9FEDE51A33EE013AB4EE403AEB
:10918000F1EE10FA14DA33EE013AB4EE403AF1EEB1
:1091900010FABEBF33EE013AB4EE403AF1EE10FAE7
:1091A00006DA33EE013AB4EE403AF1EE10FAE3DBC0
:1091B000B7EE000A85ED033A30EE450A22EE000ACA
:1091C000B0EE432A85ED040A7AE000BF9FEDCD2A78
:1091D0009FEDCD3A31EE021AB4EE431AF1EE10FAD9
:1091E000A1BF31EE021AB4EE431AF1EE10FA31EEDD
:1091F000021AA4BFB4EE431AF1EE10FAFFF61AAF4A
:1092000031EE021AB4EE431AF1EE10FAE2DA11E787
:109210009FEDBF2A85ED021A0120687050E000BF63
:109220009FEDB83A32EE032AB4EE412AF1EE10FA7D
:10923000A1BF32EE032AB4EE412AF1EE10FA32EE6B
:10924000032AA4BFB4EE412AF1EE10FAFFF625AFCF
:1092500032EE032AB4EE412AF1EE10FAE2DA1CE70C
:10926000B4EE412AF1EE10FA80F2D680B4EE402A34
:10927000F1EE10FA1DDA9FEDA51A32EE012AB4EED6
:10928000402AF1EE10FA14DA32EE012AB4EE402A46
:10929000F1EE10FABEBF32EE012AB4EE402AF1EE32
:1092A00010FA06DA32EE012AB4EE402AF1EE10FA94
:1092B000E3DB85ED032A4FF07E5028610120A87082
:1092C00085ED0C2A012085F85E0005A800F094F9D0
:1092D00000B305AB09980ECBC5E910019DF810004D
:1092E0000899296500284FF00000C5E912230FD026
:1092F0000A99611A64290BD89DF811000B99611A1B
:109300000022002818BF0120652938BF0122104023
:1093100085F86000287D062834D195F8600028B1D2
:1093200004F57A7068620CB0B0BD00BF686A201A9C
:1093300028D400F099FE4FF48070E8850420287549
:1093400004F5FA606862022085F83C0040F21800DB
:10935000AC61C2F2004000210122A5F85C10C0E916
:1093600005110277C0E90D1180F83C200165A0F8D5
:109370005410C0E91011816480F84C10C5E9151132
:1093800085F862100CB0B0BD000034C30000B443D7
:10939000000034439FED5B6A34EE064AB4EE414A66
:1093A000F1EE10FAA1BF34EE064AB4EE414AF1EEF6
:1093B00010FA34EE064AA4BFB4EE414AF1EE10FAB8
:1093C000FFF6A0AE34EE064AB4EE414AF1EE10FAD2
:1093D000E2DA97E69FED4B4A33EE043AB4EE413AB7
:1093E000F1EE10FAFFF6C1AE33EE043AB4EE413AB4
:1093F000F1EE10FAA2BF33EE043AB4EE413AF1EEC8
:1094000010FAFFF6B2AE33EE043AB4EE413AF1EEA2
:1094100010FAE1DAA9E600BF9FED3A3A32EE032AEC
:10942000B4EE412AF1EE10FAA1BF32EE032AB4EEF7
:10943000412AF1EE10FA32EE032AA4BFB4EE412A1B
:10944000F1EE10FAFFF612AF32EE032AB4EE412A23
:10945000F1EE10FAE2DA09E795F82E00013085F80E
:109460002E00C1B2082911D395F82F0090B1002029
:1094700085F82F000620287504F5FA60686204203C
:1094800085F83C0056E500BF0AD7A33C04F1140060
:1094900013E500BF0299E961039929624FF07E51FB
:1094A000296140F218010020C2F20041A862A8859B
:1094B0000122A5F80100C5E90200C5E90C00A86376
:1094C000A5F85E00C1E905000A77C1E90D0081F841
:1094D0003C200865A1F8540081F84C00C1E9100057
:1094E0008864C5E91500A5F85C0085F862000520D0
:1094F0002875032085F83C001CE500BF000203042A
:10950000050607080000B4C3000034430000B4435C
:109510000000000000000000B0B582B0C0B140F211
:1095200088250446C2F20045287801284FF0010042
:109530003ED195F86010D9B395F85E10C1B3FBF732
:1095400083FF6968411A322906D2022002B0B0BDF9
:10955000012002B0B0BD00BF95ED0C0A9FED151AB9
:1095600020EE010ABEEE001AB6EE002A686045F64B
:10957000A541ADF80310B5EE400A0123F1EE10FA53
:1095800022FE011A30EE010ABDEEC00A10EE100AEA
:109590008DF8050081B20A0A8DF8062080EA1120B4
:1095A0008DF807000DF1030105222046FFF728F88A
:1095B00002B0B0BD0000C84210B541F2240200283C
:1095C000C2F2004292F8551318BF002909D002F5E3
:1095D000497ED2E9CC429EE8085080E80850C0E9B4
:1095E0000342002818BF0120002918BF01210840AC
:1095F00010BD00000000000070B541F224020028F8
:10960000C2F2004292F8551318BF00290DD002F59E
:109610005076D2E9CECE78CE46610561C4608360D3
:10962000C0E900CED2F850238261002818BF012083
:10963000002918BF0121084070BD00000000000093
:109640002DE9F04141F22407C2F2004797F8553363
:10965000002B00F0D4833B68834240F0D083B1F507
:10966000807F07D9D7F83C030130C7F83C03BDE839
:10967000F08100BFB7F82003B1F5807F1CD1FF282F
:1096800000F29B81414211F0030357D039180024A6
:109690000979B7F81C63751CAEB2B4EB562F18BF2E
:1096A0000025B7F81E63ACB2B4424BD1D7F84013D3
:1096B0000131C7F840134CE088421DD20B1AC64353
:1096C00013F0030E06EB010C3AD03B1800241B7973
:1096D000B7F81C63751CAEB2B4EB562F18BF00254B
:1096E000B7F81E43AEB2A6424ED1D7F8403301338D
:1096F000C7F840334FE000BF98BFBDE8F081FF28B6
:1097000000F29582424212F0030461D03A1800261A
:109710001379B7F81C23551CAAB2B6EB522F18BF09
:109720000025B7F81E23AEB2964240F09980D7F8D4
:1097300040230132C7F8402399E000BF0146BBE057
:10974000034647E1B7F81C633E4486F80411A7F8C6
:109750001C53012B00F1010100F0AE8039440024BC
:109760000979B7F81C63751CAEB2B4EB562F18BF5D
:109770000025B7F81E63ACB2B4422BD1D7F8401322
:109780000131C7F840132CE0B7F81C433C4484F87F
:109790000431A7F81C53BEF1010F00F1010300F0E2
:1097A00019813B4400261B79B7F81C43651CACB2F9
:1097B000B6EB542F18BF0025B7F81E43AEB2A64231
:1097C0002AD1D7F840330133C7F840332BE000BF2C
:1097D0000346ABE1B7F81C633E4486F80411A7F8D2
:1097E0001C53022B00F1020166D03944002509798F
:1097F000B7F81C3301339EB2B5EB562F18BF0023C8
:10980000B7F81E639DB2B5424ED1D7F8401301316F
:10981000C7F840134FE000BFB7F81C433C4484F83E
:109820000431A7F81C53BEF1020F00F1020300F04F
:10983000D1803B4400241B79B7F81C63751CAEB281
:10984000B4EB562F18BF0025B7F81E63ACB2B44274
:1098500040F0B880D7F840330133C7F84033B8E060
:10986000B7F81C233A4482F80431A7F81C53012CA2
:1098700000F1010300F05A81FA1800261379B7F8B5
:109880001C23551CAAB2B6EB522F18BF0025B7F8FF
:109890001E23AEB2964240F01F81D7F8402301321A
:1098A000C7F840231FE100BFB7F81C633E4486F8A9
:1098B0000411A7F81C33C11CFD3880B203287CD3E7
:1098C0004FF0000C0AE000BFD7F840030130C7F8A2
:1098D0004003043188B2B0F5807F6ED07B181D79CB
:1098E000B7F81C630136B4B2BCEB542F18BF002686
:1098F000B7F81E43B0B2A04206D1D7F840030130FA
:10990000C7F8400307E000BFB7F81C03384480F8ED
:109910000451A7F81C635C79B7F81C03461CB0B26D
:10992000BCEB502F18BF0026B7F81E03B5B2854216
:1099300006D1D7F840030130C7F8400307E000BF65
:10994000B7F81C03384480F80441A7F81C639C79DD
:10995000B7F81C03461CB0B2BCEB502F18BF002652
:10996000B7F81E03B5B2854206D1D7F840030130DF
:10997000C7F8400307E000BFB7F81C03384480F87D
:109980000441A7F81C63DB79B7F81C03461CB0B28E
:10999000BCEB502F18BF0026B7F81E03B5B28542A6
:1099A00092D0B7F81C03384480F80431A7F81C6340
:1099B000043188B2B0F5807F90D10020A7F8200351
:1099C000BDE8F081B7F81C633E4486F80431A7F87F
:1099D0001C53C31C1FFA8CF0032879D34FF0000CE2
:1099E00009E000BFD7F840030130C7F84003043353
:1099F00098B288426CD0FC182079B7F81C63013605
:109A0000B5B2BCEB552F18BF0026B7F81E53B2B243
:109A1000AA4205D1D7F840030130C7F8400306E059
:109A2000B7F81C233A4482F80401A7F81C63607954
:109A3000B7F81C23561CB2B2BCEB522F18BF00263D
:109A4000B7F81E23B5B2954206D1D7F840030130CE
:109A5000C7F8400307E000BFB7F81C233A4482F878
:109A60000401A7F81C63A079B7F81C23561CB2B2F6
:109A7000BCEB522F18BF0026B7F81E23B5B2954293
:109A800006D1D7F840030130C7F8400307E000BF14
:109A9000B7F81C233A4482F80401A7F81C63E07964
:109AA000B7F81C23561CB2B2BCEB522F18BF0026CD
:109AB000B7F81E23B5B2954294D0B7F81C233A44A8
:109AC00082F80401A7F81C63043398B2884292D14B
:109AD000A7F82013BDE8F081B7F81C233A4482F8B8
:109AE0000431A7F81C53022C00F102031ED0FA180F
:109AF00000261379B7F81C23551CAAB2B6EB522FD7
:109B000018BF0025B7F81E23AEB2964206D1D7F88B
:109B100040230132C7F8402307E000BFB7F81C23F9
:109B20003A4482F80431A7F81C53C31CFD3880B2B4
:109B300003287CD34FF0000C0AE000BFD7F84003A5
:109B40000130C7F84003043398B2B0F5807F6ED07F
:109B5000F8180579B7F81C23541CA2B2BCEB522F9D
:109B600018BF0024B7F81E23A6B2964206D1D7F834
:109B700040230132C7F8402307E000BFB7F81C2399
:109B80003A4482F80451A7F81C434479B7F81C23DF
:109B9000551CAAB2BCEB522F18BF0025B7F81E23E4
:109BA000AEB2964206D1D7F840230132C7F840231F
:109BB00007E000BFB7F81C233A4482F80441A7F835
:109BC0001C538479B7F81C23551CAAB2BCEB522F46
:109BD00018BF0025B7F81E23AEB2964206D1D7F8BB
:109BE00040230132C7F8402307E000BFB7F81C2329
:109BF0003A4482F80441A7F81C53C079B7F81C23F3
:109C0000551CAAB2BCEB522F18BF0025B7F81E2373
:109C1000AEB2964292D0B7F81C233A4482F80401BF
:109C2000A7F81C53043398B2B0F5807F90D1002977
:109C300000F0E380481E01F0030C03284FF00008F9
:109C40004FF0000379D321F0030E002308E000BF9A
:109C5000D7F840030130C7F8400304339E456CD069
:109C6000FC182579B7F81C23561CB2B2B8EB522F5A
:109C700018BF0026B7F81E23B0B2904206D1D7F81D
:109C800040030130C7F8400307E000BFB7F81C03EA
:109C9000384480F80451A7F81C636579B7F81C03B1
:109CA000461CB0B2B8EB502F18BF0026B7F81E0301
:109CB000B2B2824206D1D7F840030130C7F8400360
:109CC00007E000BFB7F81C03384480F80451A7F838
:109CD0001C63A579B7F81C03461CB0B2B8EB502F33
:109CE00018BF0026B7F81E03B2B2824206D1D7F8D9
:109CF00040030130C7F8400307E000BFB7F81C037A
:109D0000384480F80451A7F81C63E479B7F81C03C1
:109D1000451CA8B2B8EB502F18BF0025B7F81E039A
:109D2000AAB2824294D0B7F81C03384480F80441A8
:109D3000A7F81C5304339E4592D1BCF1000F5CD0B0
:109D4000F81800260379B7F81C23551CAAB2B6EB05
:109D5000522F18BF0025B7F81E23AEB2964205D188
:109D6000D7F840230132C7F8402306E0B7F81C2398
:109D70003A4482F80431A7F81C53BCF1010F3CD0DF
:109D80004379B7F81C230026551CAAB2B6EB522F14
:109D900018BF0025B7F81E23AEB2964206D1D7F8F9
:109DA00040230132C7F8402307E000BFB7F81C2367
:109DB0003A4482F80431A7F81C53BCF1020F1CD0BE
:109DC0008079B7F81C230026531C9AB2B6EB522FA9
:109DD00018BF0023B7F81E239EB2964206D1D7F8CB
:109DE00040030130C7F8400307E000BFB7F81C2369
:109DF0003A4482F80401A7F81C33A7F82013BDE801
:109E0000F08100000000000041F22401C2F2004194
:109E100091F855235AB10A68824218BF7047D1F8A9
:109E200044030130C1F84403012081F85403704712
:109E3000B0B568B141F224050446C2F2004595F878
:109E4000550338B12868001B18BF0120B0BD00BF02
:109E50000120B0BD281D4FF45571F6F7CCFB2C60E6
:109E600007F0FEFE20B1002028600120B0BD00BF39
:109E7000012085F855030020B0BD0000000000005F
:109E80002DE9F04F81B02DED068B41F22404C2F292
:109E9000004494F85503D8B194F8540390B10025C8
:109EA00084F854532068FDF77BFAB4F81C03A4F837
:109EB0001E03A4F8225307F0D3FE00281CBF012084
:109EC00084F85403B4F81E03B4F81C13884205D177
:109ED000BDEC068B01B0BDE8F08F00BF94F8220303
:109EE00000254FF0AA094FF0550B9FED5D8A9FEDBD
:109EF0005B9A0AE0012084F804B384F82203B4F8E2
:109F00001E13B4F81C239142E2D0C0B2B4F81E1361
:109F1000214491F80461B4F81E1301318AB2B5EB03
:109F2000522F18BF00210128A4F81E1304D048B9ED
:109F3000552EDFD00020E2E7AA2E64D184F80593E5
:109F40000220DAE7182859D2204480F8046394F8F4
:109F50002203022806D0032806D1701E032845D20A
:109F6000132046E00320C8E794F82313013084F857
:109F700022030029C3D0C2B28A42C0D154FA80F071
:109F800004F54F77394690F803030A285BD194F81B
:109F9000078304F54E7A514608F0FE00022852D19C
:109FA00094EDC4AA39461AEE100A00F0FF40B0F151
:109FB000FF4F48D0FBF748FAB0EECA0AB8F1020FDB
:109FC0002AD1B4EE480A3946F1EE10FA4FF00102F8
:109FD00039DCD4F82C1384EDC9AA0131C4F82C1350
:109FE00084F8342304F5537129E000BF042E05D111
:109FF000172084F8230304207FE700BFD4F83C0334
:10A000000130C4F83C03552E4FF0000084F82303C0
:10A010003FF470AF71E700BFB4EE490A3946F1EE84
:10A0200010FA4FF001020EDCD4F8301384EDCAAA06
:10A030000131C4F8301304F5547184F835230860F5
:10A040005146C4F84803086801300860552E4FF0A7
:10A05000000084F823033FF44DAF4EE70000B44303
:10A060000000FA440000000041F22400C2F2004067
:10A0700090F8551300291CBF012180F85413704734
:10A0800071B10A46014658B141F22400C2F20040C3
:10A0900090F8553323B100686423FEF7B1BA00BFCE
:10A0A000012070470000000040F24831C2F2004138
:10A0B0000A78012A04D10A69824204BF002088700C
:10A0C000704700000000000040F24831C2F2004139
:10A0D0000A78012A08D10A69824218BF7047886944
:10A0E00001308861012048707047000000000000C6
:10A0F000B0B530B147F600020168C4F200029142E7
:10A1000002D00120B0BD00BFD0F880100029F8D0E7
:10A11000C26F002AF5D0C969B1F5807FF1D140F254
:10A120004834C2F200442178012905D12169081A76
:10A1300018BF0120B0BD00BF206141F27C30C2F2E7
:10A1400000404FF48071F6F756FA41F27C404FF42C
:10A150008071C2F20040F6F74EFA00256570A570D6
:10A160006561A561E56125626562A562E562E570EC
:10A1700025716571A571E571A560C4E90C5500F004
:10A180000FFA18B101202561B0BD00BF0120207079
:10A190000020B0BD000000002DE9F04F81B02DED92
:10A1A000048B8AB040F24836C2F20046307801286B
:10A1B00040F0EB817078A8B1002474703069FDF72D
:10A1C000EFF83069FDF7B8F9B4707472746300F099
:10A1D000E7F938B101207070D7E100BFA8B220289C
:10A1E00040F082813078012840F07E813069D0F8DB
:10A1F000800000684068C0F5807188B2FF2888BF81
:10A200000021BFF35F8F89B2B089884200F06A8174
:10A2100041F27C320023C2F200420DF1080800BF77
:10A2200087B2013085B2D75DFF2D88BF00201E2B7D
:10A2300003F1010508F8037003D883B28B422B4663
:10A24000EED1B081002470694FF0A5094FF0010BE9
:10A250009FEDD28A9FEDD09A4FF0000A284470619A
:10A2600007E000BF0020707270630AF1010A5545D3
:10A27000B4D018F80A70FBF7E7F8717A29B1726B5D
:10A28000821A052A08D374727463A52FEDD186F85B
:10A29000389086F809B0E7E7012909D1A52F63D0E6
:10A2A0005A2FDFD15A2186F8391002217172DBE76B
:10A2B0004A1C3144D3B272720A2B81F83870706331
:10A2C000D3D1306A0130306296F93A1096F83EB038
:10A2D00096F93B0011F1800208BF10F1800247D0CF
:10A2E000CAB24BF200539627CFF6FF7312FB073228
:10A2F000B1F1FF3F4FF07F01C8BF802112B2B0F132
:10A30000FF3F92FBF1F4C1B24FF07F0011FB073128
:10A31000C8BF802009B291FBF0F0C0F1000919FB21
:10A3200009F014FB040000EE100AB8EEC01AB1EEFA
:10A33000C10AB4EE400AF1EE10FA80F1BB80B4EE2F
:10A34000480AF1EE10FA65DD20B201EE100A0FFAAC
:10A3500089F002EE100AB8EEC11AB8EEC22A21EE58
:10A36000081A22EE082A49E086F838907CE700BFF8
:10A3700096F93C004DF680234B27CFF6FF73C1B210
:10A38000B0F1FF3F11FB07314FF07F0096F93D2000
:10A39000C8BF802009B2B2F1FF3F91FBF0F4D0B208
:10A3A0004FF07F0110FB0730C8BF802100B290FB47
:10A3B000F1F0C0F1000919FB09F014FB040000EEF4
:10A3C000100AB8EEC01AB1EEC10AB4EE400AF1EEBE
:10A3D00010FA7BD6B4EE490AF1EE10FA1ADD20B27B
:10A3E00001EE100A0FFA89F002EE100AB8EEC11A57
:10A3F000B8EEC22A21EE091A22EE092A81EE001ACD
:10A4000082EE000ABDEEC11ABDEEC00A11EE104A7E
:10A4100010EE109ACBF380100BF03F01F1700A217F
:10A4200096F83F201BF0400F08BF6FF00901B0EB1A
:10A43000DB1702F0010030714FF0010BC2F3400056
:10A44000707118BF0F4686F806B0FAF7FDFFF17974
:10A45000306379B13079317A814204D03079307209
:10A460000020F7F789FAF6F79BFF58B10220F6F7BC
:10A47000FFFF10E0307986F807B03072F6F790FFF2
:10A480000028F3D121B202200FFA89F23BB2C8278B
:10A490000097F7F705F806F138000A2100244FF07D
:10A4A000A50900F0EDFC00283FF4DCAE706A013035
:10A4B0007062D7E6B0EE410A09F0F8F9B4EE480A46
:10A4C000F1EE10FA3FF740AFA4E700BFB0EE410A4B
:10A4D00009F0ECF9B4EE490AF1EE10FA3FF77FAF5C
:10A4E00098E700BF7069706174893CB906F1420059
:10A4F000202100F055FC0446708128B330780128F3
:10A500001FD1601E80B2FF281BD8B078E0B941F29D
:10A510007C4506F14201C2F2004522462846F5F785
:10A52000FBFF0120B070306929462246FEF708F98A
:10A5300010B30021B170F169022801F10100F0614E
:10A5400002D0B06A0130B062B079F0B1FAF77CFFA6
:10A55000316B401AC92818D30021B171F170022063
:10A5600031717171F1710AB0BDEC048B01B0BDE8BD
:10A57000F04FF6F77DBF00BF7089F16A0844F062C2
:10A5800000207081B0790028E0D10AB0BDEC048BC6
:10A5900001B0BDE8F08F00BF0000964200001643F6
:10A5A00010B540F248340022C2F200442069A28172
:10A5B0000F2201680A628A6942F008028A6141F248
:10A5C0007C314FF48072C2F20041FDF7B9FE0028E1
:10A5D00018BF10BD216940F20F42C4F20202D1F847
:10A5E0008010096891426FF0180211DC6F23C4F2E9
:10A5F0000203994222DC3F23C4F20203994239DC70
:10A600001023C4F2020399425CD0282354E000BF17
:10A6100040F26F43C4F2020399421BDC40F23F4315
:10A62000C4F2020399422DDC40F21043C4F202034B
:10A63000994247D040F228433EE000BF9F23C4F236
:10A640000203994228DC7023C4F20203994239D0F4
:10A65000882331E040F29F43C4F20203994223DC95
:10A6600040F27043C4F2020399422BD040F2884377
:10A6700022E000BF4023C4F20203994222D05823B3
:10A680001AE000BF40F24043C4F20203994219D0DD
:10A6900040F2584310E000BFA023C4F202039942E5
:10A6A00010D0B82308E000BF40F2A043C4F2020378
:10A6B000994207D040F2B843C4F20203994218BF4E
:10A6C0006FF006020B681A400A6010BD000000001F
:10A6D00080B582B044F2D8400022C5F6020001687D
:10A6E00041F001010160016801F00101019101994E
:10A6F000016841F0020101600068052100F00200DC
:10A70000009000980B20FAF7B7FF0B20FAF7A4FF90
:10A710000C2005210022FAF7AFFF0C20FAF79CFF6E
:10A720000D2005210022FAF7A7FF0D20FAF794FF6C
:10A730000E2005210022FAF79FFF0E20FAF78CFF6A
:10A740000F2005210022FAF797FF0F20FAF784FF68
:10A75000102005210022FAF78FFF1020FAF77CFF66
:10A76000112005210022FAF787FF1120FAF774FF64
:10A770002F2005210022FAF77FFF2F20FAF76CFF28
:10A78000382005210022FAF777FF3820FAF764FF16
:10A79000392005210022FAF76FFF3920FAF75CFF14
:10A7A0003A2005210022FAF767FF3A20FAF754FF12
:10A7B0003B2005210022FAF75FFF3B2002B0BDE8F5
:10A7C0008040FAF749BF000080B540F620304AF2D9
:10A7D0000001C2F20040C4F2000101220E23016018
:10A7E0000021C0E90211028205228174C0E905221C
:10A7F000C0E90732C0E90922C0E90B32C0E90D11F6
:10A800000822C263202202640422C165C0E911212A
:10A81000C0E91321C0E9152110238266C0E918316F
:10A82000FAF77EF8002808BF80BDBDE88040F7F742
:10A830002FBE00000000000080B540F6C0304AF294
:10A840000041C2F20040C4F2000101220E23016067
:10A850000021C0E90211028205228174C0E90522AB
:10A86000C0E90732C0E90922C0E90B32D022C16534
:10A87000C0E90D210822C2632022026404221023B1
:10A88000C0E91121C0E91321C0E91521C0E918313F
:10A890008266FAF745F8002808BF80BDBDE8804011
:10A8A000F7F7F6BD0000000010B54DF6D94043F6AD
:10A8B000E052C0F60000C0F60102002106F0A4FA42
:10A8C00040F2D00443F69C42C2F20044C0F60102BA
:10A8D000002120604DF6A130C0F6000006F094FA89
:10A8E00060604DF6A94043F67C52C0F60000C0F609
:10A8F0000102002106F088FAA0604DF6014043F6FF
:10A900000052C0F60000C0F60102002106F07CFAF9
:10A91000E06010BD0000000070B586B044F2E04079
:10A920000025C5F60200059540F6000400220168E6
:10A93000C5F6020441F00401016001684FF42046AD
:10A9400001F0040100910099016841F0800101606B
:10A95000016801F0800100910099016841F0010156
:10A960000160016801F0010100910099016841F066
:10A9700010010160016801F0100100910099016867
:10A9800041F002010160016801F0020100910099AB
:10A99000016841F00801016000684FF4204100F0B7
:10A9A0000800009000982046FAF746FD012001A912
:10A9B000CDE90205204601960495FAF741FC06B060
:10A9C00070BD00000000000080B540F6405044F625
:10A9D0000041C2F20040C4F200010C2201604FF4B9
:10A9E000E13141600021C0E902110161C0E90521A6
:10A9F000C0E90711C0E90911FDF79AF908B1F7F7A5
:10AA000047FD40F640500021C2F20040FCF778FCC0
:10AA100008B1F7F73DFD40F640500021C2F200407A
:10AA2000FCF726FC08B1F7F733FD40F64050C2F2C0
:10AA30000040FCF7A5FB002808BF80BDBDE88040B2
:10AA4000F7F726BD0000000080B540F6686047F6C5
:10AA50000001C2F20040C4F200010C2201604FF478
:10AA6000E13141600021C0E902110161C0E9052125
:10AA7000C0E90711C0E90911FDF75AF908B1F7F764
:10AA800007FD40F668600021C2F20040FCF738FC88
:10AA900008B1F7F7FDFC40F668600021C2F2004003
:10AAA000FCF7E6FB08B1F7F7F3FC40F66860C2F28A
:10AAB0000040FCF765FB002808BF80BDBDE8804072
:10AAC000F7F7E6BC0000000080B540F6FC6047F6F2
:10AAD0000041C2F20040C4F200010C2201604FF4B8
:10AAE000612141600021C0E902110161C0E9052135
:10AAF000C0E90711C0E90911FDF71AF908B1F7F724
:10AB0000C7FC40F6FC600021C2F20040FCF7F8FBF5
:10AB100008B1F7F7BDFC40F6FC600021C2F200402E
:10AB2000FCF7A6FB08B1F7F7B3FC40F6FC60C2F2F5
:10AB30000040FCF725FB002808BF80BDBDE8804031
:10AB4000F7F7A6BC0000000080B540F6907041F613
:10AB50000001C2F20040C4F201010C2201604FF476
:10AB6000E13141600021C0E902110161C0E9052124
:10AB7000C0E90711C0E90911FDF7DAF808B1F7F7E4
:10AB800087FC40F690700021C2F20040FCF7B8FB51
:10AB900008B1F7F77DFC40F690700021C2F200404A
:10ABA000FCF766FB08B1F7F773FC40F69070C2F251
:10ABB0000040FCF7E5FA002808BF80BDBDE88040F2
:10ABC000F7F766BC0000000080B540F6AC4041F2EB
:10ABD0000001C2F20040C4F201010C2201604FF4F6
:10ABE000612141600021C0E902110161C0E9052134
:10ABF000C0E90711C0E90911FDF79AF808B1F7F7A4
:10AC000047FC40F6AC400021C2F20040FCF778FB64
:10AC100008B1F7F73DFC40F6AC400021C2F200401D
:10AC2000FCF726FB08B1F7F733FC40F6AC40C2F264
:10AC30000040FCF7A5FA002808BF80BDBDE88040B1
:10AC4000F7F726BC0000000080B540F6D45041F272
:10AC50000041C2F2004048F28042C4F20101C0F259
:10AC60001E02C0E9001200210161C0E902110C229C
:10AC7000C0E90521C0E90711C0E90911FDF758F83D
:10AC800008B1F7F705FC40F6D4500021C2F20040AD
:10AC9000FCF736FB08B1F7F7FBFB40F6D450002178
:10ACA000C2F20040FCF7E4FA08B1F7F7F1FB40F616
:10ACB000D450C2F20040FCF763FA002808BF80BD00
:10ACC000BDE88040F7F7E4BB40F2AC31C2F200418E
:10ACD0000A78012A04D18A68824204BF0020887061
:10ACE000704700000000000040F2AC31C2F20041A9
:10ACF0000A78012A08D18A68824218BF7047086919
:10AD00000130086101204870704700000000000019
:10AD1000B0B530B141F200420168C4F20102914283
:10AD200002D00120B0BD00BFD0F880100029F8D0BB
:10AD3000C26F002AF5D0C969B1F5807FF1D140F228
:10AD4000AC34C2F200442178012905D1A168081A67
:10AD500018BF0120B0BD00BFA06041F27C50C2F21C
:10AD600000404FF48061F5F746FC41F67C104FF44B
:10AD70000071C2F20040F5F73EFC00256570A57039
:10AD8000E5602561656100F0AFF818B10120A560AC
:10AD9000B0BD00BF012020700020B0BD0000000049
:10ADA0002DE9F0414FF0000E002918BF002803D113
:10ADB0001FFA8EF0BDE8F08140F2AC3CC2F2004CCC
:10ADC0009CF80020002AF3D0DCF808204FF0000E99
:10ADD000D2F8802012685268C2F5806293B2BEEB4E
:10ADE000932F18BF0022BFF35F8F92B2BCF80430DC
:10ADF00093421DD041F27C584FF0FF34C2F200481C
:10AE00009EB201339FB20519BEEB972F04F10207E2
:10AE100018BF00238F4218F8066004F101046E7019
:10AE200002D29DB29542EBD104F1010EACF8043090
:10AE3000DCF80C007044CCF80C001FFA8EF0BDE872
:10AE4000F081000000000000B0B540F2AC34C2F266
:10AE500000442078012818BFB0BD607870B100258B
:10AE60006570A068FCF79CFAA068FCF765FBA5700C
:10AE700000F03AF800281CBF01206070B0BD00004F
:10AE800070B50C46A1F2012189B2B1F57E4F0146A1
:10AE90004FF0010025D321B340F2AC36C2F2004698
:10AEA0003278F2B1B07800281CBF022070BD41F6A4
:10AEB0007C152246C2F200452846F5F72DFB0120FD
:10AEC000B070B06829462246FDF73AFC01460028DA
:10AED0004FF0000008BF70BDB07070690130706144
:10AEE000084670BD0000000010B540F2AC340022EE
:10AEF000C2F20044A068A2800F2201680A628A6937
:10AF000042F008028A6141F27C514FF48062C2F241
:10AF10000041FDF715FA002818BF10BDA16840F2E6
:10AF20000F42C4F20202D1F88010096891426FF01A
:10AF3000180211DC6F23C4F20203994222DC3F2382
:10AF4000C4F20203994239DC1023C4F2020399428D
:10AF50005CD0282354E000BF40F26F43C4F20203E8
:10AF600099421BDC40F23F43C4F2020399422DDCBC
:10AF700040F21043C4F20203994247D040F2284302
:10AF80003EE000BF9F23C4F20203994228DC7023F5
:10AF9000C4F20203994239D0882331E040F29F4342
:10AFA000C4F20203994223DC40F27043C4F202036C
:10AFB00099422BD040F2884322E000BF4023C4F2E4
:10AFC0000203994222D058231AE000BF40F24043C6
:10AFD000C4F20203994219D040F2584310E000BF76
:10AFE000A023C4F20203994210D0B82308E000BFA6
:10AFF00040F2A043C4F20203994207D040F2B843A2
:10B00000C4F20203994218BF6FF006020B681A409F
:10B010000A6010BD00000000FEE700000000000014
:10B02000FEE7000000000000B0B540F26C240025EF
:10B03000C2F200446570A570A4F80350FAF704FA50
:10B04000C4E9030040F213002572C2F2004010214F
:10B05000C4E9055501702570B0BD00000000000076
:10B060002DE9F04F8FB00C460546FAF7EDF9FCB12B
:10B0700040F26C260446C2F2004640F21309C5F3C2
:10B080004017C2F20049307980B38FB3F07878BBB3
:10B0900099F80000112833D100200025F6F7E8F9CF
:10B0A0000020F6F769FCFDF7DFFD10204EE000BF41
:10B0B00040F26C2440F21305C2F20044C2F2004593
:10B0C0000020A4F803002878112816D10020F6F7F4
:10B0D000CFF90020F6F750FCFDF7C6FD13202870CD
:10B0E000042020700FB0BDE8F08F00BF0120307148
:10B0F000F77099F80000112830D00FB0BDE8F08F3C
:10B1000040F22830EFF31081C2F2004072B6D0F85E
:10B1100008B08289857B01B962B6EFF3108172B6FF
:10B12000D0F800A08288019290F8068001B962B63A
:10B1300002A8FDF7F5FD38B19DF8380000281CBFC6
:10B140009DF83600002857D10125132089F800000A
:10B150003570F77099F800001128CED1F6F720F974
:10B16000012839D1F068201A0A28C6D340F22830C5
:10B17000F460C2F20040EFF3108172B685688289F4
:10B180000192877B01B962B6EFF3108172B6D0F8F5
:10B1900000B0B0F804A090F8068001B962B602A829
:10B1A000FDF7BEFD38B19DF8380000281CBF9DF8A2
:10B1B0003600002862D10020F6F75AF90020F6F791
:10B1C000DBFBFDF751FD132089F8000001203070F2
:10B1D0000FB0BDE8F08F00BF0020F6F749F900205E
:10B1E000F6F7CAFBFDF740FD102089F800000520A6
:10B1F00030700FB0BDE8F08F9DF837000028A3D065
:10B200009DF8140004289FD1FDF72EFD00289BD146
:10B21000002D4FF002054FF013003FF497AFA4EB61
:10B220000B01B1F5FA7F3FF691AFB8F1000F4FF087
:10B2300002054FF013003FF489AFA4EB0A01B1F50A
:10B24000FA7F3FF683AF019806F10C0163284FF0B7
:10B25000000088BF01200025B070A4F10A007570BD
:10B2600031C1B5613572F5F76BFF0120FDF730FD97
:10B270000120F6F781FB112068E700BF9DF8370039
:10B28000002898D09DF81400042894D1002F35D0C0
:10B29000601BB0F5FA7F31D8B8F1000F2ED0A4EBC7
:10B2A0000B00B0F5FA7F29D87078032807D8DFE8BB
:10B2B00000F00335033B00BF0198452839D2002038
:10B2C0000025F6F7D5F8707801307070C6E90445AE
:10B2D000B561357270780428FFF40FAF0020F6F7DF
:10B2E000C7F80020F6F748FBFDF7BEFC122089F8EE
:10B2F000000035700FB0BDE8F08F00BF0020F6F7FA
:10B30000B7F80020F6F738FBFDF7AEFC132089F8FC
:10B310000000022030700FB0BDE8F08FB07828B187
:10B32000BAF1460FCBD304E0B07878B3BAF1C70FC7
:10B33000C5D83069201A402806D80020F6F798F8BA
:10B340000FB0BDE8F08F00BF7078032840D8DFE869
:10B3500000F00323034100BF01989FEDA01A00EE07
:10B36000100AB8EE400A30EE010AB5EE400AF1EEDE
:10B3700010FA4DDD307A012856D196ED061A9FED70
:10B38000902A30EE411A81EE021A51E0BAF1450FCF
:10B390007FF695AFCDE700BF00EE10AAB078B8EE0B
:10B3A000400AF0B19FED8C1A30EE010AB5EE400A6A
:10B3B000F1EE10FA32DD307A012869D196ED061AE5
:10B3C0009FED7F2A30EE411A81EE021A64E000BF41
:10B3D0000020C3E000EE10AAB0780028B8EE400AC2
:10B3E000E0D09FED751A31EE400AB5EE400AF1EE5D
:10B3F00010FA0DDD307A012840F07E8096ED061AB5
:10B400009FED6F2A30EE411A81EE021A78E000BFFC
:10B4100000203072C6E90500A0E000BF00203072B5
:10B42000C6E9050066E000BF9FED641A0120307296
:10B430009FED642A96ED053A20EE022A9FED604AC0
:10B4400086ED060A0020A2EE043AB3EE0E2A83FE31
:10B45000422ABBEE0E3A82FE032A9FED5B3A86ED4E
:10B46000052AA0EE032A9FED593AA1EE032A9FED8B
:10B47000581A82FE411A9FED572A81FE021AB6EE33
:10B48000002A31EE021ABDEEC11A11EE101A66E062
:10B490009FED4A1A012030729FED4A2A96ED053A37
:10B4A00020EE022A9FED464A86ED060AA2EE043AF5
:10B4B000B3EE0E2A83FE422ABBEE0E3A82FE032A28
:10B4C0009FED413A86ED052AA0EE032A9FED3F3A13
:10B4D000A1EE032A9FED3E1A82FE411A9FED3D2AFE
:10B4E00081FE021AB6EE002A31EE021ABDEEC11A32
:10B4F00011EE100A404231E09FED301A0120307207
:10B500009FED302A96ED053A20EE022A9FED2C4A57
:10B5100086ED060AA2EE043AB3EE0E2A83FE422A14
:10B52000BBEE0E3A82FE032A9FED273A86ED052AEE
:10B53000A0EE032A9FED253AA1EE032A9FED241ADF
:10B5400082FE411A9FED232A81FE021AB6EE002ADE
:10B5500031EE021ABDEEC11A11EE100A00210A46A0
:10B560000029C8BF0022019B32270A2B03B228BF43
:10B570000A460146002B48BF0021BAF10A0F4FF0DE
:10B58000000328BF01460020009709B2F5F788FFA5
:10B5900000283FF4B2AD0020F5F76AFF0020F6F76F
:10B5A000EBF9FDF761FB132089F8000003203070F0
:10B5B0000FB0BDE8F08F00BF00004843000000005E
:10B5C0000AD7233C9A99993F66662640CDCC4C3DDC
:10B5D00000002A430000344200008AC2000088C2F2
:10B5E000EFF30980BFF36F8F154B1A681EF0100F31
:10B5F00008BF20ED108A20E9F04F10602DE9090006
:10B600004FF0500080F31188BFF34F8FBFF36F8F5F
:10B6100007F09AF84FF0000080F31188BDE80900A8
:10B6200019680868B0E8F04F1EF0100F08BFB0ECC2
:10B63000108A80F30988BFF36F8F704700BF00BF87
:10B640006C1C002400000000F0B581B044F22C47CF
:10B65000C5F6020757F8042C02F00302032A03D1AF
:10B66000012001B0F0BD00BF054657F82C0C0C4678
:10B6700020F0806047F82C0CF9F7E6FE064600BF84
:10B6800057F82C0C000105D5F9F7DEFE801B0228C7
:10B69000F6D964E057F8040CEE6895E80E0020F443
:10B6A0007C30012C40EA0130A2F101016FF35F21EF
:10B6B0004FF47E4202EB432247F8040C92B24FF063
:10B6C000FE4302EB01004FF4FE012A6901EB064143
:10B6D00001F4FE0103EB0262084402F0FE4108445B
:10B6E000F8603868696920F0C00040EA01003860FD
:10B6F0003868A96920F0200040EA01003860386805
:10B700004FF6F87120F0100038603869EA6920EAD5
:10B7100001004FF4001140EAC2003861386808BFE8
:10B720004FF4801140F01000002C386008BF4FF437
:10B73000002138680843386057F82C0C40F08060CE
:10B7400047F82C0CF9F780FE044600BF57F82C0C84
:10B75000000107D4F9F778FE001B0328F6D3032075
:10B7600001B0F0BD002001B0F0BD000000000000FD
:10B77000F0B581B044F22C47C5F6020757F8042C07
:10B7800002F00302032A03D1012001B0F0BD00BF83
:10B79000054657F82C0C0C4620F0805047F82C0C2E
:10B7A000F9F752FE064600BF57F82C0C800005D56D
:10B7B000F9F74AFE801B0228F6D964E057F8040C1A
:10B7C000EE6895E80E0020F07C70012C40EA0150F4
:10B7D000A2F101016FF35F214FF47E4202EB43229D
:10B7E00047F8040C92B24FF0FE4302EB01004FF415
:10B7F000FE012A6901EB064101F4FE0103EB02623E
:10B80000084402F0FE41084478613868696920F410
:10B81000406040EA010038603868A96920F400708F
:10B8200040EA0100386038684FF6F87120F4807003
:10B830003860B869EA6920EA01004FF0807140EA97
:10B84000C200B861386808BF4FF4000140F480704E
:10B85000002C386008BF4FF4800138680843386016
:10B8600057F82C0C40F0805047F82C0CF9F7ECFD01
:10B87000044600BF57F82C0C800007D4F9F7E4FD0C
:10B88000001B0328F6D3032001B0F0BD002001B057
:10B89000F0BD00000000000010B548B390F8E523AB
:10B8A00032B390F8E4231AB3C2F1000C00F5A4738C
:10B8B0004FF0030E13F8F82C8A421BD00CEB0E024B
:10B8C000022A15D013F87C4C8C4217D0012A0FD0D5
:10B8D0001C788C4216D05AB193F87C208A4213D03F
:10B8E0000EF1040E03F5F8730CEB0E02032AE1D1FE
:10B8F000012010BDAEF1030E06E000BFAEF1020E56
:10B9000002E000BFAEF1010ECEEB4E1100EB810460
:10B91000201D00F0F1FD84F8710010BD0000000052
:10B92000B0B548B390F8E53333B390F8E4331BB3C4
:10B93000C3F1000C00F5A4734FF0030E13F8F84C9C
:10B940008C421BD00CEB0E04022C15D013F87C5C3F
:10B950008D4217D0012C0FD01D788D4216D05CB1CE
:10B9600093F87C408C4213D00EF1040E03F5F8736B
:10B970000CEB0E04032CE1D10120B0BDAEF1030E9F
:10B9800006E000BFAEF1020E02E000BFAEF1010E14
:10B99000CEEB4E1100EB810404F17C0022B10121B9
:10B9A00001700020A067B0BD00210170201D01F0D2
:10B9B000EFFB84F87100B0BD2DE9F0418AB078B397
:10B9C00006461C464FF000003BB3904696F8E52330
:10B9D0001AB396F8E40318B3424206F5A47303279A
:10B9E00013F8F80C88421FD0D019022818D013F889
:10B9F0007C5C8D421AD0012812D01D788D4217D060
:10BA000070B193F87C00884213D0043703F5F873C3
:10BA1000D01903284FF00000E2D10AB0BDE8F08150
:10BA200000200AB0BDE8F081033F02E0023F00E0E1
:10BA3000013F2C212046F4F7DEFDC7EB471001A99A
:10BA400006EB8006301D00F087FD96F970009DED35
:10BA5000010A9FED281A9DED022A80EE010A04EEEC
:10BA6000100A9FED251A9DED033A0498E06020EE40
:10BA7000010A0598B8EEC44A206122EE011A9FED32
:10BA80001F2A23EE022A069820EE040A606121EEA6
:10BA9000041A84ED000A22EE040A0798A0610898AF
:10BAA0009DF8241084ED011A84ED020A0028E0615B
:10BAB00084F8201018BF012084F825004FF0000002
:10BAC00005D0B16BA8EB0101332938BF012084F800
:10BAD000260096F8520096F87C1096F8712084F8AB
:10BAE0002800012084F8271084F824200AB0BDE83B
:10BAF000F08100BF35FA8E3CE4380E3F6666E63FC3
:10BB000010B548B390F8E52332B390F8E4231AB3A4
:10BB1000C2F1000C00F5A4734FF0030E13F8F82CDB
:10BB20008A421BD00CEB0E02022A15D013F87C4C73
:10BB30008C4217D0012A0FD01C788C4216D05AB1F3
:10BB400093F87C208A4213D00EF1040E03F5F873AB
:10BB50000CEB0E02032AE1D1012010BDAEF1030E61
:10BB600006E000BFAEF1020E02E000BFAEF1010E32
:10BB7000CEEB4E1100EB8104201D00F00DFD84F88A
:10BB8000710010BD000000002DE9F04F81B081462A
:10BB900000284FF0010000F088808A46002900F05C
:10BBA0008480A3F109001F4610F1080F4FF0010037
:10BBB0007BD39346002A78D09AF81012002974D0CB
:10BBC0000BF18004002568011BF90060002E41D4B0
:10BBD0000BEB45104178FF2901D001293AD10830FB
:10BBE00004F082FEB0B3F0B2224629464B1CBB42A1
:10BBF0001AD212F8603C98422CD08B1CBB4213D254
:10BC000012F8403C984225D0CB1CBB420CD212F813
:10BC1000203C98421ED00431B94205D213788032BC
:10BC20009842E3D116E000BF01352034BD42CAD3AB
:10BC300009F104084FF479714046F4F7DCFC9BF8F5
:10BC4000002040465146C9F800A089F8E47300F08E
:10BC5000CBFC18B1012001B0BDE8F08F0BF1080654
:10BC600009F1580CDBF81C504FCE8CE84F00C9F896
:10BC70006C509BF80100DBF8041089F87000002973
:10BC800008BF0A21012FC9F8741011D140F6E12133
:10BC90005046C0F601014A4600F00EFC00284FF065
:10BCA000010002D189F8E503002001B0BDE8F08F62
:10BCB0009BF8202009F18000514600F095FC0028F7
:10BCC000C8D10BF1280609F1D40CDBF83C504FCE5B
:10BCD0008CE84F00C9F8E8509BF82100DBF82410ED
:10BCE00089F8EC00002908BF0A21022FC9F8F010DA
:10BCF000CCD09BF8402009F1FC00514600F074FCC8
:10BD00000028A7D10BF1480609F5A87CDBF85C50A8
:10BD10004FCE8CE84F00C9F864519BF84100DBF826
:10BD2000441089F86801002908BF0A21032FC9F8C7
:10BD30006C11ABD09BF8602009F5BC70514600F047
:10BD400053FC00287FF486AF0BF1680609F5E67C0A
:10BD5000DBF87C504FCE8CE84F00C9F8E0519BF8DF
:10BD60006100DBF8641089F8E401002908BF0A21AA
:10BD7000042FC9F8E81189D09BF8802009F5FA70E2
:10BD8000514600F031FC00287FF464AF0BF18806C7
:10BD900009F5127CDBF89C504FCE8CE84F00C9F8B7
:10BDA0005C529BF88100DBF8841089F8600200295E
:10BDB00008BF0A21052FC9F864123FF467AF9BF84A
:10BDC000A02009F51C70514600F00EFC00287FF4FD
:10BDD00041AF0BF1A80609F5317CDBF8BC504FCE22
:10BDE0008CE84F00C9F8D8529BF8A100DBF8A410EA
:10BDF00089F8DC02002908BF0A21062FC9F8E012E1
:10BE00003FF444AF9BF8C02009F53B70514600F069
:10BE1000EBFB00287FF41EAF0BF1C80609F5507C40
:10BE2000DBF8DC504FCE8CE84F00C9F854539BF838
:10BE3000C100DBF8C41089F85803002908BF0A21A3
:10BE4000072FC9F85C133FF421AF9BF8E02009F5F8
:10BE50005A70514600F0C8FB00287FF4FBAE0BF18E
:10BE6000E80709F56F7CDBF8FC608FCF8CE88F006A
:10BE7000C9F8D063DBF8E4009BF8E110002889F8EA
:10BE8000D41308BF0A20C9F8D803FFE60000000059
:10BE90002DE9F0472DED068B002800F0DD8082466D
:10BEA00090F8E503002800F0D7809AF8E403002812
:10BEB00000F0D28088460AF17C0700254FF0010986
:10BEC0009FED678A9FED679A9FED67AA11E000BF1B
:10BED00017F82A0C002861D0A7F1780001F058F972
:10BEE00007F80B0C9AF8E40301357C37854280F0A3
:10BEF000B38038780028EBD057F8040CB8EB00007A
:10BF0000F0D417F82A0CA7F1780617F90C4C68B191
:10BF100017F82B0C17F8241C884209D117F8271C96
:10BF20000029014604D105280ED977E017F8241C12
:10BF30003046424601F048F8002807F80B0CD1D1F2
:10BF400017F8240C052869D800EE104AB8EEC00A8C
:10BF5000DFE800F0042A4456646800BF17ED081AB1
:10BF600017ED072A21EE001A17ED063A22EE002AF5
:10BF700057ED051A23EE003A304621EE081A62EE1C
:10BF8000090A17ED042A21EE090A23EE0A1A00F025
:10BF90003FFD002807F80B0CA4D157E017F8270C39
:10BFA00000287FF499AF9DE717ED081A304621EE7F
:10BFB000000A17ED071A17ED062A61EE090A22EEAC
:10BFC000091A20EE080A20EE090A00F03DFE0028BA
:10BFD00007F80B0C7FF486AF38E000BF17ED081AA6
:10BFE00057ED070A21EE000A304620EE090A00F05C
:10BFF000C7FE002807F80B0C7FF474AF26E000BFE3
:10C0000017ED081A304621EE000A00F0A1FC0028C6
:10C0100007F80B0C7FF466AF18E000BF07F80B9C25
:10C0200060E700BF17ED081A304621EE000A17ED51
:10C03000071A61EE090A20EE080A20EE090A00F04C
:10C04000CFFB002807F80B0C7FF44CAF57F8080C17
:10C05000404447F8040C45E7BDEC068BBDE8F0878B
:10C0600035FA8E3C6666E63FE4380E3F000000007D
:10C0700070B588B3054690F8E50368B310461446DA
:10C080000E4604F031FC38B395F8E40320B3C0F158
:10C09000000C05F5A473032113F8F80CB0421DD071
:10C0A0000CEB0100022817D013F87C2CB24217D0F9
:10C0B000012811D01A78B24214D068B193F87C00EC
:10C0C000B04210D0043103F5F8730CEB01000328E3
:10C0D0004FF00100E0D116E0012070BD033902E00D
:10C0E000023900E00139C1EB411005EB800101F19B
:10C0F000580C94E84D00D4E904548CE84D0000201D
:10C100008867C1E91A5470BD10B5E0B390F8E52313
:10C11000CAB390F8E423B2B3C2F1000C00F5A473E3
:10C120004FF0030E13F8F82C8A421BD00CEB0E02D2
:10C13000022A28D013F87C4C8C4217D0012A22D036
:10C140001C788C4216D0F2B193F87C208A4213D02E
:10C150000EF1040E03F5F8730CEB0E02032AE1D185
:10C1600011E000BFAEF1030E06E000BFAEF1020E1B
:10C1700002E000BFAEF1010ECEEB4E1100EB8104E8
:10C1800094F87C0010B1012010BD00BF201D00F00C
:10C19000CBFE84F8710010BD10B5B8B390F8E4136D
:10C1A000A1B34A1E01F0030C032A4FF000024FF026
:10C1B000000314D34FF68C6401F0FC0E00F5F87107
:10C1C000CFF6FF74002300BF04330A5501F8F82CA2
:10C1D0009E4501F87C2C0A7001F5F871F4D1BCF190
:10C1E000000F13D0C3EB4311BCF1010F00EB810032
:10C1F0004FF0000180F87C1008D0BCF1020F80F8ED
:10C20000F81008BF10BD002180F8741110BD0000A7
:10C2100030B190F80E02002818BF0120704700BF0F
:10C220000020704700000000002808BF7047890107
:10C2300006D590F8101200291CBF012180F80E12BB
:10C2400070470000000000002DE9F0418CB000288C
:10C250001CBF04465FEAC17002D10CB0BDE8F0819A
:10C2600094F810020028F8D020684021F8F7A8F8C8
:10C270000028F2D00DF108086E4605E02068402144
:10C28000F8F79EF80028E8D020684021424633465F
:10C29000F8F7A2F80028E0D10398B0F1804FEDD173
:10C2A0000498002804BF05980828E7D194F80C02E8
:10C2B00094F80D22411C01F01F079742DED004EBD9
:10C2C00000150298E860F9F7BFF8286100986861E6
:10C2D0000198A861BFF35F8F84F80C72CEE700006D
:10C2E0002DE9F0418AB0054601264FF00000099083
:10C2F0000890C5B30C46B1B3281D4FF4047117461E
:10C30000F4F779F94FF0804002900020039002206A
:10C310000490FF20079002A920462C604FF00108EE
:10C3200085F80F72CDE90587F7F792FF0646B8B991
:10C330000221022201232046CDF80080F7F7D0FF2A
:10C34000064668B92046F8F773FD064640B9012154
:10C350000022C0F280312046F7F7B6FE064638B11B
:10C360002046F8F781FD30460AB0BDE8F08100BFF5
:10C370000026012085F8100230460AB0BDE8F081A1
:10C3800070B584B068B3044690F8100248B3606892
:10C3900038B394F80D0294F80C12884221D0684604
:10C3A00000F1080694F80D0204EB0011013000F0D2
:10C3B0001F00CA6800920A6901924A69029289695B
:10C3C0000391BFF35F8F84F80D023246D4E9015028
:10C3D000DDE90013A84794F80D0294F80C12884286
:10C3E000E0D104B070BD0000B0B5D8B1044690F8FB
:10C3F0001002B8B194F80E02B0B1206890F898100D
:10C40000022903D1F8F730FD58B9206890F8981048
:10C41000012907D194F80C1284F80D12F8F708FDE1
:10C4200020B1B0BD0120B0BD0020B0BD0121206809
:10C43000C0F2803100220025F7F746FE002818BF21
:10C44000B0BD002084F80E52B0BD00000000000016
:10C4500070B58AB0054600284FF00000099023D03F
:10C4600095F8100200B30E4695F80E1214464FF0E0
:10C470000100BAB1B1B92868F8F7BAF8C0B126F02E
:10C48000604001904FF0804002900020039008210E
:10C490000890CDE90410CDE90600286801A92246DC
:10C4A000F7F75AFE0AB070BD01200AB070BD00BF98
:10C4B00002200AB070BD000060B184464FF0010058
:10C4C00031B19CF81032002B1CBFCCE901120020C6
:10C4D000704700BF0120704710B558B1044690F86E
:10C4E0001002002808BF10BD2068F8F7BDFC00202E
:10C4F00084F8100210BD000070B584B000B303686A
:10C500000446EBB193F81002D0B194F94C1001201D
:10C51000002912D4C9B293F80F52002601AACDE91E
:10C52000020641EA0520043200F18061184684F8D1
:10C5300051600191FFF78CFF30B104B070BD00BFB6
:10C54000012004B070BD00BF002084F84E6004B02C
:10C5500070BD0000000000000122002818BF002963
:10C5600002D11046704700BFB0B500F10C0501F1D3
:10C570000807D0E901CE3CCD3CC7C1E900CED0E9E7
:10C580000723406A0862C1E906230022BDE8B040E3
:10C59000104670470000000010B5B8B104460068AE
:10C5A000A0B190F8100288B194F94C0000280DD485
:10C5B00094F8310060B1F8F747FFA16A401A40F2E1
:10C5C000DC5188420CD30320208610BD012010BD11
:10C5D00094F8320000280CBF012094F8300010BD00
:10C5E000022010BD0000000070B5044600284FF086
:10C5F000010019D00E46B9B150B2154600284FF0CF
:10C60000010011D496F81012002908BF70BD201D3A
:10C610005021F3F7F0FFFF2084F84D0084F852001A
:10C620000020266084F84C5070BD0000000000001F
:10C6300010B558B1D0F800C0BCF1000F06D09CF87E
:10C6400010E2BEF1000F18BF002A01D110BD00BFDB
:10C6500090F94CE0BEF1000FF8D4CCB29CF80FC2B8
:10C66000A445F3D10C0A5FFA84FC5FFA8EF46445AA
:10C67000ECD1C1F3046CACF11104022CC0F09D802C
:10C68000BCF1150F00F08E80BCF1020F18BF10BD79
:10C6900014889FED4B1A9FED4C2AD0F81CC09FEDDB
:10C6A0004B3A24BA240C00EE104A4CF00104C46149
:10C6B000B8EE400A20EE010A9FED421A80EE010A10
:10C6C00030EE020A80ED010A548824BA240C02EEEE
:10C6D000104AB8EE422A22EE032A9FED3D3A82EE3E
:10C6E000012A32EE032AB3EE0C3A80ED022A948836
:10C6F00024BA240C02EE104AB8EE422A22EE032A93
:10C7000082EE011ABAEE0C2A31EE021A9FED312A9E
:10C7100080ED031AD288120412BA01EE102AC1F376
:10C7200005424261C1F3815180F82410B8EEC11A6C
:10C730000239B1FA81F14FEA511180F84E1021EE21
:10C74000021A80ED041A0BD090F8511041B990F8FC
:10C750004D10FF2904D0FF2180F84D1080F85210B1
:10C7600090F831104CF03F02C261026A002902F1D8
:10C770000101016221D0C26A91421ED09FED161ABA
:10C78000B4EE410AF1EE10FA17DB9FED141AB4EE85
:10C79000410AF1EE10FA10DC012180F8321000217C
:10C7A00001860AE01168416151688161D0E9071290
:10C7B00041F02001C161511C0162436310BD00BF03
:10C7C000DB0FC94100FF7F47DB0F49C100008442F6
:10C7D000000004C2CDCCCC3DCDCC4CBDCDCC4C3D2D
:10C7E00010B52DED048B84B09FED561A0446B4EEBF
:10C7F000410A0120F1EE10FA1ADCB0EE408A9FEDFA
:10C80000520AB4EE408AF1EE10FA11DB4FF001004B
:10C8100074B1F4EE410AF1EE10FA09DCF4EE400ACC
:10C82000F1EE10FAA4BFF5EE400AF1EE10FA03DAC9
:10C8300004B0BDEC048B10BD206800287CD090F8BB
:10C840001012002978D094F94C10002974D494F86F
:10C850004E20002A70D094F84D20052A6CD19FED0F
:10C860003B2A94F8502080FEC29A920706D594ED98
:10C87000102AB4EE492AF1EE10FA36D0B4EE419AFD
:10C88000F1EE10FA58DCB4EE409AF1EE10FA53DBF8
:10C89000C9B290F80F2219EE10EA0DF1040C47F21C
:10C8A0001703029341EA02210CF1040201F19051B5
:10C8B00001918DF80CE04FEA1E238DF80D304FEA00
:10C8C0001E438DF80E304FEA1E638DF80F30FFF7D0
:10C8D000BFFD0028ACD194F8501084ED109A206868
:10C8E00041F0020184F8501030B390F8101219B3DF
:10C8F00094F94C1000291FD4C9B290F80F2247F2C6
:10C900001604029418EE104A01AB41EA02211A1DE6
:10C9100001F1905101918DF80C40230A8DF80D30F2
:10C92000230C8DF80E30230E8DF80F30FFF790FD9D
:10C9300004B0BDEC048B10BD012004B0BDEC048B31
:10C9400010BD00BFFFFF7F7FFFFF7FFF000004429D
:10C9500080B584B0014600284FF001004FD09FED14
:10C96000291AB4EE410AF1EE10FA48DC9FED262AAE
:10C97000B4EE420AF1EE10FA41DB0868D0B190F84B
:10C980001022BAB191F94C20002A13D491F84E30FC
:10C9900083B191F84D1003290CD1B3EE002A80FE2B
:10C9A000420ABBEE002A80FE020AB4EE410AF1EE12
:10C9B00010FA03DD012004B080BD00BFD2B290F8B0
:10C9C0000F1210EE10EA0DF1040C47F20603029369
:10C9D00042EA01210CF1040201F1905101918DF81C
:10C9E0000CE04FEA1E238DF80D304FEA1E438DF800
:10C9F0000E304FEA1E638DF80F30FFF729FD04B0AB
:10CA000080BD00BFFFFF7F7FFFFF7FFF00000000B2
:10CA100080B584B09FED803A0146B4EE430A012010
:10CA2000F1EE10FA00F3F5809FED7C4AB4EE440A73
:10CA3000F1EE10FAC0F2ED80F4EE430A0120F1EEBF
:10CA400010FA00F3E680F4EE440AF1EE10FAC0F2B8
:10CA5000E080B4EE431A0120F1EE10FA00F3D98021
:10CA6000B4EE441AF1EE10FAC0F2D380F4EE431A99
:10CA70000120F1EE10FA00F3CC80F4EE441AF1EE4E
:10CA800010FAC0F2C68000294FF0010000F0C1800A
:10CA9000B4EE432AF1EE10FA00F3BB80B4EE442A60
:10CAA000F1EE10FAC0F2B580086860B190F810227B
:10CAB0004AB191F94C20002A05D491F84E3013B1B7
:10CAC00091F84D1011B1012004B080BDD1B29FED9D
:10CAD000543A80FE434A9FED530A84FE004AB4EE66
:10CAE000404AF1EE10FA1DDA9FED4F5A34EE054A36
:10CAF000B4EE404AF1EE10FA14DA34EE054AB4EE20
:10CB0000404AF1EE10FABEBF34EE054AB4EE404A98
:10CB1000F1EE10FA06DA34EE054AB4EE404AF1EED0
:10CB200010FAE3DBB2EE0C5ABAEE0C6A84FE434A0A
:10CB3000B1EE047A0DF1040C81FE451A84FE000A60
:10CB4000B3EE0C4A82FE472A81FE061A9FED396A2F
:10CB500030EE030A9FED353A31EE051A20EE030A56
:10CB600021EE031A81EE041A9FED2F4A80EE040A8B
:10CB70009FED2F4A80FEC45ABCEEC11ABCEEC00A1B
:10CB800085FE065A9FED2D6AC1FEC60A11EE102AD7
:10CB900035EE044A9FED2A5AC0FE850A82FE052A18
:10CBA0009FED255A24EE034A41EA022160EE830AF2
:10CBB00010EE102A22EE032A01F1807184EE051A8C
:10CBC0008DF8092080EE863A130A8DF80830BCEE05
:10CBD000C10A019182EE071ABCEEC32A10EE102A98
:10CBE000BCEEC10A8DF80B20130A12EE102A8DF844
:10CBF0000A308DF80D20130A8DF80C3010EE103A23
:10CC00008DF80F301A0A8DF80E200CF10402FFF790
:10CC10001FFC04B080BD00BFFFFF7F7FFFFF7FFFD1
:10CC2000DB0F4941DB0F49C1DB0FC94100FF7F47E3
:10CC300000000442000004C2000084420000FA43E5
:10CC4000000000000000000010B52DED068B9FEDE8
:10CC5000482A0446B4EE420A0120F1EE10FA2CDC18
:10CC6000B0EE408A9FED430AB4EE408AF1EE10FA2E
:10CC700023DBF4EE420A0120F1EE10FA1DDCF4EEA3
:10CC8000400AF1EE10FA18DB4FF00100ACB1B0EE43
:10CC9000419AB4EE421AF1EE10FA0EDCB4EE409A6C
:10CCA000F1EE10FA09DBF5EE400AF1EE10FAA4BF3E
:10CCB000B5EE409AF1EE10FA02DABDEC068B10BD2B
:10CCC0002068F8B190F81002E0B194F94C00002807
:10CCD00018D494F84E00A8B194F84D00012811D151
:10CCE0009FED250A94F84F0080FEC0AA70B194ED24
:10CCF0000E0AB4EE4A0AF1EE10FA21D00220BDEC81
:10CD0000068B10BD0120BDEC068B10BDB0EE4A0AAB
:10CD100047F22401204605F08BFD0028CDD1B0EE6E
:10CD2000490A47F22501204605F082FD0028C4D1BA
:10CD300084ED0EAA012084ED0F9A84F84F000BE0D9
:10CD400094ED0F0AB4EE490AF1EE10FA04D0022075
:10CD5000BDEC068B10BD00BF47F216012046B0EEB9
:10CD6000480ABDEC068BBDE8104005F061BD00BF70
:10CD7000FFFF7F7FFFFF7FFF0000044200000000F5
:10CD800010B52DED068B84B09FED639A0121B4EEB2
:10CD9000490AF1EE10FA1BDCB0EE408A9FED5F0A03
:10CDA000B4EE408AF1EE10FA12DB04464FF00101B6
:10CDB00070B1F4EE490AF1EE10FA09DCF4EE400A23
:10CDC000F1EE10FAA4BFF5EE400AF1EE10FA05DA22
:10CDD000084604B0BDEC068B10BD00BF20680028DB
:10CDE00000F0948090F81012002900F08F8094F9E0
:10CDF0004C10002900F18A8094F84E20002A00F09F
:10CE0000858094F84D20022A40F08080B3EE001A0D
:10CE100094F85020D20780FEC1AA06D094ED111AD2
:10CE2000B4EE4A1AF1EE10FA37D0B4EE49AAF1EE98
:10CE300010FA6BDCB4EE40AAF1EE10FA66DBC9B270
:10CE400090F80F221AEE10EA0DF1040C47F21803C5
:10CE5000029341EA02210CF1040201F19051019187
:10CE60008DF80CE04FEA1E238DF80D304FEA1E437B
:10CE70008DF80E304FEA1E638DF80F30FFF7E8FA99
:10CE800001460028A4D194F8501084ED11AA20681E
:10CE900041F0010184F85010C0B39FED210A90F8D1
:10CEA000101288FE400A9FED1F1A80FE010A69B326
:10CEB00094F94C200121002A8AD4B4EE490AF1EEFB
:10CEC00010FA3FF785AFD2B290F80F1247F20A047A
:10CED000029410EE104A01AB42EA01211A1D01F141
:10CEE000905101918DF80C40230A8DF80D30230CE0
:10CEF0008DF80E30230E8DF80F30FFF7A9FA01469A
:10CF0000084604B0BDEC068B10BD00BF01210846E9
:10CF100004B0BDEC068B10BDFFFF7F7FFFFF7FFFDE
:10CF200000000442000004C210B584B060B10446A1
:10CF3000006848B190F8100230B194F94C00002814
:10CF400002D494F84E0018B1012004B010BD00BF07
:10CF500094F8310010B1022004B010BDF8F774FA53
:10CF600001464FF481702086002084F8320020684A
:10CF7000A162216AE162E8B190F81012D1B194F98E
:10CF80004C10B1F1FF3F15DD5FFA81FC90F80F32D4
:10CF900001AA00210391012102914CEA03210432EC
:10CFA00001F1C0610191FFF753FA20B9002004B0EC
:10CFB00010BD00BF0120002184F8311084F830003A
:10CFC00004B010BD00000000F0B583B000286AD0A6
:10CFD00004460068002866D00E4690F8101200291A
:10CFE00061D094F94C1000295DD4C9B21546721E67
:10CFF000032A43D3052E41D0002E54D194F84E205D
:10D00000CAB194F84D2012B994F851209AB390F80F
:10D010000F326A4604320027CDE9017741EA032145
:10D0200001F180610091FFF713FA002855D12068C3
:10D03000002800F07F8090F8101200297AD094F92F
:10D040004C10B1F1FF3F75DDC9B290F80F326A465E
:10D050000025043241EA032101F140710091CDE93C
:10D060000155FFF7F5F9002865D14FF48070C4F839
:10D070004D00A4F85150002003B0F0BD94F85120A9
:10D08000BAB194F85230B34210D1A06C84F8526017
:10D09000281A5AD4032A65D0022A2CD0012A23D078
:10D0A000002084F85100012003B0F0BD002284F874
:10D0B000512094F84E2084F852608AB190F80F32D3
:10D0C0006A4604320026CDE9016641EA032101F1F6
:10D0D00080610091FFF7BCF9D0B103B0F0BD00BF93
:10D0E000012084F85100A56494F84D00B04217D196
:10D0F000022084F851000321002220460326002745
:10D1000004F086FDE0B184F8517003B0F0BD00BFBB
:10D1100084F84E60E81CA064012084F8510014E0FB
:10D120002046314605F0D4FB90B1002184F851101F
:10D1300003B0F0BD0120002184F84E1003B0F0BD13
:10D1400005F16400A06484F85160022003B0F0BDD2
:10D1500084F84D60E81CA064022084F8510003B0FC
:10D16000F0BD00BF94F84E0030B10020A4F84F008D
:10D1700084F8510003B0F0BDFF2084F84D004FF457
:10D180007F40A4F85100032003B0F0BD0000000070
:10D19000B0B584B010B303680446FBB193F8100235
:10D1A000E0B194F94C100120002915D4C9B22086B1
:10D1B00093F80F0201AA0432002584F8515041EA85
:10D1C000002084F8325000F180611846CDE9025504
:10D1D0000191FFF73DF928B104B0B0BD012004B0C2
:10D1E000B0BD00BF002084F84E5004B0B0BD0000B8
:10D1F000074B19680868B0E8F04F80F30988BFF35F
:10D200006F8F4FF0000080F31188704700BF00BFA0
:10D210006C1C002400000000F0B540F2C43102464E
:10D22000C2F200410028097818BF012211400129EB
:10D230001CD140F27843EFF3108CC2F2004372B677
:10D2400003F13007BCF1000FD3E90AE2F0CF4761E8
:10D250000661C5608460C0E900E2D3E91027D3E924
:10D2600012634362C0E90776826101D00846F0BDCF
:10D2700062B60846F0BD0000F0B540F2C432034685
:10D28000C2F200420028117818BF01231940012979
:10D2900014D102F16007EFF3108C72B6BCF1000FED
:10D2A000D2E916E3F0CF47610661C5608460C0E94A
:10D2B00000E3D2E91C32C261836101D00846F0BDAF
:10D2C00062B60846F0BD000040F2C431C2F200412F
:10D2D0000A78012A04D10A69824204BF00204871F9
:10D2E000704700000000000040F2C431C2F200416B
:10D2F0000A78012A08D10A69824218BF70478869F2
:10D3000001308861012008717047000000000000B2
:10D31000B0B5F8B147F600420168C4F2000291428C
:10D3200018D14168B1F5612F14D1D0F8801089B1BE
:10D33000C26F7AB1C969B1F5807F0BD140F2C434B4
:10D34000C2F200442178012906D12169081A18BFC8
:10D350000120B0BD0120B0BD206142F2CC60C2F21C
:10D3600000404FF48071F3F746F940F278402821ED
:10D37000C2F2004000252830C4E90E55C4E910551A
:10D38000C4E91255C4E91455F3F735F9C4E9165543
:10D39000C4E91855C4E91A55C4E91C556561A5616D
:10D3A000E56125626562A4F80150E570C4E90A559B
:10D3B0002563F8F749F8606325716571A560A5716B
:10D3C00000F04EFB10B101202561B0BD012020709E
:10D3D0000020B0BD000000002DE9F04F93B040F2F6
:10D3E000C434C2F200442078012840F085822079BC
:10D3F00090B1002525712069F9F7D2FF2069FAF76D
:10D400009BF86571A560A57100F02AFB20B1012091
:10D41000207113B0BDE8F08F42F2CC6840F2784C36
:10D42000C2F2004803AFC2F2004C41F2210B4FF0B0
:10D43000550E04E01FFA89F0402840F0FF81207863
:10D44000012840F0FB812069D0F880000068406826
:10D45000C0F5807188B2FF2888BF0021BFF35F8FBD
:10D4600089B2A089884200F0E7814FF0FF3300BF06
:10D4700085B2013086B25A1C3B4418F80550FF2E85
:10D4800088BF00203E2A5D7003D883B28B421346CA
:10D49000EED1A08102F1010960694FF0000A104449
:10D4A000AA2501306061A07909E000BF8CF8005026
:10D4B000012000BFA0710AF1010AD145BAD0C1B262
:10D4C00017F80A0002290FD0012905D079B9AA2836
:10D4D000ECD00020EFE700BFAA2819D0552806D1CC
:10D4E0008CF801E0022003E02189252902D30020E5
:10D4F000A060DFE74A1C2281032A0CF8010009D151
:10D50000112800F023811028F1D125201FE100BF50
:10D510000120D0E7618902200029CCD08A42CAD3F9
:10D52000092904F1240EC0F07B8101EB0C0212F8F2
:10D53000023C0D2B40F0748112F8013C0A2B40F0A4
:10D540006F8132F8046C8A1F4FF6FF7C00F0C880B0
:10D5500001F00100019040F2784022F00102C2F295
:10D5600000404FF6FF7C831E029600BF1D798CEAB7
:10D57000052635B28BEA4600B5F1FF3FC8BF700003
:10D5800006B28BEA4005B6F1FF3FC8BF450028B29E
:10D590008BEA4506B0F1FF3FC8BF6E0030B28BEAA0
:10D5A0004605B0F1FF3FC8BF750028B28BEA4506BB
:10D5B000B0F1FF3FC8BF6E0030B28BEA4605B0F154
:10D5C000FF3FC8BF750028B28BEA4506B0F1FF3FA8
:10D5D000C8BF6E0030B28BEA4605B0F1FF3F587904
:10D5E000C8BF7500023385EA002006B28BEA400509
:10D5F000B6F1FF3FC8BF450028B28BEA4506B0F13F
:10D60000FF3FC8BF6E0030B28BEA4605B0F1FF3F66
:10D61000C8BF750028B28BEA4506B0F1FF3FC8BF0E
:10D620006E0030B28BEA4605B0F1FF3FC8BF75000F
:10D6300028B28BEA4506B0F1FF3FC8BF6E0030B29A
:10D640008BEA4605B0F1FF3FC8BF750028B28BEAF0
:10D65000450CB0F1FF3FC8BF4FEA450C023A85D1F7
:10D660000198AA25029ED8B318798CEA002002B24C
:10D670008BEA4003B2F1FF3FC8BF430018B28BEA08
:10D680004302B0F1FF3FC8BF5A0010B28BEA420319
:10D69000B0F1FF3FC8BF530018B28BEA4302B0F1AC
:10D6A000FF3FC8BF5A0010B28BEA4203B0F1FF3F00
:10D6B000C8BF530018B28BEA4302B0F1FF3FC8BFA6
:10D6C0005A0010B28BEA4203B0F1FF3FC8BF5300CB
:10D6D00018B28BEA430CB0F1FF3FC8BF4FEA430CCE
:10D6E0001FFA8CF040F2784CB2B2C2F2004C824287
:10D6F00040F096809CF80220102A08BF252929D0E6
:10D70000112A08BF1D2940F08B80F7F79DFE40F2DB
:10D71000784C2066C2F2004C9CF804109CF8032060
:10D7200084F85820DCF80520E265CA0784F859100F
:10D7300064D101F0FE0084F85900002084F86400F0
:10D74000C4E91A00C4E91C0068E000BF1D20608124
:10D750000220B0E6F7F778FE40F2784CC2F2004CB7
:10D760009CF804109CF803208CF82820DCF8052095
:10D77000CCF82C20CA078CF82910CCF830001DD129
:10D7800001F0FE028CF8292000238CF83430CCE91B
:10D790000E33CCF84030490723D5DCF81510CCF80F
:10D7A0004410DCF81910CCF84810DCF81D10CCF847
:10D7B0004C1001218CF83510E0622FE0DCF80920D4
:10D7C000CCF83820DCF80D20CCF83C20DCF8112017
:10D7D000CCF8402001228CF83420A0620A46490788
:10D7E000DBD402F0FB008CF8290000208CF8350017
:10D7F000CCE91100CCF84C0010E000BFDCF80910B7
:10D80000A166DCF80D10E166DCF811102167DCF888
:10D8100015106167012184F86410206304F1200E63
:10D82000DEF800000130CEF800000020A060A071FA
:10D830004FF0550E3FE600BF60696061F7F704FEE8
:10D8400040F27842C2F2004292F8341081B1A16AEB
:10D85000411AB1F5FA7F0BD992F8291001F0FE01B7
:10D8600082F82910002182F83410C2E90E111164E7
:10D8700092F8351081B1E16A411AB1F5FA7F0BD9FE
:10D8800092F8291001F0FB0182F82910002182F89A
:10D890003510C2E91111D16494F8641089B1216B7B
:10D8A000411AB1F5FA7F0CD994F8591001F0FE0134
:10D8B00084F85910002184F86410C4E91A11C4E9ED
:10D8C0001C11616B411A642916D3E178606389B930
:10D8D00040F2B41040F2B511C2F20040C2F2004171
:10D8E00000780978002808BF01200629617018BF58
:10D8F0000020A070607918B113B0BDE8F08F00BFB0
:10D9000021464AF6552021F8380F11F8370C020647
:10D9100048F62432CFF6FF725CBF49F60532CFF6E7
:10D92000FF7282EA402341F221021FB282EA4306DB
:10D93000B7F1FF3FC8BF5E0033B282EA4607B3F1DA
:10D94000FF3FC8BF77003BB282EA4706B3F1FF3F13
:10D95000C8BF7E0033B282EA4607B3F1FF3FC8BFBB
:10D9600077003BB282EA4706B3F1FF3FC8BF7E00B3
:10D9700033B282EA4607B3F1FF3FC8BF77003BB23C
:10D9800082EA4706B3F1FF3F11F8363CC8BF7E007C
:10D9900086EA03273EB282EA4705B6F1FF3FC8BFD9
:10D9A0007D002FB282EA4506B7F1FF3FC8BF6E0087
:10D9B00037B282EA4605B7F1FF3FC8BF75002FB204
:10D9C00082EA4506B7F1FF3FC8BF6E0037B282EA70
:10D9D0004605B7F1FF3FC8BF75002FB282EA450682
:10D9E000B7F1FF3F4FF02007C8BF6E008F7035B210
:10D9F000B5F1FF3F82EA4605C8BF7500C87028B27E
:10DA000082EA4502B0F1FF3F0B71C8BF6A004A715C
:10DA1000100A887140F60D20A1F80700012001F8D6
:10DA2000330C092251F8280CFAF78AFE00283FF43B
:10DA300063AF00206071E0690130E06113B0BDE8C0
:10DA4000F08F00000000000040F2C432C2F2004239
:10DA5000507001209170D0707047000000000000ED
:10DA600010B540F2C434C2F200442069A0B3D0F82B
:10DA7000801089B301680022A2810F220A628A699C
:10DA800042F008028A6142F2CC614FF48072C2F225
:10DA90000041FAF755FC002818BF10BD206940F27C
:10DAA0000F41C4F20201D0F88000006888426FF094
:10DAB000180113DC6F22C4F20202904224DC3F22E0
:10DAC000C4F2020290423BDC1022C4F202029042F5
:10DAD0005ED0282256E000BF012010BD40F26F4208
:10DAE000C4F2020290421BDC40F23F42C4F2020246
:10DAF00090422DDC40F21042C4F20202904247D024
:10DB000040F228423EE000BF9F22C4F2020290424F
:10DB100028DC7022C4F20202904239D0882231E01F
:10DB200040F29F42C4F20202904223DC40F2704273
:10DB3000C4F2020290422BD040F2884222E000BFA1
:10DB40004022C4F20202904222D058221AE000BFC2
:10DB500040F24042C4F20202904219D040F25842D0
:10DB600010E000BFA022C4F20202904210D0B822FE
:10DB700008E000BF40F2A042C4F20202904207D087
:10DB800040F2B842C4F20202904218BF6FF00601A0
:10DB9000026811400160002010BD0000000000007C
:10DBA000B0B503F0B5F80446FBF7EAF80546F3F71D
:10DBB000FFFB013475B128B1204603F079F8013438
:10DBC000FAE700BFF3F7B8FC204603F071F8013420
:10DBD000F8E700BF40B100BFFBF70AF9204603F0A9
:10DBE00067F80134F8E700BFFBF702F9F3F7A4FC8C
:10DBF000204603F05DF80134F6E700000000000065
:10DC0000F0B581B040F64050C2F20040F3F700FF9B
:10DC100040F69070C2F20040F4F78EFA40F6686069
:10DC2000C2F20040FCF764FA40F6D450C2F2004061
:10DC3000FDF76EF840F6FC60C2F20040FFF768FBAB
:10DC4000F2F79EFFFDF7F0F940F2383440F24D351F
:10DC500040F24E3640F24B37C2F20044C2F2004569
:10DC6000C2F20046C2F20047F4F7A2FAFCF794FAB7
:10DC7000FDF7EAF8FFF7B0FB2079217BF2F734FFDC
:10DC800028783178F2F708FF38783178F2F73CFFDE
:10DC9000F3F7F2FEF2F7F4FF38783178FDF7E0F9A8
:10DCA000012002F0E5FFDFE710B503F031F804468C
:10DCB00002F0A2F8013428B1204602F0F9FF013445
:10DCC000FAE700BF02F094F9F2F75AFD204602F09D
:10DCD000EFFF0134F6E70000B0B540F600044FF462
:10DCE0000051C5F6020401222046F7F7A5FB502596
:10DCF0004FF4004101222046F7F79EFB012002F07D
:10DD0000B7FF4FF4004100222046F7F795FB0120B2
:10DD100002F0AEFF013DEBD15020502502F0A8FFEC
:10DD20004FF4004101222046F7F786FB012002F064
:10DD30009FFF4FF4004100222046F7F77DFB0120B2
:10DD400002F096FF013DEBD1502002F091FF4FF41D
:10DD5000004100222046F7F76FFB03F04DF800006A
:10DD600080B54EF21000CEF20000006805F068F9B0
:10DD7000012808BF80BDBDE8804004F0B5BE0000AA
:10DD8000B0B59CB044F61804022000251195CDE9E9
:10DD90000F55CDE90D55CDE90B550895C5F6020493
:10DDA000CDE90655CDE90455CDE902550195F7F7C2
:10DDB000A3FC0095206820F440402060206800F417
:10DDC0004040009000982068800409D420688004B6
:10DDD0005CBF20685FEA804002D420688004F2D5EE
:10DDE000012009904FF480310A9102212C22CDE9C3
:10DDF000152004201491CDE917010C20199009A8D1
:10DE00000024CDE91211CDE91A44F8F7A9FD18B1A3
:10DE100072B600BFFEE700BF3F20019003204FF421
:10DE20008061CDE90204082004904020CDE905007E
:10DE3000CDE9071001A80321F8F71EFB10B172B657
:10DE4000FEE700BF1CB0B0BD4EF6885042F2000C99
:10DE5000CEF20000C5F2002C026842F470020260AB
:10DE6000DCF8000000F00F00062806D8DCF80000FF
:10DE7000072262F30300CCF8000044F200404EF6A3
:10DE80007F51C5F60200CEF6F621026842F001028B
:10DE9000026000220261036819400160DCF8001092
:10DEA000090706D5DCF80010072363F30301CCF85B
:10DEB000001040F200218261C261C0F202210262C0
:10DEC00081620021C0F2FF11C16240F28021C0F2E4
:10DED0000111016342638163C263016442640168AA
:10DEE00021F4802101600266D0F8D410C90448BF33
:10DEF0007047D0F8D41043F2D20241F48051C0F8F8
:10DF0000D41044F20001C5F200210A60D0F8D41008
:10DF100021F48051C0F8D4107047000000000000C8
:10DF200040F66040C2F20040F9F75AB80000000025
:10DF300010B540F6FF32D0F800E0C4F20002904283
:10DF400010DCB0F1804F1ED040F20043C4F2000359
:10DF5000984218D040F60003C4F20003984212D051
:10DF600016E000BF40F60043C4F2000398420AD016
:10DF700040F20043C4F20103984204D00023C4F2EB
:10DF80000103984204D12EF070024B6843EA020E5E
:10DF90004EF2FF3343F6FF7CC4F20003C4F2010CDF
:10DFA000984213DD60452BDC4EF20043C4F20003BF
:10DFB000984242D00023C4F2010398423DD040F27F
:10DFC0000043C4F20103984237D03BE040F2FF73B4
:10DFD000C4F20003984227DD40F60003C4F20003B8
:10DFE00098422AD040F60043C4F20003984224D05D
:10DFF0004EF20003C4F2000398421ED022E000BF9C
:10E0000044F20003C4F20103984216D044F6000320
:10E01000C4F20103984210D044F20043C4F2010359
:10E0200098420AD00EE000BFB0F1804F05D040F218
:10E030000043C4F20003984204D12EF44072CB682E
:10E0400043EA020E4B6960450A688C68C4628262CA
:10E0500012DD44F20002C4F20102904217D044F6ED
:10E060000002C4F20102904211D044F20042C4F214
:10E07000010290420BD00CE00022C4F20102904257
:10E0800005D040F20042C4F20102904201D1096978
:10E090000163016841F004010160012141612EF03A
:10E0A00080011943016010BD40F64050C2F20040AB
:10E0B000F9F7FABA0000000040F66860C2F20040CA
:10E0C000F9F7F2BA0000000040F6FC60C2F200402E
:10E0D000F9F7EABA0000000040F69070C2F2004082
:10E0E000F9F7E2BA00000000816A0A070CD4CA07F7
:10E0F00015D18A071ED44A0727D4CA0630D48A0607
:10E1000039D44A0655D541E00268D0F838C0536882
:10E1100023F4004343EA0C035360CA07E9D00268C2
:10E12000D0F82CC0536823F4003343EA0C03536047
:10E130008A07E0D50268D0F830C0536823F48033F2
:10E1400043EA0C0353604A07D7D50268D0F834C0BD
:10E15000536823F4802343EA0C035360CA06CED5E8
:10E160000268D0F83CC0936823F4805343EA0C0360
:10E1700093608A06C5D50268D0F840C0936823F43E
:10E18000005343EA0C0393604A0612D50268D0F8A4
:10E1900044C0BCF5801F536823F4801343EA0C038A
:10E1A000536006D1536823F4C00C836C43EA0C031C
:10E1B0005360090658BF70470168C06C4A6822F472
:10E1C0000022104348607047B0B582B0044600207A
:10E1D000C4F89000F7F738F9216805460A68120775
:10E1E00037D54FF4001100226FF07E40009020469A
:10E1F0002B4601F02DFC58B3206850E8000F216831
:10E2000020F0800041E80002F2B1206850E8000FE1
:10E21000216820F0800041E80002002A1FBF20682A
:10E2200050E8000F216820F080001CBF41E8000288
:10E23000002A09D0206850E8000F216820F08000F3
:10E2400041E80002002AD7D12020C4F8880062E00B
:10E2500021680868400765D54FF4800100226FF0FF
:10E260007E40009020462B4601F0F2FB002859D05A
:10E27000206850E8000F216820F4907041E8000207
:10E28000F2B1206850E8000F216820F4907041E856
:10E290000002002A1FBF206850E8000F216820F408
:10E2A00090701CBF41E80002002A09D0206850E8A5
:10E2B000000F216820F4907041E80002002AD7D1B5
:10E2C000206850E8020F216820F0010041E80202B6
:10E2D000F2B1206850E8020F216820F0010041E807
:10E2E0000202002A1FBF206850E8020F216820F0B8
:10E2F00001001CBF41E80202002A09D0206850E852
:10E30000020F216820F0010041E80202002AD7D163
:10E310002020C4F88C000320002184F8841002B06F
:10E32000B0BD00BF2020C4F88800C4F88C000020D5
:10E33000E0662067002184F8841002B0B0BD0000C0
:10E34000806BF9F799B90000806B0268D0F88830CB
:10E35000D0F88CC09168090657D5212B55D152E8C9
:10E36000001F02E0016851E8001F026821F0C001AF
:10E3700042E80013EBB1016851E8001F026821F088
:10E38000C00142E80013A3B1016851E8001F026810
:10E3900021F0C00142E80013002B1FBF016851E8C3
:10E3A000001F026821F0C0011CBF42E80013002BCF
:10E3B000D8D1016851E8021F026821F4000142E847
:10E3C0000213F3B1016851E8021F026821F4000151
:10E3D00042E80213002B1FBF016851E8021F0268C8
:10E3E00021F400011CBF42E80213002B09D0016890
:10E3F00051E8021F026821F4000142E80213002BD9
:10E40000D7D12021C0F8881002689168490640F1F0
:10E410008B80BCF1220F40F0878052E8001F02E0A1
:10E42000016851E8001F026821F4907142E800136E
:10E43000EBB1016851E8001F026821F4907142E8D5
:10E440000013A3B1016851E8001F026821F4907124
:10E4500042E80013002B1FBF016851E8001F02684B
:10E4600021F490711CBF42E80013002BD8D14FF665
:10E47000FE7CCEF6FF7C026852E8022F036802EAB7
:10E480000C0243E80221F1B1016851E8021F026861
:10E4900001EA0C0142E80213002B1FBF016851E89A
:10E4A000021F026801EA0C011CBF42E80213002BA4
:10E4B00009D0016851E8021F026801EA0C0142E834
:10E4C0000213002BD7D1C16E012927D1016851E871
:10E4D000001F026821F0100142E80013F3B1016847
:10E4E00051E8001F026821F0100142E80013002BE0
:10E4F0001FBF016851E8001F026821F010011CBF16
:10E5000042E80013002B09D0016851E8001F02689F
:10E5100021F0100142E80013002BD7D12021C0F8D0
:10E520008C100021C1664167D0F8901041F01001B5
:10E53000C0F89010F9F7A0B88446C069B0F5807FA4
:10E54000DCF8380000F0AA800022A0F85E20026803
:10E5500052E8002F036822F4807243E80021F9B1E9
:10E56000016851E8001F026821F4807142E800133D
:10E57000002B1FBF016851E8001F026821F4807161
:10E580001CBF42E80013002B0AD0016851E8001FAD
:10E59000026821F4807142E80013002BD7D100BF3C
:10E5A000016851E8021F026821F0010142E80213EC
:10E5B000F3B1016851E8021F026821F0010142E84D
:10E5C0000213002B1FBF016851E8021F026821F0EF
:10E5D00001011CBF42E80213002B09D0016851E879
:10E5E000021F026821F0010142E80213002BD7D17B
:10E5F000016851E8021F026821F0400142E802135D
:10E60000F3B1016851E8021F026821F0400142E8BD
:10E610000213002B1FBF016851E8021F026821F09E
:10E6200040011CBF42E80213002B09D0016851E8E9
:10E63000021F026821F0400142E80213002BD7D1EB
:10E640002021C0F88C10C16E012927D1016851E842
:10E65000001F026821F0100142E80013F3B10168C5
:10E6600051E8001F026821F0100142E80013002B5E
:10E670001FBF016851E8001F026821F010011CBF94
:10E6800042E80013002B09D0016851E8001F02681E
:10E6900021F0100142E80013002BD7D100220267BD
:10E6A000C16E012912D1A0F85E20DCF800104A6882
:10E6B000B0F85C1093B28B4238BFA0F85E20B0F87F
:10E6C0005E20891A89B2F8F7CBBD00BFF9F788BF81
:10E6D0000146806B01220267C26E012A12D1B0F896
:10E6E0005C205308A0F85E30096849688BB29342F9
:10E6F00098BFA0F85E10B0F85E10511A89B2F8F712
:10E70000AFBD00BFF9F778BFC169806BB1F5807FFD
:10E7100002D1FAF789B800BF0021A0F856100168AD
:10E7200051E8021F026821F0800142E80213FBB1A8
:10E73000016851E8021F026821F0800142E80213DB
:10E74000002B1FBF016851E8021F026821F0800101
:10E750001CBF42E80213002B0AD0016851E8021FD7
:10E76000026821F0800142E80213002BD7D100BFDC
:10E77000016851E8001F026841F0400142E80013BF
:10E78000F3B1016851E8001F026841F0400142E81E
:10E790000013002B1FBF016851E8001F026841F001
:10E7A00040011CBF42E80013002B09D0016851E86A
:10E7B000001F026841F0400142E80013002BD7D14E
:10E7C0007047000000000000806BFAF739B80000C5
:10E7D000B0F860200168D0F88C30222B74D1D1F8C9
:10E7E00024C0836D02EA0C0223F8022B8365B0F883
:10E7F0005E20013AA0F85E20B0F85E20002A18BF23
:10E80000704751E8001F026821F4907142E800133C
:10E8100003B3016851E8001F026821F4907142E8D7
:10E820000013BBB1016851E8001F026821F4907128
:10E8300042E80013002B1FBF016851E8001F026867
:10E8400021F490711CBF42E80013002B02D0016834
:10E85000D7E700BF016851E8021F026821F00101FB
:10E8600042E80213F3B1016851E8021F026821F087
:10E87000010142E80213002B1FBF016851E8021F8B
:10E88000026821F001011CBF42E80213002B09D0ED
:10E89000016851E8021F026821F0010142E80213F9
:10E8A000002BD7D12021C0F88C10002141670167CF
:10E8B00040F600420168C5F60002914231D04A6834
:10E8C000120208D42DE000BF886940F0080088617A
:10E8D000704700BF016851E8001F026821F08061A5
:10E8E00042E80013EBB1016851E8001F026821F013
:10E8F000806142E80013A3B1016851E8001F02687B
:10E9000021F0806142E80013002B1FBF016851E82D
:10E91000001F026821F080611CBF42E80013002B39
:10E92000D8D1C16E012933D10021C166016851E8F7
:10E93000001F026821F0100142E80013F3B10168E2
:10E9400051E8001F026821F0100142E80013002B7B
:10E950001FBF016851E8001F026821F010011CBFB1
:10E9600042E80013002B09D0016851E8001F02683B
:10E9700021F0100142E80013002BD7D10168CA69C9
:10E98000D20601D510220A62B0F85C10F8F768BC14
:10E99000F9F726BE000000002DE9F04F81B00446D3
:10E9A0000268B0F86050D66910689168D4F88C306D
:10E9B000222B55D1B4F86820002A00F0178100F40A
:10E9C000807801F001074FF000094FF0020B4FF083
:10E9D000010A03E0B4F85E00002850D0B00640F110
:10E9E00005812068A16D426A2A4021F8022BA165A9
:10E9F000B4F85E100139A4F85E10C6697107E9D059
:10EA0000F20718BFB8F1000F02D1B2070AD412E022
:10EA1000C0F820A0D4F8902042F00102C4F8902061
:10EA2000B20708D53FB1C0F820B0D4F8902042F02A
:10EA30000402C4F89020002908D53FB104210162E6
:10EA4000D4F8900040F00200C4F89000D4F8900090
:10EA50000028BFD02046F8F70FFEC4F89090B9E721
:10EA6000906940F00800906125E100BF206850E8FF
:10EA7000000F216820F4807041E80002EAB12068AC
:10EA800050E8000F216820F4807041E80002A2B134
:10EA9000206850E8000F216820F4807041E80002EF
:10EAA000002A1FBF206850E8000F216820F4807002
:10EAB0001CBF41E80002002AD8D14FF6FE70CEF606
:10EAC000FF70216851E8021F2268014042E80213EA
:10EAD000DBB1216851E8021F2268014042E80213BD
:10EAE000002B1FBF216851E8021F226801401CBF94
:10EAF00042E80213002B08D0216851E8021F226867
:10EB0000014042E80213002BDBD12020C4F88C0026
:10EB100000206067206740F600412068C5F60001CC
:10EB200088422AD04168090201D426E0206850E8D2
:10EB3000000F216820F0806041E80002EAB12068FF
:10EB400050E8000F216820F0806041E80002A2B187
:10EB5000206850E8000F216820F0806041E8000242
:10EB6000002A1FBF206850E8000F216820F0806055
:10EB70001CBF41E80002002AD8D1E06E012840F015
:10EB800093800020E066206850E8000F216820F0A4
:10EB9000100041E80002F2B1206850E8000F21683F
:10EBA00020F0100041E80002002A1FBF206850E852
:10EBB000000F216820F010001CBF41E80002002A6D
:10EBC00009D0206850E8000F216820F0100041E8CB
:10EBD0000002002AD7D12068C169C90601D51021D9
:10EBE0000162B4F85C102046F8F73AFBB4F85E0016
:10EBF000002860D0B4F8681088425CD2206850E8E1
:10EC0000020F216820F0805041E80202F2B1206832
:10EC100050E8020F216820F0805041E80202002AEB
:10EC20001FBF206850E8020F216820F080501CBFF1
:10EC300041E80202002A09D0206850E8020F21684A
:10EC400020F0805041E80202002AD7D14EF2D17064
:10EC5000C0F600006067206850E8000F216840F0AF
:10EC6000200041E8000232B3206850E8000F21681C
:10EC700040F0200041E80002002A1FBF206850E851
:10EC8000000F216840F020001CBF41E80002002A6C
:10EC900011D0206850E8000F216840F0200041E8C2
:10ECA0000002002AD7D106E02046F9F799FCB4F813
:10ECB0005E0000289ED101B0BDE8F08F000000008A
:10ECC000B0F860100268D0F88C30222B72D1526AF2
:10ECD000836D11401970816D01318165B0F85E104E
:10ECE0000139A0F85E10B0F85E10002918BF704717
:10ECF000016851E8001F026821F4907142E8001396
:10ED0000F3B1016851E8001F026821F4907142E8F4
:10ED10000013002B1FBF016851E8001F026821F497
:10ED200090711CBF42E80013002B09D0016851E824
:10ED3000001F026821F4907142E80013002BD7D124
:10ED4000016851E8021F026821F0010142E8021344
:10ED5000F3B1016851E8021F026821F0010142E8A5
:10ED60000213002B1FBF016851E8021F026821F047
:10ED700001011CBF42E80213002B09D0016851E8D1
:10ED8000021F026821F0010142E80213002BD7D1D3
:10ED90002021C0F88C1000214167016740F6004235
:10EDA0000168C5F60002914231D04A68120208D4C7
:10EDB0002DE000BF906940F008009061704700BFEF
:10EDC000016851E8001F026821F0806142E80013E9
:10EDD000EBB1016851E8001F026821F0806142E850
:10EDE0000013A3B1016851E8001F026821F080619F
:10EDF00042E80013002B1FBF016851E8001F0268A2
:10EE000021F080611CBF42E80013002BD8D1C16EF5
:10EE1000012933D10021C166016851E8001F026851
:10EE200021F0100142E80013F3B1016851E8001F1E
:10EE3000026821F0100142E80013002B1FBF016897
:10EE400051E8001F026821F010011CBF42E80013C6
:10EE5000002B09D0016851E8001F026821F0100161
:10EE600042E80013002BD7D10168CA69D20601D548
:10EE700010220A62B0F85C10F8F7F2B9F9F7B0BBEB
:10EE80002DE9F04F81B004460268B0F86050D669B1
:10EE900010689168D4F88C30222B57D1B4F86820D0
:10EEA000002A00F0198100F4807A01F001074FF088
:10EEB00000084FF0020B4FF0010903E0B4F85E00C8
:10EEC000002852D0B00640F107812068A16D406A49
:10EED00028400870A06D0130A0652068B4F85E106D
:10EEE0000139A4F85E10C6697107E7D0F20718BFB0
:10EEF000BAF1000F02D1B2070AD412E0C0F8209094
:10EF0000D4F8902042F00102C4F89020B20708D54E
:10EF10003FB1C0F820B0D4F8902042F00402C4F809
:10EF20009020002908D53FB104210162D4F8900057
:10EF300040F00200C4F89000D4F890000028BDD042
:10EF40002046F8F799FBC4F89080B7E7906940F045
:10EF50000800906125E100BF206850E8000F21689B
:10EF600020F4807041E80002EAB1206850E8000F08
:10EF7000216820F4807041E80002A2B1206850E8C6
:10EF8000000F216820F4807041E80002002A1FBFB2
:10EF9000206850E8000F216820F480701CBF41E811
:10EFA0000002002AD8D14FF6FE70CEF6FF7021681D
:10EFB00051E8021F2268014042E80213DBB12168D8
:10EFC00051E8021F2268014042E80213002B1FBFD4
:10EFD000216851E8021F226801401CBF42E8021369
:10EFE000002B08D0216851E8021F2268014042E846
:10EFF0000213002BDBD12020C4F88C0000206067B6
:10F00000206740F600412068C5F6000188422AD0FA
:10F010004168090201D426E0206850E8000F216809
:10F0200020F0806041E80002EAB1206850E8000F5B
:10F03000216820F0806041E80002A2B1206850E819
:10F04000000F216820F0806041E80002002A1FBF05
:10F05000206850E8000F216820F080601CBF41E864
:10F060000002002AD8D1E06E012840F093800020F1
:10F07000E066206850E8000F216820F0100041E8A9
:10F080000002F2B1206850E8000F216820F0100063
:10F0900041E80002002A1FBF206850E8000F2168E5
:10F0A00020F010001CBF41E80002002A09D02068AF
:10F0B00050E8000F216820F0100041E80002002A0B
:10F0C000D7D12068C169C90601D510210162B4F801
:10F0D0005C102046F8F7C4F8B4F85E00002860D051
:10F0E000B4F8681088425CD2206850E8020F2168AA
:10F0F00020F0805041E80202F2B1206850E8020F8F
:10F10000216820F0805041E80202002A1FBF2068D9
:10F1100050E8020F216820F080501CBF41E8020235
:10F12000002A09D0206850E8020F216820F08050A2
:10F1300041E80202002AD7D14EF6C140C0F60000D5
:10F140006067206850E8000F216840F0200041E827
:10F15000000232B3206850E8000F216840F0200020
:10F1600041E80002002A1FBF206850E8000F216814
:10F1700040F020001CBF41E80002002A11D02068A6
:10F1800050E8000F216840F0200041E80002002A0A
:10F19000D7D106E02046F9F723FAB4F85E0000283C
:10F1A0009ED101B0BDE8F08F70B584B00446006810
:10F1B00004F1080340F6004EE669C5F6000E0ECBDA
:10F1C000194363690B4346F6F3110568CCF6FF71EA
:10F1D000334329401943016041684FF2FF4321F452
:10F1E0004051704541EA02014160A269C1F2FF133A
:10F1F0001CBF216A0A43816844F2544C1940C5F689
:10F20000020C1143816047F6FF32C16AC4F200026A
:10F2100021F00F01656A90424FF0800341EA050139
:10F22000C16219DD41F2FF71C4F2010188422DDC97
:10F2300047F60041C4F20001884257D041F2000174
:10F24000C4F20101884239D041F20041C4F2010107
:10F25000884233D057E000BF44F6FF31C4F20001CA
:10F26000884237DD44F60041C4F2000188423DD0B7
:10F2700045F20001C4F20001884237D047F6000190
:10F28000C4F20001884231D03DE000BF41F60001E8
:10F29000C4F20101884211D041F60041C4F20101DB
:10F2A00088420BD070452ED1DCF8041001F0070223
:10F2B000062A80F081800FF2BC3122E0DCF80010D9
:10F2C000C1F3C202062A80F0778043F66E41C0F691
:10F2D000010116E044F20041C4F20001884205D069
:10F2E00044F60001C4F2000188420CD1DCF80010A1
:10F2F00001F00702062A80F05F8043F66841C0F6FD
:10F3000001018B181B78704540F60010C0F23D00DB
:10F3100000F05A80B6F5004F40F08480402B4FF04B
:10F32000010100F29E81DFE813F0410019019C0108
:10F330009C011F019C019C019C0127019C019C01D7
:10F340009C019C019C019C019C012F019C019C0142
:10F350009C019C019C019C019C019C019C019C01C5
:10F360009C019C019C019C019C013F019C019C0112
:10F370009C019C019C019C019C019C019C019C01A5
:10F380009C019C019C019C019C019C019C019C0195
:10F390009C019C019C019C019C019C019C019C0185
:10F3A0009C019C019C019C019C013D01F7F7ECF93B
:10F3B000002840F0D680E5E08023704540F600103C
:10F3C000C0F23D007FF4A6AF9A1E01211E2A00F272
:10F3D0007780DFE812F01F0046017B0046014601FE
:10F3E00046018300460146014601460146014601A9
:10F3F00046018D004601460146014601460146018F
:10F4000046014601460146014601460146014601C4
:10F4100046019A00F6F798F9002800F06680656AC0
:10F4200073E000BF402B4FF0010100F21A81DFE8CA
:10F4300013F04100D90018011801DF00180118016C
:10F440001801E70018011801180118011801180126
:10F450001801EF001801180118011801180118010E
:10F4600018011801180118011801180118011801D4
:10F470001801FF00180118011801180118011801DE
:10F4800018011801180118011801180118011801B4
:10F4900018011801180118011801180118011801A4
:10F4A0001801180118011801180118011801180194
:10F4B0001801FD00F7F768F9002840F09680A5E0F4
:10F4C000402B40F0CE804FF400401EE001A8F6F73C
:10F4D0004FF9029800287FF4A2AF06E001A8F6F7E2
:10F4E000DFF9029800287FF49AAF0021B9E000BF4D
:10F4F0005CF8540C800649F20000C0F2D03004D50C
:10F500005CF8541CC1F3C101C84043F684416268F1
:10F51000C0F6010131F81510B0FBF1F002EB420129
:10F5200088424FF00101C0F09C801303984200F222
:10F530009880010E0023000210EB520041F10001FF
:10F54000F0F738FF4FF60052A0F54071C0F20F02FD
:10F550009142C0F08080012183E000BFF7F744F9B9
:10F5600080B1656A20E000BF01A8F6F701F90298B2
:10F570000028F6D106E000BF01A8F6F791F902983D
:10F580000028EED100216CE05CF8540C800649F2B2
:10F590000000C0F2D03007D55CF8541CC1F3C101A3
:10F5A000C84001E04FF4004043F68441C0F6010139
:10F5B00031F81510B0FBF1F061684A0802EB400029
:10F5C0004FF6EF72B0FBF1F0A0F11001914207D8B5
:10F5D0004FF6F0710140C0F3420008443BE000BF29
:10F5E00001213EE0F7F700F980B1656A20E000BF35
:10F5F00001A8F6F7BDF802980028F6D106E000BF92
:10F6000001A8F6F74DF902980028EED1002128E074
:10F610005CF8540C800649F20000C0F2D03007D5E7
:10F620005CF8541CC1F3C101C84001E04FF4004034
:10F6300043F684416268C0F6010131F81510B0FB51
:10F64000F1F000EB5200B0FBF2F0A0F110014FF628
:10F65000EF72914204D82168C860002101E000BF28
:10F6600001214FF00110A0660020C4E91D000846EA
:10F6700004B070BD0204081020400000000000002B
:10F6800010B504468C4681650021A0F85C20C0F8C6
:10F6900090102220C4F88C00D4F8800000B31346E8
:10F6A0004EF239524EF2D16EC0F60002C0F6000E94
:10F6B0000165C0E90F2E4EF24932C0F60002C26465
:10F6C000226802F124016246F4F716FB40B11020D3
:10F6D000C4F890002020C4F88C00012010BD00BFA9
:10F6E000206938B3206850E8000F216840F480702A
:10F6F00041E80002F2B1206850E8000F216840F4B0
:10F70000807041E80002002A1FBF206850E8000F07
:10F71000216840F480701CBF41E80002002A09D033
:10F72000206850E8000F216840F4807041E8000232
:10F73000002AD7D1206850E8020F216840F001006C
:10F7400041E80202F2B1206850E8020F216840F05F
:10F75000010041E80202002A1FBF206850E8020FA2
:10F76000216840F001001CBF41E80202002A09D0D4
:10F77000206850E8020F216840F0010041E80202D1
:10F78000002AD7D1206850E8020F216840F04000DD
:10F7900041E80202F2B1206850E8020F216840F00F
:10F7A000400041E80202002A1FBF206850E8020F13
:10F7B000216840F040001CBF41E80202002A09D045
:10F7C000206850E8020F216840F0400041E8020242
:10F7D000002AD7D1002010BD81650023A0F85C204D
:10F7E000A0F85E208168436751B1B1F1805F0BD012
:10F7F000B1F5805F0CD1016921B940F2FF110AE037
:10F80000016939B9FF2106E0016919B13F2102E020
:10F81000002100E07F21A0F860100021C0F89010C6
:10F820002221C0F88C10016851E8021FD0F800C0F6
:10F8300041F001014CE802130BB3016851E8021FCB
:10F84000D0F800C041F001014CE80213002B1FBFAB
:10F85000016851E8021FD0F800C041F001011CBF4F
:10F860004CE80213002B0AD0016851E8021FD0F8BF
:10F8700000C041F001014CE80213002BD3D1416ECE
:10F88000B1F1005F03D1B0F86810914240D98168AE
:10F89000B1F5805F016907D1002947D04EF6C1411B
:10F8A000C0F60001416706E04EF6C1420029C0F6ED
:10F8B000000242673FD0016851E8001F026841F42E
:10F8C000907142E80013002B00F0BE80016851E8FF
:10F8D000001F026841F4907142E80013002B1FBF23
:10F8E000016851E8001F026841F490711CBF42E8B2
:10F8F0000013002B00F0A880016851E8001F026887
:10F9000041F4907142E80013002BD4D19CE000BF79
:10F910008168B1F5805F016938D1002966D04EF663
:10F920008161C0F60001416736E000BF4EF2D1713F
:10F93000C0F600014167016851E8001F026841F00C
:10F94000200142E80013002B7ED0016851E8001F1F
:10F95000026841F0200142E80013002B1FBF01683C
:10F9600051E8001F026841F020011CBF42E800136B
:10F97000002B69D0016851E8001F026841F02001A6
:10F9800042E80013002BD6D15EE000BF4EF6816244
:10F99000C0F60002426779B3016851E8001F0268AF
:10F9A00041F4807142E8001333B3016851E8001F4D
:10F9B000026841F4807142E80013002B1FBF016808
:10F9C00051E8001F026841F480711CBF42E8001337
:10F9D000002B11D0016851E8001F026841F48071CA
:10F9E00042E80013002BD7D106E000BF4EF6991174
:10F9F000C0F60001416700BF016851E8021F0268BC
:10FA000041F0805142E80213F3B1016851E8021F4E
:10FA1000026841F0805142E80213002B1FBF0168C9
:10FA200051E8021F026841F080511CBF42E80213F6
:10FA3000002B09D0016851E8021F026841F0805193
:10FA400042E80213002BD7D10020704700000000CD
:10FA50002DE9F041804600680D46C7693940491BD1
:10FA6000B1FA81F14909914225D1069C34B3164679
:10FA7000611C29D1C1692940491BB1FA81F14909A9
:10FA8000B14218D1C1692940491BB1FA81F1490934
:10FA9000B14201BFC1692940491BB1FA81F104BFDC
:10FAA0004909B14207D1C1692940491BB1FA81F125
:10FAB0004909B142DED00020BDE8F081F5F7C4FC71
:10FAC0000320BDE8F08100BF1F4607E0C069284061
:10FAD000401BB0FA80F04009B042ECD1F5F7B4FC1D
:10FAE000C01BA04212D8D8F8000001684907EDD524
:10FAF000402D18BF802DE9D0C16909070AD4C1691A
:10FB00000905E3D54FF400610162ADE00320BDE8D3
:10FB1000F08100BF0821016202E000BFD8F80000B8
:10FB200050E8000FD8F8001020F4907041E800026F
:10FB30001AB3D8F8000050E8000FD8F8001020F4ED
:10FB4000907041E80002C2B1D8F8000050E8000F00
:10FB5000D8F8001020F4907041E80002002A1FBF7E
:10FB6000D8F8000050E8000FD8F8001020F490708A
:10FB70001CBF41E80002002AD0D14FF6FE70CEF63D
:10FB8000FF70D8F8001051E8021FD8F8002001409B
:10FB900042E802130BB3D8F8001051E8021FD8F85E
:10FBA0000020014042E80213002B1FBFD8F80010CC
:10FBB00051E8021FD8F8002001401CBF42E80213A0
:10FBC000002B0AD0D8F8001051E8021FD8F8002006
:10FBD000014042E80213002BD3D1D8F86C00012871
:10FBE0002FD1D8F8000050E8000FD8F8001020F00E
:10FBF000100041E8000222B3D8F8000050E8000FDE
:10FC0000D8F8001020F0100041E80002002A1FBFC1
:10FC1000D8F8000050E8000FD8F8001020F01000CD
:10FC20001CBF41E80002002A0BD0D8F8000050E8C1
:10FC3000000FD8F8001020F0100041E80002002A60
:10FC4000CFD12020C8F88C000020C8F86C00C8F87C
:10FC500074000821C8F8901088F884000120BDE8DD
:10FC6000F08100BFD8F8000050E8000FD8F800106D
:10FC700020F4907041E800021AB3D8F8000050E870
:10FC8000000FD8F8001020F4907041E80002C2B1D3
:10FC9000D8F8000050E8000FD8F8001020F4907059
:10FCA00041E80002002A1FBFD8F8000050E8000F0A
:10FCB000D8F8001020F490701CBF41E80002002A20
:10FCC000D0D14FF6FE70CEF6FF70D8F8001051E894
:10FCD000021FD8F80020014042E802130BB3D8F805
:10FCE000001051E8021FD8F80020014042E802133A
:10FCF000002B1FBFD8F8001051E8021FD8F80020D1
:10FD000001401CBF42E80213002B0AD0D8F80010B3
:10FD100051E8021FD8F80020014042E80213002BEE
:10FD2000D3D1D8F86C0001282FD1D8F8000050E8C2
:10FD3000000FD8F8001020F0100041E8000222B3B4
:10FD4000D8F8000050E8000FD8F8001020F010009C
:10FD500041E80002002A1FBFD8F8000050E8000F59
:10FD6000D8F8001020F010001CBF41E80002002A63
:10FD70000BD0D8F8000050E8000FD8F8001020F0A1
:10FD8000100041E80002002ACFD12020C8F88C00E2
:10FD90000021C8F86C10C8F87410C8F8900003204F
:10FDA00088F88410BDE8F08140F6AC40C2F2004013
:10FDB000F7F77ABC0000000040F6D450C2F20040D1
:10FDC000F7F772BC00000000B0B540F2B415012492
:10FDD000C2F20045E87801280BD1F2F785FB40B963
:10FDE000687929786A78002818BF0221042A08BF98
:10FDF0000C46E0B2B0BD000010B540F2B414C2F23F
:10FE00000044E07810B1002010BD00BF43F644501C
:10FE1000C0F60100F2F7B8FB70B9F2F775FB0146C6
:10FE200042F2D00043F6A052C2F20040C0F60102F6
:10FE30000223FBF7A9FE28B1F2F7F2FB01210846E5
:10FE4000217010BDF5F700FB00216171C4E90A11B2
:10FE5000C4E90C114FF00112C4F80120E060143025
:10FE6000A4F80710A0610846217010BD0000000032
:10FE700010B540F2B414C2F20044E078012802D177
:10FE8000F2F732FB10B1002010BD00BF60780438DB
:10FE9000B0FA80F0400910BDB0B540F2B415C2F21E
:10FEA0000045E878012818D1F2F71EFB4FF0010455
:10FEB00038B96878042804D16879A979084303D04F
:10FEC000012420462C70B0BD42F2D0002721C2F29E
:10FED00000400022FBF724FD20B1012420462C70B5
:10FEE000B0BD00BF42F2D0002821C2F20040002283
:10FEF000FBF716FD00284FF00104E2D1F5F7A4FA54
:10FF00006C71002428610530686120462C70B0BDFA
:10FF1000B0B52DED048B96B040F2B415C2F2004599
:10FF2000E878012836D1F2F7DFFA00284FF0000018
:10FF300031D1697804292ED16879A979084351D142
:10FF4000F5F782FA044642F2D000C2F200400BAB51
:10FF50002721224695ED0A9A95ED0B8AFBF72CFD99
:10FF600000283FD042F2D0006B46C2F20040282168
:10FF70002246FBF721FDA8B39DF84400C00703D03B
:10FF80009DF81800C0070BD1012016B0BDEC048B02
:10FF9000B0BD00BF002016B0BDEC048BB0BD00BFEB
:10FFA0000F98049908431DD19DED0B0A002030EEF7
:10FFB000490AB0EEC01AB0EE080AB4EE401AF1EEEB
:10FFC00010FAE8DC9DED001A31EE481AB0EEC11AC5
:10FFD000B4EE401AF1EE10FAD8BF012016B0BDEC15
:10FFE000048BB0BD002016B0BDEC048BB0BD00008A
:10FFF00070B596B040F2B416C2F20046F07801280F
:020000040801F1
:1000000040F0B280F5F720FA0446F2F7E1FAF2F791
:100010006BFA48B13079002840F0A680012030709A
:10002000307116B070BD00BF0020307142F2D000B8
:100030002146C2F20040FBF72BFF707801380528FB
:1000400054D8DFE800F0031949939191204601F05C
:10005000CFFC022862D0002848D1306BF061706B71
:1000600030620020F460CCF27820F062C6E90940EA
:100070000120B071022050E0204601F08DFEB079E1
:1000800000284BD142F2D0000BABC2F20040272136
:100090002246FBF791FC002840D042F2D0006B468C
:1000A000C2F2004028212246FBF786FCB0B39DF83F
:1000B0004400C00704D09DF81800C00740F02C8110
:1000C0000020A6F8070004F11400B0610320A6F890
:1000D0000100F46022E000BF204601F089FC022804
:1000E0001CD018B94FF48060308017E0F0780128F8
:1000F0004FF0030030700FD142F2D0050020C2F261
:100100000045A6F805002846FCF746F8F5F79CF9E7
:1001100001462846FBF7BCFE06207070707800F0A0
:10012000FD00042820D0F06843F69921201A884267
:100130001AD3F07801284FF0030030700FD142F24B
:10014000D0040020C2F20044A6F805002046FCF7C7
:1001500023F8F5F779F901462046FBF799FE0620CA
:10016000707016B070BD00BF16B070BD707948B128
:10017000316941F28932611A914209D3032030700A
:1001800000207071204601F007FE16B070BD00BF60
:10019000032827D0022863D00128F1D142F2D000F1
:1001A0000BABC2F2004027212246FBF705FC0028DA
:1001B00066D042F2D0006B46C2F2004028212246AF
:1001C000FBF7FAFB00285BD09DF854009DF828103F
:1001D0000843D7D17069201AD4D40020A6F80700AC
:1001E000022047E0F07901284CD843F6A05C4FEAA2
:1001F000401EC0F6010C00280CEB401206F1340042
:10020000D2E9025113690B9555690D9393690E95C7
:100210000F93D26908BF06F1300010921CF80E50FF
:100220000C910BAA00680C9042F2D0002946C2F251
:100230000040FBF71DFF0028A4D142F2D0000122AC
:10024000C2F200402946FBF76BFB00289AD1F079F7
:100250000130F071204601F09FFD16B070BD00BF67
:10026000F079022840D30020F071C6E90A00C6E9FF
:100270000C0003207071204601F08EFD16B070BD99
:1002800001207CE742F2D0000BABC2F200402721F4
:100290002246FBF791FB00283FF474AF42F2D000F6
:1002A0006B46C2F2004028212246FBF785FB00285E
:1002B0003FF468AF9DF8540000283FF463AF9DF809
:1002C000280000283FF45EAF0F9800287FF45AAF53
:1002D000049800287FF456AF0020707130702046DB
:1002E00001F05AFD16B070BD43F6A0514001C0F6B2
:1002F0000101327A095C42F2D000C2F200406AB3D6
:10030000FBF7FEFB032818BF00287FF43BAFF07912
:100310000130F071002027E00F98049908437FF422
:10032000FDAE9DED0B1A9FED130A31EE001AB0EEF3
:10033000C12AB0EE081AB4EE412AF1EE10FA3FF7E6
:10034000EDAE9DED002A32EE000AB0EEC00AB4EE2A
:10035000410AF1EE10FA7FF7B3AEDFE6FBF7D4FE09
:1003600000287FF40FAF01203072204601F014FD09
:1003700016B070BD0000784210B52DED048B40F230
:10038000B414C2F20044E07801280BD1B0EE608AC8
:10039000B0EE409AF2F7A8F850B101202070BDEC01
:1003A000048B10BD01202070BDEC048B10BD00BF7C
:1003B000607804284FF00100F0D161790029EDD177
:1003C0009FED150A0120B4EE409AF1EE10FAE5DC3B
:1003D0009FED121AB4EE419AF1EE10FADEDBB4EEA4
:1003E000408A0120F1EE10FAD8DCB4EE418AF1EE39
:1003F00010FAD3DB84ED0A9A206B84ED0B8AE0615E
:10040000606B2062F5F720F860620120A071002087
:100410002070BDEC048B10BDFFFF7F7FFFFF7FFFCF
:10042000B0B540F2B415C2F20045E87801280FD10A
:1004300042F2D0040020C2F20044A5F80500204694
:10044000FBF7AAFEF5F700F801462046FBF720FD72
:1004500005206870B0BD0000FEE70000000000004D
:1004600070B58AB0044601264FF00000099008904C
:1004700024B10D4611B12079002618B130460AB0DA
:1004800070BD00BF4FF080404021CDE90206022040
:10049000049001200122CDE9050628460796F3F7CE
:1004A0003BFF00284FF00106E8D102A92846F3F7E8
:1004B000CFFE00284FF00106E0D1022102220123E5
:1004C00028460096F3F70CFF0028D7D12846F4F70A
:1004D000AFFC00284FF00106D0D126710026256020
:1004E00030460AB070BD0000B0B58AB00C46054673
:1004F00068462821F0F77FF895B1287980B14FF050
:1005000001001CB32A680AB340211046F3F758FFD4
:1005100050B12868E31C6A464021F3F75DFF38B10B
:1005200001200AB0B0BD00BF02200AB0B0BD00BFBC
:100530000198B0F1804F4FF0010007D1029929B91D
:1005400000982070000A60700020A0700AB0B0BD52
:10055000B0B58CB0044601A82C21F0F74CF80CB3D0
:100560002079F8B12068E8B10168D9B14AF61005E0
:1005700001A9C4F20005F3F7FBFE2168069A096899
:100580000B6D9B0110D400B99AB98869C00710D1CE
:10059000086D400714D4086D000703D508200865CE
:1005A000002028600CB0B0BD4FF00070086500203E
:1005B0002860886920F001008861086D4007EAD54D
:1005C0000420086500202860086D0007EAD5E5E7EB
:1005D0002DE9F0478CB090B10546007978B1DDF88F
:1005E00050900120B9F1080F4CD82E68002E49D048
:1005F0001C4690460F463BB9B9F1000F04D00120CC
:100600000CB0BDE8F08700BF01A82C21EFF7F3FF85
:100610003068E8B14AF6100A01A93046C4F2000A6F
:10062000F3F7A6FE2E68069A31680B6D9B0131D454
:1006300000B9AABB8869C00732D1086D400736D41B
:10064000086D000704D5082008650020CAF80000DE
:100650003046F3F7CDFFC8B147EA082001904FF0CC
:100660008040029016A000210391224650F82900F4
:10067000CDE90401CDE90611CDE90811286801A9E9
:10068000F3F76AFD0CB0BDE8F08700BF02200CB0A4
:10069000BDE8F0874FF0007008650020CAF8000040
:1006A000886920F001008861086D4007C8D50420E2
:1006B00008650020CAF80000086D0007C3D4C7E72A
:1006C0000000000001000000020000000300000024
:1006D0000400000005000000060000000700000004
:1006E000080000000000000010B550B10446007979
:1006F00038B12068002808BF10BDF4F7B5FB002012
:10070000207110BD000000004FF0010318B1002956
:1007100018BF002A02D11846704700BF537873B142
:10072000D2F804C0BCF1000F09D49368634506DB1E
:1007300092ED030AB5EE400AF1EE10FA02DA01205A
:10074000704700BF016092E80A10D26883600023FE
:100750004160C0F80CC002618362C0E90533C0E9A2
:10076000073380F82430184670470000000000006E
:1007700070B5044600284FF0000049D00E4600290D
:1007800046D03078217988421AD17078092817D15B
:10079000B07808284FF0000018BF70BD1546627988
:1007A000D6F803105FEA500309BA4FEA3200002975
:1007B00008D4401843EBE1710023EFF773FE08E023
:1007C000002070BD401A63EBE1710023EFF76AFE71
:1007D0004042A061B2EE041AB6F80700C0BA00EEBB
:1007E000100AB8EEC00A80EE010A9FED0A1A84EDE5
:1007F000070AB6F80900A562C0BA00EE100A012087
:1008000084F82400B8EEC00A80EE010A84ED080ADC
:1008100070BD00BF00007A4480B582B050B301467D
:10082000006838B34A694FF0FF3E4B7983FB023CC6
:10083000D3F100427EEB0C024FF00002B8BF012260
:10084000002A0CBF4FF00043E6466FF0004CB3EBBC
:100850000C027EF10002A8BF634609794FF0040C38
:100860001ABA019201AB0322CDF800C0FFF7B0FE27
:1008700002B080BD012002B080BD00000000000079
:10088000A0B110B5CA1711EBE17342EBE17283EA34
:10089000E17E836882EAE174BEEB030274EBE372EB
:1008A00006DA00214161002010BD00BF0120704721
:1008B000D0F80CC04FEAEC72BCEB0E03A241F1DAA7
:1008C000002948BFCCF1000C61464161002010BDF9
:1008D00040B1826A1AB1891AC92938BF704700210C
:1008E00080F8241070470000002857D002780021BB
:1008F000052A00F2ED80DFE802F0035397A9EBBF71
:1009000090ED012A9FED730AB4EE402A0021F1EE2A
:1009100010FA00F3DD809FED701AB4EE412AF1EE7B
:1009200010FAC0F2D58090ED022A0021B4EE402AE0
:10093000F1EE10FA00F3CC80B4EE412AF1EE10FA99
:10094000C0F2C68090ED032A0021B4EE402AF1EEF9
:1009500010FA00F3BD80B4EE412AF1EE10FAC0F2B5
:10096000B78090ED042A0021B4EE402AF1EE10FA8F
:1009700000F3AE80B4EE412AF1EE10FAC0F2A88086
:1009800090ED052A00200021B4EE402AF1EE10FA85
:10099000D8BF0121B4EE412A68E000BF00207047B3
:1009A00090ED012A9FED4B0AB4EE402A0021F1EEB2
:1009B00010FA00F38D809FED481AB4EE412AF1EE53
:1009C00010FAC0F2858090ED022A0021B4EE402A90
:1009D000F1EE10FA7CDCB4EE412AF1EE10FA77DB8E
:1009E00090ED033A00200021B4EE403AF1EE10FA07
:1009F000D8BF0120B4EE413A0023F1EE10FAA8BFAF
:100A00000121B5EE402A0022F1EE10FAA8BF012321
:100A1000B5EE403A0840F1EE10FAA8BF01221840A6
:100A200000EA020154E000BF90ED012A9FED290A7F
:100A3000B4EE402A0021F1EE10FA49DC9FED261AAF
:100A4000B4EE412AF1EE10FA27DA41E090ED010A06
:100A50009FED201AB4EE410A00219FED1F1A0020DD
:100A6000F1EE10FAD8BF0121B4EE410AF1EE10FA0E
:100A7000A8BF01200840704790ED012A9FED150A9C
:100A8000B4EE402A0021F1EE10FA21DC9FED121A9B
:100A9000B4EE412AF1EE10FA1ADB90ED022A0020A2
:100AA0000022B4EE402AF1EE10FAD8BF0120B4EED5
:100AB000412A0021F1EE10FAA8BF0122B5EE402A2A
:100AC000F1EE10FAA8BF012110400840704700BFA6
:100AD00008467047FFFF7F7FFFFF7FFF0000000099
:100AE000F0B581B0002818BF002A01D101B0F0BDD7
:100AF00090F8E463002EF9D0C1F3072E744200F59C
:100B0000A4754FF0030C15F8F86C76451CD004EB77
:100B10000C06022EEAD015F87C7C774518D0012E01
:100B2000E4D02F78774517D0002EDFD095F87C6081
:100B3000764513D00CF1040C05F5F87504EB0C06A2
:100B4000032EE0D1D2E700BFACF1030C06E000BFFA
:100B5000ACF1020C02E000BFACF1010CCCEB4C1785
:100B600000EB8704201D656AFBF762FD606AA842FE
:100B7000BCD094F820008006B8D5A0690028B5D074
:100B8000002084F87C00012084F8710001B0F0BDE1
:100B9000AEB04EF614570125CEF200070095F4F7DB
:100BA00023FD6C4648F21F70029040F20110039042
:100BB000204600260196F4F7E7FC0420F4F724FD14
:100BC0003868800311D4BFF34F8FBFF36F8FC7F81E
:100BD0003C62BFF34F8FBFF36F8F386840F4003033
:100BE0003860BFF34F8FBFF36F8FF4F745FCFDF70D
:100BF000C7F804F128009021EFF7FDFC48F202004D
:100C000000900220029010210196CDE90310CDE959
:100C10000500C0200996CDE907064FF000501B9053
:100C200020461D95F4F7D4FE10B172B6FEE700BF62
:100C3000F9F772FEF9F74CFDF9F7C6FDF9F7FCFD7F
:100C4000F9F7C2FFF9F7C0FEF9F7FEFEF9F77CFFEE
:100C5000F9F73AFFF9F7F8FF4FF47A70F3F720FA53
:100C600000F072F8F9F720FE00F096F8FEE70000B9
:100C700010B5EFF3058119B16FF0050010BD00BF8D
:100C8000044602F0DDF9012806D17CB1204601F0CE
:100C900087FB002010BD00BFEFF310800028EBD1D0
:100CA000EFF311800028E7D1EFE700BF002010BD6F
:100CB00010B582B0EFF3058121B16FF0050002B0ED
:100CC00010BD00BF044602F0BBF9012810D102F0AC
:100CD000C7F9211A0190012914DB01A802F03CF99F
:100CE00001460020002908BF4FF0FF3002B010BDC0
:100CF000EFF310800028E0D1EFF311800028DCD161
:100D0000E5E700BF6FF0030002B010BD0000000077
:100D1000EFF3058010B102F0ABB900BF80B502F06F
:100D20008FF90128BDE8804002D102F099B900BFD7
:100D3000EFF310800028EED1EFF311800028EAD104
:100D4000F3E700000000000080B5EFF3058018B164
:100D50006FF0050080BD00BF02F072F9012811D1CB
:100D600002F06EF901284FF0FF3009D140F2CC417A
:100D7000C2F200410A68002A02BF01200860002078
:100D800080BD00BFEFF310800028E1D1EFF31180A8
:100D90000028DDD1E4E7000010B5EFF3058018B1BD
:100DA0006FF0050010BD00BF02F04AF9012819D10B
:100DB00002F046F901284FF0FF3410D140F2CC4048
:100DC000C2F200400168012909D14EF61F510024EA
:100DD000CEF200010C700221016001F029FC2046D6
:100DE00010BD00BFEFF310800028D9D1EFF31180C0
:100DF0000028D5D1DCE70000002001F01DFB00BF7A
:100E0000FEE7000000000000F0B585B00023049369
:100E1000EFF3058717B1184605B0F0BD16460C462E
:100E2000054602F00DF9012802D16DB94EE000BF70
:100E3000EFF31080002849D1002D4FF00003EFF3AD
:100E40001180E8D00028E6D156B3B069002808BF69
:100E5000182038283AD83179C90737D1D6F814E0A4
:100E6000D6F808C04FEA9E02BEF1000F134608BF35
:100E70004FF48073BCF1000F3168F76822D05C2F0B
:100E800024D336690023002E18BFBEF1000FC2D054
:100E90008DE841102846234602F00EF805B0F0BD5B
:100EA00000214FF4807318209AB2009004A801909A
:100EB0002846234601F0D0FF012807D1049B18469D
:100EC00005B0F0BD17B93269002AEDD000231846ED
:100ED00005B0F0BD000000002DE9F04140F2E00651
:100EE00041F66C47C2F20046C2F2004704460D4686
:100EF000D6F814803A68101D00F0EEFF601C17D180
:100F0000B5B1D7F800C039683A683B683F6856F811
:100F1000605F7468CCF808407E61A068C860A06813
:100F2000111D4160181DA060681C3060BDE8F08193
:100F3000386814EB0804446006D3F069396804315A
:100F4000BDE8F04101F018B8B0693968043101F02A
:100F500013F8F06A844238BFF462BDE8F081000003
:100F60002DE9F04381B0044601F056F840F2E00666
:100F700041F66C48C2F20046C2F2004841F67045A4
:100F8000B068C2F200450130B060D8F8000068B126
:100F9000F068002840F00A81D8F80000E16AC06AD1
:100FA000884298BFC8F8004000E100BFC8F8004080
:100FB000B068012840F0FA80284600F0CDFF05F126
:100FC000140000F0C9FF05F1280000F0C5FF05F18D
:100FD0003C0000F0C1FF05F1500000F0BDFF05F13D
:100FE000640000F0B9FF05F1780000F0B5FF05F1ED
:100FF0008C0000F0B1FF05F1A00000F0ADFF05F19D
:10100000B40000F0A9FF05F1C80000F0A5FF05F14C
:10101000DC0000F0A1FF05F1F00000F09DFF05F5F8
:10102000827000F099FF05F58C7000F095FF05F5D2
:10103000967000F091FF05F5A07000F08DFF05F5AA
:10104000AA7000F089FF05F5B47000F085FF05F582
:10105000BE7000F081FF05F5C87000F07DFF05F55A
:10106000D27000F079FF05F5DC7000F075FF05F532
:10107000E67000F071FF05F5F07000F06DFF05F50A
:10108000FA7000F069FF05F5027000F065FF05F5E4
:10109000077000F061FF05F50C7000F05DFF05F5CD
:1010A000117000F059FF05F5167000F055FF05F5B9
:1010B0001B7000F051FF05F5207000F04DFF05F5A5
:1010C000257000F049FF05F52A7000F045FF05F591
:1010D0002F7000F041FF05F5347000F03DFF05F57D
:1010E000397000F039FF05F53E7000F035FF05F569
:1010F000437000F031FF05F5487000F02DFF05F555
:101100004D7000F029FF05F5527000F025FF05F540
:10111000577000F021FF05F55C7000F01DFF05F52C
:10112000617000F019FF05F5667000F015FF05F518
:101130006B7000F011FF05F5707000F00DFF05F504
:10114000757000F009FF05F57A7000F005FF05F5F0
:101150007F7000F001FF05F5826000F0FDFE05F2F2
:10116000244000F0F9FE05F5876000F0F5FE05F279
:101170004C4000F0F1FE40F23C49C2F200494846C2
:1011800000F0EAFE09F11407384600F0E5FE06F12A
:101190004C0000F0E1FE06F1380000F0DDFE06F143
:1011A000600000F0D9FEC6F81890F7613068271D7E
:1011B000316A421CE06A32608842626488BF3062F1
:1011C00000EB800005EB800161614A68A2609368D2
:1011D000E360936897605F6055F82010013145F82F
:1011E000201000F041FFF06880B1D8F80000E16AFB
:1011F000C06A88420AD24EF604504FF08051CEF2B7
:1012000000000160BFF34F8FBFF36F8F01B0BDE8E7
:10121000F08300000000000040F2E00541F6704657
:101220004EF60458C2F20045C2F20046CEF2000863
:101230004FF0805703E000BF204600F02DFF6868A4
:10124000D0B100F0E9FE686CC468201D00F044FED7
:10125000A8680138A86068680138686000F004FF79
:1012600094F859000228EAD00128E5D070B9206B23
:1012700000F012FFE0E700BF30680228DFD3C8F8B3
:101280000070BFF34F8FBFF36F8FD8E74FF0500060
:1012900080F31188BFF36F8FBFF34F8FFEE700001D
:1012A0002DE9F04381B00A9C16460F468146206B1B
:1012B0009100A5229846089DEFF773F9002F206B47
:1012C00053D0397884F83410397800294AD07978A5
:1012D00084F835107978002944D0B97884F836102C
:1012E000B97800293ED0F97884F83710F978C9B375
:1012F000397984F838103979A1B3797984F83910BB
:10130000797979B3B97984F83A10B97951B3F9791F
:1013100084F83B10F97929B3397A84F83C10397A8A
:1013200001B3797A84F83D10797AD9B1B97A84F821
:101330003E10B97AB1B1F97A84F83F10F97A89B1DF
:10134000397B84F84010397B61B1797B84F8411096
:10135000797B39B1B97B84F84210B97B11B1F97B43
:1013600084F84310002184F84310382D0AD34FF03D
:10137000500080F31188BFF36F8FBFF34F8F00BF12
:10138000FEE700BF00EB8600099F0438E56220F00D
:101390000706201DE56400F0EBFD04F1180000F0E5
:1013A000E7FDC5F13800A061304649464246246158
:1013B000646200F005FB002F206018BF3C6001B0A4
:1013C000BDE8F0830000000008480068006880F372
:1013D00008884FF0000080F3148862B661B6BFF34E
:1013E0004F8FBFF36F8F00DF00BF000008ED00E0FC
:1013F00081B00020009040F21400C2F2004000686A
:101400004FF0500181F31188BFF36F8FBFF34F8FFF
:10141000013003D0FEE700BF009838B9009828B922
:101420000098002804BF00980028F5D001B070474C
:1014300084B040F25419E846C2F20049D9F80800D5
:1014400006681EB1C068D0F800A001E04FF0000AA5
:1014500001F072F901F004FED9F8101083468842B9
:101460001FD3002EC9F810B060D0DA455ED801F065
:1014700043FFD9F80800C068C668371D384600F039
:101480002BFD96F82800410738D400F0FE0086F8BE
:10149000280071E000F0FE0086F82800316A30462E
:1014A0008847D9F808000168B1B3C068C668056804
:1014B000371D384600F010FD96F828004107E9D5A1
:1014C000B069441974604019366108D2316A3046F7
:1014D0008847B0692118044474603661F6D3D9F89E
:1014E0000C00394600F048FDD8E700BFABEB0A011D
:1014F00081423BD3316A30468847A246B0693661A3
:1015000000EB0A0474605C45F0D9D34509F108008A
:101510002ED25445EED22BE0D9F80C10C9F810B0F9
:10152000C9E9021001F0E8FE32E000BF16B1002266
:1015300006E000BFD9F80C000068B0FA80F042095C
:10154000D9F80000AAEB0B0100F0F6FE01F0D4FE82
:10155000F0B94EF604504FF08051CEF20000016019
:10156000BFF34F8FBFF36F8F12E000BF09F10C0084
:101570000068394600F000FD316A3046884707E0D0
:1015800001F0FE008BF82800DBF820105846884751
:10159000D9F800000022414601F02AFB00283FF460
:1015A0004DAF0098B0F1FF3F06DCDDE90120039963
:1015B000904700980028EBD4DDF808B0DBF8140061
:1015C00018B10BF1040000F087FC01F049FDD9F8D7
:1015D00010108246884208D330E000BF00F0FE00C1
:1015E00087F82800396A38468847D9F80800016822
:1015F00001B3C068C76805683C1D204600F06CFC5C
:1016000097F828004107E9D5B86946197E60401966
:101610003F6108D2396A38468847B86931180644AC
:101620007E603F61F6D3D9F80C00214600F0A4FC9F
:10163000D8E700BFD9F80C10C9E902100098C9F822
:1016400010A001380828A3D8DFE800F006061E2203
:101650006A06061E220000BF019ADBF818009BF8FC
:10166000281086185F46564541F001038BF8283054
:1016700047F8046FCBF810B026D9924509F108035A
:1016800028D296422CD225E09BF8280050E000BFDB
:101690009BF8280040F00101019800288BF82810E1
:1016A000CBF8180052D0504409F10C02594650456D
:1016B00088BF09F1080241F8040FCBF810B0106898
:1016C00000F05AFC64E700BFAAEB0202824207D294
:1016D00009F10C031868394600F04EFC58E700BFCA
:1016E0004A077FF54DAF019901440AE0AAEB0101D9
:1016F000814223D3DBF8201058468847DBF81800D6
:1017000021460C18CBF804405445CBF810B0EDD965
:101710008A4509F1080013D28C42EBD210E000BFD9
:101720009BF82800810703D4584600F0B5FC2FE74A
:1017300000F0FE008BF828002AE700BF09F10C003A
:101740000068394600F018FC1EE700BF4FF050005B
:1017500080F31188BFF36F8FBFF34F8FFEE7000058
:10176000F0B581B0044600F057FC94F94560012EB5
:1017700010DB04F1240503E0F0B2013E012809D991
:10178000286838B1284601F03FFD0028F4D000F069
:10179000D7FEF1E7FF2684F8456000F065FC00F015
:1017A0003BFC94F94470012F10DB04F1100503E0B9
:1017B000F8B2013F012809D9286838B1284601F05C
:1017C00023FD0028F4D000F0BBFEF1E784F844606C
:1017D00001B0BDE8F04000F047BC00000000000090
:1017E00070B5044600F0A8FF40F29010C2F200402D
:1017F000016811BB42F2CC71C2F20041CA1D11F066
:10180000070322F00702A1EB020618BF11464FF4AE
:101810008032002B18BF06F58032002341610A4454
:101820008361083A22F007020260C2E90033521ACB
:101830004A6003680B60C0E9012204F10802092A2A
:1018400012D201F059FD00F07FFB0024600700F088
:10185000B4804FF0500080F31188BFF36F8FBFF357
:101860004F8F00BFFEE700BF14F0070106D0093913
:101870008A42E6D804F1100121F00702012AE0DBD8
:1018800041688A42DDD886465EF814CFDCF8043021
:10189000934230D2DCF80010E1B164464B689342C9
:1018A0001CD20D68D5B16B6893421BD2D5F800E00D
:1018B000BEF1000F16D0DEF80430934216D2DEF8E7
:1018C00000409CB16368934214D22168A446002969
:1018D000E4D110E000F1140E0DE000BF8C46A646E6
:1018E00009E000BFAC468E4605E000BFF446AE46B8
:1018F00001E000BFA44601688C45A2D0991ADEF829
:1019000000601129DCF80030CEF800303DD30CEB3C
:10191000020463070AD04FF0500080F31188BFF330
:101920006F8FBFF34F8F00BFFEE700BF616000F114
:101930001401CCF804200B68A3420BD21968A14211
:101940000CD20B68A34205D219681A46A142F2D301
:1019500005E000BF0A46194601E000BF1A46556877
:101960005319A342636802D12B4414465360E5180F
:101970008D4206D10568A9421EBFD1E900152B444E
:101980006360A242216018BF1460DCF8041006F105
:101990000804D0E90123521A42609A4241F0004102
:1019A00038BF82600022CCE90021C1680131C160EA
:1019B00001F0A2FC60077FF44CAF204670BD000030
:1019C00041F2F13321F00101C0F6010340F80C3C73
:1019D0004FF0807340F8202C40E902136FF00201B1
:1019E00040F8241CA0F144010846704700000000A4
:1019F00070B596B040F2B4160446C2F20046B16922
:101A0000401A00F1F180B07805280BD8DFE800F02B
:101A1000040E3238447A00BFF0790228C0F09A8070
:101A20000120DAE0012016B070BD00BF42F2D00004
:101A30000BABC2F2004027212246F9F7BDFF002878
:101A400000F0D28042F2D0006B46C2F20040282162
:101A50002246F9F7B1FF002800F0C6809DF8540037
:101A6000002840F0C1809DF82800002840F0BC808C
:101A70000220B2E0F0790228C0F080800320ACE0C0
:101A8000F0790228C0F08E8000200421C6E90A0007
:101A9000C6E90C00B170A2E0F079012800F29C8048
:101AA00043F6A05C4FEA401EC0F6010C00280CEB88
:101AB000401206F13400D2E9025113690B955569C1
:101AC0000D9393690E950F93D26908BF06F130000C
:101AD00010921CF80E500C910BAA00680C9042F268
:101AE000D0002946C2F20040FAF7C2FA002852D1CB
:101AF00042F2D0000122C2F200402946F9F710FF5D
:101B000048E000BF42F2D0000BABC2F200402721F8
:101B10002246F9F751FF002866D042F2D0006B460A
:101B2000C2F2004028212246F9F746FF00285BD088
:101B30009DF85400002857D09DF82800002853D065
:101B40000F98002850D1049800284DD1002016B0DD
:101B500070BD00BF43F6A0514001C0F60101002254
:101B60000025095C42F2D000C2F20040F9F7D8FE2D
:101B700000283DD001203070357210E043F6A051AE
:101B80004001C0F60101095C42F2D000C2F20040FF
:101B9000F9F782FE60B3012030700020307204F14A
:101BA000640020E043F6A0514001C0F60101327A02
:101BB000095C42F2D000C2F20040EAB1F9F7A0FF9E
:101BC000032803D002280FD00028E4D1F079013097
:101BD000F0710020307204E00520B0700020A6F8FB
:101BE000070004F11400B061022016B070BD00BF00
:101BF000F0790130F071F4E7FAF786FA0228F3D0B1
:101C00000028C8D101203072022016B070BD00003B
:101C100010B584B000B384460068E8B190F8103283
:101C2000D3B19CF94C30002B16D45FFA83FC90F8AA
:101C30000F320DF1040E00241B02029443EA0161ED
:101C40000EF10403039461448DF808201A460191B3
:101C5000FAF7FEFB04B010BD012004B010BD000077
:101C600010B541F22404C2F20044206890B3D0F8C9
:101C7000801079B301680022A4F820230F220A62A1
:101C80008A6942F008028A61211D4FF48072F5F7DB
:101C900093FA002818BF10BD206840F20F41C4F22B
:101CA0000201D0F88000006888426FF0080113DC60
:101CB0006F22C4F20202904224DC3F22C4F20202EC
:101CC00090423BDC1022C4F2020290425ED02822F5
:101CD00056E000BF012010BD40F26F42C4F2020284
:101CE00090421BDC40F23F42C4F2020290422DDCE3
:101CF00040F21042C4F20202904247D040F2284221
:101D00003EE000BF9F22C4F20202904228DC702213
:101D1000C4F20202904239D0882231E040F29F4260
:101D2000C4F20202904223DC40F27042C4F202028A
:101D300090422BD040F2884222E000BF4022C4F201
:101D40000202904222D058221AE000BF40F24042E4
:101D5000C4F20202904219D040F2584210E000BF93
:101D6000A022C4F20202904210D0B82208E000BFC4
:101D700040F2A042C4F20202904207D040F2B842C0
:101D8000C4F20202904218BF6FF0040102681140D1
:101D90000160002010BD0000B0B52DED048B86B0B1
:101DA00040F2B415C2F20045A979002900F0808004
:101DB000696A9FED471A401AB7EE009A00EE100AC2
:101DC00000097C2843F6A054C0F601046A46B8EE28
:101DD000400A4FF02701A06880EE018AB1EE080AA0
:101DE000BAEE0E1A88BFB0EE498A95ED0A3A95ED23
:101DF0000B4AA8EE001AB2EE040A28EE082A009058
:101E00002069029060690390A0690490A8EE010A1D
:101E1000E06928EE021A95ED082A34EE424A059050
:101E200042F2D000C2F2004021EE000A95ED071AFE
:101E300033EE413AA4EE002AA3EE001A85ED0D2AF6
:101E400085ED0C1A8DED011AFAF712F910B1012087
:101E5000287018E0A06A0090206B0290606B0390DD
:101E6000A06B0490E06B0590686B019042F2D0008B
:101E70006A46C2F200402821FAF7FAF8002818BF93
:101E80000120287018D0E87801280FD142F2D00440
:101E90000020C2F20044A5F805002046FAF77CF9BC
:101EA000F3F7D2FA01462046F9F7F2FF06206870F0
:101EB00006B0BDEC048BB0BDB4EE498AF1EE10FA69
:101EC000F6DB0020A87106B0BDEC048BB0BD00BFEE
:101ED0000000FA4400000000D0E9013201699A6074
:101EE000D0F808C04A6882424FF00002CCF80430B3
:101EF00008BFC1F804C002610868013808600868BA
:101F0000704700000000000042F6D033C2F20143E7
:101F1000036042F2D070C2F2014008604FF480705A
:101F2000106070470000000043F22C43C2F20143EE
:101F3000036042F62C40C2F2014008604FF400708A
:101F400010607047000000007047000000000000B3
:101F5000704700000000000002464FF0FF3142F8D9
:101F6000081F00214260C0E90322016070470000A1
:101F7000002101617047000010B5D1F800E01EF1AA
:101F8000010213D000F1080462681368734511D888
:101F900053681C68744511D85A68146874450FD882
:101FA0005468A44623687345EED90BE00269D2F861
:101FB00004C007E09446224604E000BF9C4601E0CE
:101FC00094461A46C1F804C0CCF808108A605160E3
:101FD000086101680131016010BD000000000000CF
:101FE000D0F800C043684B609A688A609A6899602C
:101FF000086151600CF101010160704700000000B0
:10200000DFF80C00016841F47001016070470000C6
:1020100088ED00E0000000004FF0500080F31188D0
:10202000BFF36F8FBFF34F8F40F21400C2F2004036
:102030000168002901F10101016001D0704700BF72
:102040004EF60450CEF200000068000608BF70474C
:102050004FF0500080F31188BFF36F8FBFF34F8FA5
:10206000FEE700000000000040F21400C2F2004051
:10207000016839B10139016018BF7047002080F351
:10208000118870474FF0500080F31188BFF36F8FB5
:10209000BFF34F8FFEE70000B0B5002808BFB0BD0A
:1020A000044650F8040C00280AD44FF0500080F386
:1020B0001188BFF36F8FBFF34F8F00BFFEE700BFE4
:1020C000A4F10805296849B14FF0500080F3118848
:1020D000BFF36F8FBFF34F8FFEE700BF20F00040CC
:1020E00044F8040C00F028FB40F2901C54F8042C37
:1020F000C2F2004CDCF804101144CCF804100CF1CE
:10210000140100BF0B68AB420AD21968A94229D258
:102110000B68AB4204D219681C46A942F2D301E015
:102120000C4619466368E018A84202D11A442546B5
:102130006260A818884207D1DCF8000081421EBF07
:10214000D1E9001010446860AC42296018BF2560D6
:10215000DCF810000130CCF81000BDE8B04001F010
:10216000CBB800BF1C466368E018A842E1D1DDE7A8
:102170004EF210000021CEF2000044F6D352C1F21C
:1021800062020160816040F20801C2F20041096808
:10219000A1FB02124FF0FF3101EB921141600721C8
:1021A000016070470000000040F2AC10EFF30581C1
:1021B0001029C2F2004011D34EF2F032CEF20002EA
:1021C000895C0278914209D24FF0500080F3118867
:1021D000BFF36F8FBFF34F8FFEE700BF4EF60C517A
:1021E000CEF200010968406801F4E061814298BFC5
:1021F00070474FF0500080F31188BFF36F8FBFF32B
:102200004F8F00BFFEE7000010B5002870D00029F6
:1022100008BF10BD43F28843C2F201435A688242AC
:1022200070D0DA6882426FD01A464FF0000C52F834
:10223000084F002C18BF62461C68D3F814E0002C2D
:1022400008BF1A46864567D09E465EF8104F002CA0
:1022500008BFF446DEF80C40002A18BF94468442BA
:1022600056D09E465EF8182F002A4FF0000208BF95
:102270007246DEF80C40BCF1000F18BF6246844283
:102280004FF0000C44D09E465EF8204F002C08BF53
:10229000F446DEF80C40002A18BF9446844237D03A
:1022A0001C464FF0000E54F8282F002A08BFA646FF
:1022B000E268BCF1000F18BFE64682424FF0000210
:1022C00030D09C465CF8304F002C08BF6246DCF8EA
:1022D0000C40BEF1000F18BF7246844226D0EAB906
:1022E00053F8382F002A1A4608BFC2E9001017E039
:1022F0004FF0500080F31188BFF36F8FBFF34F8F03
:10230000FEE700BF1A4609E003F1080206E000BF3D
:102310000EF1080202E000BF03F11002C2E9001052
:1023200010BD00BF04F10802F8E700BF0CF108027D
:10233000F4E700000000000070B515460E460446A4
:10234000FFF76AFE94F84400FF280DD094F845008A
:10235000FF2810D0FFF788FEA06BA0B12046BDE893
:102360007040FFF7FDB900BF002084F8440094F8E6
:102370004500FF28EED1002084F84500FFF774FEE9
:10238000A06B0028EAD104F1240031462A4600F06F
:10239000FBF82046BDE87040FFF7E2B900000000FE
:1023A000F0B581B0002839D040F2E0050446C2F211
:1023B0000045286950B14FF0500080F31188BFF3F9
:1023C0006F8FBFF34F8F00BFFEE700BF286941F654
:1023D0006C4601302861C2F200466F6930680430F3
:1023E000FFF77AFD3068E419446009D3E869316881
:1023F0000431FFF7C1FD00F07FFF68B90EE000BFB8
:10240000A86931680431FFF7B7FDE86A844238BF34
:10241000EC6200F071FF08B101B0F0BD4EF604505F
:102420004FF08051CEF200000160BFF34F8FBFF339
:102430006F8F01B0F0BD0000F0B581B00446FFF72A
:10244000EBFD41F66C46002CC2F2004608BF346832
:10245000251D2846FFF740FDA06A18B104F11800B9
:10246000FFF73AFD40F2E007C2F20047386801305A
:1024700038603068844209D0B8680138B860B869FB
:10248000006888B1B869C06800680FE007F13800DB
:102490002946FFF7A5FD786801307860FFF7E4FD75
:1024A0003068844208D114E04FF0FF30F862FFF743
:1024B000DBFD306884420CD094F85900022808D023
:1024C000012803D0C0B9206BFFF7E6FD2046FFF7D7
:1024D000E3FDF86810B13068844201D001B0F0BD6E
:1024E000386998B14FF0500080F31188BFF36F8FB7
:1024F000BFF34F8FFEE700BF4FF0500080F311880D
:10250000BFF36F8FBFF34F8FFEE700BF4EF604504F
:102510004FF08051CEF200000160BFF34F8FBFF348
:102520006F8F01B0F0BD000040F2E001C2F2004147
:102530004A6B02604969416070470000000000007A
:1025400040F2E0000121C2F2004041627047000009
:1025500010B578B10C4641F66C41C2F200410968F1
:102560001831FFF709FD01212046BDE81040FEF7B4
:10257000B3BC00BF4FF0500080F31188BFF36F8FE2
:10258000BFF34F8FFEE70000F0B581B010B341F606
:102590006C450C46C2F2004541682B68D9618B68D6
:1025A0002E6833622B688E6803F1180373602B6802
:1025B00003F118038B6029688862016801F1010149
:1025C00001608AB14FF0FF30114601B0BDE8F04024
:1025D000FEF782BC4FF0500080F31188BFF36F8F7D
:1025E000BFF34F8FFEE700BF40F2E006C2F20046A5
:1025F000776928680430FFF76FFC2868E4194460A5
:1026000008D3F0692968043101B0BDE8F040FFF754
:10261000B3BC00BFB06929680431FFF7ADFCF06AB4
:10262000844238BFF46201B0F0BD00000000000039
:1026300070B588B0002005A9CDE9050006A804AA58
:10264000FFF762FC059E002E48D0069C002C4FD060
:10265000049D5C20079007985C2853D107985C2163
:102660002046EDF7A6FF2663022084F8590007A84C
:1026700000210023CDE9001041F219202BA1C0F662
:1026800001002A460294FEF70BFE2046FEF768FC86
:1026900040F2E0040798C2F20044A062B0B100F03A
:1026A000CFFE411C38D0012810D14FF0500080F3EC
:1026B0001188BFF36F8FBFF34F8F4FF0FF30E06291
:1026C0000120E0600020606100F02EF943F63860E0
:1026D000C0F60100006808B070BD00BF4FF05000A8
:1026E00080F31188BFF36F8FBFF34F8FFEE700BFFA
:1026F0004FF0500080F31188BFF36F8FBFF34F8FFF
:10270000FEE700BF4FF0500080F31188BFF36F8FDA
:10271000BFF34F8FFEE700BF4FF0500080F31188EA
:10272000BFF36F8FBFF34F8FFEE700BF49444C45A7
:10273000000000000000000040F2E000C2F2004093
:10274000016901310161704770B540F2E004C2F2E5
:102750000044206910B10120606270BD41F66C46F2
:102760000020C2F2004660623068006B0168B1F17F
:10277000A53F0BD14168B1F1A53F07D18168B1F107
:10278000A53F03D1C068B0F1A53F04D030683168DF
:102790003431FFF7DDFB206A41F67041C2F200419F
:1027A00000EB800251F8223083B100EB800201EB94
:1027B00082031A4652F8041F151D49681160A94288
:1027C0001ED0C9683160206270BD00BF01EB82027B
:1027D000283AD8B153691BBB012817D013680BBB2B
:1027E000022813D052F8143CF3B903280ED052F843
:1027F000283C0438002BA2F15002EAD0D5E700BFF4
:10280000D9681160C9683160206270BD4FF0500016
:1028100080F31188BFF36F8FBFF34F8FFEE700BFC8
:102820000138C2E70238C0E70338BEE70000000005
:1028300080B584B0002841D00246006800283DD011
:1028400090F81032D3B392F94C30002B36D49FED70
:102850001D1A0122B4EE410AF1EE10FA2BDC9FEDB5
:102860001A1AB4EE410AF1EE10FA24DBDBB290F84A
:102870000FE2002202928DF8081010EE101A43EABF
:102880000E220DF1040C02F1905E70228DF80920E9
:102890000CF104028DF80C100B0A8DF80D300B0CA6
:1028A000090E8DF80F107146CDF804E08DF80E304A
:1028B000F9F7CEFD0246104604B080BD0122104655
:1028C00004B080BDFFFF7F7FFFFF7FFF000000009F
:1028D00080B584B020B30246006808B390F8103287
:1028E000F3B192F94C20002A1AD4D2B290F80F32E8
:1028F0000DF1040C4FF0000ECDE902EE42EA032286
:102900008DF80C1002F1905347F20502ADF8082043
:102910000CF1040219460193F9F79AFD04B080BD49
:10292000012004B080BD0000B0B584B04EF200407C
:102930004CF27021CEF20000C4F20F114B1CD0F803
:1029400000299A420AD14FF0500080F31188BFF35A
:102950006F8FBFF34F8F00BFFEE700BFD0F8002995
:102960008A4209D14FF0500080F31188BFF36F8F76
:10297000BFF34F8FFEE700BF0021019101788DF872
:102980000B10FF21017001788DF803109DF80310E2
:1029900011F0500240F2AC11C2F200410A700BD0AB
:1029A0009DF8032002F05002502A0FD19DF9032018
:1029B000B2F1FF3F48DC1FE04FF0500080F3118878
:1029C000BFF36F8FBFF34F8FFEE700BF4FF0500094
:1029D00080F31188BFF36F8FBFF34F8FFEE700BF07
:1029E000019A013201929DF8032052008DF80320D4
:1029F0009DF90320002A27D5019A013201929DF802
:102A0000032052008DF803209DF90320B2F1FF3F0F
:102A10001ADC019A013201929DF8032052008DF8D0
:102A200003209DF90320B2F1FF3FDFBF019A01327D
:102A300001929DF80320DFBF52008DF803209DF91D
:102A40000320B2F1FF3FCBDD019A0024082A4FF0AA
:102A5000000206D0019A4FF4E063A3EB022202F4D5
:102A6000E0624A609DF80B100170D0F8201941F423
:102A70007F01C0F82019D0F8201941F07F41C0F83B
:102A80002019FFF775FB40F21405C2F200452C60D7
:102A9000FFF7B6FA4EF63470CEF20000016841F04E
:102AA00040410160FEF790FCFFF74EFE039428685A
:102AB0004FF0500181F31188BFF36F8FBFF34F8F39
:102AC000013003D0FEE700BF039838B9039828B956
:102AD0000398002804BF03980028F5D0002004B014
:102AE000B0BD00000000000080B54FF0500080F342
:102AF0001188BFF36F8FBFF34F8F00F0C5FA30B16D
:102B00004EF604504FF08051CEF2000001600020DC
:102B100080F3118880BD000070B582B083B120B110
:102B20001C4601B90AB9A9B1A2B94FF0500080F30F
:102B30001188BFF36F8FBFF34F8F00BFFEE700BF59
:102B40004FF0500080F31188BFF36F8FBFF34F8FAA
:102B5000FEE700BF50230193019B502B08D1019B3E
:102B60004FF0010384F8463061B122600BE000BFF2
:102B70004FF0500080F31188BFF36F8FBFF34F8F7A
:102B8000FEE700BF2460A0FB0123E06321644BB19A
:102B90004FF0500080F31188BFF36F8FBFF34F8F5A
:102BA000FEE700BF069EFFF737FAD4E90F0122685F
:102BB000002501FB0023013800FB0120A5636260B2
:102BC000C4E90230FF2084F8440084F8450004F191
:102BD0001000FFF7C1F904F12400FFF7BDF9FFF77A
:102BE00043FA84F84C60204602B070BD000000003B
:102BF0002DE9F04F83B0029290B1044616460D467F
:102C000000294BD000F01CFAA0B99EB14FF0500043
:102C100080F31188BFF36F8FBFF34F8FFEE700BFC4
:102C20004FF0500080F31188BFF36F8FBFF34F8FC9
:102C3000FEE700BFFFF7F0F9D4F838A0BAF1000FB3
:102C40003AD0226C52B1D4E902308118E160994245
:102C500001D32168E1602846EDF75EFCAAF101008E
:102C6000A06354F8100F002800F08C80204600F07C
:102C7000CBFA002800F08E804EF604504FF08051C1
:102C8000CEF2000001260160BFF34F8FBFF36F8FBC
:102C9000FFF7EAF9304603B0BDE8F08F206C00285A
:102CA000B0D04FF0500080F31188BFF36F8FBFF3A7
:102CB0004F8F00BFFEE700BF002E4FF000066AD026
:102CC000EB4604F124085846FFF72EFC0DF10809E5
:102CD000FFF7CAF9FFF730FDFFF79EF994F84400BB
:102CE000FF2808BF84F8446094F84500FF2808BF17
:102CF00084F84560FFF7B8F95846494600F058F89F
:102D000060B12046FEF72CFD00F0F6FAFFF784F9DB
:102D1000A76BFFF7A9F91FBB44E000BFFFF77CF9E1
:102D2000A76BFFF7A1F92FB12046FEF719FD00F0C0
:102D3000E3FA15E002994046FFF70AFC2046FEF749
:102D40000FFD00F0D9FA58B94EF604504FF08051FB
:102D5000CEF200000160BFF34F8FBFF36F8F00BF53
:102D6000FFF75AF9D4F838A0BAF1000F7FF469AF31
:102D700002980028ACD10026FFF776F9304603B060
:102D8000BDE8F08F0126FFF76FF9304603B0BDE8CC
:102D9000F08F00BF0126FFF767F9304603B0BDE8AA
:102DA000F08F00BF0026304603B0BDE8F08F000072
:102DB000B0B5E8B10D4629B30446FFF72DF940F24E
:102DC000E00CC2F2004CDCF8142029684B1C23D024
:102DD000D4E9000EDCF83430834223D0724521D38D
:102DE000002028600124FFF73FF92046B0BD00BF56
:102DF0004FF0500080F31188BFF36F8FBFF34F8FF8
:102E0000FEE700BF4FF0500080F31188BFF36F8FD3
:102E1000BFF34F8FFEE700BF0024FFF725F92046E0
:102E2000B0BD00BFA2EB0E0291420DD9881A2860F6
:102E3000DCF834002060DCF8140060600024FFF748
:102E400013F92046B0BD00BF012400202860FFF721
:102E50000BF92046B0BD00002DE9F04F83B00746C6
:102E60009000984615468946FEF7BAFCF8B106462A
:102E70005C20FEF7B5FCB8B15C210446DDE90CBA74
:102E8000EDF797FB384649462A4643462663CDE987
:102E900000BA0294FEF704FA2046FEF761F801201A
:102EA00003B0BDE8F08F00BF3046FFF7F5F84FF0F4
:102EB000FF3003B0BDE8F08F2DE9F04786B00F9DDD
:102EC00065B3DDF84080B8F1000F31D004465C20D6
:102ED000049004985C2835D10F4604985C21404644
:102EE00099461646DDF838A0EDF763FBC8F8305078
:102EF000022088F8590005A8CDE901082046394686
:102F000032464B46CDF800A0FEF7CAF94046FEF720
:102F100027F8059806B0BDE8F08700BF4FF05000D5
:102F200080F31188BFF36F8FBFF34F8FFEE700BFB1
:102F30004FF0500080F31188BFF36F8FBFF34F8FB6
:102F4000FEE700BF4FF0500080F31188BFF36F8F92
:102F5000BFF34F8FFEE70000F0B581B080B1C9B17B
:102F600040F2E005C2F200452A69EAB14FF0500094
:102F700080F31188BFF36F8FBFF34F8FFEE700BF61
:102F80004FF0500080F31188BFF36F8FBFF34F8F66
:102F9000FEE700BF4FF0500080F31188BFF36F8F42
:102FA000BFF34F8FFEE700BF2A6901322A616A69C9
:102FB00003689A42194407D299424FF00004016015
:102FC00028D2914208D825E09942016004D3914269
:102FD00002D800241EE000BF41F66C466C69C2F2C4
:102FE00000468F1A30680430FEF776FF3068E41927
:102FF000446005D3E86931680431FEF7BDFF08E09D
:10300000A86931680431FEF7B7FFE86A844238BF27
:10301000EC62012400F070F910B1204601B0F0BD5F
:103020004EF604504FF08051CEF200000160BFF325
:103030004F8FBFF36F8F204601B0F0BD000000003E
:1030400040F2E000C2F20040C16829B10069B0FA64
:1030500080F04009400070470120704700000000E8
:1030600040F2E000C2F200404069704700000000FA
:1030700080B5FFF799F840F2E000C2F200404069E5
:1030800080BD0000000000002DE9F04740F2E00A9A
:10309000C2F2004ADAF8100040B1DAF8300001302C
:1030A000CAF830000020BDE8F08700BFDAF814004D
:1030B00010F10109CAF8149028D3DAF81800006852
:1030C00050B14FF0500080F31188BFF36F8FBFF302
:1030D0004F8F00BFFEE700BFDAF81800DAF81C30A7
:1030E000CAF81830CAF81C00DAF834000130CAF8FF
:1030F0003400DAF81800006820B1DAF81800C06867
:10310000006801E04FF0FF30CAF82C00DAF82C001C
:1031100041F66C4C41F670488145C2F2004CC2F257
:10312000004801D200205DE0DAF818004FF0000EF0
:10313000006800284ED0002022E000BFE66ADAF8DE
:1031400020108E4206EB860188BFCAF8206008EB8B
:10315000810262615368A3609F68E7609F689D6019
:103160007D6058F82120013248F82120DCF8001059
:10317000C96ADAF818208E4288BF0120116869B345
:10318000DAF81840E468E468254655F8046FB1455C
:1031900026D3D4E9023766699F60E7687268AA425D
:1031A0007B6008BF77603268013A3260A66A002E01
:1031B000C4D0E269276A04F11803716897609942E4
:1031C000276A7A6008BF7760C4F828E0316801395F
:1031D0003160B3E74FF0FF36002001E04FF0FF36DB
:1031E000CAF82C60DCF80010C96A01EB810158F8BC
:1031F0002110012988BF0120DAF82410002918BF06
:103200000120BDE8F087000070B5C068C06868B3F1
:10321000C269816A036A00F1180E93604B68D0F8A6
:1032200020C07345CCF804204FF0000208BFC1F85D
:1032300004C0826240F2E00C0A68C2F2004C013A1B
:103240000A60DCF81010D9B1614651F84C2F816248
:103250004B68C36101329C6804629C68C3F808E053
:10326000C4F804E00A60C36A37E000BF4FF05000C2
:1032700080F31188BFF36F8FBFF34F8FFEE700BF5E
:1032800082684369C16800F1040E91605C68C1689E
:1032900074454A6041F6704208BF59601968C2F22D
:1032A000004201391960C36ADCF820108B4203EB3D
:1032B000830188BFCCF8203002EB8104446165684B
:1032C0008560AE68C660AE68C5F808E0C6F804E080
:1032D00052F82100013042F8210041F66C40C2F260
:1032E00000400068C06A834204D90120CCF8240061
:1032F00070BD00BF002070BD2DE9F04381B040F2E9
:10330000E004C2F20044206970B1FEF785FE206936
:1033100001382061206988B10024FEF7A5FE20460F
:1033200001B0BDE8F08300BF4FF0500080F311887A
:10333000BFF36F8FBFF34F8FFEE700BFA068002879
:10334000EAD0E06C002856D041F6704941F66C484E
:103350004FF0000EC2F20049C2F200484FF0010CDB
:10336000A06DC36803F11807DE69986A1D6AB5602D
:1033700042681D6ABA426E6008BF4560C3F828E023
:103380000268013A0260181D9A685D69DE689660FD
:103390006F68DE688742726008BF6E602A68013A13
:1033A0002A60DD6A226A954205EB850288BF2562A4
:1033B00009EB82065E6177689F60B968D960B96879
:1033C000B860486059F82200013049F82200D8F866
:1033D0000000C06A854288BFC4F824C0E06C0028A1
:1033E000BED1A069006818B1A069C068006801E09A
:1033F0004FF0FF30E062256B4DB10126FFF744FE30
:10340000002818BF6662013DF8D100202063606A81
:1034100000283FF481AF4EF604504FF08051CEF2B9
:10342000000001240160BFF34F8FBFF36F8FFEF7E1
:103430001BFE204601B0BDE8F08300000000000044
:1034400070B586B0FEF7E8FD40F25416C2F20046B1
:10345000306808BB06F114042046FEF77DFD06F136
:1034600028052846FEF778FD41F67C3241F61C43DC
:10347000C2F20042C2F200430A201021C6E902450E
:1034800000250095FFF748FB306028B143F6326114
:10349000C0F60101FEF7B8FEFEF7E6FD3068D8B1D0
:1034A000002004A9CDE9040005A803AAFEF73CFD0D
:1034B000DDE9032002210023CDE9001041F2314073
:1034C0000AA1C0F60100059D0295FFF7F5FC7060AA
:1034D00010B1012006B070BD4FF0500080F311888C
:1034E000BFF36F8FBFF34F8FFEE700BF546D7220A5
:1034F000537663004100080218BF04200A0E18BF6B
:1035000040F001004FF07F4232EA010108BF40F075
:103510000200012808BF05207047000010EE101AB5
:1035200008B5444A6846B2EB410F28D94FF0E6404F
:10353000B0EB410F94BF00204FF0FF300090009897
:10354000002861DB60EE000A10F0010F45D010F09A
:10355000020FDFED391A9FED391A00EEA11ADFEDE7
:10356000381A40EE811A21EEA01AF0EE400A40EE21
:10357000010A08BFF1EE600AB0EE600A08BD314BE7
:1035800021F0004293423CD911F0004FDFED2E0AAA
:1035900020EE201ADFED2D0A19BF31EE601A71EE10
:1035A000200A31EE201A71EE600ABDEEE01A11EE2B
:1035B000100A9FED271A00F0030000EEC10A9FEDEC
:1035C000251A009000EEC10A9FED231A00EEC10AF1
:1035D0009FED221A00EEC10AB1E79FED211A9FED7F
:1035E000210A10F0020F00EE810A9FED1F1A00EE73
:1035F000801AB7EE000A00EE810A18BFB1EE400A49
:1036000008BD00F083F99AE710EE100A4000B0F10F
:103610007F4F3CBFB7EE000A08BD07D14FF0010055
:10362000EDF718F8BDE8084000F060B9BDE80840C3
:1036300000F059B9B61F927E336D4CB9DA82083C5E
:10364000A0AA2ABE490E494683F9223F0000004B3A
:103650000000C93F00A0FD390020A2331A61342CBC
:10366000B93AB2BACA9F2A3DDDFFFFBE10B52DEDB3
:10367000028BF0EE408A18EE900AB0EE608A20F0DD
:103680000040C0F1FF40C00F07D118EE100A20F033
:103690000040C0F1FF40C00F2BD018EE101A18EEFA
:1036A000900A00F031FA00EE100A10EE100A6FEAEC
:1036B000D05010F0FF0F04BFBDEC028B10BD18EE10
:1036C000900A00F0004110EE100A00F00040814224
:1036D00004BFBDEC028B10BD18EE101A10EE100ADC
:1036E000BDEC028B61F31E0000EE900A30EE600A22
:1036F00010BD18EE900A4FF07F41B1EB400F1CBF98
:1037000018EE100A5FEA4000C7D10120ECF7A2FFD3
:10371000BDEC028BBDE8104000F0E8B800B510EE3B
:10372000101A2DED028B81B0524A6846B2EB410F60
:103730002ED94FF0E640B0EB410F94BF00204FF080
:10374000FF3000900098B0EE408A00286ADB10F04D
:10375000010F4BD068EE080A9FED471A9FED470A0C
:1037600000EE810A9FED461A10F0020F00EE801A5B
:10377000B7EE000A00EE810A02BF01B0BDEC028B79
:1037800000BD00BF01B0B1EE400ABDEC028B00BD30
:103790003C4B21F00042934241D911F0004FDFED44
:1037A0003A0A20EE201ADFED390A19BF31EE601A0D
:1037B00071EE200A31EE201A71EE600ABDEEE01AB9
:1037C00011EE100A9FED321A00F0030000EEC10A5C
:1037D0009FED301A009000EEC10A9FED2F1A00EE07
:1037E000C10A9FED2E1A00EEC10AABE728EE080AC7
:1037F0009FED2B1ADFED2B0A10F0020F40EE010AAD
:103800009FED291A00EE201A61EE000AB0EE480A78
:1038100008EE200AB6D101B0BDEC028B00BD00F06D
:1038200075F88FE718EE100A4000B0F17F4F0DD207
:1038300018EE100AFFF75EFE042808BF00F05EF8DD
:10384000B0EE480A01B0BDEC028B00BD09D10120E9
:10385000ECF700FF01B0BDEC028B5DF804EB00F06B
:1038600045B801B0B0EE480ABDEC028B5DF804EB40
:1038700000F039B8B61F927EB93AB2BACA9F2A3D53
:10388000DDFFFFBE490E494683F9223F0000004B91
:103890000000C93F00A0FD390020A2331A61342C7A
:1038A000336D4CB9DA82083CA0AA2ABE10B52DEDC2
:1038B000028BB1EEC08A18EE100A20F00040C0F171
:1038C000FF40C00F0AD010EE100A20F00040C0F1F7
:1038D000FF40C00F04BF0120ECF7BCFEB0EE480A69
:1038E000BDEC028B10BD30EE000A7047DFED020A1E
:1038F00080EEA00A70470000000000009FED020A61
:1039000020EE000A70470000000000102DE9F001D1
:103910004FF07F42B2EB410F9FBF4FF0FF3101608C
:10392000BDE8F00170474FF0004242EA0123C1F3C5
:10393000C752783A551112F01F0C434CCCF12006B7
:103940007C44C1F3C752A2F178024FEA621204EB41
:10395000820254F8254008BFD2E9015612D05568BA
:1039600004FA0CF425FA06F73C43976805FA0CF5BF
:1039700027FA06F8D26807FA0CFCF24045EA080577
:103980004CEA0206A4FB034CA5FB0352A6FB03630F
:103990001D449D4234BF012600261319334416B13D
:1039A000934202D903E0934201D2012200E00022B7
:1039B000624402F1200C9206DC0C42EA443200EE32
:1039C000102A5B03DFED210AF8EEC01A00EE103A70
:1039D0004FEA9C1C11F0004FB8EE400AC0F800C03E
:1039E00020EE201A00EE105ADFED190AB8EE400A58
:1039F00020EE200A71EE810A70EE800A10EE902A05
:103A000002F500626FF30B0200EE902A70EEE11AED
:103A100031EEC11ADFED101A30EE411A9FED0D0A9A
:103A200020EE800A01EE210A9FED0C1A00EE810AB9
:103A300004BFBDE8F0017047CCF180510160BDE8E2
:103A4000F001B1EE400A7047B802000000000036F5
:103A50000000802C22AAFD29DB0FC92F0000C92FEE
:103A60000EF1020E2EF0030E5EF8044B244204D435
:103A70004FEA4102B2F17F4F11D84FEA4003B3F150
:103A80007F4F0CD80ED14FEAD07C0CEB4C0C0CF1D4
:103A9000020CB2F17F4F08BF4CEBD17C04E04FF039
:103AA000080C01E04FEAD17C0CEB4C0324FA03F440
:103AB00004F00704B4F1040C06D20EEB840CBDE84C
:103AC00010404CF0010C6047DFE80CF007080202E0
:103AD0004FF00040A0F5800010BD0846420018BF1E
:103AE000D2F1807288BF00F0004010BDF1EE100AE4
:103AF0004FF6FF71C0F2C03120EA010040F0407083
:103B0000E1EE100A704700004FF07F4C3CEA4103A1
:103B100018BF3CEA400200F062804FF47F0C0CEAD0
:103B2000D11310F0004F18BF43F005031CEAD01268
:103B300018BF13EA0C0F00F057804FF0004C4CEA0E
:103B400000204CEA0121A3F580339A4210DD23F0D6
:103B50000203B0F1004F06D343F00203401ABCBF8A
:103B6000404283F001034FEA4000A2F58032ECE7C7
:103B70004FEA224CBCEB234F08DB884206D31CD013
:103B8000A0EB4100C0F1000083F0010340001DD212
:103B900017D40DD0B0FA80FC0CF1010C00FA0CF037
:103BA000A2EB0C42D2F1000C12DB4FEAC37070475B
:103BB0004FEA437000F00040704713F0020FE5D069
:103BC000DEE74FEA4000B2F58032EBDD002AE9DDA6
:103BD0004FEAC21242EA502040EAC370704710B563
:103BE000FFF73EFFEDFFFF3E1CEAD11F02D000F0C1
:103BF00000407047004870470000C07F0000000090
:103C00006E83F9A22915444ED15727FCC0DD34F547
:103C1000999562DB4190433CAB6351FE000000008C
:103C20000000000000000000000000000000000094
:103C3000010000000200000003000000040000007A
:103C4000000000000500000000000000000000006F
:103C5000000000000600000000000000000000005E
:103C600000000000070000000004081020400104CC
:103C700008102040000000000102030401020304B8
:103C800006070809010002000400060008000A00F7
:103C90000C00100020004000800000010D3E0108D3
:103CA0000000000000000000000000000000000014
:103CB00000100000200000000000000000000000D4
:103CC0005715000000000000A00F00000000204178
:103CD0002B15000000000000A00F00000000204194
:103CE0004315000000000000A00F0000000020416C
:103CF0003B15000000000000A00F00000000204164
:103D0000043E010800000000000000000000000068
:103D100000000000000C000028000000000000006F
:103D2000000000000001020304050607080C10143F
:103D300018203040010101030701000008040204BB
:103D400008010101FDAA06010D0004AA03020D00ED
:103D500004AA0A010D0004AA0D01050D05AA01130C
:103D60000D0004AA01150D0004AA01160D0004AAF5
:103D700001070D0004AA06000D000400193E010809
:103D80000000000000000000000000000000000033
:103D900000100000200000000000000000000000F3
:103DA000270100000A0000000000000000000000E1
:103DB00000000000000000000000A04200000040E1
:103DC00028FF00000A0000000000000000000000C2
:103DD00000000000000000000000A04200000040C1
:103DE000223E01080000000000000000000000006A
:103DF00000000000000400001800000000000000A7
:103E000000000000636F6D6D5461736B0063686147
:103E1000737369735461736B006C69667454617376
:103E20006B007374617274757052656D696E646550
:103E30007200546D7251000037000000603E0108AE
:103E4000000000247000000008030008D03E0108B4
:103E50007000002458460100240300080000000000
:103E600001000000100000000090D0030090D0037B
:103E7000FF01FF10AAAAAAAACDCCCC3E00000000E8
:103E80000000000000000041000048440000000065
:103E90000000000001000000CDCC4C3F00000000FD
:103EA00000000000000040410000C8420000000087
:103EB0000000000001000000000000000000000001
:103EC00000000000000000000000000000000000F2
:04000005080002CD20
:00000001FF
