:020000040800F2
:10000000E050012499030008E9C20008019E00089D
:10001000E1C20008E10E00082943010800000000C9
:1000200000000000000000000000000001090108BD
:10003000F128000800000000A1EC000831100108C0
:10004000B7030008B7030008B7030008B7030008A8
:10005000B7030008B7030008B7030008B703000898
:10006000B7030008B7030008B70300089120000891
:10007000A1200008B1200008C1200008D1200008FC
:10008000E1200008F1200008B7030008D13800087B
:10009000E1380008B7030008B7030008B7030008F9
:1000A000B7030008B7030008B7030008B703000848
:1000B000B7030008B7030008B7030008B703000838
:1000C000B7030008B7030008B7030008B703000828
:1000D000B703000869300108B7030008B703000838
:1000E000B7030008B703000800000000B7030008CA
:1000F000B7030008B7030008B70300080121000890
:10010000B7030008B7030008B7030008B7030008E7
:1001100071130108B7030008E9110108B7030008CB
:100120001121000821210008312100084121000887
:10013000B7030008B7030008B7030008B7030008B7
:1001400000000000000000000000000000000000AF
:10015000B7030008B7030008B703000879300108A7
:10016000B7030008B7030008B7030008B703000887
:10017000B7030008B7030008B70300080000000039
:10018000B7030008B70300088113010891130108A1
:10019000B7030008B7030008B7030008B703000857
:1001A000B7030008B7030008B70300080000000009
:1001B000B7030008B7030008B7030008B703000837
:1001C000B7030008B70300080000000000000000AB
:1001D0000000000000000000B7030008000000005D
:1001E000000000000000000000000000000000000F
:1001F0000000000000000000B7030008B70300087B
:10020000B7030008B703000800000000B7030008A8
:10021000B7030008B7030008B7030008B7030008D6
:10022000B703000800000000B7030008000000004A
:10023000B7030008B703000800000000B703000878
:10024000B7030008B7030008B7030008B7030008A6
:10025000B7030008B7030008B7030008B703000896
:10026000B7030008B7030008B7030008B703000886
:10027000B7030008B7030008B70300080000000038
:10028000B7030008B7030008B7030008B703000866
:1002900000000000B7030008B703000800000000DA
:1002A00000000000B7030008B7030008A11301080D
:1002B000B7030008B7030008B7030008F1380008C7
:1002C000B7030008B7030008B703000800F002F8FE
:1002D00000F052F814A696E8000CB244B344DA4594
:1002E00001D100F049F8BAE80F000FA696E83000F7
:1002F000A5EB040504EB0607AAEB0704A7F1010729
:100300004FEA15154FEA3414A4F10104AC4201D3AD
:1003100000F032F813F0010F18BFFB1A43F001038D
:1003200000F001F8DBE718475480010074800100F9
:10033000103A24BF78C878C1FAD8520724BF30C811
:1003400030C144BF04680C60704700007047000073
:100350000023002400250026103A28BF78C1FBD8CE
:10036000520728BF30C148BF0B6070471FB517F058
:10037000F1FD1FBD10B510BD00F0C2F91146FFF729
:10038000F5FF14F0D1FC00F0E0F903B4FFF7F2FF41
:1003900003BC00F0E3F900000A4880470A488047A0
:1003A0000A480047FEE7FEE7FEE7FEE7FEE7FEE756
:1003B000FEE7FEE7FEE7FEE705480649064A074B6B
:1003C00070470000A138000811110108CD02000893
:1003D000E03E0124E0500124E0400124E0400124FB
:1003E00053EA020C00F069802DE9F04B4FF0000653
:1003F000002B1FBFB3FA83F503FA05F424FA05F6C0
:100400005E4012BF1643B2FA82F502FA05F4C5F156
:1004100020051EBF22FA05FC44EA0C04203556EAEA
:10042000044C4FEA144418BF641C4FF000084FF00E
:100430000009904271EB030C39D3002919BFB1FABE
:1004400081F701FA07F6B0FA80F700FA07F6C7F16C
:1004500020071EBF20FA07FC46EA0C062037B6FB31
:10046000F4FCA7EB0507103F07F01F0BCBF12006AC
:100470002CFA06F60CFA0BFB44BFB3460026202FDD
:10048000A4BF5E464FF0000B5BEA060C08BF4FF0BE
:10049000010B19EB0B0948EB0608ABFB027C06FBD2
:1004A00002CC0BFB03CCC01B71EB0C01C1E70B466C
:1004B000024641464846BDE8F08B13B5084318BFD5
:1004C0004FF0FF300146AFF30080BDE81C4070479D
:1004D00053EA020C23D010B54C1084EA530404D51F
:1004E0004042C1F1000138BF491E1B4204D55242AF
:1004F000C3F1000338BF5B1EFFF772FF14F0804F9B
:1005000004D04042C1F1000138BF491E14F0004F31
:1005100004D05242C3F1000338BF5B1E10BD13B5B7
:1005200040424FF0000070EB0104B8BF012001F021
:10053000004100281CBF6FF000414FF0FF30AFF3C7
:1005400000801CBD032A40F2308010F0030C00F044
:10055000158011F8013BBCF1020F624498BF11F8FD
:1005600001CB00F8013B38BF11F8013BA2F10402B6
:1005700098BF00F801CB38BF00F8013B11F003032E
:1005800000F02580083AC0F0088051F8043B083A92
:1005900051F804CBA0E80810F5E7121D5CBF51F834
:1005A000043B40F8043BAFF30080D20724BF11F8AE
:1005B000013B11F801CB48BF11F8012B24BF00F813
:1005C000013B00F801CB48BF00F8012B704710B584
:1005D000203AC0F00B80B1E81850A0E81850B1E8FC
:1005E0001850A0E81850203ABFF4F5AF5FEA027C3B
:1005F00024BFB1E81850A0E8185044BF18C918C06B
:10060000BDE810405FEA827C24BF51F8043B40F80B
:10061000043B08BF7047D20728BF31F8023B48BFF0
:1006200011F8012B28BF20F8023B48BF00F8012B2E
:10063000704702F0FF0343EA032242EA024200F05D
:1006400024B84FF000020429C0F0128010F0030C0F
:1006500000F01B80CCF1040CBCF1020F18BF00F8B5
:10066000012BA8BF20F8022BA1EB0C0100F00DB864
:100670005FEAC17C24BF00F8012B00F8012B48BFC2
:1006800000F8012B70474FF0000200B51346944666
:100690009646203922BFA0E80C50A0E80C50B1F1DA
:1006A0002001BFF4F7AF090728BFA0E80C5048BFEE
:1006B0000CC05DF804EB890028BF40F8042B08BF8C
:1006C000704748BF20F8022B11F0804F18BF00F888
:1006D000012B704770477047704710B500F008F85D
:1006E000006810BD10B5044600F002F8046010BDAB
:1006F00000487047700000240048704770000024D4
:100700007546FFF7F9FFAE4605006946534620F0EF
:100710000700854618B020B5FFF74EFEBDE8204023
:100720004FF000064FF000074FF000084FF0000BAD
:10073000AC46ACE8C009ACE8C009ACE8C009ACE81C
:10074000C00921F007018D46704710B50446AFF38C
:1007500000802046BDE81040FFF717BE0149182071
:10076000ABBEFEE72600020070470000000000005C
:10077000082801D90120704707D140F2D431C2F2D4
:100780000041CA7A82F00102CA7240F21001C2F23C
:10079000004108700020704770B584B012F024FE4C
:1007A00040F2D435C2F2004518B1297B11B90021BD
:1007B000E9812873687B08B306F016F9697B044663
:1007C0004A1E0A2A00F24A82DFE812F00C00F80002
:1007D000C200D000AC003C014A01E4006801BA004C
:1007E0005A0100BF12F014FE002800F036820020EB
:1007F000E8732870A5F80D0004B070BD40F2100435
:10080000EFF31080C2F2004472B600284FF0FF00F0
:100810002678207002D0FF2E04D1A1E262B6FF2E0E
:1008200000F09E82072E69D0022E0BD112F0A4FD9B
:10083000002869D09FEDB50A12F0A2FE287004B01E
:1008400070BD00BF12F0D0FD00285DD0082E00F270
:100850008782DFE816F00B005D0109003F018F0180
:100860009F0175015300B901E4E700BFA87B01288F
:1008700040F05981E87B012840F05581287A012811
:1008800001D100202872002E00F03E8240F2EC11CF
:100890009FEDDF2AC2F200410020686191ED000A5D
:1008A00091ED011A30EE023A91ED024A85ED063AD9
:1008B0009FEDD83A30EE030A9FEDD73A71EE030A66
:1008C0009FEDD63A91ED037A31EE025A34EE031AD7
:1008D000A86277EE031A85ED075A34EE026A37EE06
:1008E000022A85ED086A85ED092A13F015FC002817
:1008F000287040F03582022035E200BF12F0C4FBC0
:10090000287004B070BD00BFEFF3108072B621787C
:10091000FF2908BF2670002840F0228262B604B08A
:1009200070BD00BF12F018FF002800F09681002073
:1009300028704FF40070A5F80D0004B070BD00BF22
:1009400012F0B6FB002800F088810120ACE000BF67
:1009500012F002FF002800F0808112F0C1FE002892
:10096000287040F086800420ABE000BF12F084FCC9
:10097000022800F07281002840F09C809FEDBE0AA2
:10098000F0EE400A13F048FC0028287071D10520D1
:1009900097E000BF12F070FC022800F05E81002892
:1009A00040F088809FEDB50AF0EE400A13F0F4FAAB
:1009B000002828705DD1092083E000BF684612F04E
:1009C000DFFB002800F0498195ED050AB5EE400AED
:1009D000F1EE10FA12D19DED001A95ED062AB4EE53
:1009E000421AF1EE10FA09DB9DED011A95ED072A86
:1009F000B4EE421AF1EE10FA80F2F6800020D5ED46
:100A00000A0AF5EE400AF1EE10FA40F0FB809DED87
:100A1000021A95ED082AB4EE421AF1EE10FAC0F26D
:100A2000F1809DED031A95ED092AB4EE421AF1EE1C
:100A300010FAC0F2E7800020F0EE080AC4F240008D
:100A4000A862E0E012F088FE002800F00681002095
:100A500028704FF48070A5F80D0004B070BD00BF81
:100A600012F026FB002800F0F88012F001FE28703A
:100A700030B30020687304B0BDE8704013F048BC88
:100A800012F0C6FC002800F0E88040F21001287C3B
:100A9000C2F2004180F00100487006E012F008FB4D
:100AA000002800F0DA800220E873002028706873C4
:100AB00004B070BD28700020687313F029FCCCE0EE
:100AC0000820687305F090FF41F288310844E8621D
:100AD000C3E000BFA87B012840F0818040F2EC1009
:100AE0009FEDAB2AC2F2004090ED000A90ED011A92
:100AF00030EE020A9FEDA72A71EE020A13F08CFB7A
:100B00000028287040F02C8103202CE10000B44321
:100B1000E87BA97BC0B2084305D1E87A18B96078B0
:100B200000287FF4ABAE287A012858D1E87980F00C
:100B30000100E871002028720120287004B070BD07
:100B4000E87B02284BD140F2EC109FED8D1AC2F2E7
:100B5000004090ED020A90ED032A30EE010A72EE99
:100B6000010A13F019FA0028287040F0F9800A20D1
:100B7000F9E000BFA87B022831D19FED830ADFEDA9
:100B8000830A13F049FB0028287040F0E980062012
:100B9000E9E000BFE87B012821D140F2EC109FED95
:100BA000791AC2F2004090ED020A90ED032A30EE6D
:100BB000010A72EE010A13F0EFF90028287040F0E4
:100BC000CF800720CFE000BFE87BE97AAA7BC0B2E4
:100BD000104355D081F0010000F00100E8720120BF
:100BE000287004B070BD00BFB1EE000A4FF0814024
:100BF00068610120D5ED0A0AF5EE400AF1EE10FA1F
:100C00003FF405AF60B113F047FA48B101202CE082
:100C100000004C420000064300000443000005436E
:100C200012F0F6FBC8B1B1EE000A95ED051AB4EE6C
:100C3000401AF1EE10FA10D1B0EE080A95ED0A1A3A
:100C4000B4EE401AF1EE10FA07D10120E87300204B
:100C500028704FF48070A5F80D00697B002900F022
:100C60007F80E86A201A7BD40320287000206873F4
:100C700013F04EFB04B070BD0000B4420000E6C2A9
:100C8000CA073AD040F2EC130020C2F2004393EDC1
:100C9000000AB0EEC01AB0EE080AB4EE401AF1EE47
:100CA00010FA99DCB8EE081A93ED012AB4EE412A45
:100CB000F1EE10FA90DBB4EE402AF1EE10FA3FF7B5
:100CC0008BAF93ED022AB4EE412AF1EE10FAFFF653
:100CD00083AFB4EE402AF1EE10FA3FF77DAF93ED0B
:100CE000032AB4EE412AF1EE10FAFFF675AFB4EE26
:100CF000402AF1EE10FA3FF76FAF297422B39FED4F
:100D00001F0A0020607021E040F2EC109FED223AB3
:100D1000C2F2004090ED000A90ED011A30EE030A95
:100D20009FED1E3A90ED022A71EE030A9FED1C3AE8
:100D300090ED034A32EE031A74EE031A13F0ECF945
:100D4000287068B901200EE09FED0B0AF0EE400A12
:100D5000B0EE401AF0EE401A13F0DEF9287008B138
:100D600004B070BD0B20687305F03EFE41F288317F
:100D70000844E86204B070BD000000000000344286
:100D8000000086C2000032C300003343000031433C
:100D90000000354300003743000006C3000004C3D1
:100DA000000005C300000000002818BF0120A9B101
:100DB00040F2D431C2F20041CA78BAB10A79824213
:100DC00008BF7047CA7A087182F00100C87240F209
:100DD00010000821C2F200400170704740F2D43088
:100DE0000021C2F20040C170704700BF08710120AD
:100DF000C870704700000000002818BF0120B9B17A
:100E000040F2D431C2F200414A79CAB18A798242B1
:100E100008BF7047CA7988710120087220EA02026F
:100E200040F21000C2F20040CA710270704700BF69
:100E300040F2D4300021C2F200404171704700BF3F
:100E4000887101204871704740F2D432002818BFE1
:100E50000120C2F200420029507018BF0121917098
:100E60007047000000000000D1B140F2D431C2F25E
:100E700000414A7A002A00F03F0219D0887A8A722B
:100E800022EA0000C30717D1810717D4410717D4FE
:100E9000010717D4C00658BF7047042013E000BFF5
:100EA00040F2D4300021C2F200404172704700BFCE
:100EB0008A72012048727047002004E0012002E09D
:100EC000022000E0032004A1085C40F21001C2F2FD
:100ED00000410870704700BF0304020506FF0000D0
:100EE000FEE7000000000000F0B583B0002863D0EA
:100EF000044690F82F0001285ED194F82C100029A8
:100F000050D0D4F824C0201D01F0030E04294FF066
:100F100000034FF000055BD2BEF1000F42D005EB9D
:100F200005110CEB810191F82020A2F1090313F1C6
:100F3000080F0BD300EB820252F8042C32B10023CD
:100F40001377C2E90333938582F84230BEF1010F73
:100F500028D091F86420A2F1090313F1080F0BD3F4
:100F600000EB820252F8042C32B100231377C2E95D
:100F70000333938582F84230BEF1020F12D091F80C
:100F8000A810A1F1090212F1080F0BD300EB8100A8
:100F900050F8040C30B100210177C0E903118185BC
:100FA00080F8421094F82D0050B16068002863D09A
:100FB000808D010A62E000BF0125284603B0F0BD24
:100FC000002594F82E00012800F08E80C5E000BFB7
:100FD00001F0FC020CF1EC0105E000BF043501F565
:100FE0008871AA4298D011F8CC6CA6F1090717F1C4
:100FF000080F0AD300EB860656F8046C2EB1C6E93A
:1010000003333377B38586F8423011F8886CA6F144
:10101000090717F1080F0AD300EB860656F8046C8F
:101020002EB1C6E903333377B38586F8423011F821
:10103000446CA6F1090717F1080F0AD300EB8606E6
:1010400056F8046C2EB1C6E903333377B38586F8BE
:1010500042300E78A6F1090717F1080FBED300EB56
:10106000860656F8046C002EB8D0C6E903333377F1
:10107000B38586F84230B1E700200021A2688DF8E0
:1010800004108DF805001AB1908D010A02E000BF2E
:1010900000200021E2688DF806108DF807001AB1D3
:1010A000908D010A02E000BF0020002122698DF826
:1010B00008108DF809001AB1908D010A02E000BFF6
:1010C000002000218DF80A1001AA8DF80B0020687D
:1010D0004FF400710FF060FF0546002818BF01258E
:1010E00094F82E00012838D1606918B1808D010A6A
:1010F00002E000BF00200021A2698DF804108DF8E5
:1011000005001AB1908D010A02E000BF0020002105
:10111000E2698DF806108DF807001AB1908D010A6A
:1011200002E000BF00200021226A8DF808108DF82F
:1011300009001AB1908D010A02E000BF00200021D1
:101140008DF80A1001AA8DF80B00206840F2FF11FB
:101150000FF022FF002818BF012505F045FCA06212
:10116000284603B0F0BD0000844600284FF0000080
:101170001FD0A1F1090313F1080F1AD3CAB15CF80B
:101180002110002908BF7047D1F82A008B6B13602B
:101190004B6B5360CB6BC2E90203B1F84000108285
:1011A00091F84200D074411EB1FA81F1480990745F
:1011B00001207047000000002DE9F04F83B0144675
:1011C0000122002818BF002904D1104603B0BDE851
:1011D000F08F00BFDDF83080A8F1090212F1080F8E
:1011E0004FF00102F1D3002BEFD0002C1CBF91F87F
:1011F00018725FEAC777E8D000F104090F462C2186
:10120000029048461D46FFF73EFA08EB08104FEAE9
:10121000800B20465946FFF736FA029948F2000E35
:101220004FF0000C01F12D0A0F600835C1E9094C9F
:1012300081F82C809FED4D0A9FED4D1AC4F23B5E64
:101240000021019715F8087C7A1ED3B2072B00F213
:10125000878015F8078CB8F1FF0F02D0B8F1010FA5
:101260007ED115ED012AB0EEC22AB4EE402AF1EE8D
:1012700010FA75DC95ED002AB0EEC23AB4EE403AB1
:10128000F1EE10FA6CDC95ED013AB0EEC34AB4EE23
:10129000404AF1EE10FA63DC95ED024A0122B0EE0D
:1012A000C45AB4EE405AF1EE10FA8EDCB5EE402A84
:1012B000F1EE10FAFFF689AFB5EE403AF1EE10FA12
:1012C000A4BFB5EE404AF1EE10FAFFF67EAFB4EEE1
:1012D000412AF1EE10FA3FF778AFB4EE413AF1EE61
:1012E00010FADCBFB4EE414AF1EE10FA3FF76DAFF1
:1012F00059F82320A2BB621882F8207082F821805E
:10130000D5E90076A8686750C2E9016055F8040C79
:101310001063980844318B4505F11405C2E905EEC8
:1013200082F842C049F823204FF001020AF8002059
:101330007FF488AF44F62131C0F60101DDE90102F6
:101340000FF03AFC029900284FF001027FF43DAF04
:1013500081F82F200022104603B0BDE8F08F00BFB7
:101360000122104603B0BDE8F08F00BFFFFF7F7F72
:1013700000401C4600000000002800F0348190F876
:101380002F20012A40F02F81826A8A1A022A38BF50
:101390007047F0B583B090F82C208162002A00F0ED
:1013A000AB8002EB0212D0F824C0930000229FED24
:1013B0008E0A4FF0010E9FED8D1A00249FED8D2AAD
:1013C0009FED8B3A9FED8C4A0CEB0405B5F9286034
:1013D00095ED095AB8EEC55A06EE106A95F92160E6
:1013E00025EE017A05EE106AB8EEC66A95F84060FF
:1013F000B8EEC55A012E86EE006A87EE007A66EED8
:10140000050A27EE056AC5ED0D0A85ED0E6A23D1A2
:10141000EE6B00278E1B152E38BF0127142E85F882
:1014200041701BD895F84260012E17D195ED0C7ACA
:1014300037EE466AB0EEC67AB4EE427AF1EE10FAB2
:101440000CDB2E7F012E23D195ED047A36EE477A00
:1014500087EE047A20E000BF85F84120EA60B0EE14
:10146000435A2A612A7795ED066A4434B1EE467AEA
:10147000B4EE465AF1EE10FA85FE077A36FE075AA8
:10148000A342BDEEC55A15EE106AAE859CD133E07D
:10149000B0EE437A85F81CE0D5ED010A85ED046ACB
:1014A00066EE200AD5ED031AE0EE841AD5ED050AA2
:1014B000F1EE602AC1FEA22AF4EE601AD5ED001A00
:1014C000F1EE10FA70FEA20AC5ED030AE1EE860AFB
:1014D000D5ED021AE1EE870A95ED067AF1EE471A8C
:1014E000C0FEA11AF4EE470AF1EE10FA37FE217A97
:1014F00027EE055AB7E700BF90F82D10B9B3416841
:1015000011B1898D0A0A01E00021002283688DF85B
:1015100004208DF805101BB1998D0A0A02E000BF66
:1015200000210022C3688DF806208DF807101BB13A
:10153000998D0A0A02E000BF0021002203698DF89C
:1015400008208DF809101BB1998D0A0A02E000BF2E
:101550000021002203688DF80A208DF80B1001AAE3
:101560004FF40071044618460FF016FD204690F81F
:101570002E10012934D1416911B1898D0A0A01E087
:101580000021002283698DF804208DF805101BB11D
:10159000998D0A0A02E000BF00210022C3698DF87C
:1015A00006208DF807101BB1998D0A0A02E000BFD2
:1015B00000210022036A8DF808208DF809101BB164
:1015C000998D0A0A02E000BF002100228DF80A204E
:1015D00000688DF80B1001AA40F2FF110FF0DCFC3F
:1015E00003B0BDE8F0407047000010420000343DF9
:1015F00000000000CDCC4C3E6F12033B0000000009
:10160000024600284FF0010016D0A1F1090313F1A2
:10161000080F38BF704752F8211069B1B0EEC01AF8
:101620009FED062AB4EE421AF1EE10FADEBF81ED0C
:101630000C0A81F842000020704700BFFFFF7F7F47
:1016400000285CD090F82F10012958D190F82C1068
:10165000002908BF704770B5D0F824C0043001F0ED
:10166000030E04294FF000034FF0000248D2BEF1F0
:10167000000F42D002EB02110CEB810191F8202007
:10168000A2F1090313F1080F0BD300EB820252F809
:10169000042C32B100231377C2E90333938582F817
:1016A0004230BEF1010F28D091F86420A2F1090365
:1016B00013F1080F0BD300EB820252F8042C32B165
:1016C00000231377C2E90333938582F84230BEF1D9
:1016D000020F12D091F8A810A1F1090212F1080F1F
:1016E0000BD300EB810050F8040C30B100210177DE
:1016F000C0E90311818580F84210BDE87040704751
:1017000001F0FC010CF1EC0405E000BF043204F52B
:1017100088749142ABD014F8CC5CA5F1090616F19F
:10172000080F0AD300EB850555F8045C2DB1C5E917
:1017300003332B77AB8585F8423014F8885CA5F12C
:10174000090616F1080F0AD300EB850555F8045C6D
:101750002DB1C5E903332B77AB8585F8423014F8FA
:10176000445CA5F1090616F1080F0AD300EB8505C4
:1017700055F8045C2DB1C5E903332B77AB8585F8AB
:1017800042302578A5F1090616F1080FBED300EB0B
:10179000850555F8045C002DB8D0C5E903332B77D7
:1017A000AB8585F84230B1E72DE9F04F81B000EE0E
:1017B000102A9FED7D1A0F18401A1C46B8EEC00A79
:1017C00020EE010ABDEEC00A10EE102A17EB020946
:1017D00000EB02064D46A0EB020A3046A7EB020BD7
:1017E00048BFC9F10005002E48BF7042A84288BF1B
:1017F00005465046BAF1000F48BFCAF10000A842A2
:1018000088BF05465846BBF1000F48BFCBF100002A
:10181000A84288BF0546B5F57A6F49D900206F0800
:1018200000945C46B0EB550B4FF47A6260F100080F
:101830003846B9F1000F08EAE97148BF584600235D
:10184000C9FB02012A464FF47A69FEF741FE3A4687
:10185000002E48BF5A4608EAE6710023C6FB09215C
:1018600081464FF47A6610462A46FEF731FE3A4624
:10187000BAF1000F48BF5A4608EAEA710023CAFBD2
:10188000062106464FF47A6A10462A46FEF720FEE5
:10189000002C224648BF5F4608EAE2710023C2FBE3
:1018A0000A7182462A46009C3846FEF711FE83469E
:1018B000A0084A2858D84FEAE970A9FB041200FB97
:1018C000042296204FF09608002A4FEAE27348BFA0
:1018D0006FF09500401843EB02014FF4967200231D
:1018E000FEF7F6FDF117A6FB042301FB0431962356
:1018F000814600294FEAE17648BF6FF095039F18B3
:101900004FF49672714100233846FEF7E1FD4FEA2D
:10191000EA71AAFB042301FB043196230646002941
:101920004FEAE17548BF6FF095039F184FF4967228
:10193000694100233846FEF7CBFD4FEAEB71ABFB64
:10194000042301FB0431824600294FEAE17348BFBA
:101950006FF0950818EB02074FF496725941002377
:101960003846FEF7B5FD834640F264454946C2F26B
:101970000045284612F02CFF58B905F12C003146DD
:1019800012F026FF28B905F15800514612F020FF49
:1019900010B101B0BDE8F08F05F18400594601B0E7
:1019A000BDE8F04F12F014BF9A99D9400000000032
:1019B00003280FD840F20C22C2F2004252784AB1FA
:1019C00040F264422C23C2F2004210FB032012F0CA
:1019D0000FBE00BF002070472DE9F04740F20C26F3
:1019E000C2F20046707818B10020BDE8F08700BF51
:1019F00006F1240440F67C51C2F20041204612F068
:101A000097FC18B10120BDE8F08700BF40F26445A3
:101A100048F22817C2F20045C0F6010728462146C1
:101A20003A4612F001FED0B905F12C0A07F1100276
:101A30005046214612F0F8FD88B905F1580807F123
:101A400020024046214612F0EFFD40B905F184091D
:101A500007F130024846214612F0E6FD30B120463B
:101A600012F0B2FD0120BDE8F08700BF0020307009
:101A700004F0BAFFF06001207070284612F078FE82
:101A8000504612F075FE404612F072FE484612F0C3
:101A90006FFE0020BDE8F0872DE9F04F87B040F2DF
:101AA0000C2BC2F2004B9BF80100012840F006818C
:101AB00004F09AFF0BF124060446304612F0B4FC01
:101AC00040F264454FF00008C2F200450DF11107E5
:101AD00005F12C0A05F1580905F18400039004E092
:101AE000B8F11F0F08F1010822D23046394612F032
:101AF00067FC02281CD00028F2D12846394622462D
:101B000012F0C6FD0028EBD150463946224612F0AD
:101B1000BFFD0028E4D148463946224612F0B8FD00
:101B20000028DDD103983946224612F0B1FDD7E7EF
:101B30002846214612F070FE5046214612F06CFEF7
:101B40004846214612F068FE0398214612F064FED2
:101B5000EFF3108072B6BBF90470BBF90660BBF9F5
:101B600008209BF8023000B962B647EA060010432D
:101B700080B2002818BF01209BF8001003B304298D
:101B800000F0898040F264460021C2F200463046EF
:101B900012F01EFE80B906F12C00002112F018FE92
:101BA00050B906F15800002112F012FE20B906F1DA
:101BB0008400002112F00CFE04208BF800006FE07E
:101BC00004295FD8DFE801F004341822120000BFB6
:101BD00070B900200021002208F016F9024600200A
:101BE00000214FF49673FFF7DFFD54E000284FD03B
:101BF000CBF8104001204CE090B33846314608F055
:101C000003F902464FF496730DE000BF002859D047
:101C100001208BF8000038463146CBF8104008F020
:101C2000F3F80246002338463146FFF7BDFD32E0A7
:101C3000B0B1DBF810003146A4EB0008384608F0DC
:101C4000E3F8B8F5967F024604D34FF49678022065
:101C50008BF80000384631464346FFF7A5FD1AE0F1
:101C6000CBF810406869CBF81400286CCBF818004A
:101C7000E86ECBF81C00D5F89800CBF820000320C4
:101C800007E000BF01208BF80200042001E000BF44
:101C900000208BF80000DBF80C00201A0A280DD376
:101CA0002846CBF80C4012F063FD504612F060FD60
:101CB000484612F05DFD039812F05AFD07B0BDE8EA
:101CC000F08F00BFDBF81010601AC82806D308F0A8
:101CD00003FA00278BF800700AE000BF8C4205D1A0
:101CE000DBE905800190DBE9076050E0C0F1C8073F
:101CF000DBF81420DBF81880DBF81C30019382FB42
:101D000007016420002300294FEAE17148BF6FF00A
:101D10006300C2FB0701DBF820200292C822FEF715
:101D2000D7FB88FB071264260023002A4FEAE271E2
:101D300048BF6FF06306C822C8FB07618046304683
:101D4000FEF7C6FB019B642683FB0712002A4FEABD
:101D5000E27148BF6FF063060190C822C3FB0761C0
:101D600000233046FEF7B4FB029E642386FB071275
:101D7000002A4FEAE27148BF6FF06303C822C6FB36
:101D8000073106461F4600233846FEF7A1FB40F206
:101D900064470290C2F200474146384612F018FDEF
:101DA00000287FF478AF07F12C00019912F010FDA4
:101DB00000287FF470AF07F15800314612F008FD9B
:101DC00000287FF468AF07F18400029912F000FD4B
:101DD00061E700000000000040F20C2CC2F2004C51
:101DE0009CF80130012B19D189B283B2EFF3108036
:101DF00092B272B6ACF804300B43ACF8061053EA5A
:101E00000201ACF808201CBF00218CF80210002849
:101E10001CBF0020704762B6002070470120704749
:101E200040F20C20C2F20040417801290ED1EFF3BC
:101E3000108172B600294FF0000282804FF001013C
:101E4000C2800281817018BF704762B6704700007F
:101E500040F2A421C2F20041CA681AB1904204BF04
:101E6000012088717047000060B1B0B540F2A42431
:101E7000C2F200442178012906D1E168081A18BF8E
:101E80000120B0BD01207047E0600022C4F81A2094
:101E9000FF21C4F81E20012584F82220A282E282BC
:101EA0002283A170611C2261E27022716271A271B1
:101EB000A4F8072062720122258007F0F9FD0028AE
:101EC0000CBF0020A571B0BD70B582B040F2A42552
:101ED000C2F20045E868002848D0A97901290FD14D
:101EE0000024AC7106F014FDE868A5F807406C7298
:101EF00020B1691C012207F0DBFD08B10120A871A7
:101F0000EFF3108172B6E87801280AD1AA8AADF8F9
:101F10000220EA8AADF804202A8BADF806200022C0
:101F2000EA702E79012E05D1AC7800222A7121B9F0
:101F300002E000BFFF2401B962B6C8B916B120465D
:101F4000FEF716FCE86808F003FDE86800F014FCF2
:101F500004F04AFD6979012908D12969401AB0F5D0
:101F6000FA7F03D900206871FFF75AFF02B070BDF5
:101F70000DF10200811C021D0BF042FEBDF90200B2
:101F8000BDF90620BDF90410FFF726FF002ED6D1BB
:101F9000D8E7000000000000F0B581B040F2A424B2
:101FA000C2F20044E368002B6ED098426CD1607A94
:101FB0006178022810D001284AD101F0FE005A2889
:101FC0004CD10322E17602205A29E07108BF092290
:101FD0006072227250E000BFE07994F808C02518C2
:101FE0000130C2B2E0716245A97645D3E07E5B283C
:101FF00038D05A283CD194F81CC094F82270627FE3
:1020000094F81EE0E07F82EA0C0181EA0E0594F864
:10201000201085EA000694F821504E406E40B742E9
:1020200026D14CEA0222A2824EEA0020E08241EA56
:102030000520208304F0D8FC20610120E070E368D3
:1020400060714FF00000A4F807006072A3B919E0B6
:10205000A52911D1A520A07601200CE0A52907D142
:102060000AE000BF207F082802D8A070012020715C
:102070000020A4F807006072611C0122184607F0D6
:1020800017FD08B10120A07101B0F0BD00000000F3
:1020900040F68C40C2F2004002F066B90000000039
:1020A00040F60450C2F2004002F05EB900000000A9
:1020B00040F69C30C2F2004002F056B90000000029
:1020C00040F61440C2F2004002F04EB90000000099
:1020D00040F65400C2F2004002F046B90000000091
:1020E00040F2DC70C2F2004002F03EB90000000095
:1020F00040F6CC00C2F2004002F036B90000000009
:1021000040F64410C2F2004002F02EB90000000078
:1021100040F6AC20C2F2004002F026B900000000F8
:1021200040F62430C2F2004002F01EB90000000068
:1021300040F6BC10C2F2004002F016B900000000E8
:1021400040F63420C2F2004002F00EB90000000058
:1021500040F20F42D0F800C0C4F20202944511DCF4
:102160006F22C4F20202944522DC3F22C4F2020232
:10217000944539DC1022C4F2020294455AD0282238
:1021800054E000BF40F26F42C4F2020294451BDCEF
:1021900040F23F42C4F2020294452DDC40F210426C
:1021A000C4F20202944545D040F228423EE000BF0E
:1021B0009F22C4F20202944528DC7022C4F202027B
:1021C000944537D0882231E040F29F42C4F20202A7
:1021D000944523DC40F27042C4F20202944529D0B7
:1021E00040F2884222E000BF4022C4F2020294453D
:1021F00020D058221AE000BF40F24042C4F202024E
:10220000944517D040F2584210E000BFA022C4F21B
:10221000020294450ED0B82208E000BF40F2B84256
:10222000C4F20202944505D040F2A042C4F2020278
:10223000944517D10CF0F8024AF6AB23103ACAF6CF
:10224000AA23A2FB03310AA35F2AC1F302115B5C3C
:1022500040F2FF312CEA0101C36588BF043181657A
:10226000084670472CF0FF0181650846704700BFA3
:10227000000610160006101670B540F26F44D0F834
:1022800000C0C4F20204D0F858E0A4451ADC9F252F
:10229000C4F20205AC4533DC5725C4F20205AC4557
:1022A0005ADC1025C4F20205AC4500F098802825C0
:1022B000C4F20205AC4500F092804025C4F202054C
:1022C0008AE000BF45F22F45C5F60205AC452DDC7E
:1022D00040F2B745C4F20205AC454BDC40F2704514
:1022E000C4F20205AC457AD040F28845C4F202053A
:1022F000AC4574D040F2A045C4F202056CE000BFCA
:1023000040F22745C4F20205AC4543DCA025C4F2E7
:102310000205AC4563D0B825C4F20205AC455ED0D9
:1023200040F21045C4F2020556E000BF45F26B458D
:10233000C5F60205AC453FDC45F23045C5F6020561
:10234000AC454CD045F24445C5F60205AC4546D0F7
:1023500045F258453EE000BF5825C4F20205AC45A1
:102360003DD07025C4F20205AC4538D08825C4F2B2
:10237000020531E040F2B845C4F20205AC452ED06A
:1023800045F20845C5F60205AC4528D045F21C4586
:1023900020E000BF40F22845C4F20205AC451ED043
:1023A00040F24045C4F20205AC4518D040F2584511
:1023B000C4F2020510E000BF45F26C45C5F6020507
:1023C000AC450CD045F29445C5F60205AC4506D0A7
:1023D00045F28045C5F60205AC4540F0D080456E1B
:1023E000C66E002E866E6E601CBFD0E91C566E60F5
:1023F000A44515DC9F24C4F20204A4452CDC572418
:10240000C4F20204A44551DC1024C4F20204A44521
:102410007AD02824C4F20204A44575D040246FE089
:1024200045F22F44C5F60204A44529DC40F2B74426
:10243000C4F20204A44545DC40F27044C4F2020434
:10244000A44561D040F28844C4F20204A4455BD0A4
:1024500040F2A04454E000BF40F22744C4F202041A
:10246000A4453FDCA024C4F20204A4454CD0B82407
:10247000C4F20204A44547D040F2104440E000BF3B
:1024800045F26B44C5F60204A44555DC45F23044E0
:10249000C5F60204A44561D045F24444C5F60204E1
:1024A000A4455BD045F2584454E000BF5824C4F220
:1024B0000204A44528D07024C4F20204A44523D009
:1024C00088241DE040F2B844C4F20204A4451BD0A5
:1024D00045F20844C5F60204A4453FD045F21C4429
:1024E00038E000BF40F22844C4F20204A4450BD0F7
:1024F00040F24044C4F20204A44505D040F25844DE
:10250000C4F20204A4453AD18468C06D00F01F00F3
:102510003F2505FA00F0CEF80800DCF80000402C5A
:1025200020F48020CCF80000CCF8043023D1CCF883
:102530000820CCF80C1070BD45F26C44C5F60204BE
:10254000A4450BD045F28044C5F60204A44505D04D
:1025500045F29444C5F60204A44510D1C46D01258A
:1025600004F01F04806805FA04F4CEF80440402803
:10257000CCF80430DBD0CCF80810CCF80C2070BDBF
:1025800040F2C821C2F200414A681AB1904204BF29
:102590000120C8737047000060B1B0B540F2C82494
:1025A000C2F200442178012906D16168081A18BFD7
:1025B0000120B0BD0120704760600021E17301225D
:1025C000A1730125A1822161A175E17584F8241010
:1025D000216284F8251084F82610A183A161A177D7
:1025E000E17784F82C10A16284F82D1084F82E1065
:1025F00004F10801257007F05BFA18B10120E573BA
:10260000B0BD00BF0020B0BDB0B540F2C824C2F2DA
:1026100000446068002842D0E17B59B10021E17399
:10262000A17304F108010122012507F041FA0028F5
:1026300018BFE57304F0D8F9A17D31B12169411AC1
:10264000B1F5FA7F01D90021A17594F8251061B187
:10265000216A411AB1F5FA7F07D9002184F82510C3
:1026600084F82410012184F82610A17F31B1A169DA
:10267000411AB1F5FA7F01D90021A17794F82D1004
:1026800069B1A16A401AB0F5FA7F98BFB0BD0020C9
:1026900084F82D0084F82C00012084F82E00B0BDB1
:1026A000F0B581B040F2C824C2F200446368002B48
:1026B0005DD098425BD1A17B207A99B321444872C6
:1026C000A07B0130A073C1B2052947D3A67AA6F139
:1026D000420010F1020F3DD3607A277BE57A627BDE
:1026E00080EA0601694079408A4233D1AA2805D0A0
:1026F000AB282FD145EA072001282BD804F074F924
:10270000617AAA2918D1B6F1400145EA072218BF1B
:10271000012104EBC1018A82086101208875C87516
:1027200018E000BF00F0FE01AA2917D16072012055
:102730006368A07393B918E0B6F1400118BF012196
:1027400004EBC10181F824500862012081F82500C2
:1027500081F8260000206368A07333B104F10801FA
:102760000122184607F0A4F908B10120E07301B076
:10277000F0BD000000000000002808BF704770B5E1
:102780008EB040F2C822EFF3108CC2F2004272B653
:102790000646002410690B90908ABCF1000FADF83A
:1027A0002800907D8DF82600D07D8DF82500116AD7
:1027B000059192F824108DF8101092F825108DF8DC
:1027C0000F1092F826108DF80E1092F827108DF841
:1027D0000910D47582F8264091690891938BADF861
:1027E0001C30917F8DF81A10D17F8DF81910956AE1
:1027F000CDF80A5092F82C508DF8085092F82D50D0
:102800008DF8075092F82E508DF8065092F82F5000
:102810008DF80550D47782F82E4000D162B6B9B158
:1028200044F2AA10ADF83300180A8DF8360083EA96
:1028300013208DF8353080F0EB008DF837000DF166
:10284000330105221423304607F09AF99DF825003C
:10285000B8B1BDF8280044F2AA01ADF83310052242
:102860008DF83500010A80EA10208DF8361080F0CE
:10287000EA008DF837000DF133011423304607F0DC
:102880007FF99DF80600A8B19DF8080044F2AB114D
:10289000ADF8331000218DF8350080F0EA008DF896
:1028A00036100DF133018DF8370005221423304620
:1028B00007F066F99DF80E00A8B19DF8100044F2EB
:1028C000AB01ADF8331000218DF8350080F0EB003E
:1028D0008DF836100DF133018DF8370005221423E1
:1028E000304607F04DF90EB0BDE87040704700006B
:1028F0007047000000000000F0B583B040B390F8CE
:10290000C532012B24D190F8C4320BB3013B002611
:102910008519AF888F421FD0D3B1B5F85C708F4254
:102920002CD0012B14D0B5F8B4708F4246D0022BB6
:102930000ED0B5F80C718F4246D0043B06F5B07648
:102940005F1C4FF00105E3D1284603B0F0BD00BF86
:102950000125284603B0F0BD2C1D9AB194F8520011
:1029600000284FF0010084F8510002D1002084F8C3
:10297000500000256564284603B0F0BD05F15C04F5
:10298000002AEBD16E460746002084F8510020460D
:10299000314600F039FD054650B9BDF800103868E1
:1029A000F21C0EF0F9FA0546022818BF032588B17B
:1029B00084F84150284603B0F0BD00BF05F1B404CF
:1029C000002ADFD0CAE700BF05F58674002AC5D10A
:1029D000D8E700BF002584F8415084F8505004F037
:1029E00003F864306064284603B0F0BD00000000C6
:1029F000F0B587B060B3002B4FF000041CBF90F817
:102A0000C5725FEAC77703D1204607B0F0BD00BFAB
:102A100090F8C462002EF7D0013E87888F421BD009
:102A2000B6B1B0F85C708F421AD0012E10D0B0F859
:102A3000B4708F4218D0022E0AD0B0F80C718F42B9
:102A400016D0043E00F5B070771CE6D1DCE700BF7D
:102A50000024204607B0F0BD1546041D0BE000BF62
:102A6000154600F15C0406E0154600F1B40402E0EE
:102A7000154600F5867401A9204600261F46C3E9C5
:102A80000066C3E90266C3E90466C3E9066600F0AE
:102A90003BFE3946787670B394F940009DED010A0B
:102AA0009FED1B1A9DED022A80EE010A04EE100A2A
:102AB0009FED181A9DED033A04AB20EE010AB8EE23
:102AC000C44A22EE011A9FED142A23EE022A20EEB8
:102AD000040A21EE041A81ED000A22EE040A81EDB7
:102AE000011A0DCBC860A81A81ED020A33280A61C9
:102AF00038BF01264B618E76B4F85100A1F81B0057
:102B000094F8410001240876204607B0F0BD00BFCC
:102B100035FA8E3CE4380E3F6666E63F0000000062
:102B200040B390F8C522012A24D190F8C4220AB3F8
:102B300010B5531E82888A4224D0EBB1B0F85C20D5
:102B40008A4235D0012B17D0B0F8B4208A4249D040
:102B5000022B11D0B0F80C218A424BD0043B00F577
:102B6000B0705A1C4FF00102E4D1BDE8104010468D
:102B7000704700BF012070470122BDE81040104699
:102B8000704700BF041D94F85300012816D103F0CC
:102B90002BFFE16C401AC82818D30322002084F8C8
:102BA000530084F84120BDE810401046704700BF34
:102BB00000F15C0494F853000128E8D094F8540024
:102BC00050B10022BDE81040104670470222BDE817
:102BD00010401046704700BF94F84120BDE81040F7
:102BE0001046704700F1B40494F853000128E5D171
:102BF000CDE700BF00F5867494F853000128C6D0D5
:102C0000DCE70000000000002DE9F04F81B0012456
:102C1000002818BF002903D1204601B0BDE8F08F7D
:102C2000A3F1090717F1080FF6D3002A1CBF91F88A
:102C300018725FEAC777EFD04FF0000C9FEDC00A23
:102C40004FF0000ECEEBCE0402EB840898F805405E
:102C5000FF2C01D0012C73D198ED021AB0EEC11AED
:102C6000B4EE401AF1EE10FA6ADC98ED031AB0EEF9
:102C7000C11AB4EE401AF1EE10FA61DC98ED041AB4
:102C8000B0EEC11AB4EE401AF1EE10FA58DC98ED2D
:102C9000051AB0EEC11AB4EE401AF1EE10FA4FDC8C
:102CA00098ED061AB0EEC11AB4EE401AF1EE10FA21
:102CB00046DCE1467646741C9C421DD202EB0905B7
:102CC000B8F80040AF8BBC423AD0B71C9F4213D239
:102CD0002F8FBC4234D0F71C9F420DD2B5F85470F0
:102CE000BC422DD004369E4206D2B5F8705009F190
:102CF0007009AC42DFD123E00EF1010E0CF11C0C87
:102D00009E459FD100F1040B0D464FF431710646EC
:102D1000584617461C46FDF7B6FC39883B797A8839
:102D20005846A8463560BA46B146254686F8C4429C
:102D300000F006FD50B10446204601B0BDE8F08F1A
:102D40000124204601B0BDE8F08F00BF0AF108075A
:102D500009F13003DAE9056486CF86C3C9E90F6457
:102D600048469AF80510012D89F8441010D144F610
:102D7000B9310246C0F6010140460DF01DFF0028A2
:102D800000F0D6800324204601B0BDE8F08F00BFDC
:102D9000BAF81C109AF82030BAF81E205C3000F007
:102DA000CFFC0028C7D10AF1240709F18803DAE92A
:102DB0000C6486CF86C3C9E9256448469AF8211079
:102DC000022D89F89C10D2D0BAF838109AF83C300D
:102DD000BAF83A20B43000F0B3FC0028ABD10AF1C5
:102DE000400709F1E003DAE9136486CF86C3C9E935
:102DF0003B6448469AF83D10032D89F8F410B6D08C
:102E0000BAF854109AF85830BAF8562000F586707F
:102E100000F096FC00288ED10AF15C0709F59C733E
:102E2000DAE91A6486CF86C3C9E9516448469AF83C
:102E30005910042D89F84C1199D0BAF870109AF8ED
:102E40007430BAF8722000F5B27000F079FC0028F6
:102E50007FF471AF0AF1780709F5C873DAE92164E4
:102E600086CF86C3C9E9676448469AF87510052D70
:102E700089F8A4113FF47BAFBAF88C109AF890301F
:102E8000BAF88E2000F5DE7000F05AFC00287FF4BE
:102E900052AF0AF1940709F5F473DAE9286486CF92
:102EA00086C3C9E97D6448469AF89110062D89F8D1
:102EB000FC113FF45CAFBAF8A8109AF8AC30BAF83D
:102EC000AA2000F5057000F03BFC00287FF433AF2A
:102ED0000AF1B00709F51073DAE92F6486CF86C3CB
:102EE000C9E9936448469AF8AD10072D89F8541241
:102EF0003FF43DAFBAF8C4109AF8C830BAF8C6200B
:102F000000F51B7000F01CFC00287FF414AF0AF1E0
:102F1000CC0709F5267CDAF8DC6048468ECF8CE8D1
:102F20008E00C9F8A8629AF8C91089F8AC121EE799
:102F30000024012089F8C502204601B0BDE8F08FC9
:102F4000FFFF7F7F00000000002808BF70472DE9C9
:102F5000F04F81B02DED068B8AB0044690F8C50283
:102F6000012840F0BD8094F8C402002800F0B88029
:102F700007AE0D46F71C4FF000099FED5D8A4FF03C
:102F8000000A9FED5C9A4FF000089FED5BAA01F1EB
:102F900064000190481C00900BE000BF8BF84500D6
:102FA00094F8C40208F101080AF1580A804580F03B
:102FB000978004EB0A0B9BF855009BF856100028ED
:102FC0000BF1040046D0DBF848200029A5EB0201F4
:102FD00062D00029E4D49BF858100129E0D19BF974
:102FE00044109BED0C1A9BED0D2A9BED0E3A00EE62
:102FF000101ADBE90F12CDE90512B8EEC00A02A9DA
:10300000324621EE001A22EE002A23EE000A21EEBB
:10301000081A22EE092A20EE0A0A8DED032A21EE73
:10302000091A8DED040A8DED021A00F02DFA002820
:10303000B4D1BDF81C1020683A460DF0ADFF014632
:10304000022818BF03200029A8D100988BF84590CA
:1030500042E000BF19B99BF854100029A0D0DBF85A
:103060004810691A9CD4314600F0CEF9002895D159
:10307000BDF81C1020683A460DF08EFF014602286C
:1030800018BF032000297FF489AF00208BF845008A
:103090004FF000091DE000BF00293FF581AF314628
:1030A00000F0D2F900287FF479AFBDF81C10206839
:1030B0003A460DF071FF0146022818BF032000298F
:1030C0007FF46CAF9BF854008BF84590FF2802D03A
:1030D00001308BF854000198CBF8480060E700BF3E
:1030E0000AB0BDEC068B01B0BDE8F04F704700BFE1
:1030F00035FA8E3C6666E63FE4380E3F000000007D
:10310000D0B14FF00103C2B1B0B588B090F8C5524C
:10311000ED070BD092ED000A9FED525AB0EEC01AA7
:10312000B4EE451AF1EE10FA0ADD012308B0BDE84D
:10313000B0401846704700BF01231846704700BFD3
:1031400092ED011AB0EEC12AB4EE452AF1EE10FA62
:103150003ADC92ED023AB0EEC32AB4EE452AF1EE23
:1031600010FA31DC92ED032AB0EEC24AB4EE454AC1
:10317000F1EE10FA28DC92ED044AB0EEC46AB4EE27
:10318000456AF1EE10FA1FDC90F8C432E3B15D1E1F
:1031900083888B421ED0BDB1B0F85C308B421DD00D
:1031A000012D11D0B0F8B4308B421BD0022D0BD0C2
:1031B000B0F80C318B4219D0043D00F5B0706B1C97
:1031C0004FF00103E4D1B1E7012308B0BDE8B040FE
:1031D000184670471546041D0BE000BF154600F168
:1031E0005C0406E0154600F1B40402E0154600F563
:1031F000867494F940009FED1C6A694605AA05EEA5
:10320000100A20468DED032A8DED044AB8EEC55A0A
:1032100020EE050A21EE051A23EE053A9FED145A19
:1032200020EE060A9FED116A21EE061A8DED011AB5
:1032300020EE060A8DED000A23EE050A8DED020A46
:1032400000F022F9034600287FF470AF04F12C0C43
:103250002FCD8CE82F000023636408B0BDE8B04098
:1032600018467047FFFF7F7F35FA8E3C6666E63F63
:10327000E4380E3F00000000F0B583B030B390F8A2
:10328000C522012A22D190F8C422FAB1013A0023C2
:103290000124C618B7888F421CD0BAB1B6F85C704A
:1032A0008F421DD0012A11D0B6F8B4708F421DD0C4
:1032B000022A0BD0B6F80C718F421DD0043A03F5E8
:1032C000B073571CE5D1204603B0F0BD0124204661
:1032D00003B0F0BD351D95F85210C1B911E000BF23
:1032E00006F15C0595F8521089B90AE006F1B405BB
:1032F00095F8521029B10AE006F5867595F8521036
:1033000029B995F8511011B995F8531021B102243B
:10331000204603B0F0BD00BF6E4607462846314642
:1033200000F0D2F90446A8B90024EC62A86AA864A7
:1033300003F05AFBE8640120A5F85300BDF8001023
:103340003868F21C0DF028FE0146022818BF032140
:1033500018B10C46002085F8530085F841402046FE
:1033600003B0F0BD00000000002849D090F8C4125E
:10337000002945D001F0030C04294FF000034FF061
:1033800000021FD310B589084FF4B07201FB02FE92
:1033900000210022441801F5B0718E4502F10402AB
:1033A00084F85530A36484F8AD30C4F8A03084F8B4
:1033B0000531C4F8F83084F85D31C4F85031E9D1F2
:1033C000BDE81040BCF1000F1AD05821043002FBB8
:1033D00001010023BCF1010F81F851304B640FD083
:1033E000BCF1020F81F8A930C1F89C3008BF7047CA
:1033F000582102FB0100002180F80111C0F8F410EF
:103400007047000000000000024600284FF0010055
:1034100018BF002900D1704713880020B0EBD32FCC
:1034200002D00120704700BF8860486008601288A1
:103430000A8008228A704FF0FF32C1F80320C1F8D9
:103440000620FD228A727047024600284FF00100D4
:1034500018BF002900D1704713880020B0EBD32F8C
:1034600002D00120704700BF886048600860128861
:103470000A8008228A704FF0FF32C1F80320C1F899
:103480000620FC228A727047034600284FF0010094
:1034900018BF002900D1704791ED000A9FED841AF2
:1034A000B0EEC02AB4EE412AF1EE10FAF3DC93ED4F
:1034B000022AB1EE423AB4EE430AF1EE10FAEADB28
:1034C000B4EE420AF1EE10FAE5DC91ED010AB0EE3D
:1034D000C02AB4EE412AF1EE10FADCDC93ED032AA7
:1034E000B1EE423AB4EE430AF1EE10FAD3DBB4EE99
:1034F000420AF1EE10FACEDC91ED020AB0EEC02ADB
:10350000B4EE412AF1EE10FAC5DC93ED042AB1EED7
:10351000423AB4EE430AF1EE10FABCDBB4EE420AD2
:10352000F1EE10FAB7DC91ED032AB0EEC20AB4EE68
:10353000410AF1EE10FAAEDCB5EE402AF1EE10FAD7
:10354000A9DB9FED5C0AB4EE402AF1EE10FAC8BF89
:103550007047002A9FD091ED042AB0EEC23AB4EE33
:10356000413AF1EE10FA96DCB5EE402AF1EE10FA8F
:1035700091DBB1EE041AB4EE412AF1EE10FA3FF7F6
:103580008AAFB3F800C00020B0EBDC2F02D00120DE
:10359000704700BFB0B590605060106093ED022A94
:1035A00091ED004AB1EE423A91ED016A84FE425A31
:1035B000D1ED020AB4EE443A93ED034AF1EE10FA6B
:1035C00086FE447A33FE053AB1EE445A32EE033AAF
:1035D000B4EE465A9FED386AF1EE10FA23EE063A41
:1035E00093ED046A35FE075A32EE022AB1EE467AAE
:1035F00034EE055A83EE022A9FED303A34EE044A47
:1036000025EE035AC0FEC61AB4EE607AD1ED040A64
:10361000F1EE10FA85EE044A37FE215A91ED037A55
:1036200087FE407ADFED261AC0FEC10A198836EE01
:10363000055A118087FE217A0821C0FEA10A9170E7
:1036400025EE035A27EE037A36EE066A20EE833A19
:1036500087EE000A85EE065A83EE011ABCEEC22AF6
:10366000BCEEC44ABCEEC00ABCEEC53A12EE101A5B
:10367000BCEEC11A14EE103A10EE10EA117113EEFE
:1036800010CA0D0A11EE104A19095171190141EAC7
:103690001E219171210911722101D57082F807E074
:1036A00041EA1C21517282F80AC0BDE8B04070475F
:1036B000FFFF7F7F0000FA4300FF7F4700F07F4558
:1036C0000000000000000000024600284FF001004A
:1036D00018BF002900D1704713880020B0EBD32F0A
:1036E00002D00120704700BF8860486008601288DF
:1036F0000A8008228A704FF0FF32C1F80320C1F817
:103700000620FE228A727047024600284FF0000011
:1037100018BF002900D17047B0B502F1140E906AAD
:10372000D2E908459EE8085081E80850C1E9034500
:103730000028486118BF0120BDE8B0407047000074
:10374000F0B581B00F2B154602464FF001001CD892
:10375000DAB10E4629431C460023B3EBD12F14D116
:10376000101D28211746FCF78EFF00200021C4F20F
:103770004810B8600020C4F2F011C4F220103E805E
:10378000C7E9031000207D803C7101B0F0BD00004E
:103790004FF0000C002818BF002A01D16046704786
:1037A000082BFBD143889942F8D192F800C00379E5
:1037B0000CF00F01994267D180B5B2F8011013796E
:1037C00092F803E090ED021A31EE012A90ED045ACE
:1037D00009BA9FED2E7A090C75EE050A00EE101A53
:1037E0004FEA0E1192F805E041EA131103F00F03BE
:1037F00003EE101AB8EE400A4EEA032106EE101A44
:10380000B8EE433A4FFA8CFE22EE000A5FFA8EF3CE
:1038100090ED032A32EE024A4FF00F0CB8EE466AE2
:10382000DCEB131180EE070A4FF0010C24EE033A93
:1038300020EE864A30EE410A9FED151A83EE013ADA
:1038400080ED050A84EE011A33EE420A80ED060A85
:1038500031EE450A80ED070A18BF19091B0980F8E7
:10386000223001EADE1180F82310917980F82010CF
:103870000299D279416280F82120826A511C8162CA
:10388000BDE88040604670470020704700FF7F47DA
:1038900000F07F450000000072B600BFFEE70000A8
:1038A00044F60400C5F60200816841F0020181601F
:1038B0000168890409D4016889045CBF01685FEA72
:1038C000814102D401688904F2D5704700000000EC
:1038D00040F67C50C2F2004002F02EB90000000019
:1038E00040F61C60C2F2004002F026B90000000061
:1038F00040F6BC60C2F2004002F01EB900000000B9
:1039000010B540F29C24C2F200442078012815D161
:1039100042F6AC00C2F200400CF002F810B10120F7
:1039200010BD00BF2078012808D142F6C870C2F24D
:103930000040BDE810400DF08FB900BF002010BD61
:1039400040F29C20C2F20040017842F6AC00C2F284
:103950000040002908BF0846704700000000000032
:1039600040F29C20C2F20040017842F6C870C2F2D8
:103970000040002908BF0846704700000000000012
:1039800040F61C62C2F2004290420DD040F6BC628A
:10399000C2F20042904218BF704742F6C870C2F2AD
:1039A00000400DF061B900BF42F6AC00C2F2004029
:1039B0000BF0BEBF0000000040F61C62C2F20042E5
:1039C00090420DD040F6BC62C2F20042904218BF55
:1039D000704742F6C870C2F200400DF055B900BF02
:1039E00042F6AC00C2F200400BF0B2BF0000000093
:1039F000B0B540F29C24C2F20044217811B10020FD
:103A0000B0BD00BF80B1416871B1017A61B10546B6
:103A1000027842F6AC0040F61C61C2F20040C2F2ED
:103A200000410BF0E9FF08B10120B0BD2B7A42F64E
:103A3000C87040F6BC616A68C2F20040C2F2004140
:103A40000DF072F940B142F6AC00C2F200400CF049
:103A5000D7F80120B0BD00BF0020606001212170B7
:103A6000B0BD00000000000040F29C20C2F2004007
:103A70000078012806D142F6AC00C2F200400BF0FB
:103A80004FBF00BF00207047B0B540F29C25C2F286
:103A900000452878012818BFB0BD02F0A5FF29789D
:103AA000012934D1044642F6AC00C2F200400BF0CA
:103AB00037FF08B36868201A29D404F164006860ED
:103AC00042F6AC00C2F200400BF02AFF28B142F6E9
:103AD000AC00C2F200400CF013F842F6C870C2F21B
:103AE00000400DF0B9F890B142F6C870C2F2004043
:103AF0000DF01AFA0BE000BF2878012807D142F632
:103B0000C870C2F200400DF0A7F80028D2D142F6EA
:103B1000AC00C2F200400BF0B7FF42F6C870C2F230
:103B20000040BDE8B0400DF0AFB90000000000005B
:103B300040F29C20C2F200400078012806D142F6F3
:103B4000C870C2F200400DF087B800BF0020704777
:103B500010B540F29C24C2F200442078012818BF1E
:103B600010BD42F6AC00C2F200400CF049F842F63B
:103B7000C870C2F200400DF047FA0020207010BD5E
:103B80002DE9F041044602F02FFF3CB3054694F8BE
:103B90003500022826D1276840F20F46C4F20206FB
:103BA00040F26F483868B74220F0010038606FF08B
:103BB0000E00C4F202081DDC6F21C4F202018F4224
:103BC0002ADC3F21C4F202018F4241DC1021C4F201
:103BD00002018F4263D028215CE000BF0120BDE8D4
:103BE000F08100BF802060650120002184F834103E
:103BF000BDE8F08147451BDC40F23F41C4F20201C1
:103C00008F422DDC40F21041C4F202018F4246D0B7
:103C100040F228413EE000BF9F21C4F202018F42E2
:103C200028DC7021C4F202018F4238D0882131E0B3
:103C300040F29F41C4F202018F4223DC40F2704106
:103C4000C4F202018F422AD040F2884122E000BF34
:103C50004021C4F202018F4221D058211AE000BF56
:103C600040F24041C4F202018F4218D040F2584164
:103C700010E000BFA021C4F202018F420FD0B82192
:103C800008E000BF40F2B841C4F202018F4206D002
:103C900040F2A041C4F202018F42394607D13946B1
:103CA000386820F01E0041F8140B6FF080000A689D
:103CB000474500EA020008601ADC9F20C4F20200B7
:103CC000874233DC5720C4F2020087425ADC1020BE
:103CD000C4F20200874200F097802820C4F202005C
:103CE000874200F091804020C4F202008AE000BFC9
:103CF00045F22F40C5F6020087422DDC40F2B74066
:103D0000C4F2020087424BDC40F27040C4F2020071
:103D1000874279D040F28840C4F20200874273D0D3
:103D200040F2A040C4F202006CE000BF40F2274025
:103D3000C4F20200874243DCA020C4F202008742A2
:103D400062D0B820C4F2020087425DD040F2104039
:103D5000C4F2020056E000BF45F26B40C5F6020017
:103D600087423FDC45F23040C5F6020087424BD027
:103D700045F24440C5F60200874245D045F258401E
:103D80003EE000BF5820C4F2020087423CD07020C1
:103D9000C4F20200874237D08820C4F2020031E02A
:103DA00040F2B840C4F2020087422DD045F20840EC
:103DB000C5F60200874227D045F21C4020E000BF34
:103DC00040F22840C4F2020087421DD040F2404039
:103DD000C4F20200874217D040F25840C4F20200F9
:103DE00010E000BF45F26C40C5F6020087420BD0E0
:103DF00045F29440C5F60200874205D045F2804066
:103E0000C5F60200874205D1206E016821F4807159
:103E1000016000BF3868C00710D002F0E5FD401B0C
:103E20000628F7D320206065032084F835000120A0
:103E3000002184F83410BDE8F08100BF206808211B
:103E4000B0424FF03F0211DC6F23C4F202039842EC
:103E50001EDC3F23C4F20203984235DC1023C4F277
:103E60000203984257D0282350E000BF40451BDC96
:103E700040F23F43C4F2020398422DDC40F210436B
:103E8000C4F20203984246D040F228433EE000BF0D
:103E90009F23C4F20203984228DC7023C4F2020379
:103EA000984238D0882331E040F29F43C4F20203A5
:103EB000984223DC40F27043C4F2020398422AD0B5
:103EC00040F2884322E000BF4023C4F2020398423C
:103ED00021D058231AE000BF40F24043C4F202034D
:103EE000984218D040F2584310E000BFA023C4F21B
:103EF000020398420FD0B82308E000BF40F2A0436D
:103F0000C4F20203984206D040F2B843C4F202035E
:103F1000984240F0C580D4E9163707F01F074045A6
:103F200002FA07F25A5019DC9F21C4F202018842BA
:103F300032DC5721C4F20201884259DC1021C4F25C
:103F40000201884200F096802821C4F202018842D2
:103F500000F090804021C4F2020189E045F22F4137
:103F6000C5F6020188422DDC40F2B741C4F20201DD
:103F700088424BDC40F27041C4F20201884279D0A1
:103F800040F28841C4F20201884273D040F2A0415D
:103F9000C4F202016CE000BF40F22741C4F202010A
:103FA000884243DCA021C4F20201884262D0B821D9
:103FB000C4F2020188425DD040F21041C4F2020115
:103FC00056E000BF45F26B41C5F6020188423FDC76
:103FD00045F23041C5F6020188424BD045F24441DA
:103FE000C5F60201884245D045F258413EE000BF87
:103FF0005821C4F2020188423CD07021C4F202016F
:10400000884237D08821C4F2020131E040F2B84141
:10401000C4F2020188422DD045F20841C5F60201E2
:10402000884227D045F21C4120E000BF40F22841E1
:10403000C4F2020188421DD040F24041C4F20201A4
:10404000884217D040F25841C4F2020110E000BF8C
:1040500045F26C41C5F6020188420BD045F294410D
:10406000C5F60201884205D045F28041C5F602013D
:1040700088420BD1616EA26EE06E4A6030B1016879
:1040800021F480710160D4E91C014160012084F8B1
:1040900035000020002184F83410BDE8F08100BF15
:1040A0000421012237E70000F0B190F83510022911
:1040B00018D180B540F20F420168C4F20202914269
:1040C00014DC6F23C4F20203994225DC3F23C4F2BF
:1040D000020399423CDC1023C4F2020399425DD0F2
:1040E000282357E0802141650120704740F26F434B
:1040F000C4F2020399421BDC40F23F43C4F20203C4
:1041000099422DDC40F21043C4F20203994245D09B
:1041100040F228433EE000BF9F23C4F202039942CD
:1041200028DC7023C4F20203994237D0882331E09F
:1041300040F29F43C4F20203994223DC40F27043F1
:10414000C4F20203994229D040F2884322E000BF22
:104150004023C4F20203994220D058231AE000BF42
:1041600040F24043C4F20203994217D040F2584350
:1041700010E000BFA023C4F2020399420ED0B8237E
:1041800008E000BF40F2B843C4F20203994205D0F0
:1041900040F2A043C4F20203994275D191424FF01C
:1041A000040280F8352011DC6F20C4F20200814245
:1041B00022DC3F20C4F20200814239DC1020C4F22C
:1041C0000200814259D0282054E000BF40F26F40E5
:1041D000C4F2020081421BDC40F23F40C4F2020004
:1041E00081422DDC40F21040C4F20200814244D0F2
:1041F00040F228403EE000BF9F20C4F2020081420E
:1042000028DC7020C4F20200814236D0882031E0E0
:1042100040F29F40C4F20200814223DC40F2704031
:10422000C4F20200814228D040F2884022E000BF60
:104230004020C4F2020081421FD058201AE000BF83
:1042400040F24040C4F20200814216D040F2584091
:1042500010E000BFA020C4F2020081420DD0B820BF
:1042600008E000BF40F2B840C4F20200814204D02E
:1042700040F2A040C4F202008142086820F0010030
:104280000860002080BD00BF0A6822F001020A60B9
:1042900045F25742C5F6020291420A6822F00E0228
:1042A0000A600FDC45F22F42C5F60202914219DC8A
:1042B00045F20842C5F60202914229D045F21C425D
:1042C00022E000BF45F27F42C5F60202914213DCB4
:1042D00045F25842C5F60202914219D045F26C42AD
:1042E00012E000BF45F23042C5F6020291420FD003
:1042F00045F2444208E000BF45F29442C5F602028E
:10430000914205D045F28042C5F6020291421AD18F
:10431000D0E9181CD0E916E30A6822F480720A601A
:1043200003F01F01012202FA01F1CEF80410816EA0
:10433000CCF80410C16E31B10A6822F480720A60B0
:10434000D0E91C124A60012180F83510016D00226D
:10435000002980F8342094D08847002080BD0000D8
:10436000406D7047000000002DE9F04782B0002149
:10437000019140F2080148F2B513C2F20041C1F6C2
:104380004E33856D40F26F490A680168C4F2020934
:104390002E68A2FB032849452A6815DC9F22C4F237
:1043A000020291422CDC5722C4F20202914251DCFB
:1043B0001022C4F2020291427BD02822C4F20202EF
:1043C000914276D040226FE045F22F43C5F60203BA
:1043D000994229DC40F2B743C4F20203994245DC1A
:1043E00040F27042C4F20202914262D040F288422E
:1043F000C4F2020291425CD040F2A04254E000BFFD
:1044000040F22742C4F2020291423FDCA022C4F2F1
:10441000020291424DD0B822C4F20202914248D029
:1044200040F2104240E000BF45F26B43C5F6020384
:10443000994275DC45F23043C5F60203994200F01B
:10444000828045F24443C5F6020399427BD045F28F
:10445000584373E05822C4F20202914229D07022DC
:10446000C4F20202914224D088221DE040F2B843F7
:10447000C4F2020399421CD045F20843C5F6020378
:10448000994260D045F21C4358E000BF40F22842F8
:10449000C4F2020291420CD040F24042C4F2020245
:1044A000914206D040F25842C4F20202914240F0DA
:1044B0005383C26D082302F01F0240F20F4A93405B
:1044C000C4F2020A334200F0DE8051454FF004048A
:1044D00012DC6F27C4F20207B9426DDC3F27C4F239
:1044E0000207B94200F39C801027C4F20207B942C8
:1044F00000F0BD802827B5E0494569DC40F23F4720
:10450000C4F20207B94200F3938040F21047C4F2AC
:104510000207B94200F0AB8040F22847A2E000BF9A
:1045200045F26C43C5F6020399420CD045F2804334
:10453000C5F60203994206D045F29443C5F602033C
:10454000994240F009830B68C76D07F01F070426E6
:10455000BE40164218BF13F0040423D10226BE4009
:10456000164218BF13F0020442D1FA40120740F17C
:10457000F38213F0080200F0EF820A6822F00E02C4
:104580000A60012101FA07F26A60416580F835107E
:10459000C16C00294FF0000280F8342040F0D8822E
:1045A000DAE200BF1A046E6034D49A0635D40A6881
:1045B00022F004020A6030E09F27C4F20207B942E9
:1045C00040DC7027C4F20207B94250D0882749E086
:1045D00040F29F47C4F20207B9423BDC40F2704709
:1045E000C4F20207B94242D040F288473AE000BF25
:1045F0001A046E6000F1B4829A0600F1B5820A686E
:1046000022F00A020A60012180F83510002180F8AA
:104610003410A9E2D90300F1A982016C97E200BF2E
:104620004027C4F20207B94221D058271AE000BF40
:1046300040F24047C4F20207B94218D040F258474E
:1046400010E000BFA027C4F20207B9420FD0B8277C
:1046500008E000BF40F2A047C4F20207B94206D00A
:1046600040F2B847C4F20207B94218BF08240F68E5
:10467000274208D00F6827F004070F60AB60436D36
:1046800043F0010343650123934033426FD051450A
:1046900010DC6F27C4F20207B9421DDC3F27C4F2C9
:1046A0000207B94234DC1027C4F20207B94256D0DF
:1046B00028274FE049451BDC40F23F47C4F2020780
:1046C000B9422DDC40F21047C4F20207B94246D08D
:1046D00040F228473EE000BF9F27C4F20207B942DC
:1046E00028DC7027C4F20207B94238D0882731E0AD
:1046F00040F29F47C4F20207B94223DC40F2704700
:10470000C4F20207B9422AD040F2884722E000BF33
:104710004027C4F20207B94221D058271AE000BF4F
:1047200040F24047C4F20207B94218D040F258475D
:1047300010E000BFA027C4F20207B9420FD0B8278B
:1047400008E000BF40F2A047C4F20207B94206D019
:1047500040F2B847C4F20207B94240F00D824F69F7
:104760003F0604D5AB60436D43F002034365042369
:10477000934033426FD0514510DC6F27C4F20207DB
:10478000B9421DDC3F27C4F20207B94234DC1027CE
:10479000C4F20207B94256D028274FE049451BDC36
:1047A00040F23F47C4F20207B9422DDC40F2104705
:1047B000C4F20207B94246D040F228473EE000BFAB
:1047C0009F27C4F20207B94228DC7027C4F202070F
:1047D000B94238D0882731E040F29F47C4F202073F
:1047E000B94223DC40F27047C4F20207B9422AD032
:1047F00040F2884722E000BF4027C4F20207B942D6
:1048000021D058271AE000BF40F24047C4F2020707
:10481000B94218D040F2584710E000BFA027C4F2B8
:104820000207B9420FD0B82708E000BF40F2A04706
:10483000C4F20207B94206D040F2B847C4F20207F8
:10484000B94240F0A1810F68BF0704D5AB60436D4A
:1048500043F004034365102303FA02F2324200F0EE
:10486000828051454FF0080310DC6F27C4F2020725
:10487000B9421DDC3F27C4F20207B94234DC1027DD
:10488000C4F20207B94256D028274FE049451BDC45
:1048900040F23F47C4F20207B9422DDC40F2104714
:1048A000C4F20207B94246D040F228473EE000BFBA
:1048B0009F27C4F20207B94228DC7027C4F202071E
:1048C000B94238D0882731E040F29F47C4F202074E
:1048D000B94223DC40F27047C4F20207B9422AD041
:1048E00040F2884722E000BF4027C4F20207B942E5
:1048F00021D058271AE000BF40F24047C4F2020717
:10490000B94218D040F2584710E000BFA027C4F2C7
:104910000207B9420FD0B82708E000BF40F2A04715
:10492000C4F20207B94206D040F2B847C4F2020707
:10493000B94218BF04230F681F4214D0AA600A6846
:1049400052030A6808D4D20508D40A6822F0080283
:104950000A60016C21B906E0110351D4016C11B158
:10496000044688472046C16D01F01F02202101FA4C
:1049700002F3334200F0AF8001681027514511DC8B
:104980006F26C4F20206B1421EDC3F26C4F20206C4
:10499000B14239DC1026C4F20206B1425BD02826AF
:1049A00054E000BF49451BDC40F23F46C4F202061A
:1049B000B14231DC40F21046C4F20206B1424AD0A4
:1049C00040F2284642E000BF9F26C4F20206B142F0
:1049D0002CDC7026C4F20206B1423CD0882635E0B9
:1049E00040F29F46C4F20206B14227DC40F2704614
:1049F000C4F20206B1422ED040F2884626E000BF43
:104A0000816C0029ACD1AEE74026C4F20206B14267
:104A100021D058261AE000BF40F24046C4F20206F8
:104A2000B14218D040F2584610E000BFA026C4F2B0
:104A30000206B1420FD0B82608E000BF40F2A046FF
:104A4000C4F20206B14206D040F2B846C4F20206F1
:104A5000B14218BF02270E683E423CD0AB6090F8CE
:104A60003530042B0B681DD123F016030B604B6906
:104A700023F080034B61036C0BB9836C1BB10B6893
:104A800023F008030B603F219140A960012180F8C9
:104A90003510016D00294FF0000280F8342057D105
:104AA0005AE000BF5A030A680ED4D2050ED40A6831
:104AB00022F010020A60012180F83510002180F8F0
:104AC0003410C16B21B906E0110351D4C16B11B18F
:104AD000044688472046416D00293DD0416DC907F5
:104AE00034D0042180F8351001684FEA98220B6811
:104AF00023F001030B60019B0133019393421AD809
:104B00000B68DB0717D0019B01330193934212D846
:104B10000B68DB070FD0019B0133019393420AD846
:104B20000B68DB0707D0019B01330193934202D846
:104B30000B68DB07DFD10968C9074FF0030108BF25
:104B4000012180F83510002180F83410C16C19B1B2
:104B500002B0BDE8F047084702B0BDE8F08700BFEB
:104B6000D90301D4416CF2E7C16BF0E7816CEEE749
:104B7000416C0029ACD1AEE70B680423934033426B
:104B80007FF4F9AD67E600BF0B6864E60000000043
:104B90002DE9F041044601F027FFFCB140F26F48D7
:104BA00005462068C4F2020840451BDC9F21C4F280
:104BB0000201884232DC5721C4F20201884259DCEA
:104BC0001021C4F20201884200F083802821C4F23F
:104BD0000201884200F07D80402175E00120BDE89F
:104BE000F08100BF45F22F41C5F60201884229DC61
:104BF00040F2B741C4F20201884247DC40F2704102
:104C0000C4F20201884264D040F28841C4F2020139
:104C100088425ED040F2A04156E000BF40F22741FA
:104C2000C4F20201884241DCA021C4F202018842A0
:104C30004FD0B821C4F2020188424AD040F210415C
:104C400042E000BF45F26B41C5F60201884200F325
:104C5000D18045F23041C5F60201884200F0DD8086
:104C600045F24441C5F60201884200F0D68045F283
:104C70005841CDE05821C4F20201884229D0702168
:104C8000C4F20201884224D088211DE040F2B841DC
:104C9000C4F2020188421CD045F20841C5F6020167
:104CA000884200F0BA8045F21C41B1E040F2284150
:104CB000C4F2020188420CD040F24041C4F2020129
:104CC000884206D040F25841C4F20201884240F0C6
:104CD0003981022184F83510002184F834100168EC
:104CE00021F00101016000BF20680168C9070DD0F3
:104CF00001F07AFE401B0628F6D3202060650320D1
:104D000084F835000120BDE8F08100BF48F23F0281
:104D100004F108060168CFF61062114065694CCEB7
:104D20001143A2691943E3693143266A0D43616A5D
:104D30002B43042943EA060343EA020303D1D4E9DF
:104D40000B652E4333436568A5F12906292E00F231
:104D50003182DFE816F02B002B002B002B002B00FC
:104D60002B002F022F022F022F022F022F022F02C1
:104D70002F022F022F022F022F022F022F022F02AB
:104D80002F022B002B002B002B002F022F022F02B3
:104D90002F022B002B002F022F022F022F022F0297
:104DA0002F022B002B002B002B0000BF43F480139D
:104DB00003600429436923F0070341EA030140F03B
:104DC000DD80D4E90A53002B41EA050100F0D680CA
:104DD000B2F5005F00F0B880002A40F0C180022DDB
:104DE00000F0C180012D00F0B580002D00F0BB80E7
:104DF000C4E000BF45F26C41C5F6020188420CD008
:104E000045F28041C5F60201884206D045F2944140
:104E1000C5F60201884240F0958004F1080E022197
:104E200084F83510002184F834100168A3699EE8E5
:104E30000450A2F18005E769B5FA85F566696D0948
:104E4000402A4FEA853543EA07026FF3101142EA20
:104E5000060208BF102541EADC0142EA0E02236A7D
:104E6000294341EAD20141EA131140F80819C0B2BE
:104E7000CD2148433C2101EA9020E0652046FDF722
:104E800067F9E16D012201F01F0102FA01F14160B1
:104E90002068404500F381809F21C4F202018842CE
:104EA00014DC5721C4F20201884227DC1021C4F22D
:104EB0000201884200F0C7802821C4F20201884222
:104EC00000F0C1804021C4F20201B9E040F2274164
:104ED000C4F20201884221DCA021C4F2020188420E
:104EE00000F0B180B821C4F20201884200F0AB802A
:104EF00040F21041C4F20201A2E000BF5821C4F206
:104F00000201884200F09F807021C4F202018842B1
:104F100000F099808821C4F2020191E040F228411A
:104F2000C4F20201884200F08E8040F24041C4F297
:104F30000201884200F0878040F25841C4F2020129
:104F40007EE000BF4020D9E6032D17D8DFE805F04A
:104F50000E0B0E02A3F1C072B2FA82F2520904E003
:104F6000032D03D30AD1C3F300623AB14020606538
:104F7000012084F83500BDE8F08100BF4161204682
:104F8000FDF7E6F8E16D3F2201F01F0102FA01F1A1
:104F90008160206840457FF77FAF45F22F41C5F61D
:104FA0000201884216DC40F2B741C4F20201884295
:104FB00026DC40F27041C4F20201884243D040F244
:104FC0008841C4F2020188423DD040F2A041C4F2BF
:104FD000020135E045F26B41C5F6020188421FDC53
:104FE00045F23041C5F6020188422CD045F24441D9
:104FF000C5F60201884226D045F258411EE000BFA6
:1050000040F2B841C4F2020188421CD045F2084186
:10501000C5F60201884216D045F21C410EE000BFE1
:1050200045F26C41C5F6020188420CD045F294412C
:10503000C5F60201884206D045F28041C5F602015C
:10504000884240F0E18045F2574C45F6FC0EC5F62B
:10505000020CC5F6020E60450EDC45F22F41C5F686
:105060000201884218DC45F20841C5F60201884277
:1050700028D045F21C4121E045F27F41C5F60201EE
:10508000884213DC45F25841C5F60201884219D026
:1050900045F26C4112E000BF45F23041C5F6020115
:1050A00088420FD045F2444108E000BF45F29441E8
:1050B000C5F60201884205D045F28041C5F60201DD
:1050C000884247D100F0FC014CF6CD420839CCF6BD
:1050D000CC42A1FB0212AEF1FC05AEF17C06130935
:1050E000A26803F01F01802A4FF0010205EB83053F
:1050F000256602FA01F26666A26605D100206060AC
:10510000286072601EE000BF6368D9B25F1E072F7F
:105110002960726016D84E1E082E19D260450EF115
:10512000440237DC45F22F41C5F60201884249DCD2
:1051300045F20841C5F60201884259D045F21C41AA
:1051400052E000BF00206067C4E91B005CE000BFC4
:10515000E06E54E000F0F8014AF6AB221039CAF6CE
:10516000AA22A1FB021240F20F43C4F20203082557
:105170001109984203F1AA060B4688BF05EB1213EA
:1051800040F60005B042C4F2020505F1800628BFD2
:105190000B46A5E745F27F41C5F6020188421BDCBC
:1051A00045F25841C5F60201884221D045F26C41D2
:1051B0001AE000BF25F00307742F08BF43F48013E3
:1051C000F6E500BF45F23041C5F6020188420FD036
:1051D00045F2444108E000BF45F28041C5F60201B6
:1051E000884205D045F29441C5F60201884213D1A8
:1051F0000EEB83000121E066B14022676167002168
:105200000160D4E91C01416000206065012184F83F
:105210003510BDE8F08100BF40F60000C4F2020086
:1052200000F1FC0E00F5A072E2E7000000000000B3
:1052300030B110B590F83440012C03D1022010BDDC
:1052400001207047012480F8344090F83540012C4B
:105250002CD1022480F8354000244465D0F800C0E9
:10526000DCF8004024F00104CCF800400446FDF7CF
:1052700003F840F20F4C2068C4F2020C40F26F4178
:105280006045C4F2020119DC6F23C4F202039842A4
:1052900026DC3F23C4F2020398423DDC1023C4F213
:1052A000020398425FD0282358E000BF4FF400610A
:1052B0004165002180F83410012010BD88421BDCBC
:1052C00040F23F43C4F2020398422DDC40F2104307
:1052D000C4F20203984246D040F228433EE000BFA9
:1052E0009F23C4F20203984228DC7023C4F2020315
:1052F000984238D0882331E040F29F43C4F2020341
:10530000984223DC40F27043C4F2020398422AD050
:1053100040F2884322E000BF4023C4F202039842D7
:1053200021D058231AE000BF40F24043C4F20203E8
:10533000984218D040F2584310E000BFA023C4F2B6
:10534000020398420FD0B82308E000BF40F2B843F0
:10535000C4F20203984206D040F2A043C4F2020312
:10536000984240F02F8103680B2262F344030360EC
:10537000226C1AB1082302681A430260884219DCC1
:105380009F22C4F20202904232DC5722C4F202028F
:10539000904259DC1022C4F20202904200F0968042
:1053A0002822C4F20202904200F090804022C4F20F
:1053B000020289E045F22F42C5F6020290422DDC3E
:1053C00040F2B742C4F2020290424BDC40F270421B
:1053D000C4F20202904279D040F28842C4F2020242
:1053E000904273D040F2A042C4F202026CE000BFCF
:1053F00040F22742C4F20202904243DCA022C4F2EF
:105400000202904262D0B822C4F2020290425DD001
:1054100040F21042C4F2020256E000BF45F26B4275
:10542000C5F6020290423FDC45F23042C5F6020268
:1054300090424BD045F24442C5F60202904245D01C
:1054400045F258423EE000BF5822C4F202029042A8
:105450003CD07022C4F20202904237D08822C4F2BB
:10546000020231E040F2B842C4F2020290422DD072
:1054700045F20842C5F60202904227D045F21C428E
:1054800020E000BF40F22842C4F2020290421DD048
:1054900040F24042C4F20202904217D040F2584219
:1054A000C4F2020210E000BF45F26C42C5F60202EF
:1054B00090420BD045F29442C5F60202904205D0CC
:1054C00045F28042C5F60202904274D1236E1A68FA
:1054D000D20303D51A6842F480721A60E36E1BB1DE
:1054E0001A6842F480721A60604511DC6F21C4F2C0
:1054F000020188421EDC3F21C4F20201884235DCF1
:105500001021C4F20201884255D0282150E000BF8A
:1055100088421BDC40F23F41C4F2020188422DDC8C
:1055200040F21041C4F20201884244D040F22841C6
:105530003EE000BF9F21C4F20201884228DC7021B6
:10554000C4F20201884236D0882131E040F29F4106
:10555000C4F20201884223DC40F27041C4F202012D
:10556000884228D040F2884122E000BF4021C4F2A6
:10557000020188421FD058211AE000BF40F240418A
:10558000C4F20201884216D040F2584110E000BF38
:10559000A021C4F2020188420DD0B82108E000BF6A
:1055A00040F2B841C4F20201884204D040F2A04166
:1055B000C4F202018842016841F00101016000204B
:1055C00010BD00BF0268052363F343020260226C32
:1055D000002A3FF4D3AE0423CDE600000000000013
:1055E000B0B5044601F000FA40F200010546C2F2EF
:1055F0000041621C097818BF0C4400BF01F0F4F9A7
:10560000401BA042FAD3B0BD90F89830013B012B6B
:105610000ED80068836D0B4212D0836D0B408B4215
:1056200032D1C36D43F00203C3658B050ED412E083
:1056300000F19C01012002220B681A430A607047A6
:10564000C36D43F00103C3658B0504D5D0F8E0308A
:105650001343C0F8E0304B0504D5D0F8E4301A43CA
:10566000C0F8E4204FF6FF72436DC3F6CF720A40D4
:105670001A4342658A0F4AF614010020C4F2000161
:105680000B681A430A6070470323C3658B05DDD49A
:10569000E1E700000000000090F89830022B1BD1D9
:1056A0002DE9F0430668D6F8C03013F07C5F1BD0BC
:1056B000D6F8C4309B0221D4D6F8C4300C69C3F3A9
:1056C000044CD1E90035002D8D6821D023432B43B4
:1056D00043F0804E20E000BFD0F89C1041F008015C
:1056E000C0F89C1001207047D0F89C1041F02001B8
:1056F000C0F89C100120BDE8F08300BFD0F89C10DA
:1057000041F40071C0F89C100120BDE8F08300BF97
:1057100044EA834343EA050E836ED0F88450D1E90E
:1057200007970CFB03F48B6949EA0767D1F81480EB
:10573000D1F80C901F4305EB840347EA080745F8AE
:1057400024E047EA09475F60CF6887B148F28C15CB
:10575000083303320024C0F6010500BF171957F8BB
:10576000037C1F51CF680434EF5DBC42F6D30121A6
:1057700001FA0CF1C6F8D010C0F894100020BDE872
:10578000F0830000000000007047000000000000EF
:1057900090F89820013A012A0CD880B50A68002AAE
:1057A000CA680FD00B69072A43EA427E18D18B6979
:1057B0001BE000BFD0F89C1041F00201C0F89C1023
:1057C00001207047072A19D10A69D1E906C31204DA
:1057D00042EA032242EA0C0242F0605218E000BFA3
:1057E000D1F808C04B6943EA8C73006F496800EB3D
:1057F000C10240F831E05360002080BD8B68D1E9E0
:1058000004CE9B0743EAC26242EA0C4242EA0E021D
:105810004968C06E40F82120002080BD00000000D3
:1058200090F898C0BCF1010F0ED19200006842EAD6
:105830000111DDF800C041EA430141EA0C01C0F862
:1058400080100020704700BFD0F89C1041F0040188
:10585000C0F89C100120704790F89830012B0DD1B2
:10586000402900684FEAC27110D1D0F8A02022F080
:1058700000421143C0F8A01000207047D0F89C10DF
:1058800041F00401C0F89C1001207047D0F8B0200E
:1058900022F000421143C0F8B01000207047000011
:1058A0007047000000000000FEF76AB8000000002A
:1058B0000068426C02F007000860C2F302204860F2
:1058C000C2F3803302F018008860C2F34010C86051
:1058D000C2F380100861C2F3C0104861C2F3C02057
:1058E0008861C2F30030C861C2F34030C1E90803E7
:1058F000C2F3064200208A627047000000000000E8
:10590000B422402908BFA4220068805800F07F001C
:1059100070470000000000002DE9F04390F89870F7
:10592000022F17D140291FD10468274657F8A06FCE
:1059300016F4FE0F3AD0D4F8A460760640D0D4F81E
:10594000A460D4F8A450ED01C6F3052E42D444253A
:10595000742656E0D0F89C1041F00801C0F89C1065
:105960000120BDE8F08300BF412915D10668374604
:1059700057F8B05F15F4FE0F18D0D6F8B4506D0686
:105980001ED0D6F8B450D6F8B460F601C5F3052E93
:105990002AD44C25782634E0076DB94206D24FF060
:1059A000000C54257C268E462CE000BFD0F89C10BD
:1059B00041F02001C0F89C100120BDE8F08300BF39
:1059C000D0F89C1041F48071C0F89C100120BDE813
:1059D000F08300BF3E684425B6F1FF3F4FF07406E8
:1059E000F4460FDC08E000BF3E684C25B6F1FF3FEF
:1059F0004FF07806F44605DC0EF101043F6804EA36
:105A0000174EF446445985590EFB04F405EB840EF9
:105A100055F8247017F08047576055F8247027F028
:105A2000604608BFC7F38A46166055F8247007F031
:105A30000057976055F8244004F000441461BEF804
:105A40000440D461BEF8064014F00F04D460DEF8C0
:105A5000044004F480145461DEF8044004F400149B
:105A600094619EF8074004F07F041462DEF804405D
:105A70004FEAD474546228D048F28C180026C0F63D
:105A800001080EEB0604751C277A9F55D76818F895
:105A90000770BD4219D29F19657A7D70D56818F8D4
:105AA0000590B51C4D453FBFA57ABD70D56818F867
:105AB00005903CBFF51C4D4507D2E47A0436FC70D6
:105AC000D46818F80440A642DBD3402906D1006808
:105AD000C0F8A8C00020BDE8F08300BF412905D16F
:105AE0000068C0F8B8C00020BDE8F0831F2909D8BD
:105AF0000068012202FA01F1C0F898100020BDE808
:105B0000F08300BF006801F01F01012202FA01F1D9
:105B1000C0F89C100020BDE8F083000000000000E9
:105B20000068D0F8C40000F03F007047000000009B
:105B300070470000000000002DE9F04F87B00446D8
:105B40004AF61000C4F2000001684AF61400C4F2DC
:105B50000000026820680A40D0F850B0D0F8549095
:105B6000056D466D036D0293436D0193036D0693BE
:105B7000436D0593036D0493436D0393D0F854A0D4
:105B8000D0F850805FEACA5311D518F480710ED056
:105B90004FF4807101654AF610010020C4F2000143
:105BA000174608602046FFF7C3FF3A4620685FEAC1
:105BB0004A510BEA090B4FEA827740F14B814AF6D2
:105BC000100918F48061C4F2000910D0D0F8DC107C
:105BD0000092D0F8E42011404FF48062026500206A
:105BE000C9F80000204600F0F3FD009A206805EA9D
:105BF00006050BF4704657B10021016502F0030061
:105C0000C9F8000020463946FFF7BEFD2068DDE9EF
:105C1000012101EA020705F00F0546B106650020E3
:105C2000C9F800002046314600F0DAFD206807F090
:105C3000F00645B105650020C9F800002046294658
:105C400000F0C6FB206846B106650020C9F80000D8
:105C50002046314600F0C0FB20685FEA0A510CD5AF
:105C600018F4006109D04FF4006101650020C9F803
:105C70000000204600F0B8FD20685FEA8A5111D587
:105C800018F400710ED0D0F8D810D0F8E0201140F0
:105C90004FF4007202650020C9F80000204600F0B1
:105CA0009BFD20685FEA0A310CD518F4002109D069
:105CB0004FF4002101650020C9F80000204600F0E3
:105CC00083FB20685FEACA310CD518F4803109D013
:105CD0004FF4803101650020C9F80000204600F033
:105CE00073FD20685FEA4A31DDE9032101EA02051C
:105CF0000CD518F4802109D04FF4802101650020D3
:105D0000C9F80000204600F05BFD20685FEA8A3198
:105D1000DDE9052102EA010205F060710ED518F4F3
:105D200000330BD04FF4003303650023C9F8003073
:105D3000D4F89C3043F08003C4F89C3002F07155D5
:105D400039B101650020C9F800002046FFF7ACFD1D
:105D5000206845B105650021C9F80010D4F89C10F1
:105D60002943C4F89C10A9F5016188420AD0D4F8EF
:105D70009C0000286AD0204607B0BDE8F04FFFF72E
:105D80008FBD00BF606881688907F0D0016A426AF0
:105D9000036A476A114003EA070202F03005D0F8AF
:105DA0002080D0F82490D0F820B0466A026A06928B
:105DB00011F00F01426A0592D0F824A0026A049201
:105DC00003D00162204600F0EFFC08EA09072DB17C
:105DD000606829460562204600F0EEFC5FEA4A60F2
:105DE00006EA0B0607F4C0750ED5049810F04000C3
:105DF0000AD060684023C16BC26B090C02F03F02FD
:105E00000362204600F0D4FCDDE9051000EA01073A
:105E100006F4FC462DB1606829460562204600F074
:105E2000BFFC07F4F02036B161680E62D4F89C1014
:105E30003143C4F89C10002899D061680862D4F8F6
:105E40009C100843C4F89C0091E700BF07B0BDE870
:105E5000F08F00BF4AF61009C4F20009002F05EACE
:105E600006050BF470467FF4C7AED0E600000000D4
:105E7000F0B12DE9F04F83B04AF200080446C4F2B5
:105E800000080068404533D094F89810B9B3816990
:105E900021F01001816100F0A7FD054620688169AD
:105EA000090707D500F0A0FD401B0B28F6D312E030
:105EB00001207047816941F00101816100F094FD8A
:105EC000054600BF20688169C90721D100F08CFD1B
:105ED000401B0B28F6D30120D4F89C100843C4F8CB
:105EE0009C00032084F89800012003B0BDE8F08FE7
:105EF00008F58071616094F898100029C7D10020DE
:105F000084F89900204600F0B3F92068BFE700BF8D
:105F1000816941F002018161217C826922F04002A5
:105F2000012918BF40328261617C826922F480427B
:105F3000012908BF02F580428261A17C826922F4B6
:105F40008052012918BF02F580528261816921F4D3
:105F50004073D4E902120B438361836923F0A403E5
:105F60008361036923F0100303619AB1012A0DD004
:105F7000022A09D08369032A43F0800383610369FD
:105F800043F01002026105D1202200E0042283695F
:105F90001A438261D4E90572E369561E6FF0FF026D
:105FA000256A02EB0323B1F5407F43EA4663A5F17E
:105FB000010646EA030640F20003CFF6FF7303EB47
:105FC000074746EA0701C16110D1D4E90B65D4E95E
:105FD0000917013F02EB06226FF00F063A4306EB6A
:105FE00005173A4303EB01411143C160236E2BB106
:105FF000616ED0F8C0201143C0F8C010E16DCDE94A
:106000000113D94248F28401C0F6010109D0D0F849
:10601000C820A36E22F0070251F823301A43C0F8BB
:10602000C820D4F840C0BCF1000F09D0D0F8BC2083
:10603000636C22F0070251F823301A43C0F8BC20E9
:10604000D4F848B0BBF1000F0AD0D0F8BC20E36C04
:1060500022F0700251F8233042EA0312C0F8BC204B
:10606000D4F850A0BAF1000F0AD0D0F8BC20636D6C
:1060700022F4E06251F8231042EA0121C0F8BC107A
:10608000404504D161688A6822F003028A600021D9
:10609000C4F89410C4F89C10012184F8981004F1FD
:1060A0003409D0F884104FF6FC729143656C99E87E
:1060B0000C02009541EA8201C0F88410D0F88410E7
:1060C00021F47F0141EA0341C0F884109918D0F807
:1060D00088306FF38F0343EA8103C0F88830D0F82B
:1060E000883023F4FE0343EA0943C0F8883001EB0B
:1060F0004903D0F8A0606FF38F0646EA8306C0F824
:10610000A060D0F8A06026F4FE0646EA0C46C0F86F
:10611000A06005FB0C36D0F8B0306FF38F0343EA74
:106120008603C0F8B030D0F8B03023F4FE0343EA61
:106130000B43C0F8B030E36CD0F8AC506FF38F0570
:1061400003FB0B6645EA8605C0F8AC50D4F85480D2
:1061500008FB0A65D0F8F0606FF38F0646EA850603
:10616000C0F8F060D0F8F0E0A66D2EF47C1747EA96
:106170000647C0F8F070F70007EB8507D0F8C0506D
:106180006FF38F052F43C0F8C070D0F8C070009D2A
:10619000DDF804E027F47C1705FB0CFC4AF200054F
:1061A00047EA0E47C0F8C070C4F2000503FB0BC3FA
:1061B00005F54067D0F8C05007EB820207EB81017C
:1061C00025F07C57029D47EA0567C0F8C07001EBD7
:1061D000C90008FB0A372167A16E00EB8C0C6067D1
:1061E00000EB8303E266C4E91EC30EFB01F300EB80
:1061F00087006943C4F8800000EBC600C4F884003F
:1062000000EB8300C4F8880000EB81004DF2FC3104
:10621000C4F20001C4F89000884201D920205BE656
:1062200082421FD21146002041F8040BD4F890306E
:106230009942BFF45AAE506002F10801D4F8903090
:1062400099423FBF906002F10C01D4F8903099421E
:10625000BFF44BAED0601032D4F890108A42E1D334
:1062600043E600BF002003B0BDE8F08F000000004F
:1062700010B586B04DF200420068C4F20002002161
:1062800090420591CDE90311CDE901115CD04AF2AC
:106290000041C4F2000188422ED04AF20001C4F24B
:1062A0000001884240F08B8040F22C4144F2E040F3
:1062B000C2F20041C5F602000A68002A02F101029A
:1062C0000A6008D1C16841F48071C160C16801F4FD
:1062D0008071009100990168132441F0010101606F
:1062E0000068092100F001000090009800204FF4A0
:1062F000C052C5F6020050E040F22C4144F2E040AA
:10630000C2F20041C5F602000A68002A02F1010249
:106310000A6008D1C16841F48071C160C16801F4AC
:106320008071009100990168142441F0020101601C
:106330000068092100F00200009000980020C5F6D6
:10634000020000F5806026E040F22C4144F2E0407B
:10635000C2F20041C5F602000A68002A02F10102F9
:106360000A6008D1C16841F48071C160C16801F45C
:1063700080710091009901689F2441F0080101603B
:106380000068052100F00800009000980020C5F684
:10639000020000F540604FF44052059101A90192BE
:1063A000022202920022CDE9032200F021FA052107
:1063B0000022204600F034FC204600F01DFC06B010
:1063C00010BD000000000000704700000000000049
:1063D000FDF7F2BA00000000704700000000000066
:1063E00090F8981001290DD1022180F898100168C9
:1063F0008A6922F001028A610021C0F89C10002005
:10640000704700BFD0F89C1041F00401C0F89C1008
:10641000012070470000000090F89810022927D151
:10642000016851F8182F42F001020A600A68D20789
:1064300004BF0A685FEAC27222D00A6822F0100222
:106440000A600A68120707D50A68120744BF0A687B
:106450005FEA027200F1D2800A6842F002020A602A
:106460000021C0F89410012280F898200846704757
:10647000D0F89C1041F00801C0F89C100120704732
:106480000A68D20704BF0A685FEAC272D5D10A68F7
:10649000D20704BF0A685FEAC272CED10A68D20787
:1064A00004BF0A685FEAC272C7D10A68D20704BF94
:1064B0000A685FEAC272C0D10A68D20704BF0A68DC
:1064C0005FEAC272B9D10A68D20704BF0A685FEAFC
:1064D000C272B2D10A68D20704BF0A685FEAC27208
:1064E000ABD10A68D20704BF0A685FEAC272A4D1BE
:1064F0000A68D20704BF0A685FEAC2729DD10A68BF
:10650000D20704BF0A685FEAC27296D10A68D2074E
:1065100004BF0A685FEAC2728FD10A68D20704BF5B
:106520000A685FEAC2727FF488AF0A68D20704BFC4
:106530000A685FEAC2727FF480AF0A68D20704BFBC
:106540000A685FEAC2727FF478AF0A68D20704BFB4
:106550000A685FEAC2727FF470AF0A68D20704BFAC
:106560000A685FEAC2727FF468AF0A68D20704BFA4
:106570000A685FEAC2727FF460AF0A68D20704BF9C
:106580000A685FEAC2727FF458AF0A68D20704BF94
:106590000A685FEAC2727FF450AF0A68D20704BF8C
:1065A0000A685FEAC2727FF448AF0A68D20704BF84
:1065B0000A685FEAC2727FF440AF0A68D20704BF7C
:1065C0000A685FEAC2727FF438AF0A68D20704BF74
:1065D0000A685FEAC2727FF430AF0A68D20704BF6C
:1065E0000A685FEAC2727FF428AF0A68D20704BF64
:1065F0000A685FEAC2727FF420AFC3E00A6812073C
:1066000044BF0A685FEA02727FF526AF0A68120784
:1066100044BF0A685FEA02727FF51EAF0A6812077C
:1066200044BF0A685FEA02727FF516AF0A68120774
:1066300044BF0A685FEA02727FF50EAF0A6812076C
:1066400044BF0A685FEA02727FF506AF0A68120764
:1066500044BF0A685FEA02727FF5FEAE0A6812075D
:1066600044BF0A685FEA02727FF5F6AE0A68120755
:1066700044BF0A685FEA02727FF5EEAE0A6812074D
:1066800044BF0A685FEA02727FF5E6AE0A68120745
:1066900044BF0A685FEA02727FF5DEAE0A6812073D
:1066A00044BF0A685FEA02727FF5D6AE0A68120735
:1066B00044BF0A685FEA02727FF5CEAE0A6812072D
:1066C00044BF0A685FEA02727FF5C6AE0A68120725
:1066D00044BF0A685FEA02727FF5BEAE0A6812071D
:1066E00044BF0A685FEA02727FF5B6AE0A68120715
:1066F00044BF0A685FEA02727FF5AEAE0A6812070D
:1067000044BF0A685FEA02727FF5A6AE0A68120704
:1067100044BF0A685FEA02727FF59EAE0A681207FC
:1067200044BF0A685FEA02727FF596AE0A681207F4
:1067300044BF0A685FEA02727FF58EAE0A681207EC
:1067400044BF0A685FEA02727FF586AE0A681207E4
:1067500044BF0A685FEA02727FF57EAE0A681207DC
:1067600044BF0A685FEA02727FF576AE0A681207D4
:1067700044BF0A685FEA02727FF56EAE0A681207CC
:106780007FF56AAED0F89C1041F00101C0F89C1072
:10679000032180F8981001207047000000000000DD
:1067A000704700000000000070470000000000007B
:1067B000704700000000000070470000000000006B
:1067C000704700000000000070470000000000005B
:1067D000704700000000000070470000000000004B
:1067E000704700000000000070470000000000003B
:1067F0002DE9F04F85B00F680390002F00F0E68080
:10680000039842F2004600F126428C4602F1FF72E4
:10681000C5F602060A21B0424FEAB22600F1200076
:1068200008BF09210090082E38BF4FEAB22100248A
:1068300000264FF000080191CDF808C00CE000BF21
:1068400008F10108DCF8007037FA08F106F10206D9
:1068500004F1040400F0BA80012000FA08F217EAFB
:106860000209EDD0DCF804A003200AF0030B00FAC3
:1068700006F5ABF10107012F12D803988768DCE910
:1068800002C3AF43B3403B438360CAF3001743687E
:1068900023EA020207FA08F31A43426008E000BF45
:1068A000DCF808C0BBF1030F08BFBCF1010F2DD00D
:1068B00003994FEA480EE8430CFA06F3CA68BBF1A5
:1068C000020F22EA050242EA0302CA601AD1834695
:1068D0006FF0030000EA5802009804F01C050F2135
:1068E00050F802C001FA05FA02992CEA0A078C4610
:1068F0000B69AB403B438350D1F804A058460AF0E3
:10690000030B0BE0DDF808C008E000BF4FF0030BFD
:10691000B6460BFA06F2DDF808C0D043039B1AF422
:10692000403F1A6802EA00010BFA0EF241EA020146
:1069300019603FF485AF44F2F44040F20845C5F6D3
:106940000200C5F60005016841F00201016001681E
:106950000F2001F00201049128F00301049A04F0D1
:106960000C024B5900FA02F70198BB4300FA02F2FD
:106970004FF0B0401A434A510168DCF8042041EA64
:106980000903D70258BF21EA09039702036040F2C6
:106990000400C5F60000016841EA090358BF21EA76
:1069A000090397030360D0F8801041EA090358BF38
:1069B00021EA0903D203C0F88030C16F41EA09031C
:1069C00058BF21EA0903C3673AE700BF05B0BDE835
:1069D000F08F000000000000002A08BF0904816158
:1069E000704700000000000043F2E410C2F20140D2
:1069F000006870470000000040F2000043F2E4111C
:106A0000C2F20040C2F2014100780A6810440860F6
:106A1000704700000000000080B5032000F030F94E
:106A200001F0C2F944F2184148F2DC03C5F6020154
:106A3000C0F601030A68C2F303229A5C096801F0F8
:106A40000F0102F01F02595CD04040F20C02C2F26A
:106A5000004201F01F0120FA01F1116040F208012B
:106A6000C2F2004108600F2000F00AF800281CBFA5
:106A7000012080BD00F0A8F8002080BD00000000CB
:106A80000F2847D8B0B58AB00446362000222146E8
:106A9000002500F0C5F8362000F0AEF840F2040002
:106AA000C2F20040046044F2E840C5F6020001680A
:106AB00041F010010160006801A900F0100002908F
:106AC000029802A801F0BCF8079C002C18BF012412
:106AD00001F00AF94DF68361A040C4F21B3141F286
:106AE0000002A0FB010140F65C70C2F200404FF0D2
:106AF000FF33C4F20002026003EB9141C0E90115CB
:106B000040F2E731C0E9031501F082FC20B1012019
:106B10000AB0B0BD0120704740F65C70C2F2004080
:106B200001F0AAFC0AB0B0BD10B54EF6A05E4378E5
:106B3000CEF2000E90F800C04EF8083CDEF80030AF
:106B400023F00103CEF8003043684EF8043C037B89
:106B5000C27A817A447B120642EA0372837B42EA5C
:106B6000C141C27B41EA8441447A41EA4341007A0F
:106B700041EA024141EA042141EA400040EA0C00B6
:106B8000CEF8000010BD00004EF62450CEF20000FA
:106B9000BFF35F8F016821F480310160002101673C
:106BA00070470000000000004EF6245140F0010044
:106BB000CEF200010867086840F480300860BFF337
:106BC0004F8FBFF36F8F704781B044F2F4400022C3
:106BD000C5F60200016841F00201016000680F2162
:106BE00000F0020000906FF00100009B01B000F087
:106BF00017B8000000000000002848BF704700F0F0
:106C00001F01012202FA01F14EF20012C0F34A10F4
:106C1000CEF2000242F82010704700000000000091
:106C200070B54EF60C5C4FF0FF36CEF2000C00F162
:106C3000604505F56445DCF80030C3F3022E8EF0A4
:106C40000703042B28BF0423BEF1030406FA03F351
:106C500021EA030100F00F0338BF0024043B0028A1
:106C6000634406FA04F048BF03F10C05A14022EA90
:106C7000000008430001287070BD00000000000003
:106C80004EF60C514FF6FF03CEF200010A681A408F
:106C900060F30A2242F0806040F0FD7008607047A7
:106CA000B0B544F60C05C5F6020529684907296800
:106CB00006D401F00701081A18BF0120B0BD00BFBB
:106CC00021F0070108432860FFF78EFE044600BF4D
:106CD00055F8080C800407D4FFF786FE001BB0F5BA
:106CE0007A7FF5D90120B0BD0020B0BD00000000C2
:106CF00080B500F0D1FF44F2204148F2DC02C5F635
:106D00000201C0F601020968C1F30211515C01F0F1
:106D10001F01C84080BD000080B544F2384EC5F662
:106D2000020E5EF8103C5EF8101C5EF80C2CC1F3ED
:106D3000053CDEF80410BCF1000F19D0C9089FED26
:106D40003C1AD20601EAE27103F003026FF35F31ED
:106D500000EE101AB8EE400ADFE802F0022210221C
:106D60005EF8381C89060DD49FED331A18E000BF79
:106D700000218160C0E9001180BD00BF9FED2D1A88
:106D80000EE000BF5EF8381C49F20002C0F2D032BB
:106D9000C1F3C10122FA01F101EE101AB8EE411A55
:106DA000DEF800109FED253A6FF35F2102EE101A16
:106DB000DEF80010C1F34621B8EE422A013100EEA0
:106DC000032A00EE10CAB7EE003AB8EE400A81EE90
:106DD000000A32EE031A20EE010A01EE101AB8EE94
:106DE000411A80EE011ABCEEC11A80ED001ADEF8DD
:106DF0000010C1F30641013101EE101AB8EE411A3C
:106E000080EE011ABCEEC11A80ED011ADEF8001006
:106E1000C1F30661013101EE101AB8EE411A80EE9D
:106E2000010ABCEEC00A10EE101A816080BD00BFDE
:106E30000024744A20BCBE4B0024744C000000396E
:106E400080B544F2404EC5F6020E5EF8183C5EF87E
:106E5000181C5EF8142CC1F3055CDEF80410BCF1BC
:106E6000000F19D0C9089FED3C1AD20501EAE27162
:106E700003F003026FF35F3100EE101AB8EE400A20
:106E8000DFE802F0022210225EF8401C89060DD4D1
:106E90009FED331A18E000BF00218160C0E90011A6
:106EA00080BD00BF9FED2D1A0EE000BF5EF8401CB4
:106EB00049F20002C0F2D032C1F3C10122FA01F15D
:106EC00001EE101AB8EE411ADEF800109FED253AD7
:106ED0006FF35F2102EE101ADEF80010C1F34621B5
:106EE000B8EE422A013100EE032A00EE10CAB7EED6
:106EF000003AB8EE400A81EE000A32EE031A20EEA4
:106F0000010A01EE101AB8EE411A80EE011ABCEE29
:106F1000C11A80ED001ADEF80010C1F306410131FC
:106F200001EE101AB8EE411A80EE011ABCEEC11A39
:106F300080ED011ADEF80010C1F30661013101EEA7
:106F4000101AB8EE411A80EE010ABCEEC00A10EE2B
:106F5000101A816080BD00BF0024744A20BCBE4B63
:106F60000024744C000000392DE9F0470446C07835
:106F700044F22C480007C5F6020828D5606E4FEA97
:106F8000305103292AD8DFE801F0030B131B00BF9F
:106F9000D8F8001041F40031C8F8001010E000BF2C
:106FA00004F10800022107F0AFFE064680B906E0B2
:106FB00004F12800022107F03BFF064640B9606E4D
:106FC000D8F8241021F440110843C8F82400002602
:106FD0006078C00706D135462FE000BF01266078F3
:106FE000C007F8D0A06D04283ED83546DFE800F091
:106FF00004140E0B0B0000BFD8F80000354640F417
:107000000030C8F800002F46C5B90DE004F1280093
:10701000002107F00DFF04E004F10800002107F053
:1070200073FE05462F464DB9D8F82400A16D20F017
:10703000070000250843C8F8240037466078400759
:107040003AD5D4F8A4004FEA7050052818D8DFE8E4
:1070500000F0031D11232323D8F8000040F4003072
:10706000C8F8000018E000BF01250127607840073C
:10707000E7D421E004F12800002107F0D9FE0AE05E
:1070800001250126607800071AD44FE004F10800BA
:10709000002107F039FE05462E461DB16078000735
:1070A0000ED443E0D8F82C00D4F8A41020F46000EB
:1070B00000250843C8F82C003E466078000735D507
:1070C000D4F8A8004FEA3060052813D8DFE800F0B4
:1070D00004180C1E1E1E00BFD8F8000040F400303B
:1070E000C8F8000012E000BF04F12800002107F0FA
:1070F0009FFE0AE001250127E07880071AD434E0DA
:1071000004F10800002107F0FFFD05462F461DB1E0
:10711000E07880070ED428E0D8F82C00D4F8A81026
:1071200020F0E06000250843C8F82C003746E078DE
:1071300080071AD5E06C4FEA3010032838D8DFE812
:1071400000F009032D0900BFD8F8000040F400301A
:10715000C8F800002E464DB9D8F82000E16C20F0A8
:10716000300000250843C8F820003E466078C0067D
:1071700039D5E06D4FEA3030042847D8DFE800F019
:1071800004221C0A0A0000BFD8F8000040F40030B6
:10719000C8F800002F463DBB1CE000BF04F108000A
:1071A000022107F0B1FD0546002D2E46DED1D3E7C2
:1071B00001250126DAE700BF04F12800002107F0CD
:1071C00037FE04E004F10800002107F09DFD0546AC
:1071D0002F464DB9D8F82400E16D20F4E040002599
:1071E0000843C8F8240037466078800635D5206EFD
:1071F0004FEA3040052815D8DFE800F0041A0E04E5
:10720000040400BF2E46DDB91EE000BF01250127A2
:1072100060788006EBD420E004F12800012107F01B
:1072200007FE0AE0012501266078400619D449E0EE
:1072300004F10800012107F067FD05462E461DB147
:10724000607840060DD43DE0D8F82400216E20F48B
:10725000E02000250843C8F824003E466078400638
:1072600030D5D4F8AC004FEA307005280ED8DFE8EE
:1072700000F00313070303032F46ADB918E000BF66
:1072800004F12800012107F0D3FD0AE001250127C0
:10729000607800061AD43CE004F10800012107F0F0
:1072A00033FD05462F461DB1607800060ED430E050
:1072B000D8F82C00D4F8AC1020F0E04000250843AA
:1072C000C8F82C0037466078000622D5E06E58B129
:1072D000B0F1005F0CD0B0F1805F37D1D8F800007A
:1072E00040F40030C8F800002E469DB908E000BF09
:1072F00004F10800012107F007FD05462E464DB9AF
:10730000D8F82400E16E20F0405000250843C8F86A
:1073100024003E46E078C0071DD0A06C032855D855
:10732000DFE800F008024A08D8F8000040F4003016
:10733000C8F80000A9467DB9D8F82000A16C20F05B
:10734000030000250843C8F8200004E001250126B9
:10735000E078C007E1D1B146A078400602D44F469C
:1073600018E000BFD8F8D40340F48070C8F8D40304
:10737000FFF73AFB064600BFD8F8D403C00507D490
:10738000FFF732FB801B6428F6D90325032701E0B1
:107390002F46FDB12078C00700F06F80A06F4FEA44
:1073A000F00005284ED8DFE800F00353470303033D
:1073B000002D2E4654D157E004F10800022107F0B9
:1073C000A3FC0546002DA946C6D1B5E701254FF01F
:1073D0000109C1E7D8F84410D4F8B000414011F4D5
:1073E000407F11D0D8F84410D8F8442042F48032BD
:1073F000C8F84420D8F8442021F4407122F48032A7
:10740000C8F84420C8F84410B0F5807F40F0D0821E
:10741000FFF7EAFA064641F2883A0325032700BF40
:10742000D8F84400800700F1C182FFF7DDFA801B25
:107430005045F5D9AEE700BF04F12800012107F05F
:10744000F7FC0AE0012501262078800719D446E0E0
:1074500004F10800012107F057FC05462E461DB136
:10746000207880070DD43AE0D8F82800A16F20F0EA
:10747000380000250843C8F828003E4620788007D9
:107480002DD5606F05280FD8DFE800F0041408043C
:10749000040400BF2F46ADB918E000BF04F1280076
:1074A000012107F0C5FC0AE00125012720784007EB
:1074B00019D447E004F10800012107F025FC054636
:1074C0002F461DB1207840070DD43BE0D8F82800A6
:1074D000616F20F0070000250843C8F828003746F0
:1074E000207840072ED5D4F8900005280ED8DFE884
:1074F00000F00313070303032E46ADB918E000BFE5
:1075000004F12800012107F093FC0AE0012501267F
:10751000207880061AD44BE004F10800012107F01E
:10752000F3FB05462E461DB1207880060ED43FE0C1
:10753000D8F82C00D4F8901020F00700002508435C
:10754000C8F82C003E462078800631D5D4F88C004F
:107550004FEA307005280FD8DFE800F00414080463
:10756000040400BF2F46ADB918E000BF04F12800A5
:10757000022107F05DFC0AE0012501272078400682
:107580001AD44BE004F10800002107F0BDFB0546CA
:107590002F461DB1207840060ED43FE0D8F82800D1
:1075A000D4F88C1020F0E04000250843C8F82800EB
:1075B00037462078400631D5D4F898004FEAB020FD
:1075C00005280FD8DFE800F004140804040400BF05
:1075D0002E46ADB918E000BF04F12800022107F0E3
:1075E00027FC0AE001250126207800061AD44EE087
:1075F00004F10800002107F087FB05462E461DB167
:10760000207800060ED442E0D8F82C00D4F8981068
:1076100020F4E05000250843C8F82C003E462078AE
:10762000000634D5D4F89C004FEA7030052815D8F0
:10763000DFE800F0041A0E04040400BF2F46E5B191
:107640002068010727D4C1063ED4000355D477E053
:1076500004F12800022107F0EBFB0AE001250127D5
:1076600020680107EFD516E004F10800002107F0BB
:107670004BFB0546002D2F46E2D1D8F82C00D4F85C
:107680009C1020F4604000250843C8F82C003746C1
:1076900020680107D7D5D4F88000B0F5805F09D104
:1076A00004F12800022107F0C3FB002818BF0127BE
:1076B000D4F88000D8F8281021F440510843C8F8C5
:1076C00028002068C106C0D5D4F89400B0F5807FAA
:1076D00009D104F12800022107F0AAFB002818BFF5
:1076E0000127D4F89400D8F82C1021F440710843F5
:1076F000C8F82C002068000322D5D4F8A000B0F50B
:10770000003F11D0B0F5803F08D0002844D104F1EB
:107710000800002107F0F8FA05E000BF04F1280096
:10772000022107F085FB05462E4655B9D8F82C00F6
:10773000D4F8A01020F4403000250843C8F82C00ED
:107740003E46A07840072CD5D4F88400B0F5401F01
:107750000BD0B0F5001F0BD0B0F5801F2AD1D8F8A0
:10776000000040F40030C8F800002F46D5B907E00B
:1077700004F12800012107F05BFB05462F468DB977
:10778000D8F82800D4F8841020F4401000250843CD
:10779000C8F8280005E000BF01250126A0784007B1
:1077A000D2D43746A078C00709D13E462168880068
:1077B00015D532E001250127A078C007F5D0206D4E
:1077C000B0F5803F10D018BBD8F8000040F400306E
:1077D000C8F800002E4685B1216888001DD4606875
:1077E0008A0326D465E000BF04F10800022107F0F7
:1077F0008BFA0546002D2E46EED1D8F82000216DDB
:1078000020F4803000250843C8F82000CDE700BFF1
:107810000125012621688800E1D504F12800022114
:1078200007F006FB002818BF0126D4E900108A03E0
:107830003FD5E26F6FF0010303EB3223022B0BD332
:107840004FEA322343B1012B40F0AA80D8F8003030
:1078500043F40033C8F8003025B3CA022CD48A029E
:1078600034D44A003CD4CA0F49D1090251D4C107CB
:107870005AD1810763D441076CD4010776D4C1067D
:1078800000F18080800607D504F12800022107F06E
:10789000CFFA002818BF0125002D18BF0125284662
:1078A000BDE8F087D8F8283023F440731A43C8F8AD
:1078B00028203546CA02D2D5D8F82420236F22F0DA
:1078C00000421A43C8F824208A02CAD5D8F82420D6
:1078D000A36E22F080721A43C8F824204A00C2D551
:1078E00058F81C2C22F4004248F81C2CD4F8B42080
:1078F00058F81C3C1A4348F81C2CCA0FB5D0D8F8CD
:107900002020636D22F040521A43C8F8202009025B
:10791000ADD5D8F82810D4F8882021F440011143BF
:10792000C8F82810C107A4D004F10800002107F00E
:10793000EBF9002818BF0546606881079BD504F164
:107940000800012107F0E0F9002818BF054660682B
:10795000410792D504F10800022107F0D5F900286B
:1079600018BF0546606801077FF589AF04F128005C
:10797000002107F05DFA002818BF05466068C106BF
:107980007FF580AF04F12800012107F051FA0028AB
:1079900018BF0546606880063FF576AF7CE700BFFC
:1079A0000125CA027FF55BAF86E700BFD4F8B000BF
:1079B0004FF6CF7358F81C2CC0F2FF0300F440714F
:1079C00022F47C5203EA10136FF31F30B1F5407FAD
:1079D00008BF1A43002548F81C2CD8F84410084367
:1079E000C8F84400FFF7BBBC2DE9F04381B0002884
:1079F00000F0208142F200090446C5F20029D9F8BE
:107A0000000000F00F0081420DD9D9F8000020F0ED
:107A10000F000843C9F80000D9F8000000F00F007B
:107A2000884240F00781206844F218464207C5F6B4
:107A300002060AD52269336803F070039A4204D91A
:107A4000336823F070031A43326002070AD5626973
:107A5000736803F070039A4204D9736823F07003CB
:107A60001A437260C2060AD5A269736803F4E06320
:107A70009A4204D9736823F4E0631A437260820661
:107A80000AD5E269B36803F070039A4204D9B36877
:107A900023F070031A43B26010F002020AD0E368C8
:107AA000376807F00F07BB4204D9376827F00F0784
:107AB0003B433360C3073FD0306820F47062D4E9A1
:107AC00001031A433260012856F8182C0AD0032803
:107AD00004D002280AD192030BD4ABE0920108D45F
:107AE000A8E000BFD20504D4A4E000BF520740F1D3
:107AF000A180884656F8081C21F00701084346F883
:107B0000080CFEF771FF054641F2883756F8080C5D
:107B1000616800F03800B0EBC10F09D0FEF764FFD8
:107B2000401BB842F2D9032001B0BDE8F08300BF8A
:107B30002068414600F0020252B1E268336803F067
:107B40000F039A4204D2336823F00F031A433260C2
:107B5000D9F8002002F00F0291420CD2D9F800208F
:107B600022F00F020A43C9F80020D9F8002002F0E1
:107B70000F028A425ED141070AD52169326802F0BC
:107B80007002914204D2326822F0700211433160D7
:107B900001070AD56169726802F07002914204D24D
:107BA000726822F0700211437160C1060AD5A169A2
:107BB000726802F4E062914204D2726822F4E062D8
:107BC0001143716080060AD5E069B16801F0700167
:107BD000884204D2B16821F070010843B06000F01F
:107BE000E3F8316848F2DC02C0F60102C1F3032178
:107BF000515C336803F00F0301F01F01D25C20FADF
:107C000001F102F01F0040F20C02C2F2004221FA20
:107C100000F0106040F2040040F20802C2F200409E
:107C2000C2F200420068116001B0BDE8F043FEF707
:107C300027BF00BF012001B0BDE8F08300000000B5
:107C40003F22026044F21842C5F6020252F8083C94
:107C500003F007034360136803F4706383601368E1
:107C600003F00F03C360136803F0700303615368EC
:107C700003F070034361536803F4E0638361926827
:107C800002F07002C26142F20000C5F200200068FA
:107C900000F00F000860704780B500F085F844F2EE
:107CA000184148F2DC03C5F60201C0F601030A6878
:107CB000C2F303229A5C096801F00F0102F01F026F
:107CC000595C20FA02F201F01F0040F20C01C2F2EE
:107CD000004122FA00F0086040F20801C2F20041BF
:107CE0000A6080BD0000000080B500F05DF844F23D
:107CF000184C48F2DC03C5F6020CC0F60103DCF8B0
:107D00000020C2F303229A5CDCF8001001F00F019E
:107D100002F01F02595CD04040F20C02C2F2004255
:107D200001F01F0120FA01F1116040F20802C2F2D5
:107D300000421060DCF80400C0F30210185C00F090
:107D40001F0021FA00F080BD80B500F02DF844F24C
:107D5000184C48F2DC03C5F6020CC0F60103DCF84F
:107D60000020C2F303229A5CDCF8001001F00F013E
:107D700002F01F02595CD04040F20C02C2F20042F5
:107D800001F01F0120FA01F1116040F20802C2F275
:107D900000421060DCF80400C0F30220185C00F020
:107DA0001F0021FA00F080BD44F20041C5F6020137
:107DB0000869C0F3C200032816D002280ED000289C
:107DC00032D10868800649F20000C0F2D03058BFB6
:107DD00070470968C1F3C101C840704747F64000C9
:107DE000C0F27D10704700BF8B6A886AD1F82CC042
:107DF0004A6BC0F30510E8B1C2F3CC0203F00303F1
:107E000000EE102A9FED2A1AB8EE400A20EE010A71
:107E10009FED281ADFE803F0022110210A6892067C
:107E20000ED49FED261A18E040F60010C0F23D0077
:107E3000704700BF002070479FED1F1A0DE000BF84
:107E40000A6849F20003C0F2D033C2F3C10223FA38
:107E500002F201EE102AB8EE411A0A6B9FED183AB1
:107E60006FF35F2202EE102A5FEACC7203FE000A73
:107E700003EE100A086BB8EE422AC0F34620B8EEB3
:107E8000433A013030EE020AB7EE002A81EE031ABF
:107E900030EE020A21EE000A01EE100AB8EE411A95
:107EA00080EE010ABCEEC00A10EE100A704700BF57
:107EB000000000390024744A20BCBE4B0024744CDE
:107EC000000000000000000070B3F0B581B004466F
:107ED000007844F20046C007C5F6020626D1207895
:107EE00080076AD5306910F03801B06A42D018298D
:107EF00008BF5FEA80703DD0E0683168002800F07C
:107F00002D8121F0190108433060FEF76DFD054613
:107F1000306840074AD4FEF767FD401B0228F7D9B6
:107F2000032001B0F0BD00BF01207047306900F0B0
:107F30003801B06A102905D018290BD100F00300D0
:107F4000022807D130688003C9D560680028C6D1EF
:107F5000AAE000BF61683068002900F03981B1F5FE
:107F6000A02F00F02D81B1F5803F40F0478140F413
:107F7000803049E130684007E06802D5002800F011
:107F80009380316821F0190108433060FEF72CFD21
:107F9000054600BF3068400708D4FEF725FD401BAA
:107FA00002284FF00300F5D901B0F0BD70682169D7
:107FB00020F0FE4040EA016070602078C0061AD5CB
:107FC000306900F03801B06A082907D0182940F05C
:107FD000858000F00300012840F080803068C005F3
:107FE00002D5E06980285FD1F068216A20F07C50DA
:107FF00040EA0160F060207800073FD420788006D6
:1080000056D42078400700F18180656A9DB33069BD
:1080100000F03800182840F01981012DB16A306B4A
:1080200042D001F00302A36A9A423DD1C1F3051187
:10803000E26A914238D10146226B6FF35F21013A27
:10804000914231D1C0F34622616B01398A422BD172
:10805000C0F30642A16B01398A4225D1C0F3066004
:10806000E16B013988421FD1706BA16CC0F3CC0069
:10807000814240F0A581002001B0F0BD6069002878
:10808000706F59D040F001007067FEF7ADFC0546F7
:10809000706F8007B2D4FEF7A7FC401B0228F7D907
:1080A000032001B0F0BD00BF012001B0F0BD00BF52
:1080B000A0690028306871D040F480503060FEF72D
:1080C00093FC0546306880049BD4FEF78DFC401B72
:1080D0000228F7D9032001B0F0BD00BFE0690028F5
:1080E000306800F0A18040F080003060FEF77CFC3A
:1080F000054600BF3068C0053FF576AFFEF774FC5B
:10810000401B02284FF00300F4D94DE7D6F80004D5
:1081100040F48070C6F80004FEF766FC054600BF18
:10812000D6F80004C0052BD4FEF75EFC401B642883
:10813000F6D9032001B0F0BD20F001007067FEF712
:1081400053FC0546706F80077FF558AFFEF74CFC77
:10815000401B02284FF00300F4D925E721F001006D
:108160003060FEF741FC0546306840077FF525AFDB
:10817000FEF73AFC401B02284FF00300F4D913E746
:10818000A168306F002900F08B80052900F0808005
:10819000012940F09D8040F001009FE020F48050D4
:1081A0003060FEF721FC0546306880047FF529AF7A
:1081B000FEF71AFC401B02284FF00300F4D9F3E647
:1081C00040F480203060306840F480301CE000BF14
:1081D00020F480303060306820F480203060FEF77A
:1081E00003FC0546306880037FF579AEFEF7FCFBA3
:1081F000401B64284FF00300F4D9D5E620F480300A
:108200003060306820F480203060FEF7EDFB0546DA
:10821000306880033FF563AEFEF7E6FB401B642841
:10822000F6D9032001B0F0BD20F080003060FEF7E9
:10823000DBFB05463068C0057FF5DDAEFEF7D4FBFD
:10824000401B02284FF00300F4D9ADE6306820F05F
:1082500080703060FEF7C8FB022D05460CD100BFD0
:10826000306880014CD5FEF7BFFB401B02284FF061
:108270000300F5D998E600BF306880017FF5FBAEBA
:10828000FEF7B2FB401B02284FF00300F4D98BE647
:1082900040F004003067306F40F001001EE000BF86
:1082A00020F001003067306F20F004003067FEF7E7
:1082B0009BFB054641F28837306F80077FF5A5AEFE
:1082C000FEF792FB401BB8424FF00300F4D96BE677
:1082D00020F001003067306F20F004003067FEF7B7
:1082E00083FB054641F28837306F80073FF58DAE3E
:1082F000FEF77AFB401BB8424FF00300F4D953E677
:1083000004F12807B06A40F2F33188438ECF084366
:10831000591E40EA02104FF47E426FF35F21B062B3
:1083200002EB47204FF4FE0280B2E36B0844A16BDE
:1083300002EB01414FF0FE4201F4FE0102EB036249
:10834000084402F0FE4108443063F06A4FF6F871C9
:1083500020F00100F062706BA26C884340EAC2001A
:108360007063F06A216C20F00C000843F062F06A40
:10837000616C20F002000843F062F06A40F4803043
:10838000F062F06A40F40030F062F06A40F480205D
:10839000F062F06A40F00100F062306840F08070F6
:1083A0003060FEF721FB0446306880013FF563AE84
:1083B000FEF71AFB001B02284FF00300F4D9F3E587
:1083C000F06A20F00100F062FEF70EFB0546FEF7B2
:1083D0000BFBA842FBD0706B4FF6F871A26C884380
:1083E00040EAC2007063F06A40F00100F0620020D1
:1083F00001B0F0BD00000000704700000000000068
:1084000070470000000000007047000000000000FE
:1084100060B310B5044690F83D0028B9002084F8F8
:108420003C00204600F024F8022084F83D0020683B
:10843000211D08F0E1FE012084F8480084F83E0088
:1084400084F83F0084F8400084F8410084F842003A
:1084500084F8430084F8440084F8450084F846001A
:1084600084F8470084F83D00002010BD01207047CB
:10847000704700000000000090F83D10012927D14E
:10848000022180F83D1001684DF6FF70C4F2000033
:108490008142C86840F00100C8601BDC40F2FF70F8
:1084A000C4F2000081422DDD40F60000C4F200005D
:1084B00081423DD040F60040C4F20000814237D0F6
:1084C00041F60000C4F20000814231D03CE000BF20
:1084D000012070474FF6FF70C4F2000081421BDD9F
:1084E0000020C4F20100814222D044F20000C4F214
:1084F000010081421CD040F20040C4F201008142E0
:1085000016D021E0B1F1804F12D040F20040C4F209
:10851000000081420CD017E04EF20000C4F20000CF
:10852000814205D04EF20040C4F2000081420BD1DE
:1085300007228868C0F2010202400020062A18BF04
:10854000B2F5803F00D17047086840F00100086034
:10855000002070470000000070470000000000008D
:10856000F0B581B004460068C5680669B10717D543
:1085700015F0020114D06FF0020101610121217791
:108580008069800704D02046FFF7E6FF06E000BFC1
:10859000204600F09DF8204600F09EF8002020774D
:1085A000700719D515F0040016D020686FF004018B
:1085B000016102212177806910F4407F04D02046B8
:1085C000FFF7CAFF06E000BF204600F081F8204612
:1085D00000F082F800202077300717D515F008004A
:1085E00014D020686FF00801016104212177C0696F
:1085F000800703D02046FFF7AFFF05E0204600F0DC
:1086000067F8204600F068F800202077F00619D5BA
:1086100015F0100016D020686FF0100101610821DC
:108620002177C06910F4407F04D02046FFF794FF03
:1086300006E000BF204600F04BF8204600F04CF862
:1086400000202077F00718BF15F0010006D0206841
:108650006FF001010161204600F042F805F080074B
:1086600016F4025F18BF002F02D1F00509D410E004
:1086700020686FF4025101612046FFF7C1FEF0054A
:1086800007D537B120686FF4807101612046FFF78C
:10869000B3FE700609D515F0400006D020686FF0D3
:1086A00040010161204600F027F8B0060CD515F016
:1086B000200009D020686FF020010161204601B040
:1086C000BDE8F040FFF7A0BE01B0F0BD0000000023
:1086D000704700000000000070470000000000002C
:1086E00041F200010068C4F20001884218BF7047DF
:1086F000FEF782B900000000704700000000000093
:1087000090F88410012901D1022070472421C0F87B
:10871000881001680A680B6822F0005223F00103F8
:108720000B60002343660A602021C0F8881080F89F
:108730008430002070470000D0F88C30202B07D107
:1087400010B504460120002918BF002A02D110BD2F
:1087500002207047E0660020206720460AF0F0F80B
:10876000002818BF10BDE06E01282DD1206810210F
:108770000162206850E8000F216840F0100041E8D5
:108780000002002A1FBF206850E8000F216840F057
:1087900010001CBF41E80002002A17D0206850E8F2
:1087A000000F216840F0100041E8000272B120681B
:1087B00050E8000F216840F0100041E8000200205E
:1087C000002AD6D1C3E700BF012010BD002010BD94
:1087D00001F00EBD00000000704700000000000026
:1087E00090F88420012A01D10220704770B524221C
:1087F000C0F888200268D0F864E0BEF1000FD2F81B
:1088000000C0136823F001031360936823F06063D2
:1088100041EA0301916019D0916848F29C1E936867
:10882000C0F6010E5B0F48F2A415C1F34266C0F614
:1088300001051EF80340E95C2301B3FBF1F11EF8CA
:108840000630AE5D1B01B3FBF6F301E0012101230D
:10885000A0F86A102021A0F86830C2F800C0C0F863
:108860008810002180F88410002070BD00000000F6
:1088700090F88420012A01D10220704770B524228B
:10888000C0F888200268D0F864E0BEF1000FD2F88A
:1088900000C0136823F001031360936823F0604362
:1088A00041EA0301916019D0916848F29C1E9368D7
:1088B000C0F6010E5B0F48F2A415C1F34266C0F684
:1088C00001051EF80340E95C2301B3FBF1F11EF83A
:1088D0000630AE5D1B01B3FBF6F301E0012101237D
:1088E000A0F86A102021A0F86830C2F800C0C0F8D3
:1088F0008810002180F88410002070BD0000000066
:1089000070470000000000007047000000000000F9
:1089100010B50446206850E8000F216820F49070DC
:1089200041E80002F2B1206850E8000F216820F40D
:10893000907041E80002002A1FBF206850E8000F35
:10894000216820F490701CBF41E80002002A09D081
:10895000206850E8000F216820F4907041E8000280
:10896000002AD7D14FF6FE70CEF6FF70216851E88D
:10897000021F2268014042E80213DBB1216851E87E
:10898000021F2268014042E80213002B1FBF21682A
:1089900051E8021F226801401CBF42E80213002B6D
:1089A00008D0216851E8021F2268014042E8021302
:1089B000002BDBD1E06E012827D1206850E8000FA2
:1089C000216820F0100041E80002F2B1206850E870
:1089D000000F216820F0100041E80002002A1FBFAC
:1089E000206850E8000F216820F010001CBF41E80B
:1089F0000002002A09D0206850E8000F216820F00A
:108A0000100041E80002002AD7D1206880684006A3
:108A10003AD5206850E8020F216820F0400041E874
:108A20000202F2B1206850E8020F216820F04000F5
:108A300041E80202002A1FBF206850E8020F2168A7
:108A400020F040001CBF41E80202002A09D0206843
:108A500050E8020F216820F0400041E80202002A9D
:108A6000D7D1D4F8800078B100210165FBF788F8F0
:108A700050B1D4F88000FBF773FC202804D11020FB
:108A8000C4F89000032010BD20680F2101628169A5
:108A900041F0080181612020C4F88C000020E066CC
:108AA00010BD00000000000010B50446206850E82A
:108AB000000F216820F0C00041E80002F2B12068F8
:108AC00050E8000F216820F0C00041E80002002AB1
:108AD0001FBF206850E8000F216820F0C0001CBFB5
:108AE00041E80002002A09D0206850E8000F216800
:108AF00020F0C00041E80002002AD7D1206850E8E9
:108B0000020F216820F4000041E80202F2B120685F
:108B100050E8020F216820F4000041E80202002A18
:108B20001FBF206850E8020F216820F400001CBF1E
:108B300041E80202002A09D0206850E8020F2168AB
:108B400020F4000041E80202002AD7D120688068A2
:108B5000000639D5206850E8020F216820F0800017
:108B600041E80202F2B1206850E8020F216820F0CB
:108B7000800041E80202002A1FBF206850E8020F6F
:108B8000216820F080001CBF41E80202002A09D0C1
:108B9000206850E8020F216820F0800041E80202BE
:108BA000002AD7D1E06F78B100210165FAF7E8FF1C
:108BB00050B1E06FFBF7D4FB202805D190220320B1
:108BC0001021A15010BD00BF606EB0F1005F04D154
:108BD0002068816941F010018161882200202021F4
:108BE000A15010BD0000000010B50446F9F730F99F
:108BF0002046F9F7C5FC204601F0FEFA204602F0B7
:108C00007BFB2046BDE8104003F0D6B90000000011
:108C100070B5016840F62F02CB691A40202A0A6815
:108C20008E680BD102F0200406F080552D1917D064
:108C3000416F69B3BDE87040084700BF40F60F05BB
:108C40002B420DD0012540F22014C1F20005C0F2E4
:108C5000004406EA050C02EA040515EB0C0525D1D3
:108C6000DD06C46E16D5012C14D112F0100511D0FA
:108C700010220A628968490666D4B0F85C10B0F820
:108C80005E20B0F85E30002B18BF914240F0688241
:108C900070BD00BFDD0215D516F4800512D04FF46B
:108CA00080120A62BDE87040FFF72EBEDD0718BFD4
:108CB00012F4807540F02A819D0706F0010E00F144
:108CC00031813AE1190606D502F0800106F400066A
:108CD000891940F0CB82590640F10C8112F0400115
:108CE00000F00881016851E8001F026821F040018E
:108CF00042E80013F3B1016851E8001F026821F057
:108D0000400142E80013002B1FBF016851E8001F1B
:108D1000026821F040011CBF42E80013002B09D07B
:108D2000016851E8001F026821F0400142E8001389
:108D3000002BD7D12021C0F8881000218167BDE821
:108D4000704001F04DB800BFD0F8802011684B682A
:108D5000B0F85C4099B2002900F0C280A14280F0D6
:108D6000BF80A0F85E30D169B1F5807F00F0AC80A3
:108D7000016851E8001F026821F4807142E8001385
:108D8000F3B1016851E8001F026821F4807142E8E4
:108D90000013002B1FBF016851E8001F026821F477
:108DA00080711CBF42E80013002B09D0016851E814
:108DB000001F026821F4807142E80013002BD7D114
:108DC000016851E8021F026821F0010142E8021324
:108DD000F3B1016851E8021F026821F0010142E885
:108DE0000213002B1FBF016851E8021F026821F027
:108DF00001011CBF42E80213002B09D0016851E8B1
:108E0000021F026821F0010142E80213002BD7D1B2
:108E1000016851E8021F026821F0400142E8021394
:108E2000F3B1016851E8021F026821F0400142E8F5
:108E30000213002B1FBF016851E8021F026821F0D6
:108E400040011CBF42E80213002B09D0016851E821
:108E5000021F026821F0400142E80213002BD7D123
:108E60002021C0F88C100021C166016851E8001F64
:108E7000026821F0100142E80013F3B1016851E8E3
:108E8000001F026821F0100142E80013002B1FBFF1
:108E9000016851E8001F026821F010011CBF42E880
:108EA0000013002B09D0016851E8001F026821F06F
:108EB000100142E80013002BD7D1D0F880100446EF
:108EC0000846FAF75DFE204602210167B0F85C1003
:108ED000B0F85E20891A89B2BDE87040FFF778BC0F
:108EE0008C427FF4D5AED269B2F5807F7FF4D0AEEC
:108EF000B6E100BF190240F1C58112F0804100F0D7
:108F0000C181BDE87040FFF7FBBC00BF01250D62C9
:108F1000D0F8905045F00105C0F890509D0706F03C
:108F2000010E0AD5BEF1000F07D002240C62D0F862
:108F3000904044F00404C0F890405C070AD5BEF1AC
:108F4000000F07D004250D62D0F8905045F00205BF
:108F5000C0F890501D070CD502F0200555EA0C050D
:108F600007D008250D62D0F8905045F00805C0F8EC
:108F700090501D050BD512F0806508D04FF40065A8
:108F80000D62D0F8905045F02005C0F89050D0F810
:108F90009050002D3FF47CAE9B060BD502F02002D2
:108FA00006F08053D21805D0426F1AB1044690479C
:108FB00020462168D0F89020896801F0400102F035
:108FC0002802891806D10446FFF70EFE0020C4F8D7
:108FD000900070BD016851E8001F026821F4907193
:108FE00042E80013F3B1016851E8001F026821F460
:108FF000907142E80013002B1FBF016851E8001F69
:10900000026821F490711CBF42E80013002B09D0C4
:10901000016851E8001F026821F4907142E80013D2
:10902000002BD7D14FF6FE71CEF6FF71026852E8E1
:10903000022F03680A4043E80226DEB1026852E8C4
:10904000022F03680A4043E80226002E1FBF026871
:1090500052E8022F03680A401CBF43E80226002E94
:1090600008D0026852E8022F03680A4043E802264B
:10907000002EDBD1C16E012927D1016851E8001F04
:10908000026821F0100142E80013F3B1016851E8D1
:10909000001F026821F0100142E80013002B1FBFDF
:1090A000016851E8001F026821F010011CBF42E86E
:1090B0000013002B09D0016851E8001F026821F05D
:1090C000100142E80013002BD7D12021C0F88C10EA
:1090D0000021C166026841679168490640F1CE806F
:1090E000016851E8021F026821F0400142E80213C2
:1090F000F3B1016851E8021F026821F0400142E823
:109100000213002B1FBF016851E8021F026821F003
:1091100040011CBF42E80213002B09D0016851E84E
:10912000021F026821F0400142E80213002BD7D150
:10913000D0F88010002900F0A18041F201620446BD
:109140000846C0F601020A65FAF7AEFF00283FF4B0
:109150009FADD4F88000016DBDE87040084700BFA6
:10916000891A026852E8002F036822F4907243E8DB
:109170000026F6B1026852E8002F036822F49072CC
:1091800043E80026002E1FBF026852E8002F036844
:1091900022F490721CBF43E80026002E09D002681A
:1091A00052E8002F036822F4907243E80026002E54
:1091B000D7D14FF6FE72CEF6FF72036853E8023F36
:1091C0000668134046E80235DDB1036853E8023F04
:1091D0000668134046E80235002D1FBF036853E8B8
:1091E000023F066813401CBF46E80235002D08D038
:1091F000036853E8023F0668134046E80235002D35
:10920000DBD12022C0F88C200022C26642670268AF
:1092100052E8002F036822F0100243E80026F6B15E
:10922000026852E8002F036822F0100243E800268B
:10923000002E1FBF026852E8002F036822F01002C0
:109240001CBF43E80026002E09D0026852E8002F18
:10925000036822F0100243E80026002ED7D189B21D
:1092600002220267BDE87040FFF7B2BA816F0029A1
:109270003FF40EADBDE87040084700BFBDE8704048
:10928000FFF7B2BCD9017FF503ADB2F1FF3FC8BF14
:1092900070BDBDE87040FFF79FBA000000000000FD
:1092A00010B5D8B10446D0F8880028B9002084F859
:1092B0008400204600F028F82420C4F888002068A4
:1092C000A16A0268002922F00101016002D0204653
:1092D00008F06EF8204609F0E3F808B1012010BD4F
:1092E0002068416821F490414160816821F02A01A1
:1092F0008160016841F0010101602046BDE8104035
:1093000008F0C6B8000000002DE9F041B6B0002119
:109310000446CDE93411CDE93211319102A8B821CA
:10932000F7F7B1F940F6FF712068C4F201018842F5
:1093300078DC44F60041C4F20001884200F0F88075
:1093400047F60001C4F20001884200F0CB8147F6E5
:109350000041C4F20001884240F0A38244F2E040A0
:1093600040F21008C5F602000026C4F20208816827
:1093700041F000418160816801F000410191019953
:10938000016841F010010160006831A900F010008F
:1093900001900198032031900220329008203590EE
:1093A00041F20000C5F6020033963496FDF720FA2C
:1093B00040F6BC1508F58660C2F200454FF48067A0
:1093C00028605120C5E901062846EE60C5E904760B
:1093D000C5E90666C5E90866FBF7DAFB08B1FAF7E6
:1093E0005BFAC4F8805008F58960AC6340F6342518
:1093F000C2F2004505F10801286052206860402053
:10940000C1C128466E62C5E90566C5E90766FBF776
:10941000BFFB00284FF053064FF07C0740F0358229
:1094200035E200BF41F20001C4F20101884200F0C0
:10943000E38041F20041C4F20101884200F0B881AA
:1094400041F60001C4F20101884240F02A82012065
:10945000029002A800260396FDF786FD08B1FAF7F0
:109460001BFA44F2E04040F21008C5F60200C4F2D4
:109470000208016941F040010161016901F0400108
:1094800001910199016841F008010160006841F211
:10949000000100F008000190C5F6020101984FF4A8
:1094A0004040319002203496CDE932060B203590B1
:1094B000A1F5806031A9FDF79BF940F6AC2508F5D0
:1094C0008060C2F200454FF4806728607420C5E9CF
:1094D00001062846EE60C5E90476C5E90666C5E9D9
:1094E0000866FBF755FB08B1FAF7D6F9C4F88050C7
:1094F00008F58360AC6340F62435C2F2004528606D
:10950000752068604020A8600020C5E90307C5E910
:109510000500C5E9070068622846FBF739FB00280B
:109520004FF09B064FF07C0740F0AF81AFE100BFEA
:1095300044F2E04040F21008C5F60200C4F202080E
:109540000026816841F400218160816801F40021D6
:1095500001910199016841F001010160006831A9A0
:1095600000F0010001900198032031900220329018
:109570000820359041F20000C5F602003396A0F5B0
:1095800080503496FDF734F940F6540508F1600038
:10959000C2F200454FF4806728604020C5E9010011
:1095A0002846EE60C5E90476C5E90666C5E90866A1
:1095B000FBF7EEFA08B1FAF76FF9E56708F1780002
:1095C000AC6340F2DC75C2F2004528603F20C5E97B
:1095D000010628466E62C5E90367C5E90566C5E967
:1095E0000766FBF7D5FA00284FF034064FF08007E6
:1095F00040F04B814BE100BF0120029002A8002601
:109600000396FDF7B1FC08B1FAF746F944F2E040E1
:1096100040F21008C5F60200C4F20208016941F0E8
:1096200010010161016901F01001019101990168C6
:1096300041F002010160006841F2000100F0020007
:109640000190C5F6020101984FF44040319002208C
:109650003496CDE9320604203590A1F5406031A959
:10966000FDF7C6F840F69C3508F13000C2F200451F
:109670004FF4806728602920C5E901064FF4807007
:10968000EE60C5E906604FF44030C5E9080628469B
:10969000C5E90476FBF77CFA08B1FAF7FDF8C4F8DF
:1096A000805008F14800AC6340F61445C2F2004512
:1096B0004FF4003128602A2068604020A860002014
:1096C000C5E90307C5E90500E861C5E908102846B2
:1096D000FBF75EFA00284FF025064FF07C0740F0BC
:1096E000D480D4E044F2E04040F21008C5F6020015
:1096F0000026C4F20208816841F0804181608168DF
:1097000001F0804101910199016841F0100101606F
:10971000006831A900F01000019001984FF4C0706A
:109720003190022032900720359041F20000C5F6BA
:10973000020033963496FDF75BF840F6CC0508F14D
:109740009000C2F200454FF4806728604F20C5E9C1
:1097500001064FF48070EE60C5E907062846AE6149
:10976000C5E904766E62FBF713FA08B1FAF794F8CC
:10977000C4F8805008F1A800AC6340F64415C2F26A
:10978000004505F108012860502068604020C1C1F3
:1097900028466E62C5E90566C5E90766FBF7F8F974
:1097A00000284FF052064FF07C076ED16FE000BFEB
:1097B0000120029002A800260396FDF7D5FB08B110
:1097C000FAF76AF844F2E04040F21008C5F60200E9
:1097D000C4F20208016941F020010161016901F050
:1097E000200101910199016841F0040101600068C4
:1097F00041F2000100F004000190C5F60201019859
:10980000C020319002203496CDE9320607203590F1
:10981000A1F5006031A9FCF7EBFF40F68C4547202D
:10982000C2F200454FF48067C5E901064FF480702D
:10983000C5F80080C5E907062846EE60C5E904764C
:10984000AE616E62FBF7A4F908B1FAF725F8C4F827
:10985000805008F11800AC6340F60455C2F2004590
:109860002860482068604020A8600020C5E9030700
:10987000C5E90500C5E9070068622846FBF788F9D5
:109880004FF047064FF07C0708B1FAF705F80521BD
:1098900000223046E551AC63FDF7C2F93046FDF7D2
:1098A000ABF936B0BDE8F081D0F88C30202B0BD16D
:1098B00094460A4600294FF0010118BFBCF1000F81
:1098C00006D10846704700BF02210846704700BF16
:1098D00010B54FF0000EC0F86CE040F6004403688D
:1098E000C5F60004A34203D05B681B0200F1B280FE
:1098F00082652221A0F85CC0C0F890E0C0F88C100E
:10990000D0F8803033B341F2F97141F69114C0F6CA
:109910000101C0F60104C3E90F1441F209610024FA
:10992000C0F60101C3E91314016804462431184646
:109930006346FBF77DFC0146204659B11021C0F873
:1099400090102021C0F88C100121BDE8104008467D
:10995000704700BF016939B3016851E8001F026810
:1099600041F4807142E80013F3B1016851E8001F2F
:10997000026841F4807142E80013002B1FBF0168A8
:1099800051E8001F026841F480711CBF42E80013D7
:10999000002B09D0016851E8001F026841F4807172
:1099A00042E80013002BD7D1016851E8021F02687A
:1099B00041F0010142E80213F3B1016851E8021FCE
:1099C000026841F0010142E80213002B1FBF016849
:1099D00051E8021F026841F001011CBF42E8021376
:1099E000002B09D0016851E8021F026841F0010113
:1099F00042E80213002BD7D1016851E8021F026828
:109A000041F0400142E80213F3B1016851E8021F3E
:109A1000026841F0400142E80213002B1FBF0168B9
:109A200051E8021F026841F040011CBF42E80213E6
:109A3000002B09D0016851E8021F026841F0400183
:109A400042E80213002BD7D10021BDE810400846A0
:109A5000704700BF036853E8003F046843F0806329
:109A600044E8003100293FF443AF016851E8001F8A
:109A7000036841F0806143E80014002C1FBF0168B7
:109A800051E8001F036841F080611CBF43E80014E7
:109A9000002C3FF42DAF016851E8001F036841F02E
:109AA000806143E80014002CD4D121E700000000BD
:109AB000D0F88C30202B07D10123002918BF002AB1
:109AC00006D11846704700BF02231846704700BFF2
:109AD00080B50023C36640F60043D0F800C0C5F649
:109AE00000039C4503D0DCF804301B0204D408F0CA
:109AF000D3FF002080BD00BF036853E800CFD0F83B
:109B000000E04CF080634EE8003CBCF1000FEED06A
:109B1000036853E800CFD0F800E04CF080634EE8D3
:109B2000003CBCF1000F1FBF036853E800CFD0F822
:109B300000E04CF080631CBF4EE8003CBCF1000F1D
:109B4000D5D0036853E800CFD0F800E04CF0806334
:109B50004EE8003CBCF1000FCED1C8E70000000089
:109B600010B50446F8F718FA2046BDE81040F8F79B
:109B700097BD0000000000007047000000000000DA
:109B80002DE9F04381B00446D0F88800202809D19F
:109B900088460120002918BF002A07D101B0BDE87E
:109BA000F08300BF022001B0BDE8F0831D46002015
:109BB000C4F890002120C4F888001646FCF714FF72
:109BC000A4F85460A4F856600646A168B1F5805F19
:109BD00002D12069002843D047464FF00008B4F86E
:109BE00056002168002841D005F10109C869000626
:109BF0000ED4B9F1000F0FD0002D61D0FCF7F4FEA8
:109C0000801BA8425ED821680868C8690006F5D59F
:109C100087B117F8010B12E0C8690006F8D4C869CB
:109C200000065CBFC8695FEA0060F1D4C86900063D
:109C3000F2D5EDE738F8020B00276FF35F2088625A
:109C4000D4F8880000F0210021284BD1B4F8560048
:109C50000138A4F85600B4F856000028C6D105E033
:109C60000027B4F8560021680028BDD1C869400615
:109C70001ED42DB3681C14D1C86940062AD4C86903
:109C8000400627D4C869400624D4C86940064FF06E
:109C90000000F1D50DE000BF20680168C0694006F2
:109CA00018D4FCF7A1FE801BA842F5D90AE000BF3A
:109CB00000202021C4F8881001B0BDE8F08300BF67
:109CC000FCF792FE03202021C4F8881001B0BDE803
:109CD000F08300BF00202021C4F8881001B0BDE847
:109CE000F08300BF012001B0BDE8F0830000000058
:109CF000D0F88830202B07D113460122002918BF45
:109D0000002B05D11046704702221046704700BF55
:109D100010B501650022A0F854302124A0F8563077
:109D2000C0F89020C0F88840D0F87CC0BCF1000F8B
:109D300024D041F6C91E41F68924C0F6010EC0F6B2
:109D40000104CCE90FE441F20964C0F60104CCE956
:109D500013420268044628326046FBF769FA01465E
:109D6000204659B11021C0F890102021C0F8881069
:109D70000122BDE810401046704700BF0168402234
:109D80000A62016851E8021F026841F0800142E85E
:109D90000213F3B1016851E8021F026841F080012B
:109DA00042E80213002B1FBF016851E8021F02683E
:109DB00041F080011CBF42E80213002B09D001686A
:109DC00051E8021F026841F0800142E80213002BB3
:109DD000D7D10022BDE810401046704700000000B7
:109DE00010B5044601F078FA2046BDE8104002F0B4
:109DF000D3B8000000000000704700000000000021
:109E0000FEE700000000000070B52DED028B40F26F
:109E10003825C2F200452B78012B41D195F86130ED
:109E2000012B3DD195F83C30042B39D195F86030A9
:109E3000012B35D195F85E30012B31D195F85F308B
:109E400073B3131F4FF6F8769BB2B3424AD840F271
:109E50001800C2F2004090F84C10012910D00021E7
:109E60000123C0E905110377C0E90D1180F83C30EA
:109E7000C0E910118164016580F8541080F84C30FD
:109E8000296B012380F855300020C5E91510A5F88D
:109E90005C2085F8620010B2BDEC028B70BD00BF83
:109EA00040F21800C2F2004090F84C10A1B100211D
:109EB0000123C0E905110377C0E90D1180F83C309A
:109EC0000165A0F85410C0E91011816480F84C10AD
:109ED000C5E9151185F86210A5F85C2010B2BDEC3B
:109EE000028B70BD02B240F21804C2F2004400239B
:109EF00080EAE230A0EBE2300AB280B2032881EAC5
:109F0000E230A0EBE2304FF0000180B238BF012117
:109F100003284FF0020038BF012394F8552011EABE
:109F2000030618BF03205AB194F84C10814210D197
:109F3000FCF75AFD94F85410012920D02AE000BF04
:109F4000296B6965012184F8551094F84C10814201
:109F5000EED000210122C4E905112277C4E90D11D8
:109F600084F83C20C4E91011A16484F8541084F8EA
:109F70004C00FCF739FD94F8541001290AD1216DE9
:109F8000411A042906D8B5F85C2010B2BDEC028B4A
:109F900070BD00BF95ED0D0A2065012084F85400C6
:109FA0000AF086FD95ED0C1A95ED152A32EE411A50
:109FB000B0EE408A9FED422AB4EE421AF1EE10FA5A
:109FC00054DA9FED410A04EB4614B4EE401AF1EE68
:109FD00010FA1DDA9FED3D2A31EE021AB4EE401A56
:109FE000F1EE10FA14DA31EE021AB4EE401AF1EE84
:109FF00010FABEBF31EE021AB4EE401AF1EE10FABA
:10A0000006DA31EE021AB4EE401AF1EE10FAE3DB92
:10A01000B0EEC10A9FED2E2A012085ED161A85F8B3
:10A020006200B4EE420AF1EE10FA3FDDB0EE410AF2
:10A0300020460AF0FDFBB9EE041AA8EE010A94EDE1
:10A04000041AB1EE412A80FE411AB4EE402AF1EE24
:10A0500010FA32FE010ABDEEC00A10EE102AA5F871
:10A060005C2010B2BDEC028B70BD00BF9FED150AE5
:10A0700031EE001AB4EE421AF1EE10FAA1BF31EE41
:10A08000001AB4EE421AF1EE10FA31EE001AA4BF33
:10A09000B4EE421AF1EE10FA93DB31EE001AB4EE90
:10A0A000421AF1EE10FAE3DA8BE700BF00222077C4
:10A0B000C4E90522A5F85C2010B2BDEC028B70BD8E
:10A0C000000034430000B4C3000034C30000B443B4
:10A0D000CDCCCC3D0000000040F23821C2F200415E
:10A0E000087801284FF001002AD191F83C20042A79
:10A0F00026D191F86000012824D191F85E00012852
:10A100004FF0010018BF70470A6B0023C1E9152307
:10A11000A1F85C3081F8623040F21801C2F20041CF
:10A12000087781F83C004FF48070A1F854000020BB
:10A13000C1E90533C1E90D33C1E910338B640B6507
:10A14000704700BF0120704740F23821C2F2004141
:10A150000A78012A18BF704781F8610040F21800A0
:10A16000C2F2004000220123A1F85C20C0E90522D0
:10A170000377C0E90D2280F83C300265A0F8542036
:10A18000C0E91022826480F84C20C1E9152281F8D0
:10A19000622070470000000040F238220346C2F2FD
:10A1A00000420028117818BF0123194001291BD152
:10A1B00070B502F13806D2E90CCE78CE4661056161
:10A1C000C4608360C0E900CED2E912CED2E9145453
:10A1D000D2E91636C0E90A36C0E90854C0E906CE0D
:10A1E000126E0263BDE87040084670470000000030
:10A1F00000F0BEBC0000000000F00EBF0000000038
:10A20000B0B540F23824C2F20044207810B10020EA
:10A21000B0BD00BF04F130003421F6F734FA40F647
:10A22000A870C2F2004000F00FFF28B1052084F8AA
:10A230003C000120B0BD00BF0020E062C4E9050081
:10A24000C4E90700C4E90900012584F83C5084F8FA
:10A250006150FCF7C9FB6430A061FCF7C5FB014607
:10A26000002001F57A7161622570B0BD0000000028
:10A2700070B58CB040F23825C2F20045287801282C
:10A2800040F0E28200F008FF684600F035FCE8B1DB
:10A29000FCF7AAFBA9690646401A00F1B080287DA8
:10A2A000042800F2AC80DFE800F003735F67310040
:10A2B00048F2F0100421C0F6010000F0F9FF002878
:10A2C0006FD10120287506F1320097E0072028752C
:10A2D000052085F83C0040F218000021C2F2004041
:10A2E0000122C5E91511C0E905110277C0E90D1178
:10A2F00080F83C200165A0F85410C0E91011816479
:10A3000080F84C10E96585F862109DE295F82E0002
:10A310000FF21C61085C48F2F011C0F6010100EB7D
:10A32000400001EB4000417900F0C2FFC8BB95F846
:10A330002E00013085F82E00C1B209295CD395F8B2
:10A340002F00012840F0EA82002085F82F00062027
:10A35000287506F5FA606862042085F83C009DF8CF
:10A36000100001284FD0B0E003202875022085F8A6
:10A370003C0006F1640041E0002085F82E00042036
:10A380002875AE619DF8100001283CD09DE000BF0B
:10A3900048F2F0100421C0F60100063000F088FFFA
:10A3A00020B307202875052085F83C0040F21800EE
:10A3B0000021C2F200400122C5E91511C0E90511D2
:10A3C0000277C0E90D1180F83C200165A0F8541017
:10A3D000C0E91011816480F84C10E96585F86210BD
:10A3E0009DF8100001280ED06FE000BF02202875F4
:10A3F00006F57A6002E000BF06F11400A8619DF83E
:10A400001000012861D10298E96988425DD0297D58
:10A41000E86106294ED0052940F0BD81A88D9DED4B
:10A42000000A95ED0A1A30EE010A411C88B285ED4A
:10A430000A0AC828A98548D301EE100A4FF07E51B8
:10A4400029614FF48071A5F85E1040F21801B8EE52
:10A45000411AC2F20041039828620020A5F80100C9
:10A4600080EE010A012285ED0E0AC5E90200C5E968
:10A470000C00C1E905000A77C1E90D0081F83C2014
:10A480000865A1F8540081F84C00C1E91000886407
:10A49000C5E91500A5F85C0085F86200062028755E
:10A4A000FCF7A2FA00F57A706862042085F83C0097
:10A4B0000BE000BF9DED000A95ED0E1A31EE400A4B
:10A4C000012085ED0D0A85F85F00287D062840F003
:10A4D00062819DF81100012840F05D810398296A8E
:10A4E000884200F058819DED012A9FEDD80AB1EE17
:10A4F000421A2862B4EE402AF1EE10FA40F3CC8002
:10A50000B4EE401AF1EE10FA1DDA9FEDD12A31EEC9
:10A51000021AB4EE401AF1EE10FA14DA31EE021A11
:10A52000B4EE401AF1EE10FABEBF31EE021AB4EEEC
:10A53000401AF1EE10FA06DA31EE021AB4EE401AC1
:10A54000F1EE10FAE3DB6878002800F0C78095EDA3
:10A55000022A31EE422A9FEDBF1AB4EE412AF1EEF3
:10A5600010FA80F2C380B4EE402AF1EE10FA1DDA40
:10A570009FEDB73A32EE032AB4EE402AF1EE10FA1C
:10A5800014DA32EE032AB4EE402AF1EE10FABEBF1E
:10A5900032EE032AB4EE402AF1EE10FA06DA32EE79
:10A5A000032AB4EE402AF1EE10FAE3DBA878002883
:10A5B00000F0BC8095ED033A9FEDE45A32EE434A39
:10A5C00095ED042AB4EE414AF1EE10FA80F244818E
:10A5D00032EE052AB4EE404AF1EE10FA1DDA9FED94
:10A5E000D95A34EE054AB4EE404AF1EE10FA14DAC4
:10A5F00034EE054AB4EE404AF1EE10FABEBF34EE36
:10A60000054AB4EE404AF1EE10FA06DA34EE054A95
:10A61000B4EE404AF1EE10FAE3DBB0EE085A32EE47
:10A62000055A82EE055AA5EE043AB4EE413AF1EE2F
:10A6300010FA80F23181B4EE403AF1EE10FA1DDAF0
:10A640009FEDC01A33EE013AB4EE403AF1EE10FA43
:10A6500014DA33EE013AB4EE403AF1EE10FABEBF2E
:10A6600033EE013AB4EE403AF1EE10FA06DA33EE88
:10A67000013AB4EE403AF1EE10FAE3DBB7EE000A2D
:10A6800085ED033A30EE450A22EE000AB0EE432A89
:10A6900085ED040A7AE000BF9FEDA82A9FEDA83A55
:10A6A00031EE021AB4EE431AF1EE10FAA1BF31EE08
:10A6B000021AB4EE431AF1EE10FA31EE021AA4BFF8
:10A6C000B4EE431AF1EE10FAFFF61AAF31EE021AA9
:10A6D000B4EE431AF1EE10FAE2DA11E79FED9A2A8E
:10A6E00085ED021A0120687050E000BF9FED933A9B
:10A6F00032EE032AB4EE412AF1EE10FAA1BF32EE97
:10A70000032AB4EE412AF1EE10FA32EE032AA4BF76
:10A71000B4EE412AF1EE10FAFFF625AF32EE032A2D
:10A72000B4EE412AF1EE10FAE2DA1CE7B4EE412A67
:10A73000F1EE10FA80F2D280B4EE402AF1EE10FA77
:10A740001DDA9FED801A32EE012AB4EE402AF1EEB6
:10A7500010FA14DA32EE012AB4EE402AF1EE10FAC1
:10A76000BEBF32EE012AB4EE402AF1EE10FA06DA4C
:10A7700032EE012AB4EE402AF1EE10FAE3DB85ED69
:10A78000032A4FF07E5028610120A87085ED0C2A25
:10A79000012085F85E0005A800F0CAF9E0B105AC1B
:10A7A00009981ECCC5E910010A98AA64301AEB6416
:10A7B00064284FF000002C650CD89DF81010C907D4
:10A7C00008D00B980021301A65289DF8110038BF79
:10A7D0000121084085F86000287D062834D195F8CD
:10A7E0006000012804D106F57A7068620CB070BD73
:10A7F000686A301A28D400F04BFD4FF48070E88569
:10A800000420287506F5FA606862022085F83C008D
:10A8100040F218000021C2F20040AE610122A5F80A
:10A820005C10C0E905110277C0E90D1180F83C20E9
:10A830000165A0F85410C0E91011816480F84C1033
:10A84000C5E915115FE500BF0CB070BD000034C351
:10A850000000B443000034439FED386A34EE064AEA
:10A86000B4EE414AF1EE10FAA1BF34EE064AB4EE5E
:10A87000414AF1EE10FA34EE064AA4BFB4EE414A62
:10A88000F1EE10FAFFF6A4AE34EE064AB4EE414AF9
:10A89000F1EE10FAE2DA9BE69FED284A33EE043A35
:10A8A000B4EE413AF1EE10FAFFF6C5AE33EE043ADB
:10A8B000B4EE413AF1EE10FAA2BF33EE043AB4EE30
:10A8C000413AF1EE10FAFFF6B6AE33EE043AB4EECA
:10A8D000413AF1EE10FAE1DAADE600BF9FED173A2A
:10A8E00032EE032AB4EE412AF1EE10FAA1BF32EEA5
:10A8F000032AB4EE412AF1EE10FA32EE032AA4BF85
:10A90000B4EE412AF1EE10FAFFF616AF32EE032A4A
:10A91000B4EE412AF1EE10FAE2DA0DE7DDE90201C8
:10A920000BF0C6FB9DF8100001283FF46CADCCE5A0
:10A930000002030405060708090000000000B4C374
:10A94000000034430000B443000000000AD7A33CD9
:10A95000F0B1B0B582B040F23825C2F20045297896
:10A96000012911D195F8601001290DD195F85E10DB
:10A97000012909D10446FCF737F86968411A3229E0
:10A9800008D2022002B0B0BD012002B0B0BD00BFAD
:10A990000120704795ED0C0A9FED151A20EE010A73
:10A9A000BEEE001AB6EE002A686045F6A541ADF885
:10A9B0000310B5EE400A0123F1EE10FA22FE011A4F
:10A9C00030EE010ABDEEC00A10EE100A8DF8050047
:10A9D00081B20A0A8DF8062080EA11208DF807005E
:10A9E0000DF1030105222046FFF7CAF802B0B0BD01
:10A9F0000000C8420000000040F23821C2F20041CD
:10AA0000087801284CD110EE100A20F00040B0F177
:10AA1000FF4F45D89FED331AB4EE410AF1EE10FA1C
:10AA200040DA9FED321AB4EE410AF1EE10FA1DDA67
:10AA30009FED2F2A30EE020AB4EE410AF1EE10FA31
:10AA400014DA30EE020AB4EE410AF1EE10FABEBF9B
:10AA500030EE020AB4EE410AF1EE10FA06DA30EEF8
:10AA6000020AB4EE410AF1EE10FAE3DB81ED150AB9
:10AA70000020886540F21801C2F200410122C1E9BC
:10AA800005000A77C1E90D0081F83C204FF480727F
:10AA9000C1E9100088640865A1F85420704700BF20
:10AAA000012070479FED102A30EE020AB4EE410AF1
:10AAB000F1EE10FAA1BF30EE020AB4EE410AF1EE57
:10AAC00010FA30EE020AA4BFB4EE410AF1EE10FA19
:10AAD000A7DB30EE020AB4EE410AF1EE10FAE3DA37
:10AAE0009FE700BF000034430000B4C3000034C33C
:10AAF0000000B4430000000041F220320346C2F2DD
:10AB00000042002892F8551318BF0123194001296B
:10AB10000CD110B502F5497ED2E9CC429EE808502E
:10AB200080E80850C0E90342BDE81040084670477D
:10AB300041F220320346C2F20042002892F8551337
:10AB400018BF01231940012910D170B502F55076C4
:10AB5000D2E9CECE78CE46610561C4608360C0E99B
:10AB600000CED2F850238261BDE87040084670479D
:10AB70002DE9F04141F22032C2F2004292F8553301
:10AB8000012B40F0C3811368984240F0BF81B1F5BA
:10AB9000807F07D9D2F83C030130C2F83C03BDE8FE
:10ABA000F08100BFB2F8203398B22DD1FF2826D80B
:10ABB00000210BE0B2F81C53154485F80431A2F8CB
:10ABC0001C63013083B2B3F5807F18D013181B7952
:10ABD000B2F81C630136B5B2B1EB552F18BF002691
:10ABE000B2F81E53B4B2AC42E4D1D2F840330133D0
:10ABF000C2F84033013083B2B3F5807FE6D1002044
:10AC0000A2F82003BDE8F08181421DD9CB1A13F0D0
:10AC1000030EA3F1010C00F0E380131800241B794C
:10AC2000B2F81C63751CAEB2B4EB562F18BF0025EA
:10AC3000B2F81E43AEB2A64240F0D480D2F8403300
:10AC40000133C2F84033D4E028BFBDE8F081FF28CB
:10AC500027D84FF0000C0BE0B2F81C33134483F8F4
:10AC60000451A2F81C43013083B2B3F5807F18D0A1
:10AC700016183579B2F81C63741CA6B2BCEB562FBB
:10AC800018BF0024B2F81E63A3B2B342E4D1D2F8D5
:10AC900040330133C2F84033013083B2B3F5807FD3
:10ACA000E6D1002900F0308101F0030C04294FF0B7
:10ACB00000084FF0000378D301F4FE7E08E000BFE7
:10ACC000D2F840030130C2F8400304339E456CD0F3
:10ACD000D4182579B2F81C630136B7B2B8EB572FF8
:10ACE00018BF0026B2F81E73B0B2B84206D1D2F82F
:10ACF00040030130C2F8400307E000BFB2F81C0374
:10AD0000104480F80451A2F81C636579B2F81C0362
:10AD1000461CB0B2B8EB502F18BF0026B2F81E0385
:10AD2000B7B2874206D1D2F840030130C2F84003DF
:10AD300007E000BFB2F81C03104480F80451A2F8E9
:10AD40001C63A579B2F81C03461CB0B2B8EB502FB7
:10AD500018BF0026B2F81E03B7B2874206D1D2F858
:10AD600040030130C2F8400307E000BFB2F81C0303
:10AD7000104480F80451A2F81C63E479B2F81C0373
:10AD8000451CA8B2B8EB502F18BF0025B2F81E031F
:10AD9000AEB2864294D0B2F81C03104480F804414D
:10ADA000A2F81C5304339E4592D1BCF1000F00F071
:10ADB000AB80D01800260379B2F81C737D1CAFB2AB
:10ADC000B6EB572F18BF0025B2F81E73AEB2BE42C5
:10ADD0002CD1D2F840330133C2F840332DE000BF0C
:10ADE00003468DE0B2F81C43144484F80431A2F801
:10ADF0001C53BEF1010F00F1010300F081801344E8
:10AE000000261B79B2F81C43651CACB2B6EB542F7C
:10AE100018BF0025B2F81E43AEB2A64226D1D2F822
:10AE200040330133C2F8403327E000BFB2F81C734F
:10AE3000174487F80431A2F81C53BCF1010F63D00A
:10AE40004379B2F81C7300267D1CAFB2B6EB572FC6
:10AE500018BF0025B2F81E73AEB2BE4228D1D2F898
:10AE600040330133C2F8403329E000BFB2F81C433D
:10AE7000144484F80431A2F81C53BEF1020F00F10F
:10AE800002033DD0134400241B79B2F81C63751CE7
:10AE9000AEB2B4EB562F18BF0025B2F81E63ACB2A9
:10AEA000B44225D1D2F840330133C2F8403326E012
:10AEB000B2F81C73174487F80431A2F81C53BCF194
:10AEC000020F21D08079B2F81C33002601339FB2E3
:10AED000B6EB572F18BF0023B2F81E739EB2BE42C6
:10AEE00040F09080D2F840030130C2F840030BE0FC
:10AEF000B2F81C63164486F80431A2F81C53C31C34
:10AF00001FFA8CF0032803D2A2F82013BDE8F081C9
:10AF10004FF0000C09E000BFD2F840030130C2F846
:10AF20004003043398B28142EED0D41894F804E080
:10AF3000B2F81C630136B5B2BCEB552F18BF002622
:10AF4000B2F81E53B0B2A84206D1D2F84003013085
:10AF5000C2F8400307E000BFB2F81C03104480F8B9
:10AF600004E1A2F81C6394F805E0B2F81C63013612
:10AF7000B5B2BCEB552F18BF0026B2F81E53B0B2C5
:10AF8000A84205D1D2F840030130C2F8400306E0E0
:10AF9000B2F81C03104480F804E1A2F81C6394F892
:10AFA00006E0B2F81C630136B5B2BCEB552F18BFF2
:10AFB0000026B2F81E53B0B2A84205D1D2F8400321
:10AFC0000130C2F8400306E0B2F81C03104480F8D8
:10AFD00004E1A2F81C63E079B2F81C630136B5B253
:10AFE000BCEB552F18BF0026B2F81E53B4B2AC42CA
:10AFF00092D0B2F81C53154485F80401A2F81C63E2
:10B000008FE700BFB2F81C73174487F80401A2F859
:10B010001C3379E70000000041F22031C2F2004108
:10B0200091F85523012A0BD10A68904218BF704746
:10B03000D1F844030130C1F84403012081F85403DE
:10B04000704700000000000070B1B0B541F220343C
:10B05000C2F2004494F85513012907D12168081A57
:10B0600018BF0120B0BD00BF01207047221D4FF462
:10B07000557105461046F5F706FB25600BF050F8B4
:10B0800020B1002020600120B0BD00BF012084F865
:10B0900055030020B0BD00002DE9F04F81B02DED2B
:10B0A000088B41F22035C2F2004595F8550301287E
:10B0B0001CD195F85403012812D1002485F854437B
:10B0C0002868FDF725FCB5F81C03A5F81E03A5F8B4
:10B0D00022430BF025F800281CBF012085F85403FB
:10B0E000B5F81E03B5F81C13884205D1BDEC088BDA
:10B0F00001B0BDE8F08F00BF95F8220300264FF0A5
:10B10000AA084FF0550A9FED618A9FED5F9A0AE009
:10B11000012085F804A385F82203B5F81E13B5F8BD
:10B120001C239142E2D0C0B2B5F81E13294491F815
:10B130000471B5F81E1301318AB2B6EB522F18BF55
:10B1400000210128A5F81E1304D048B9552FDFD0DF
:10B150000020E2E7AA2F44D185F805830220DAE730
:10B16000182839D2284480F8047395F8220302285D
:10B1700006D0032806D1781E032825D2132026E006
:10B180000320C8E795F82313013085F8220300292E
:10B19000C3D0C4B28C42C0D155FA80F005F54F7BC4
:10B1A00090F803030A2853D195F80793B9F1010FDA
:10B1B00020D1FBF719FC024605F54170214601F04C
:10B1C000C3F805F54E7444E0042F05D1172085F827
:10B1D000230304209FE700BFD5F83C030130C5F8E6
:10B1E0003C03552F4FF0000085F823033FF490AF48
:10B1F00091E700BFA9F1040005F54E7410F1020FAC
:10B2000027D395EDC4AAB0EECABA1BEE100AB0F16E
:10B21000FF4F1DD8FBF7E8FBB9F1020F12D1B4EED6
:10B2200048BA0122F1EE10FA12DCD5F82C1385EDA4
:10B23000C9AA0131C5F82C1385F8342305F55371DB
:10B240001DE000BFB4EE49BA0122F1EE10FA0BDDA9
:10B250005C46206801302060552F4FF0000085F8D3
:10B2600023033FF455AF56E7D5F8301385EDCAAA4E
:10B270000131C5F8301305F5547185F835230860A0
:10B28000C5F84803E5E700BF0000B4430000FA44F6
:10B2900041F22030C2F2004090F85513012918BF46
:10B2A0007047012180F8541370470000000000002F
:10B2B00081B10A46014600281FBF41F22030C2F288
:10B2C000004090F855335FEAC37303D000686423ED
:10B2D000FEF756BC0120704740F2F821C2F200414F
:10B2E0000A78012A04D1CA68904204BF00208870FD
:10B2F000704700000000000040F2F821C2F2004157
:10B300000A78012A08D1CA68904218BF7047486974
:10B3100001304861012048707047000000000000C3
:10B3200030B147F600020168C4F20002914201D038
:10B3300001207047D0F880100029F9D0C26F002A90
:10B34000F6D0B0B5C969B1F5807F0BD140F2F824D1
:10B35000C2F200442178012906D1E168081A18BF19
:10B360000120B0BD0120B0BDE06041F27860C2F2C2
:10B3700000404FF48071F5F786F941F278704FF490
:10B380008071C2F20040F5F77EF900256570A57066
:10B3900025616561A561E56125626562A562E5706B
:10B3A00025716571A571E571C4E90B55258100F022
:10B3B00023FA18B10120E560B0BD00BF0120207064
:10B3C0000020B0BD000000002DE9F04F8DB040F22C
:10B3D000F82AC2F2004A9AF80000012840F0F581EC
:10B3E0009AF80100E8B100248AF80140DAF80C006C
:10B3F000FDF78EFADAF80C00FDF756FB8AF80240EA
:10B400008AF80740CAF8304000F0F6F948B1012048
:10B410008AF801000DB0BDE8F08F00BF202C40F08D
:10B420007F819AF80000012840F07A81DAF80C0058
:10B43000D0F8800000684068C0F5807188B2FF28AD
:10B4400088BF0021BFF35F8F89B2BAF80A00884233
:10B4500000F06281002200BF83B241F27867C2F23D
:10B460000047013086B2541CFB5C0DF10E07FF2E25
:10B4700088BF00201E2ABB5403D882B28A422246CB
:10B48000EAD1AAF80A000025DAF810002044CAF828
:10B49000100007E000208AF80700CAF830000135E4
:10B4A000AC42BBD07E5DFBF79FFA9AF8071049B11A
:10B4B000DAF83020821A052A0ED300218AF8071004
:10B4C000CAF83010A52EEAD1A5218AF8341001213E
:10B4D0008AF80710E1E700BF01290BD1A52E65D03E
:10B4E0005A2ED7D15A218AF8351002218AF807102E
:10B4F000D3E700BF4A1C5144D3B28AF807200A2B75
:10B5000081F83460CAF83000C9D1DAF81C00002193
:10B510000130CAF81C009AF936909AF83A809AF9E4
:10B520003720ADF82E105FFA89F040F61101C0F215
:10B530000421802808BF12F180063BD04BF2005E48
:10B5400096235FFA82FBCFF6FF7E10FB03E6CDF871
:10B5500008808846B9F1000F30B2A6FB011C1BFB26
:10B5600003E19FEDA41AC0F306600FFA81FE304498
:10B5700000B2A6EB0C06CEF3066E0CEB560CA1FB4C
:10B580000863C0F3CF1001EB0E0636B2A1EB030146
:10B590004FEAE616DDF8088003EB510148BF4FEA99
:10B5A0009C10002A48BF8E09714240E0A5218AF80C
:10B5B000341072E79AF938904DF6802C4FF04B0E0C
:10B5C000CFF6FF7C5FFA89F00A4610FB0EC19AF9AC
:10B5D00039B0B9F1000F9FED861A08B2A1FB0262E3
:10B5E0005FFA8BF6C0F3066016FB0EC60844A1EBAB
:10B5F000020133B200B202EB510CC3F3066240F613
:10B600001101C0F20421324412B2A6FB0131C0F391
:10B61000CF10A6EB01034FEAE21248BF4FEA9C109D
:10B6200001EB5301BBF1000F48BF8A09514211FBE6
:10B6300001F210FB002200EE102AB8EE400AB1EE33
:10B64000C00AB4EE410AADF83200F1EE10FAADF8DE
:10B6500030101DDD00B202EE100A08B203EE100A2F
:10B66000B8EEC22AB8EEC33A21EE022A21EE031A3E
:10B6700082EE002A81EE000ABDEEC21ABDEEC00ABB
:10B6800011EE100AADF8320010EE100AADF83000DD
:10B69000C8F38010B0EBD81F08D018F040004FF06E
:10B6A0000A0008BF6FF00900ADF82E0008F03F0057
:10B6B0008AF803009AF83B000AF1340900F001010E
:10B6C0008AF80410C0F340008AF8050001208AF8C7
:10B6D0000600FBF789F90DF13203CAF82C000CA91A
:10B6E0000DF12E0200901846434603F0A5FABDF96D
:10B6F0003200BDF92E20BDF93010F6F76DFB0A219E
:10B70000484600F021FD00283FF4C4AEDAF82000DE
:10B710000130CAF82000BDE6DAF81000CAF81000BF
:10B72000BAF8084044B90AF13E00202100F0A0FC1C
:10B730000446AAF8080060B3B4F5807F24D89AF8CC
:10B74000000008B39AF8020018BB41F278750AF1BC
:10B750003E01C2F2004522462846F4F7F3FE0120DE
:10B760008AF80200DAF80C0029462246FEF7C0FAF1
:10B7700070B300218AF80210DAF81810022801F1DB
:10B780000100CAF8180004D0DAF824000130CAF821
:10B7900024009AF80600C0B1FBF726F9DAF82C105D
:10B7A000401AC92811D300208AF806008AF803003D
:10B7B0008AF804008AF80500FBF716F902F000FA8F
:10B7C000002000210022F6F707FB0DB0BDE8F08F46
:10B7D000BAF80800DAF828100844CAF8280000204F
:10B7E000AAF808009AF806000028D5D1EDE700BFB6
:10B7F000000096420000164310B540F2F8240022E3
:10B80000C2F20044E06862810F2201680A628A691C
:10B8100042F008028A6141F278614FF48072C2F20C
:10B820000041FEF741F8002818BF10BDE16840F262
:10B830000F42C4F20202D1F88010096891426FF001
:10B84000180211DC6F23C4F20203994222DC3F2369
:10B85000C4F20203994239DC1023C4F20203994274
:10B860005CD0282354E000BF40F26F43C4F20203CF
:10B8700099421BDC40F23F43C4F2020399422DDCA3
:10B8800040F21043C4F20203994247D040F22843E9
:10B890003EE000BF9F23C4F20203994228DC7023DC
:10B8A000C4F20203994239D0882331E040F29F4329
:10B8B000C4F20203994223DC40F27043C4F2020353
:10B8C00099422BD040F2884322E000BF4023C4F2CB
:10B8D0000203994222D058231AE000BF40F24043AD
:10B8E000C4F20203994219D040F2584310E000BF5D
:10B8F000A023C4F20203994210D0B82308E000BF8D
:10B9000040F2A043C4F20203994207D040F2B84388
:10B91000C4F20203994218BF6FF006020B681A4086
:10B920000A6010BD0000000080B582B044F2D8402B
:10B930000022C5F60200016841F0010101600168C2
:10B9400001F0010101910199016841F002010160DA
:10B950000068052100F00200009000980B20FBF722
:10B960005FF90B20FBF748F90C2005210022FBF7BB
:10B9700057F90C20FBF740F90D2005210022FBF7B9
:10B980004FF90D20FBF738F90E2005210022FBF7B7
:10B9900047F90E20FBF730F90F2005210022FBF7B5
:10B9A0003FF90F20FBF728F9102005210022FBF7B3
:10B9B00037F91020FBF720F9112005210022FBF7B1
:10B9C0002FF91120FBF718F92F2005210022FBF792
:10B9D00027F92F20FBF710F9382005210022FBF76B
:10B9E0001FF93820FBF708F9392005210022FBF761
:10B9F00017F93920FBF700F93A2005210022FBF75F
:10BA00000FF93A20FBF7F8F83B2005210022FBF75D
:10BA100007F93B2002B0BDE88040FBF7EDB800001D
:10BA200080B540F67C504AF20001C2F20040C4F2F8
:10BA3000000101220E2301600021C0E902110282EF
:10BA400005228174C0E90522C0E90732C0E9092254
:10BA5000C0E90B32C0E90D110822C2632022026442
:10BA60000422C165C0E91121C0E91321C0E91521F3
:10BA700010238266C0E91831FAF7FAF9002808BFE6
:10BA800080BDBDE88040F7F707BF00000000000060
:10BA900080B540F61C604AF20041C2F20040C4F298
:10BAA000000101220E2301600021C0E9021102827F
:10BAB00005228174C0E90522C0E90732C0E90922E4
:10BAC000C0E90B32D022C165C0E90D210822C26352
:10BAD0002022026404221023C0E91121C0E91321AD
:10BAE000C0E91521C0E918318266FAF7C1F90028CA
:10BAF00008BF80BDBDE88040F7F7CEBE0000000063
:10BB000080B540F6BC604DF20041C2F20040C4F284
:10BB1000000101220E2301600021C0E9021102820E
:10BB200005228174C0E90522C0E90732C0E9092273
:10BB3000C0E90B324FF4D07242630822C165C0E9FC
:10BB40000E212022026404221023C0E91121C0E941
:10BB50001321C0E91521C0E918318266FAF788F986
:10BB6000002808BF80BDBDE88040F7F795BE000003
:10BB700010B501F0E5FF40F6313048F21832C0F65A
:10BB80000100C0F60102002109F012FA40F2D004CF
:10BB900048F20412C2F20044C0F601020021206003
:10BBA00040F62910C0F6010009F002FA606040F684
:10BBB000013048F22C22C0F60100C0F6010200213B
:10BBC00009F0F6F9A06040F6692048F26812C0F664
:10BBD0000100C0F60102002109F0EAF9E06010BDA1
:10BBE00070B586B044F2E0400025C5F60200059528
:10BBF000CDE90355CDE90155016840F6000441F057
:10BC0000040101600168C5F6020401F0040100911D
:10BC10000099016841F0800101600168002201F093
:10BC2000800100910099016841F001010160016803
:10BC30004FF4204601F0010100910099016841F0A4
:10BC400010010160016801F0100100910099016884
:10BC500041F002010160016801F0020100910099C8
:10BC6000016841F00801016000684FF4204100F0D4
:10BC70000800009000982046FAF7AEFE012001A9C6
:10BC8000CDE90205204601960495FAF7B1FD06B00C
:10BC900070BD00000000000080B541F23C0044F699
:10BCA0000041C2F20040C4F200010C2201604FF4D6
:10BCB000E13141600021C0E902110161C0E90521C3
:10BCC000C0E90711C0E90911FDF7EAFA08B1F7F771
:10BCD000E3FD41F23C000021C2F20040FCF7C8FD48
:10BCE00008B1F7F7D9FD41F23C000021C2F2004053
:10BCF000FCF776FD08B1F7F7CFFD41F23C00C2F248
:10BD00000040FCF7FDFC002808BF80BDBDE8804076
:10BD1000F7F7C2BD0000000080B541F2641047F69D
:10BD20000001C2F20040C4F200010C2201604FF495
:10BD3000E13141600021C0E902110161C0E9052142
:10BD4000C0E90711C0E90911FDF7AAFA08B1F7F730
:10BD5000A3FD41F264100021C2F20040FCF788FD0F
:10BD600008B1F7F799FD41F264100021C2F20040DA
:10BD7000FCF736FD08B1F7F78FFD41F26410C2F20F
:10BD80000040FCF7BDFC002808BF80BDBDE8804036
:10BD9000F7F782BD0000000080B541F2F81047F6C9
:10BDA0000041C2F2004048F28042C4F20001C0F2F9
:10BDB0001E02C0E9001200210161C0E902110C223B
:10BDC000C0E90521C0E90711C0E90911FDF768FACA
:10BDD00008B1F7F761FD41F2F8100021C2F200400E
:10BDE000FCF746FD08B1F7F757FD41F2F8100021C6
:10BDF000C2F20040FCF7F4FC08B1F7F74DFD41F248
:10BE0000F810C2F20040FCF77BFC002808BF80BDA0
:10BE1000BDE88040F7F740BD80B541F28C2041F687
:10BE20000001C2F20040C4F201010C2201604FF493
:10BE3000E13141600021C0E902110161C0E9052141
:10BE4000C0E90711C0E90911FDF72AFA08B1F7F7AF
:10BE500023FD41F28C200021C2F20040FCF708FDD6
:10BE600008B1F7F719FD41F28C200021C2F2004021
:10BE7000FCF7B6FC08B1F7F70FFD41F28C20C2F2D7
:10BE80000040FCF73DFC002808BF80BDBDE88040B5
:10BE9000F7F702BD0000000080B540F6A87041F23F
:10BEA0000001C2F20040C4F201010C2201604FF413
:10BEB000612141600021C0E902110161C0E9052151
:10BEC000C0E90711C0E90911FDF7EAF908B1F7F770
:10BED000E3FC40F6A8700021C2F20040FCF7C8FC69
:10BEE00008B1F7F7D9FC40F6A8700021C2F2004073
:10BEF000FCF776FC08B1F7F7CFFC40F6A870C2F269
:10BF00000040FCF7FDFB002808BF80BDBDE8804075
:10BF1000F7F7C2BC0000000080B541F2D00041F24A
:10BF20000041C2F2004048F28042C4F20101C0F276
:10BF30001E02C0E9001200210161C0E902110C22B9
:10BF4000C0E90521C0E90711C0E90911FDF7A8F909
:10BF500008B1F7F7A1FC41F2D0000021C2F2004085
:10BF6000FCF786FC08B1F7F797FC41F2D0000021FE
:10BF7000C2F20040FCF734FC08B1F7F78DFC41F247
:10BF8000D000C2F20040FCF7BBFB002808BF80BD18
:10BF9000BDE88040F7F780BC40F25831C2F2004162
:10BFA0000A78012A04D18A68904204BF0020887070
:10BFB000704700000000000040F25831C2F200411A
:10BFC0000A78012A08D18A68904218BF7047086928
:10BFD0000130086101204870704700000000000037
:10BFE00030B141F200420168C4F20102914201D035
:10BFF00001207047D0F880100029F9D0C26F002AC4
:10C00000F6D0B0B5C969B1F5807F0BD140F2583494
:10C01000C2F200442178012906D1A168081A18BF8C
:10C020000120B0BD0120B0BDA06041F60010C2F2F9
:10C0300000404FF48061F4F726FB41F600504FF4C6
:10C040000071C2F20040F4F71EFB00256570A57078
:10C05000E5602561656100F0ABF818B10120A560CD
:10C06000B0BD00BF012020700020B0BD0000000066
:10C070002DE9F0414FF0000E002918BF002803D130
:10C080001FFA8EF0BDE8F08140F2583CC2F2004C3D
:10C090009CF80020002AF3D0DCF80820D2F8802099
:10C0A00012685268C2F5806293B2BEEB932F18BF3C
:10C0B0000022BFF35F8F92B2BCF8043093421DD0D0
:10C0C00041F600184FF0FF34C2F200489EB201332F
:10C0D0009FB20519BEEB972F04F1020718BF00238A
:10C0E0008F4218F8066004F101046E7002D29DB20E
:10C0F0009542EBD104F1010EACF80430DCF80C00F1
:10C100007044CCF80C001FFA8EF0BDE8F0810000FE
:10C11000B0B540F25834C2F200442078012818BF6C
:10C12000B0BD607801280ED100256570A068FCF7CD
:10C13000EFFBA068FCF7B8FCA57000F039F8002808
:10C140001CBF01206070B0BDA1F2012292B2B2F515
:10C150007E4F02464FF0010029D342B370B540F242
:10C160005836C2F200463378FBB1B07810B10220E5
:10C170001BE000BF41F600540D46C2F200441146D8
:10C1800020462A46F4F7DEF90120B070B068214657
:10C190002A46FDF7ADFD014600284FF0000004D00F
:10C1A000B0707069013070610846BDE8704070473A
:10C1B00010B540F258340022C2F20044A068A280B8
:10C1C0000F2201680A628A6942F008028A6141F618
:10C1D00000114FF48062C2F20041FDF765FB0028B8
:10C1E00018BF10BDA16840F20F42C4F20202D1F89C
:10C1F0008010096891426FF0180211DC6F23C4F2BD
:10C200000203994222DC3F23C4F20203994239DC43
:10C210001023C4F2020399425CD0282354E000BFEB
:10C2200040F26F43C4F2020399421BDC40F23F43E9
:10C23000C4F2020399422DDC40F21043C4F202031F
:10C24000994247D040F228433EE000BF9F23C4F20A
:10C250000203994228DC7023C4F20203994239D0C8
:10C26000882331E040F29F43C4F20203994223DC69
:10C2700040F27043C4F2020399422BD040F288434B
:10C2800022E000BF4023C4F20203994222D0582387
:10C290001AE000BF40F24043C4F20203994219D0B1
:10C2A00040F2584310E000BFA023C4F202039942B9
:10C2B00010D0B82308E000BF40F2A043C4F202034C
:10C2C000994207D040F2B843C4F20203994218BF22
:10C2D0006FF006020B681A400A6010BD00000000F3
:10C2E000FEE7000000000000FEE700000000000084
:10C2F00090B142F6C021C2F2004191F80615012921
:10C300000AD180B542F6C0218C22C2F20041F4F776
:10C310005EF9012080BD00BF0020704700000000D2
:10C3200010B542F6C0244FF4A161C2F20044204689
:10C33000F4F7A9F94FF0FF30C4E91C00012084F89C
:10C34000870084F8060510BD42F6C02CC2F2004CEE
:10C350009CF80635012B18BF704780B500280CF1FA
:10C360007C0364D0132962D1C17801295FD141686F
:10C3700000EE101AB0EEC03A13EE101AB1F1FF4FF2
:10C3800055D8816801EE101A0121C7F68071B0EE10
:10C39000C14A14EE10EA8E4549D2C06802EE100A76
:10C3A000B0EEC25A15EE100AB0F1FF4F3FD89FED24
:10C3B000236AB4EE463AF1EE10FA38DCB4EE464A9F
:10C3C000F1EE10FADCBFB4EE465AF1EE10FA2EDCB4
:10C3D0009CF88E0110280CD39CF88D110138013186
:10C3E00001F00F018CF88D11DCF880100131CCF8D0
:10C3F00080109CF88C1101308CF88E018CED000AB5
:10C400000CEB0113013101F00F018CF88C1183ED5D
:10C41000230A83ED241A83ED252AC3F898200CF112
:10C4200078038CED011A8CED022ACCF86C20186888
:10C4300001301860BDE88040704700BF0000C8426E
:10C440002DE9F04F81B02DED108BB4B042F6C0272E
:10C45000C2F2004797F80615012940F03E860546CE
:10C4600097F80305012811D1D7F8FC049FEDD9DA1C
:10C47000854210D0281A14280DD800EE100A9FED1E
:10C48000D61AB8EE400A20EE01DA04E09FEDD1DAC8
:10C49000012087F803050FA8C7F8FC548346FDF771
:10C4A0007BFE804618B90FA83421F4F7ECF82EA9CA
:10C4B00000204FF00009F5F77BFA00289FEDC58AB0
:10C4C000CDF824B060D028A90120F5F771FA002832
:10C4D00062D022A90220F5F76BFA00285CD01CA9D3
:10C4E0000320F5F765FA002856D033990024002977
:10C4F0004FF0FF301FBF2D9E002E279B002B4ED0EC
:10C50000B0EE48AAB0EE48BA219A002A4BD09DED71
:10C510002F0A9DED291AB8EEC00A9DED232AB8EE28
:10C52000C11A9FEDAE3AB8EEC22A9DED1D4A20EE2B
:10C53000030A681A21EE031AA91B22EE032A81427C
:10C54000B8EEC44A4FF0010430EE015A30EE410A11
:10C5500024EE031A35EE023A30EE420A88BF08464E
:10C5600033EE012AB5EE003A30EE010AE91A8142B3
:10C5700022EE03AA20EE03BA88BF0846A91A814218
:10C5800088BF08460FE000BF4FF0FF30B0EE48AA6A
:10C59000B0EE48BA002406E000244FF0FF30B0EEC1
:10C5A00048AAB0EE48BA2BEE0B0A002104953D28AC
:10C5B00038BF0121AAEE0A0A4FF0000A0026B0F5A2
:10C5C0007A7F88BF4FF0010A04EA0105B1EEC0CAC4
:10C5D0009FEDD30AB4EE40CAF1EE10FAD8BF01269F
:10C5E000B8F1000F786725D09DF86C0001281FD1A5
:10C5F0009DF86A0001281BD19DED0F0A9FEDC91A15
:10C6000020EE018AB0EE480A0BF0D8F9B0EE409A5D
:10C61000B0EE480A0BF0D2FA2BEE408A4FF0010937
:10C620002BEE094AA9EE0A8AA0EE0A4A04E000BFEE
:10C630004FF00009B0EE484A002D87ED0EAA87EDB5
:10C640000FBA87ED108A87ED114A47D0B5EE40DA70
:10C65000F1EE10FA46DD97F8010501280FD107F237
:10C66000EC40B6EE001A90ED000A3CEE000A20EE17
:10C67000010A97ED141AA0EE0D1A87ED141A07F2AD
:10C68000EC40B9F1000F80ED00CA4FF0010087F8CF
:10C6900001053DD097F8020501282ED107F2E440AC
:10C6A000B6EE001A97ED133A90ED000A07F59D607B
:10C6B00038EE000A90ED002A34EE022A20EE010A3C
:10C6C00022EE011A97ED122AA0EE0D2AA1EE0D3AE4
:10C6D00087ED122A87ED133A0FE000BF002187F89B
:10C6E000011516E007F2EC40B9F1000F80ED00CA29
:10C6F0004FF0010087F801050AD007F2E44007F582
:10C700009D6180ED008A81ED004A012101E000BFBA
:10C710000021786F0022B0F57A7F98BF012287F858
:10C720000215144214D03C285AD897F8051505294B
:10C7300080F0DA844A1C04294FF0000187F80525AF
:10C7400087F8041512D187F887108CB956E000BF1E
:10C7500097F80415032949D2022901F1010287F84B
:10C7600004254FF0000187F8051542D0002C45D074
:10C7700097F88710B6EE001A9FED162A002901FEE1
:10C78000020A3D2811D381B9B0EE420AC1087C29C2
:10C790000BD8C0F57A719FED982A00EE101AB8EE0A
:10C7A000400A80EE020A20EE010A97ED1A5AB4EE12
:10C7B000405AF1EE10FA2ADA3DEE051A81FE405A8F
:10C7C0009FED040AB5EE401AF1EE10FAB8BFB0EED4
:10C7D000405A2DE0000000006F12833A3665023C9B
:10C7E0000021A7F80415002CC2D107E0002187F82A
:10C7F0000515012187F88710002CB9D11FED0B0A10
:10C8000097ED1A5AB4EE405AF1EE10FAD4DBB4EEBA
:10C81000405AF1EE10FA19DD35EE4D1AB6EE002A47
:10C8200081FE422AB4EE410AF1EE10FA30FE025ABD
:10C8300087ED1A5A4FF000018DED05DA64B997F8CB
:10C840008E3187F88610BBB9DEE300BF002C4FF0B5
:10C8500000018DED05DAF2D0B0F57A7F98BF0121A5
:10C8600097F8870080F00100014097F88E3187F833
:10C870008610002B00F0C88384F001008DED015A72
:10C8800040EA0A008DED024A30430A9009988DED86
:10C89000038AD7ED07AAD7ED089A97ED09EA97ED35
:10C8A0000AAA97ED0B0A8DED080A97ED0C0A8DED9B
:10C8B000070A97ED0D0A8DED060AB7F8DA9497F896
:10C8C0008D51B7F8D814B8F1000F9DF86C209FED8A
:10C8D000151A08BF40469DED0F0A97F8A04120EEBB
:10C8E000018A97F8B46197F800C548F21F5ADFED46
:10C8F00043BAC5F2EB1ADFED42CA4FF0640BDFED2D
:10C9000041DA0990DFED40EA08EA02005FED4FFAF4
:10C910000B909FED3EBA9FED3ECA9FED3EDA22E0BE
:10C920008FC2F53C35FA8E3C002087F800050D9E3D
:10C930000C9907F2DC434909681C01FB1B6107F5F0
:10C940009C6683ED001A97F88E3100F00F0586ED96
:10C95000002A002B4FF001044FF001060E98C7F893
:10C96000F80400F03983EAB207EB021292ED231AC1
:10C9700092ED242AD2F89800E2070E90A3F101026A
:10C9800087F88E2112D097ED643A97ED654A23EE31
:10C990002B0A97ED675AA1EE2C0AA4EE2C0A97ED0C
:10C9A000664AA4EE2D0AA5EE2E0A08E0012087F8BB
:10C9B000A001B0EE413AB0EE414AB0EE410AF207B2
:10C9C00087ED641A87ED653A87ED660A87ED674A59
:10C9D00022D097ED693A97ED6A4A23EE2B1A97ED2C
:10C9E0006C5AA2EE2C1AA4EE2C1A97ED6B4AA4EE08
:10C9F0002D1AA5EE2E1A18E000006B44CDF2473E2A
:10CA0000CCF2C73DEF5B713FABAAAABE0000C842A3
:10CA10000AD7A33D9A99193E012087F8B401B0EED8
:10CA2000423AB0EE424AB0EE421A481C07EB81028D
:10CA3000A0FB0A14B9F1630F87ED692A87ED6A3A02
:10CA400087ED6B1A87ED6C4A82ED6E0A82EDD21A81
:10CA500040F27081B0EE6F3AB0EE6F2A002100BF55
:10CA60007A185031B1F5C87F92ED6E4A92EDE35AD3
:10CA700032EE042A92EDD24A33EE043A92ED6F4A36
:10CA800032EE042A92EDD34A33EE043A92ED704A24
:10CA900032EE042A92EDD44A33EE043A92ED714A12
:10CAA00032EE042A92EDD54A33EE043A92ED724A00
:10CAB00032EE042A92EDD64A33EE043A92ED734AEE
:10CAC00032EE042A92EDD74A33EE043A92ED744ADC
:10CAD00032EE042A92EDD84A33EE043A92ED754ACA
:10CAE00032EE042A92EDD94A33EE043A92ED764AB8
:10CAF00032EE042A92EDDA4A33EE043A92ED774AA6
:10CB000032EE042A92EDDB4A33EE043A92ED784A93
:10CB100032EE042A92EDDC4A33EE043A92ED794A81
:10CB200032EE042A92EDDD4A33EE043A92ED7A4A6F
:10CB300032EE042A92EDDE4A33EE043A92ED7B4A5D
:10CB400032EE042A92EDDF4A33EE043A92ED7C4A4B
:10CB500032EE042A92EDE04A33EE043A92ED7D4A39
:10CB600032EE042A92EDE14A33EE043A92ED7E4A27
:10CB700032EE042A92EDE24A33EE043A92ED7F4A15
:10CB800032EE042A92ED804A33EE053A92EDE45AF1
:10CB900032EE042A92ED814A33EE053A92EDE55ADF
:10CBA00032EE042A33EE053A7FF45AAF82EE0B2AB6
:10CBB000B0EE6F4A83EE0B3AB0EE6F5A002100BF21
:10CBC0007A182831B1F5C87F92ED6E6A92EDD27A6B
:10CBD00036EE426A37EE437AA6EE065A92ED6F6A57
:10CBE000A7EE074A92EDD37A36EE426A37EE437AE1
:10CBF000A6EE065A92ED706AA7EE074A92EDD47A35
:10CC000036EE426A37EE437AA6EE065A92ED716A24
:10CC1000A7EE074A92EDD57A36EE426A37EE437AAE
:10CC2000A6EE065A92ED726AA7EE074A92EDD67A00
:10CC300036EE426A37EE437AA6EE065A92ED736AF2
:10CC4000A7EE074A92EDD77A36EE426A37EE437A7C
:10CC5000A6EE065A92ED746AA7EE074A92EDD87ACC
:10CC600036EE426A37EE437AA6EE065A92ED756AC0
:10CC7000A7EE074A92EDD97A36EE426A37EE437A4A
:10CC8000A6EE065A92ED766AA7EE074A92EDDA7A98
:10CC900036EE426A37EE437AA6EE065A92ED776A8E
:10CCA000A7EE074A92EDDB7A36EE426A37EE437A18
:10CCB000A6EE065AA7EE074A82D185EE0B5A00224D
:10CCC00084EE0B4A4FF0000E0023B1EEC55AB1EED0
:10CCD000C44AB4EE4C5AF1EE10FAD8BF0122B4EEB9
:10CCE0004C4AF1EE10FAD8BF4FF0010E0B99CDE986
:10CCF0000C40B9B3099E96F82F10012932D196F84D
:10CD00002E1001292ED1317B04292BD196ED014A19
:10CD1000B6EE005AB0EEC44A00260121B4EE454AF0
:10CD2000F1EE10FAC8BF012697F88480B8F1010F20
:10CD30001FD037E0B9F1630F09F10109A7F8DA94C0
:10CD400002D14FF0640985E60123B0EE6F2AB0EE00
:10CD50006F3A01224FF0010E0B990029CDE90C40EA
:10CD6000C8D100BF0126002197F88480B8F1010FD7
:10CD700018D132EE6A4AB0EEC44AB4EE4D4AF1EE32
:10CD800010FA03DD00264FF0010871E033EE694A26
:10CD90000020B0EEC44AB4EE4D4AF1EE10FAD8BF0E
:10CDA0000120024043EA06000A9B23EA0000C00774
:10CDB00018BF002A36D16446002630EE6AFA0029F0
:10CDC00071EE698A5BD0B0EE480A0AF0F7FDB0EE6A
:10CDD000409AB0EE480A0AF0F1FE28EEC01A97F821
:10CDE00084C028EE892A4FF0640BA9EE0F1AA0EE3A
:10CDF0000F2AB0EE6F0AE0074BD15FEACC7008EA69
:10CE000006023FF491AD002A0D9E65D00020B0EEE1
:10CE10006FAAC7E90900012087F80005B0EE6FEAA4
:10CE200086E500BF7646B8F1000F08BF96F0010016
:10CE300000F0B08008EA0600012819D132EE6A2A13
:10CE40009FEDAE4A33EE693A4FF001086446012681
:10CE5000E2EE04AAE3EE049AC7ED07AAC7ED089A2A
:10CE600030EE6AFA002971EE698AACD107E000BFA2
:10CE7000644630EE6AFA002971EE698AA3D14FF058
:10CE8000000CB0EE6F1AB0EE6F2AB0EE6F0AE0073A
:10CE9000B3D0D7F8F8140E98884211D0421A142A49
:10CEA0000ED800EE102A9FED953AB8EE400A20EE1B
:10CEB000030A5FEACC7008EA06023FF435ADA2E748
:10CEC00088428FA008BF043090ED000A5FEACC7062
:10CED00008EA060297D127E5B5EE400A0020F1EEF8
:10CEE00010FAC8BF01202040C00771D007F59C6030
:10CEF000F6EE001AB0EE4A5A90ED003A07F2DC4026
:10CF000032EE033A90ED004A31EE044A23EE213A24
:10CF1000A3EE005A24EE213AB0EE4E4A87ED0A5AAB
:10CF2000A3EE004A2AEE0A3A25EE056A7AEE050AD1
:10CF300087ED094AAEEE0E3AB0EE45AAA4EE046AB9
:10CF40003EEE047AB0EE44EAB1EEC33AB1EEC66A00
:10CF500033EE063A27EE216A20EEA17ADDED080ACB
:10CF600023EE213AE6EE000A9DED076AA7EE006A7D
:10CF70009DED067AA3EE007ACDED080AC7ED0B0A07
:10CF80008DED076A87ED0C6A8DED067A87ED0D7AD7
:10CF9000CEE400BF87ED072A4FF0010887ED083A7D
:10CFA000002487F88480B0EE6FAA87F80045B0EEC1
:10CFB0006FEAC7E90944F0EE439AF0EE42AA30EE78
:10CFC0006AFA002971EE698A3FF459AFFBE600BFA7
:10CFD000012087F80005ABE49DED038A9DED024A30
:10CFE0009DED015A87F88D51A7F8D8140CF0010077
:10CFF00087F8882087ED03FAC7ED048A87ED051AC4
:10D0000087ED062A87F88500F86E049AB96F101A22
:10D01000002908BF4FF0FF306528386706D300208D
:10D0200087F8850087F8880087F80005B7EE000AC2
:10D0300024EE051A97ED093A9DED057AB5EE407A92
:10D0400030EE452A28EE050AF1EE10FAA2EE030AA8
:10D0500097ED0A3AA2EE031A87ED150A87ED161A24
:10D0600033DD07F2F44021EE014AB6EE006A90ED9E
:10D07000002A07F59E6022EE023A90ED005AA0EEDB
:10D08000004A31EE022AA5EE053A30EE055A22EEAC
:10D09000062AB1EEC44AB1EEC33A34EE033A25EEA5
:10D0A000064A97ED175A23EE063A97ED186AA4EE52
:10D0B000075A97ED194AA2EE076AA3EE074A87EDD1
:10D0C000175A87ED186A87ED194A07F59E6007F22F
:10D0D000F44180ED000A81ED001A34B0BDEC108BF4
:10D0E00001B0BDE8F08F00BF002187F8041587F874
:10D0F0008710002C7FF43CABFFF780BB6F12833AA4
:10D10000000000000AD7A33B00286DD010EE901A53
:10D1100021F00041B1F1FF4F66D8B0B52DED068B7F
:10D12000054611EE100A0124C7F6807420F0004075
:10D13000A0424FF0000054D2F5EE400AF1EE10FA92
:10D140004FDD9FED2A0AB0EE60AA21EE009AB0EE04
:10D15000490A0AF033FCB0EE408AB0EE490A0AF000
:10D160002DFDB5EE408A0020F1EE10FA39DD9FED7D
:10D17000201A4FF2B6323AEE013A9FED1E2A9FED89
:10D180001E1AC3F69D62C5E90120A3EE082AA3EE8C
:10D19000401A85ED002A85ED031A12EE101A21F0CF
:10D1A0000041A1421DD2B5EE402AF1EE10FA18DB83
:10D1B000B0EE080AB4EE402AF1EE10FA11DC9FED51
:10D1C0000F0A0021B4EE401A9FED0D0AF1EE10FA9D
:10D1D000A8BF0121B4EE401AF1EE10FAD8BF012029
:10D1E0000840BDEC068BB0BD0020704735FA8E3C80
:10D1F000AE47613E39B4483DB6F39D3E6F1283BAE7
:10D200003108C04000000000002848F2A8221CBFDE
:10D210000621017041F66C70C0F60102C2F20040B6
:10D22000017848F27820C0F60100002918BF1046A6
:10D23000704700000000000041F66C70C2F2004030
:10D24000007870470000000021EEA12A9FEDCB3A44
:10D25000A1EE012AB1EEC24AB4EE434AF1EE10FA51
:10D260000CDD81EE041A81EE842AB4EE431AF1EE4D
:10D2700010FA07DD9FEDC24A0DE000BF9FEDC10A25
:10D28000704700BF9FEDC04AB4EE441AF1EE10FAA9
:10D2900016DA9FEDBE4A34EE404A9FEDBD5A84EE49
:10D2A000014A84FE054A9FEDB75AC4FE453AB4EEE2
:10D2B000432AF1EE10FA0ADD9FEDF84A10E000BFB4
:10D2C000DFEDB03AB4EE432AF1EE10FAF4DC9FED54
:10D2D000AE4AB4EE442AF1EE10FA0BDA9FEDF04AB2
:10D2E00034EE604A9FEDAA5A84EE024A84FE054A53
:10D2F000C3FEC43A2DED088B41F66C709FEDE96AD0
:10D30000C2F200409FEDE87ADFEDE81AB0EEC15AB4
:10D310000078DFEDE72AB0EEC24A002847FE064A51
:10D3200042FEA15AB4EE640AF1EE10FAC0F2328164
:10D33000B4EE650AF1EE10FA00F32C81DFEDDD6A40
:10D34000F4EE660AF1EE10FAC0F22481DFEDDA6A3B
:10D35000F4EE660AF1EE10FA00F31C8170EE644AF6
:10D36000FFEE007A75EEC05AB7EE008A76EEE06AFC
:10D370009FED87BA0FF27451F4EE654AC5FEE44A98
:10D38000DFEDF25A70EEA55AF1EE10FA85FEE4AA2E
:10D39000F4EE654A38FE279AF1EE10FAB4EE66AA6A
:10D3A00077FE8B7AF1EE10FAF4EE654A7BFE094ABD
:10D3B000F1EE10FAB4EE66AA7BFE244AF1EE10FA02
:10D3C00078FE275A62EE255AE1EE245AF5EE405ACD
:10D3D000F1EE10FAA8BF0431D1ED006A0028DFEDAC
:10D3E000DC4ADFEDDC5AC3FEE63A46FE244A45FE3F
:10D3F000A25AB4EE640AF1EE10FAC0F20D81B4EE56
:10D40000650AF1EE10FA00F30781DFEDD36AF4EE5E
:10D41000660AF1EE10FAC0F2FF80DFEDD06AF4EE9A
:10D42000660AF1EE10FA00F3F78070EE644AFFEE40
:10D43000007A75EEC05AB7EE008A76EEE06A9FED8C
:10D4400054BA0FF2A841F4EE654AC5FEE44ADFED96
:10D45000F35A70EEA55AF1EE10FA85FEE4AAF4EE46
:10D46000654A38FE279AF1EE10FAB4EE66AA77FE06
:10D470008B7AF1EE10FAF4EE654A7BFE094AF1EE82
:10D4800010FAB4EE66AA7BFE244AF1EE10FA78FE9A
:10D49000275A62EE255AE1EE245AF5EE405AF1EE93
:10D4A00010FAA8BF0431D1ED006A002847FE064AF1
:10D4B00083FEE66A02FEA17AB4EE640AF1EE10FA87
:10D4C000C0F2FC80B4EE470AF1EE10FA00F3F680E9
:10D4D000DFEDF41AF4EE610AF1EE10FAC0F2EE801C
:10D4E000DFEDF11AF4EE610AF1EE10FA00F3E680D6
:10D4F00030EE643ABFEE005A37EE400A0FF2EC30DD
:10D5000080FE434AB4EE403A9FEDF33A30EE833A60
:10D51000B7EE000AF1EE10FA71EEE00ADFEDF01A54
:10D52000C3FE442A30FE057AB4EE434AF1EE10FA07
:10D53000F4EE602A35FE215AF1EE10FAB4EE434AB9
:10D5400031FE877AF1EE10FAF4EE602A31FE873A66
:10D55000F1EE10FA30FE050A22EE000AA1EE030AEF
:10D56000B5EE400AF1EE10FAA8BF043090ED005A73
:10D5700086FE450ABDEC088B704700BFBD37863577
:10D5800052B82E4000007A44BD3786B5713D8A3EC0
:10D5900000000000B4EE435AF1EE10FA40F3E080D0
:10D5A00074EEC04A75EEC05AC4EE814AC5EE815A87
:10D5B000C4FEE56AC4FEA54ADFEDC95AC6FEA55AF7
:10D5C000DFEDC66AC4FEE64AF4EE645AF1EE10FAE4
:10D5D0003FF704AFB4EE434ADFEDC26AF1EE10FA52
:10D5E00040F3D680DFEDC07A76EEE06A77EEE07A3F
:10D5F000C6EE826AC7EE827A86FEE78AC6FEA76A10
:10D60000C5FE885AC4FEE64AF4EE645AF1EE10FAFA
:10D6100040F3CE80D1E000BFB4EE435AF1EE10FAF1
:10D6200040F3CE8074EEC04A75EEC05AC4EE814A13
:10D63000C5EE815AC4FEE56AC4FEA54ADFEDA85ACC
:10D64000C6FEA55ADFEDA56AC4FEE64AF4EE645AAA
:10D65000F1EE10FA3FF729AFB4EE434ADFEDA56AC9
:10D66000F1EE10FA40F3C280DFEDA37A76EEE06AC5
:10D6700077EEE07AC6EE826AC7EE827A86FEE78AA5
:10D68000C6FEA76AC5FE885AC4FEE64AF4EE645A8E
:10D69000F1EE10FA40F3BA80BDE000BFEE7CB54079
:10D6A0002731A83E713D8ABE14AE473F7B140E4021
:10D6B000AE475140F2D23D3F7368B93FB4EE435A92
:10D6C000F1EE10FA40F3AC8034EEC05A37EE400A67
:10D6D00085EE015A80EE010A85FE401A85FE007A29
:10D6E0009FED7F0A9FED7D5A81FE000A87FE451A55
:10D6F000B4EE410AF1EE10FA3FF73AAFB4EE434A06
:10D70000F1EE10FA40F3A0809FED7C3A9FED7C4A49
:10D7100033EE603A34EE604A83EE023A84EE022A37
:10D7200083FE424A83FE022A80FE040A81FE421AD8
:10D73000B4EE410AF1EE10FA40F398809FED675A7B
:10D7400086FE450ABDEC088B704700BFF2D23DBF94
:10D7500048E13A3FAE471140508DDF3F25061D405E
:10D76000B4EE640ADFED5D4AF1EE10FAC0F28A8091
:10D77000B4EE650AF1EE10FA00F38480DFED585A3A
:10D78000B4EE434ADFED576AF1EE10FA3FF72AAFE5
:10D79000F4EE660ADFED516AF1EE10FAFFF61EAE06
:10D7A000DFED517AF4EE670AF1EE10FA3FF716AEAC
:10D7B000F5EE404AF1EE10FA78DADFED486A0DE650
:10D7C000B4EE640ADFED454AF1EE10FA5EDBB4EE2A
:10D7D000650AF1EE10FA59DCDFED415AB4EE434A26
:10D7E000DFED446AF1EE10FA3FF73EAFF4EE660A61
:10D7F000DFED3A6AF1EE10FAFFF657AEDFED3E7A52
:10D80000F4EE670AF1EE10FA3FF74FAEF5EE404A3C
:10D81000F1EE10FA50DADFED316A46E6508DDFBFE7
:10D82000B4EE640A9FED2D1AF1EE10FA32DBB4EE7D
:10D83000470AF1EE10FA2DDC9FED290AB4EE434AB7
:10D84000F1EE10FA3FF760AF9FED2C2AF4EE420A9A
:10D850009FED225AF1EE10FAFFF68AAE9FED282ACC
:10D86000F4EE420AF1EE10FA3FF782AEB5EE401A3E
:10D87000F1EE10FA26DA9FED195A86FE450ABDEC44
:10D88000088B7047F0EE646AA8E500BFF0EE646AAA
:10D890000BE600BFB0EE415A86FE450ABDEC088B90
:10D8A000704700BFA8C62F4025065D40DFED0C4A3B
:10D8B000C5FEA46A92E500BFDFED094AC5FEA46A71
:10D8C000F3E500BF9FED061A80FE015A86FE450A69
:10D8D000BDEC088B704700BFA8C62FC000007A447B
:10D8E00000000000F2D23D3F7368B93F0000000025
:10D8F00000007A44508DDF3F25061D40A8C62F400A
:10D9000025065D4000000000052801D90020704771
:10D9100041F66C7148F27823C2F2004148F2A82225
:10D92000C0F60103C0F601020978002903EBC0012B
:10D930001CBF134602EBC00113F8300091ED011A31
:10D94000002891F9010000FE200A01284FF0000094
:10D95000B4EE410A04DBF1EE10FAA8BF01207047D3
:10D96000F1EE10FAD8BF012070470000000000005F
:10D9700041F66C71C2F2004108707047000000006F
:10D9800038B3F5EE400AF1EE10FA22DDB5EE400AAA
:10D99000F1EE10FA20DD01EE100AB8EEC11AB0EE79
:10D9A000C11A21EE201AB4EE401AF1EE10FA10DD81
:10D9B00080EE200ABDEEC00A10EE101A01290BDB22
:10D9C00047F6FF72914238BF0A46002848BF5242CC
:10D9D000104600B2704700BF002000B27047000040
:10D9E0000022002818BF002902D11046704700BF4E
:10D9F000F5EE400AF1EE10FAF7DDB1F9002001EE84
:10DA0000102AB0F90020B8EEC12A01EE102AB8EEB3
:10DA1000C11A22EE022AA1EE012AB5EE402AF1EE49
:10DA200010FA0DD0B1EEC22A20EE822AB4EE420ADC
:10DA3000F1EE10FA06DBB5EE400AF1EE10FA01DD68
:10DA400000207047B5EE400AF1EE10FA18DD80EEC6
:10DA5000020A20EE011ABDEEC11A11EE102A028050
:10DA6000B1F9000001EE100AB8EEC11A20EE010A69
:10DA7000BDEEC00A10EE102A0A800122104670473F
:10DA8000002202800A800122104670470000000038
:10DA90009FED102A80FE823A30EE430AB5EE400A2E
:10DAA000F1EE10FA12DDF5EE401AF1EE10FA0DDD8E
:10DAB00081FE021A31EEA12A21EE811A22EE000A1D
:10DAC000A1EE010AB1EEC00A30EE412AB0EE420AE0
:10DAD000704700BF000000009FED0C3AF5EE401AC1
:10DAE00080FE832AF1EE10FA0DDD81FE031AB0EEFE
:10DAF000C03A20EE000A31EEA14AA3EE012A80EEE0
:10DB0000040A32EE002AB0EE420A7047000000001C
:10DB100040F270310028C2F20041C98A8AB201463F
:10DB2000134618BF0121002A18BF012319400129FB
:10DB300003D1012323EA0202027008467047000065
:10DB4000B0B541F600746C21C2F200442046F2F7F1
:10DB50009AFD40F270300021C2F200400125C0E978
:10DB60001011C0E91211C0E91411C0E916110166C3
:10DB700041818181C181017081614170C1610182F6
:10DB800041828182C0F80210C5800172C0E908118B
:10DB9000C0E90A11C0E90C11C0E90E11C18241723D
:10DBA0000020FFF7E5FE062060744FF48070E081EE
:10DBB00000202570C4F27A40E064B0BD000000008F
:10DBC00040F27031C2F20041CA69531CCB61BFF30D
:10DBD0005F8F00234B818B81CB810B708861901C00
:10DBE0004B70BFF35F8FC8610B824B828B82704793
:10DBF00040F27030C2F20040407A704700000000EE
:10DC000018B1002918BF002A00D1704740F2703CBB
:10DC1000C2F2004CBCF810300380BCF8120008803F
:10DC2000BCF814001080704741F60071C2F2004148
:10DC30000978012918BF70472DE9F04F81B02DED0B
:10DC40000E8BAEB040F27037C2F20047F98A19B1BC
:10DC5000F98A0139F98200BFFC69BFF35F8FB7F819
:10DC60000AB0B7F80CA0FE8997F80090D7F8188092
:10DC7000E1077B78BFF35F8FF969EDD18C42EBD17F
:10DC8000A0EB08010022002B18BF01230190C92935
:10DC900038BF0122396A8C4203EA02010CD03C628F
:10DCA00041B1787A40B95FEA497000F1F78201200A
:10DCB00001E000BF0020B87106A8CDE90316FCF70B
:10DCC0006BFA4FF00006D8B39DF8240041F60073BC
:10DCD000C2F20043042813D19DF8480001280FD157
:10DCE0009DF8460001280BD19DED060A10EE100AA2
:10DCF00020F00040B0F1FF4F9CBF87ED0B0A0126DA
:10DD0000F878BE70012823D19DF8490001281FD161
:10DD10009FEDD88A9DED0F0AF0EE480A09F0F6FE55
:10DD20009FEDD51AB4EE410AF1EE10FA28DD9FED11
:10DD3000D91A41F6007330EE010AC2F200432CE01A
:10DD400041F60073C2F20043F878BE700128DBD0C0
:10DD500001207EB3797A8843C0070FD00120FCF7F9
:10DD6000F3F99FEDCD0AFCF747FEB0FA80F041F6DB
:10DD70000073C2F2004340091DE000BF01201AE019
:10DD80009FEDC61A41F60073B4EE410AC2F2004399
:10DD9000F1EE10FA01DA30EE080AB0EEC00AB6EE83
:10DDA000001A0020B4EE410AF1EE10FAC8BF0120BB
:10DDB000002ECFD10020F870187340F2D820C2F2A4
:10DDC0000040EFF3108172B6D0F800E08268029252
:10DDD0008288B0F80CC08579807B2E46002D18BF54
:10DDE00001260028059018BF012001B962B6D97834
:10DDF0005E71987199BB059810B36646BCF1F00F3F
:10DE000028BFF026052E98BF0526BCF1EF0F26D8B7
:10DE100097F86000D0B197F85A00009002281ED8F9
:10DE2000F96D029888421AD00298F865009807EBBD
:10DE30004001013087F85A00A1F854600FE000BF9C
:10DE4000002087F85A0087F8600008E00298F8651B
:10DE5000012087F8600087F85A00A7F85460002076
:10DE600097F85A109874D97495B38C2A28BF8C22CD
:10DE700097F84200052A98BF052268B397F83A60E0
:10DE800073467EB3F86B834243D097F83B0045F26C
:10DE90005651022E00F1010E0EFB01F107EB40007E
:10DEA0004FEA1141828601EB4100AEEB000087F89A
:10DEB0003B0002D8013687F83A60BA8EB11E701E58
:10DEC0000329FB6300F0030380F0728201268AE2DB
:10DED00087F842001DE000BF012087F842000026BD
:10DEE000734601E097F83B60701C45F25651414380
:10DEF00007F1340EFB63090C2EF81620BA8E01EBE5
:10DF00004101401A87F83B00012087F83A00A7F842
:10DF100040200598B7F840E0002841F60070C2F2B2
:10DF20000040A0F814E039D0BCF1F00F28BF4FF04A
:10DF3000F00C97F85200BCF1050F98BF4FF0050C9C
:10DF400080B397F84A609EB3F86C0299814248D03A
:10DF500097F84B0045F25652022E00F1010101FBE9
:10DF600002F207EB40004FEA1242A0F844C002EB75
:10DF70004200A1EB000087F84B0002D8013687F879
:10DF80004A60B7F84430B11E701E032900F0030C3C
:10DF90000299F96480F0408201215CE2002087F858
:10DFA00052001EE0012087F85200002602E000BF68
:10DFB00097F84B60701C45F25651414307F14402FB
:10DFC000090C22F816C0B7F8443001EB4101401AA1
:10DFD00087F84B00012087F84A000298F864A7F8F8
:10DFE000503041F60070B7F85030C2F20040C382A2
:10DFF000E5B100EE10EA9FEDAD1AB8EE400A20EE52
:10E00000010A9FEDDE1AB4EE410AF1EE10FA0FDDBF
:10E010009FEDDB1A41F60076B4EE410AC2F20046EB
:10E02000F1EE10FA0ADB002007E000BF002000E05C
:10E03000012041F60076C2F2004638710598B8B169
:10E0400000EE103A9FED991AB8EE400A20EE010A50
:10E050009FEDD51AB4EE410AF1EE10FA0EDD9FEDF8
:10E06000D31AB4EE410AF1EE10FA01DA787907E03A
:10E07000002004E00000B443000034430120787124
:10E08000797A3A79F271307251B10020B070C6E9F4
:10E09000110072E00000B4C300000000000034C3AF
:10E0A00006AE3046FEF724F900285FD09DF89D109B
:10E0B00041F600739DF89E00C2F20043014311F047
:10E0C0000101997050D0C0B206F1540110F0010066
:10E0D00018BF06F13801002806F1580018BF06F1F4
:10E0E0003C00DA7809685964002A0068986400F0F6
:10E0F000DF8097ED090A97ED0A1A9DED1D2A9DED27
:10E100001E3A30EE020A29A831EE031A83ED080AFE
:10E1100083ED091AFFF778F841F600739DF8A42003
:10E12000C2F200430646197C914213D293ED080ACD
:10E13000D3ED090AC8B2FFF7E7FB41F600739DF87B
:10E14000A420C2F20043197C20B101311974C8B275
:10E150009042EBD3C8B20021904228BF012119712F
:10E1600002D216F83000D8731E4606E041F600735E
:10E170000020C2F200431E469870FFF75DF87073EE
:10E1800003987070C6F81880A6F860B0A6F862A070
:10E1900080B1797AB07B049A002908BF0A4600F062
:10E1A000FE01ADF818B004290492ADF8A4A033D153
:10E1B00000213CE2B07B4FF0000B4FF0000AADF8BD
:10E1C00018B000F0FE01ADF8A4B004294FF0000132
:10E1D000049100F02C8203281FED51AA00F2D28096
:10E1E000019ADFE800F0030A3B4500BF41F28730A7
:10E1F000824202D8F8790028DAD0307B012829D170
:10E20000B07838B3F078317C00283972A2F5C87044
:10E21000386334D13EE100BFBBF5004F17D00FFA91
:10E220008BF18BEAE132A2EBE13189B20A290ED8F7
:10E23000BAF5004F0BD00FFA8AF18AEAE132A2EB6D
:10E24000E13189B20A2902D819F03B01C3D0052077
:10E2500001E000BF0120B0730021E8E1F078C007C1
:10E2600000F01881307C3872A2F5C87006E000BF5B
:10E27000307C397A884202D038721046386330795F
:10E28000012840F08380A020F8820420B07301218F
:10E2900079724FF0000B4FF0000AC4E1B879012801
:10E2A0007FF40AAD4FF48070F88005E50AD7233C6F
:10E2B000997997F85A00012908BF002800F02A81AF
:10E2C000B97801297FF450AF02287FF64DAFB7F837
:10E2D0005400B7F85820B7F856101FED0C1A8842B2
:10E2E0000B4688BF014638BF0346914229A828BF84
:10E2F00011468B4288BF194600EE101AB8EE400A4C
:10E3000020EE018A97ED0B1A1FED9D0AF0EE480AE8
:10E31000FEF7FAFE002800F06D84B7EE080A9DEDC6
:10E32000291A00200026B4EE401AF1EE10FAC8BFF8
:10E330000120FFF71DFB41F600739DED290A9DEDBD
:10E340002A1A9DED1D2A9DED1E3AC2F2004330EEC1
:10E35000422A012031EE433A87ED092A87ED0A3A35
:10E36000D870F86A83ED0A0A83ED0B1AC3E90C062C
:10E3700083ED0E8A2C98C3E90F60BAE68FC2F53D93
:10E38000295C0F3EB0EE4ABA0DE100BF386B101A9F
:10E390000009182800F282800320B0734FF0000BB0
:10E3A0004FF0000A3EE100BFAE47613D9A99993DAA
:10E3B00020F0030E002600BF92B207EB46000436A1
:10E3C000C18E914238BF0A46018F914238BF0A463A
:10E3D000418F914238BF0A46808F904238BF024633
:10E3E000B645E9D10136002B3FF491AD07EB460667
:10E3F000B08E904238BF0246012B3FF488ADF08EBC
:10E40000904238BF0246022B3FF481AD308F9042DC
:10E4100038BF02467BE500BF20F00301002600BFA5
:10E420009BB207EB46000436B0F846209A4238BF4C
:10E430001346B0F848209A4238BF1346B0F84A2035
:10E440009A4238BF1346B0F84C00984238BF034692
:10E45000B142E5D1711CBCF1000F3FF4C0AD07EB38
:10E460004101B1F84400984238BF0346BCF1010FA6
:10E470003FF4B5ADB1F84600984238BF0346BCF151
:10E48000020F3FF4ACADB1F84800984238BF0346E4
:10E49000A5E500BF9FEDE6BA022084E00DF1B700CC
:10E4A000FEF7B2FE41F600769DF8B720C2F20046B4
:10E4B000317C914272D210F8312006F1240300EB36
:10E4C000C1004B21002A08BF06F1200390ED011A7C
:10E4D00090F9010093ED000A31EE402A002830EE59
:10E4E000410A9FEDD41A32FE000AB4EE410A9FEDB4
:10E4F000D21AF1EE10FAC8BF9621002A01FB00F0F3
:10E5000000EE100AB8EEC00A01FE00BA00FE01AA31
:10E5100048E000BF587901287FF426AE988A8C28FD
:10E52000BFF422AE00EE100A1FEDA01A0120012652
:10E53000B8EE400A20EE018A9FEDC00A30EE489AFC
:10E54000FFF716FA41F6007341F26200C2F200438F
:10E55000C4F228009DED1D0A9FEDB91A9862B878A3
:10E560009DED1E2A31EE400A39EE421A002887ED51
:10E57000090A97ED0B0A87ED0A1A9FEDAF1A01FE03
:10E58000000ADE7083ED0B9A002083ED0C0A83ED08
:10E590000D8AC3E90E001864ABE500BF9FEDA6BA73
:10E5A000B0EE4BAA0320B97897ED0B0A9FEDA51AA0
:10E5B000B07320EE010A00299FEDA31A01FE008A24
:10E5C000B0EE480A09F0FAF9B0EE409AB0EE480A07
:10E5D00009F0F4FA2BEE401AB6EE003A2BEE092AB7
:10E5E00041F60076C2F20046A9EE0A1AA0EE0A2A07
:10E5F000BEEE000AB5EE401AF1EE10FAB5EE402A72
:10E6000023FE004AF1EE10FA23FE000A31EE041A4E
:10E6100032EE000ABDEEC11ABDEEC00A11EE10BA0C
:10E6200010EE10AA0021ADF818B0ADF8A4A0B07893
:10E6300005914FF00008002101284FF0000086F8F6
:10E640000980C4F27A41F16440F03381F078012806
:10E6500040F02E814BEA0A00000400F029810FFAF5
:10E660008AF09FED75BA00EE100A0FFA8BF001EEFA
:10E67000100AB878B8EEC00A0028B8EEC11A20EE29
:10E68000002AA1EE012AB1EEC22A80EE02DA97ED4D
:10E690000B0A0BFE00AA9FEDC20A81EE02CA2AEE07
:10E6A000008AB0EE480A09F089F9B0EE409AB0EE5F
:10E6B000480A09F083FA2DEE401A41F600706DEE1B
:10E6C000091AC2F20040A9EE0C1AD0ED090AE0EED8
:10E6D0000C1A90ED080AFEF7B7FD41F600769FEDA3
:10E6E000B1CAC2F20046B4EE4C0AF1EE10FA86ED61
:10E6F000130A00F3B180BDF91800BDF9A41000EEB3
:10E70000100AB8EEC0DA00EE101AB8EEC0EAB0EEA9
:10E71000480A09F053F9B0EE409AB0EE480A09F001
:10E720004DFA2EEE401AD6ED090A29EE0E2AA9EE70
:10E730000D1AA0EE0D2AB0EEC10AB0EEC23AB4EE48
:10E74000403A96ED080AF1EE10FA32FE0B9A3BFEC3
:10E75000018AF0EE491AB0EE481AFEF775FDB5EEE3
:10E76000408A0020F1EE10FA4FF00001B5EE409A19
:10E7700018BF0121F1EE10FA18BF01200843C007AD
:10E7800064D0B4EE4C0AF1EE10FA5FDD9FED2D1A65
:10E79000B0EE40DA2AEE01AAB0EE4A0A09F00EF90C
:10E7A000B0EE40BAB0EE4A0A09F008FAB0EE401AEC
:10E7B00029EE0B3AB6EE004AB0EE4D0A41F600766D
:10E7C00029EE412AC2F20046A1EE083ABEEE001A36
:10E7D00086ED13DAABEE082AB5EE402AF1EE10FA18
:10E7E000B5EE403A24FE015AF1EE10FA24FE011A69
:10E7F00032EE052A33EE011AB6EEC24ABDEEC22A47
:10E80000B6EEC13ABDEEC11A12EE100A23EE033A7B
:10E81000ADF8180011EE100AA4EE043AADF8A40009
:10E8200001207072B5EE403AF1EE10FA14D13FE0DB
:10E8300000009642CDCC4C3F00000000AC1CE23FF3
:10E840006210284035FA8EBC0000008041F6007648
:10E85000C2F2004696ED130A9FEDCA1AB4EE410AC1
:10E86000F1EE10FA24DA5FED0C0A9FEDC71ADFED26
:10E87000C71AFFF70DF906A829A9DFEDC50AFFF7AA
:10E88000AFF841F600760028C2F200461CBF012016
:10E89000707296ED130A0020B4EE4C0AF1EE10FAF5
:10E8A00007DCADF81800ADF8A400012001E000BFBE
:10E8B000002003904CF28F2044F2AE71C3F6F55065
:10E8C000C3F66151BDF91850C6E914017079BDF95C
:10E8D000A490C5F1000BA6F80A800128C6F858805C
:10E8E000C6F85C8078D100EE109AB08A9FEDD01AFD
:10E8F000B9F1000F9FEDC82A96ED123AB8EEC00AA2
:10E90000B0EE009A83FE02CA9FEDC5AA9FEDC7BA7A
:10E91000F0EE4A0A20EE010A01EE100AF0EE491A62
:10E92000B8EE411A30FE020A9FEDBC2A21EE028A9F
:10E93000B0EE4B1A80FE0C0AFFF7CEF841F60070DD
:10E94000F0EE4A0AC2F20040B0EE4B1AF0EE491A5D
:10E9500080ED140AB0EE480AFFF79AF841F600720B
:10E96000B9F1010FC2F2004282ED160A0DDBDFEDB4
:10E97000B00A4846FFF704F841F600724845C2F273
:10E98000004202D0814601219172387901280BD1D1
:10E99000B9F1010F08DB4FF000090121917206E087
:10E9A00035FA8E3C0AD7233CB9F1000F12D492ED10
:10E9B000160A9FEDA01A30EE010AB4EE40CAF1EE3D
:10E9C00010FA04DC30B1B7F91200012802DB4FF075
:10E9D000010801E04FF00008B87897ED0B0A9FEDB1
:10E9E000921A20EE010A00289FED8B8A08FE000A89
:10E9F00008F0E4FFB5EE400A0026F1EE10FA4FF001
:10EA0000000AA8BF0126FEF717FC41F60073C2F208
:10EA10000043D98A9A79F02938BF4FF0010A012AB8
:10EA200062D1704040EA0A00C0075DD000EE10BA23
:10EA30009FED7F1A02EE101A002DB0EE009A9FEDA6
:10EA400079AAB8EEC00A9FED79BAB8EE422AF0EE84
:10EA50004A0AF0EE491A20EE010A93ED111AB1EEBE
:10EA6000411A28FE000A81FE08CA9FED6C1A22EEA8
:10EA7000018AB0EE4B1A80FE0C0AFFF72DF841F622
:10EA80000070F0EE4A0AC2F20040B0EE4B1AF0EE0F
:10EA9000491A80ED150AB0EE480AFEF7F9FF41F673
:10EAA0000073B5F1FF3FC2F2004383ED170A0FDC9C
:10EAB0000FFA8BF5DFED5E0A2846FEF761FF41F69F
:10EAC00000738542C2F2004302D083460121D9720D
:10EAD000787901280AD1BBF1010F07DB0121D97236
:10EAE0004FF0000B059905E0059919E0BBF1000F07
:10EAF000059915D493ED170A9FED4E1A30EE010AD1
:10EB0000B4EE40CAF1EE10FA02DD4FF0010807E062
:10EB100030B1B7F91000B0F1FF3FD8BF4FF0010896
:10EB2000ADF8A490CBF10000ADF81800EFF3108918
:10EB300072B6BFF35F8FF869A042039840EA0800FD
:10EB400040EA01000CD1012824D1F3F769F941F61C
:10EB500000730024C2F200430026002536E000BF07
:10EB6000012809D11C46F3F75BF90020388278822E
:10EB7000B8826066A4F86800B9F1000F33D162B6BC
:10EB800031E000BF00007A440AD7A33DCDCCCC3F92
:10EB90003665023CBDF91850BDF9A440388AA9B2C7
:10EBA000814209D1A1B2788A814205D1B88A0499FB
:10EBB000814201D1049E09E0049E284632B22146DA
:10EBC000F3F70AF941F60073C2F20043B9F1000FFE
:10EBD0003D827C82BE82A3F86450A3F86640A3F80D
:10EBE000686000D162B62EB0BDEC0E8B01B0BDE8FE
:10EBF000F04F704741F60073C2F20043D978D869EC
:10EC00000130D861C8074FF0000087F85A007FF440
:10EC100070AAFFF7A9BA00BF000000000AD7233C82
:10EC20008FC2F53DAE47613D35FA8E3C0AD7A33D14
:10EC30003665023C8FC2F53C18B1002918BF002A86
:10EC400000D17047F0B540F27034B0F800C0C2F2A5
:10EC50000044B1F800E0158803F03F03E669771C33
:10EC6000E761BFF35F8FA4F80AC0A4F80CE0E58168
:10EC70002370059BA36101236370B31CBFF35F8FF7
:10EC8000E361238A0380608A0880A08A1080BDE83F
:10EC9000F04070470000000000000000000000008D
:10ECA000EFF30980BFF36F8F154B1A681EF0100F3A
:10ECB00008BF20ED108A20E9F04F10602DE909000F
:10ECC0004FF0500080F31188BFF34F8FBFF36F8F69
:10ECD00007F08EFF4FF0000080F31188BDE80900B7
:10ECE00019680868B0E8F04F1EF0100F08BFB0ECCC
:10ECF000108A80F30988BFF36F8F704700BF00BF91
:10ED00006020002400000000F0B581B044F22C47E0
:10ED1000C5F6020757F8042C02F00302032A03D1B8
:10ED2000012001B0F0BD00BF054657F82C0C0C4681
:10ED300020F0806047F82C0CF7F756FE064600BF1F
:10ED400057F82C0C000105D5F7F74EFE801B022862
:10ED5000F6D964E057F8040CEE6895E80E0020F44C
:10ED60007C30012C40EA0130A2F101016FF35F21F8
:10ED70004FF47E4202EB432247F8040C92B24FF06C
:10ED8000FE4302EB01004FF4FE012A6901EB06414C
:10ED900001F4FE0103EB0262084402F0FE41084464
:10EDA000F8603868696920F0C00040EA0100386006
:10EDB0003868A96920F0200040EA0100386038680E
:10EDC0004FF6F87120F0100038603869EA6920EADF
:10EDD00001004FF4001140EAC2003861386808BFF2
:10EDE0004FF4801140F01000002C386008BF4FF441
:10EDF000002138680843386057F82C0C40F08060D8
:10EE000047F82C0CF7F7F0FD044600BF57F82C0C20
:10EE1000000107D4F7F7E8FD001B0328F6D3032011
:10EE200001B0F0BD002001B0F0BD00000000000006
:10EE3000F0B581B044F22C47C5F6020757F8042C10
:10EE400002F00302032A03D1012001B0F0BD00BF8C
:10EE5000054657F82C0C0C4620F0805047F82C0C37
:10EE6000F7F7C2FD064600BF57F82C0C800005D509
:10EE7000F7F7BAFD801B0228F6D964E057F8040CB6
:10EE8000EE6895E80E0020F07C70012C40EA0150FD
:10EE9000A2F101016FF35F214FF47E4202EB4322A6
:10EEA00047F8040C92B24FF0FE4302EB01004FF41E
:10EEB000FE012A6901EB064101F4FE0103EB026247
:10EEC000084402F0FE41084478613868696920F41A
:10EED000406040EA010038603868A96920F4007099
:10EEE00040EA0100386038684FF6F87120F480700D
:10EEF0003860B869EA6920EA01004FF0807140EAA1
:10EF0000C200B861386808BF4FF4000140F4807057
:10EF1000002C386008BF4FF480013868084338601F
:10EF200057F82C0C40F0805047F82C0CF7F75CFD9C
:10EF3000044600BF57F82C0C800007D4F7F754FDA7
:10EF4000001B0328F6D3032001B0F0BD002001B060
:10EF5000F0BD00000000000040B390F8E523012A56
:10EF600024D190F8E4230AB310B5531E90F8502032
:10EF70008A4223D0E3B190F8CC208A4220D0012BE2
:10EF800016D090F848218A421ED0022B10D090F85B
:10EF9000C4218A421CD0043B00F5F8705A1C4FF083
:10EFA0000102E3D1BDE810401046704701207047D0
:10EFB0000122BDE810401046704700BF041D09E063
:10EFC00000F1800406E000BF00F1FC0402E000BF95
:10EFD00000F5BC74204600F027FE024684F86D0060
:10EFE000BDE810401046704740B390F8E533012B60
:10EFF00024D190F8E4330BB310B55C1E90F8503078
:10F000008B4223D0E4B190F8CC308B422AD0012C33
:10F0100016D090F848318B4236D0022C10D090F8A0
:10F02000C4318B4236D0043C00F5F870631C4FF0BD
:10F030000103E3D1BDE81040184670470120704736
:10F040000123BDE810401846704700BF041D6AB197
:10F050000023012084F878006367BDE8104018465B
:10F06000704700BF00F18004002AF1D1002084F82D
:10F070007800204601F010FC034684F86D00BDE8DE
:10F0800010401846704700BF00F1FC04002AEDD084
:10F09000DEE700BF00F5BC74002AD9D1E6E7000026
:10F0A00070B58AB060B3002B4FF000041CBF90F81D
:10F0B000E5635FEAC67603D120460AB070BD00BFA3
:10F0C00090F8E463002EF7D0751E90F850608E42E1
:10F0D0001AD0ADB190F8CC608E4219D0012D0FD06E
:10F0E00090F848618E4217D0022D09D090F8C46183
:10F0F0008E4215D0043D00F5F8706E1CE5D1DBE7BB
:10F10000002420460AB070BD1546041D0BE000BF68
:10F11000154600F1800406E0154600F1FC0402E00B
:10F12000154600F5BC742C2118461E46F1F7ABFAC3
:10F1300001A9204600F0A8FD94F96C109DED010A8C
:10F140009FED271A9DED022A80EE010A04EE101AA7
:10F150009FED241A9DED033A0499F16020EE010A17
:10F160000599B8EEC44A316122EE011A9FED1E2ABC
:10F1700023EE022A069920EE040A716121EE041A98
:10F1800086ED000A22EE040A0799B16108999DF8FC
:10F19000242086ED011A86ED020A0029F16130462D
:10F1A00086F8202018BF012186F825104FF00001B5
:10F1B00004D0626BAA1A332A38BF012180F82610C6
:10F1C00094F8781094F84E2080F8271094F86D1079
:10F1D000012480F8282080F8241020460AB070BD51
:10F1E00035FA8E3CE4380E3F6666E63F00000000CC
:10F1F00040B390F8E523012A24D190F8E4230AB320
:10F2000010B5531E90F850208A4223D0E3B190F8F5
:10F21000CC208A4220D0012B16D090F848218A4277
:10F220001ED0022B10D090F8C4218A421CD0043B7F
:10F2300000F5F8705A1C4FF00102E3D1BDE8104010
:10F2400010467047012070470122BDE8104010466B
:10F25000704700BF041D09E000F1800406E000BF14
:10F2600000F1FC0402E000BF00F5BC74204600F091
:10F270002BFD024684F86D00BDE810401046704733
:10F280002DE9F04F81B0814600284FF0010011D0E8
:10F290008A4679B1A3F109001F4610F1080F4FF01B
:10F2A000010007D39346002A1CBF9AF810125FEAA8
:10F2B000C17103D101B0BDE8F08F00BF002400256B
:10F2C00068011BF90060002E44D40BEB4510417817
:10F2D000FF2901D001293DD1083005F04DFBC8B30D
:10F2E000F0B221462A46531CBB421DD20BEB010350
:10F2F00093F82060B0422DD0961CBE4214D293F8F1
:10F300004060B04226D0D61CBE420DD293F8606059
:10F31000B0421FD00432BA4206D293F88030803116
:10F320009842E0D116E000BF01352034BD42C7D37A
:10F3300009F104084FF479714046F1F7A4F99BF8FC
:10F34000002040465146C9F800A089F8E47300F057
:10F35000E7FC18B1012001B0BDE8F08F0BF1080601
:10F3600009F1580CDBF81C504FCE8CE84F00C9F85F
:10F370006C509BF80100DBF8041089F8700000293C
:10F3800008BF0A21012FC9F8741013D144F6814136
:10F390005046C0F601014A4600F022FC00284FF01A
:10F3A00001007FF487AF89F8E503002001B0BDE8D4
:10F3B000F08F00BF9BF8202009F18000514600F03B
:10F3C000AFFC0028C6D10BF1280609F1D40CDBF8FC
:10F3D0003C504FCE8CE84F00C9F8E8509BF8210014
:10F3E000DBF8241089F8EC00002908BF0A21022F5D
:10F3F000C9F8F010CAD09BF8402009F1FC00514632
:10F4000000F08EFC0028A5D10BF1480609F5A87C78
:10F41000DBF85C504FCE8CE84F00C9F864519BF884
:10F420004100DBF8441089F86801002908BF0A216F
:10F43000032FC9F86C11A9D09BF8602009F5BC70A6
:10F44000514600F06DFC00287FF484AF0BF1680694
:10F4500009F5E67CDBF87C504FCE8CE84F00C9F80C
:10F46000E0519BF86100DBF8641089F8E4010029A1
:10F4700008BF0A21042FC9F8E81187D09BF8802023
:10F4800009F5FA70514600F04BFC00287FF462AF9A
:10F490000BF1880609F5127CDBF89C504FCE8CE806
:10F4A0004F00C9F85C529BF88100DBF8841089F8A2
:10F4B0006002002908BF0A21052FC9F864123FF431
:10F4C00065AF9BF8A02009F51C70514600F028FCA0
:10F4D00000287FF43FAF0BF1A80609F5317CDBF87B
:10F4E000BC504FCE8CE84F00C9F8D8529BF8A10011
:10F4F000DBF8A41089F8DC02002908BF0A21062FD6
:10F50000C9F8E0123FF442AF9BF8C02009F53B7008
:10F51000514600F005FC00287FF41CAF0BF1C80633
:10F5200009F5507CDBF8DC504FCE8CE84F00C9F871
:10F5300054539BF8C100DBF8C41089F85803002924
:10F5400008BF0A21072FC9F85C133FF41FAF9BF8CF
:10F55000E02009F55A70514600F0E2FB00287FF4E4
:10F56000F9AE0BF1E80709F56F7CDBF8FC608FCF93
:10F570008CE88F00C9F8D063DBF8E4009BF8E11059
:10F58000002889F8D41308BF0A20C9F8D803FDE67B
:10F59000002808BF70472DE9F0472DED068B044683
:10F5A00090F8E503012840F0C98094F8E4030028AE
:10F5B00000F0C480884604F1510700254FF001098E
:10F5C0009FED618A9FED619A9FED61AA0BE000BFFC
:10F5D00001F062F987F8200094F8E40301357C37E4
:10F5E000854280F0AB8097F82B000028A7F14D00F2
:10F5F0004AD0D7F82710B8EB0101EDD417F8311C29
:10F60000C906E9D57A7897F91FA0F979012A04D1BA
:10F610003A788A4201D13A794AB14246064601F027
:10F6200063F8002887F82000D6D1F97930460529FB
:10F6300032D800EE10AA07F10B02B8EEC00ADFE8DC
:10F6400001F0033F2F572B6392ED001A92ED012A30
:10F6500021EE001A92ED023A22EE002AD2ED031AB0
:10F6600023EE003A21EE081A62EE090A92ED042A0E
:10F6700021EE090A23EE0A1A00F072FD002887F82D
:10F680002000A9D153E000BF79780029A0D13979B1
:10F6900000299DD1A0E700BF87F820909CE700BF1C
:10F6A00092ED001AD2ED010A21EE000A20EE090ABD
:10F6B00000F0F2FE002887F820007FF48DAF36E0DE
:10F6C00092ED001A21EE000A92ED011A92ED022A43
:10F6D00061EE090A22EE091A20EE080A20EE090A54
:10F6E00000F03AFE002887F820007FF475AF1EE096
:10F6F00092ED001A21EE000A00F0D6FC002887F8EF
:10F7000020007FF469AF12E092ED001A21EE000AAA
:10F7100092ED011A61EE090A20EE080A20EE090AAC
:10F7200000F002FC002887F820007FF455AFD7F8DE
:10F7300023004044C7F827004EE700BFBDEC068B0E
:10F74000BDE8F047704700BF35FA8E3C6666E63F7D
:10F75000E4380E3F0000000080B390F8E533012B41
:10F760002CD170B5064610460D46144605F004F936
:10F7700030B396F8E40318B332462B46411EA44634
:10F7800092F8500098421DD0D1B192F8CC00984226
:10F790001AD0012914D092F84801984218D00229B1
:10F7A0000ED092F8C401984216D0043902F5F872CE
:10F7B000481C4FF00100E3D11CE000BF012070475E
:10F7C000012070BD111D09E002F1800106E000BFBB
:10F7D00002F1FC0102E000BF02F5BC719CE84D00A3
:10F7E000DCE9045401F1540CC1E919548CE84D00D2
:10F7F0000020486770BD000040B390F8E523012A5F
:10F8000024D190F8E4230AB310B5531E90F8502089
:10F810008A421DD003B390F8CC208A4222D0012B1B
:10F820001AD090F848218A422CD0022B14D090F89C
:10F83000C4218A422ED0043B00F5F8705A1C4FF0C8
:10F840000102E3D1BDE81040104670470120704727
:10F85000041D94F8780058B10122BDE8104010460C
:10F86000704700BF00F1800494F878000028F3D1BD
:10F87000204600F0E5FE024684F86D00BDE8104029
:10F880001046704700F1FC0494F878000028EFD08F
:10F89000E2E700BF00F5BC7494F878000028DBD1E3
:10F8A000E6E7000000000000B0B390F8E41399B35D
:10F8B00001F0030C04294FF000024FF0000314D3B1
:10F8C00080B501F0FC0EA0F5F8710023043381F837
:10F8D0006C2281F8E8229E4581F8642381F8E023B8
:10F8E00001F5F871F2D1BDE88040BCF1000F08BF0E
:10F8F0007047C3EB43110430BCF1010F00EB8100F2
:10F900004FF0000180F8781006D0BCF1020F80F8AB
:10F91000F41018BF80F8701170470000000000005C
:10F92000002814BF90F80E02002000F0010070477C
:10F93000002808BF7047890106D590F81012C90742
:10F940001CBF012180F80E1270470000000000006B
:10F95000002808BF70472DE9F0438DB00446C80762
:10F960001CBF94F810025FEAC07003D10DB0BDE86F
:10F97000F043704720684021F5F7C2FF0028F5D01A
:10F9800004F10C080DF10C096E4605E020684021D9
:10F99000F5F7B6FF0028E9D0206840214A463346F3
:10F9A000F5F7BAFF0028E1D10498B0F1804FEDD10E
:10F9B0000598002804BF06980828E7D194F80C029F
:10F9C00094F80D22411C01F01F079742DED001017F
:10F9D000039A08EB001548F80120F7F705F868606E
:10F9E0000098A8600198E860BFF35F8F84F80C72FC
:10F9F000CCE7000000000000F0B589B0054600200B
:10FA0000089007904FF00100D5B30C46C1B3281DF4
:10FA10004FF404711646F0F736FE4FF08040019027
:10FA20000020029002200390FF20069001A92046AA
:10FA30002C60012785F80F62CDE90476F5F7A8FE62
:10FA400098B902210222012320460097F5F7E8FE2B
:10FA500058B92046F6F7C4FC38B901210022C0F29B
:10FA600080312046F5F7D0FD30B105462046F6F747
:10FA7000D3FC284609B0F0BD012085F81002002013
:10FA800009B0F0BD00000000002808BF7047F0B5C5
:10FA900085B0044690F8100201282DD1606858B353
:10FAA00094F80D0294F80C12884225D001A804F1B4
:10FAB0000C0600F1080700BF94F80D02010106EBE7
:10FAC00000120130715801915168029191680391BF
:10FAD000D1680491BFF35F8F00F01F0084F80D021E
:10FAE000D4E90150DDE901133A46A84794F80D0224
:10FAF00094F80C128842DFD105B0BDE8F0407047A1
:10FB000080B390F8101201292CD190F80E1201291F
:10FB10002AD1B0B5016891F89820022A06D104468E
:10FB20000846F6F779FCE0B92046216891F898205C
:10FB3000012A1BD190F80C22044680F80D220846B9
:10FB4000F6F74EFC68B901212068C0F2803100222E
:10FB50000025F5F759FD002818BFB0BD002084F836
:10FB60000E52B0BD01207047002070470120B0BD8B
:10FB700070B58AB04FF00003099338B390F8103293
:10FB8000012B23D190F80E6203464FF00100DAB149
:10FB9000F60719D118680E4614461D46F5F7C0FF42
:10FBA000C0B126F0604001904FF0804002900020EC
:10FBB000039008210890CDE90410CDE906002868DB
:10FBC00001A92246F5F768FD0AB070BD01200AB010
:10FBD00070BD00BF02200AB070BD00000000000030
:10FBE00060B18446012000291FBF9CF810325FEAF3
:10FBF000C373CCE901120020704700BF0120704799
:10FC000078B190F81012012918BF704710B501683B
:10FC100004460846F6F700FC002084F81002BDE810
:10FC2000104070470000000010B3036803B370B5C4
:10FC300084B093F8101201291CD190F94C1002469F
:10FC40000120002912D493F80F520024164682F89E
:10FC5000514001AACDE9020441EA0520043240F0F6
:10FC6000806118460191FFF783FF38B104B070BD81
:10FC700001207047012004B070BD00BF002086F84D
:10FC80004E4004B070BD00000122002818BF0029BA
:10FC900002D11046704700BFB0B500F10C0501F16C
:10FCA0000807D0E901CE3CCD3CC7C1E900CED0E980
:10FCB0000723406A0862C1E906230022BDE8B0407C
:10FCC0001046704700000000D0B10168C1B110B506
:10FCD00091F8101201291DD190F94C10002919D466
:10FCE00090F8311001290DD10446F6F77DFEA26A85
:10FCF000801A40F2DC5290420ED30320208610BDC1
:10FD00000120704790F83210012903D190F830009B
:10FD100010BD00BF012010BD022010BD000000007A
:10FD20004FF0010C002818BF002901D16046704730
:10FD300053B2002BFAD491F81032DB07F6D070B52D
:10FD4000031D0C465021054618461646F0F79BFC4D
:10FD50004FF0000C2C6085F84C60FF2085F84D00BA
:10FD600085F85200BDE87040604670470000000012
:10FD7000002800F0C980D0F800C0BCF1000F08BF17
:10FD8000704710B59CF810E2BEF1010F40F0BA8048
:10FD9000002A00F0B78090F94CE0BEF1000F00F1AE
:10FDA000B180CCB29CF80FC2A44540F0AB800C0AE5
:10FDB0005FFA84FC5FFA8EF4644540F0A380C1F3DF
:10FDC000046CACF11104022CC0F09B80BCF1150F47
:10FDD00000F08C80BCF1020F40F0948014889FEDFD
:10FDE0004B1A9FED4C2AD0F81CC09FED4B3A24BA19
:10FDF000240C00EE104A4CF00104C461B8EE400A35
:10FE000020EE010A9FED421A80EE010A30EE020A4E
:10FE100080ED010A548824BA240C02EE104AB8EE90
:10FE2000422A22EE032A9FED3D3A82EE012A32EE6B
:10FE3000032AB3EE0C3A80ED022A948824BA240CEB
:10FE400002EE104AB8EE422A22EE032A82EE011A8E
:10FE5000BAEE0C2A31EE021A9FED312A80ED031A18
:10FE6000D28852BA01EE102AC1F305424261C1F3B1
:10FE7000815201F44001B8EE411AB1F50001B1FA26
:10FE800081F180F824204FEA511180F84E1021EEC4
:10FE9000021A80ED041A0BD090F8511041B990F875
:10FEA0004D10FF2904D0FF2180F84D1080F852102A
:10FEB00090F831104CF03F02C261026A012902F150
:10FEC000010101621DD1C26A91421AD0B0EEC00A8E
:10FED0009FED141AB4EE410AF1EE10FA11DC012183
:10FEE00080F83210002101860BE000BF11684161EB
:10FEF00051688161D0E9071241F02001C161511CB4
:10FF000001624363BDE81040704700BFDB0FC94189
:10FF100000FF7F47DB0F49C100008442000004C29C
:10FF2000CDCCCC3DCDCC4C3D10B52DED048B84B06B
:10FF3000B0EEC02A9FED581AB4EE412AF1EE10FA45
:10FF400006DD0121084604B0BDEC048B10BD00BFE6
:10FF500000284FF00101F5D0B0EEE02AB4EE412ABE
:10FF6000F1EE10FAEEDCF5EE400AF1EE10FAE9DB04
:10FF70000368002BE6D093F81012012940F0868028
:10FF800090F94C10002900F1818090F84E20012A50
:10FF90007CD190F84D20052A78D19FED402A90F829
:10FFA000502080FEC22A9FED3E3A920782FE038ACD
:10FFB00006D590ED102AB4EE482AF1EE10FA3AD0A8
:10FFC000B0EEC82AB4EE412AF1EE10FA5EDC93F8E6
:10FFD0000F2218EE10EA0DF1040C47F217040294F8
:10FFE000B0EE409A41EA02210CF1040241F0905136
:10FFF0004FEA1E248DF80D404FEA1E448DF80E4046
:020000040801F1
:100000004FEA1E648DF80F400446184601918DF8A2
:100010000CE0FFF7ADFD0146002893D1B0EE490A90
:1000200094F850102368204684ED108A41F00201B4
:1000300084F8501053B393F81012012926D190F987
:100040004C00002822D493F80F1247F216040294B1
:1000500010EE104A01AA40EA0120043240F090510B
:10006000200A8DF80D00200C8DF80E00200E8DF862
:100070000F00184601918DF80C40FFF779FD0146FD
:10008000084604B0BDEC048B10BD00BF012108463A
:1000900004B0BDEC048B10BDFFFF7F7F0000044265
:1000A0000000000000000000014600284FF00100A1
:1000B00051D0B0EEC02A9FED281AB4EE412AF1EEDD
:1000C00010FAC8BF70470868F0B190F81022012AF2
:1000D0001AD191F94C20002A16D491F84E30012BF8
:1000E00012D191F84D1003290ED1B3EE002A80FEF3
:1000F000420ABBEE002A80FE020AB0EEC02AB4EE2D
:10010000412AF1EE10FA01DD0120704780B584B07C
:1001100090F80F1210EE10EA0DF1040C47F20603EE
:10012000029342EA01210CF1040241F09051019145
:100130008DF80CE04FEA1E238DF80D304FEA1E4378
:100140008DF80E304FEA1E638DF80F30FFF710FD6B
:1001500004B0BDE880407047FFFF7F7F00000000D3
:10016000014600284FF001000FD0B0EEC04A9FEDCD
:100170006F3AB4EE434AF1EE10FADEBFB0EEE04A59
:10018000B4EE434AF1EE10FA00DD7047B0EEC14A1A
:10019000B4EE434AF1EE10FADEBFB0EEE14AB4EE3F
:1001A000434AF1EE10FAF0DCB0EEC24AB4EE434A34
:1001B000F1EE10FAE9DC086870B190F81022012A1B
:1001C0000AD191F94C20002A06D491F84E30012B27
:1001D00002D191F84D1009B1012070479FED543ABA
:1001E00080FE434A9FED530A84FE004AB4EE404A23
:1001F000F1EE10FA1DDA9FED505A34EE054AB4EED6
:10020000404AF1EE10FA14DA34EE054AB4EE404AF0
:10021000F1EE10FABEBF34EE054AB4EE404AF1EEFC
:1002200010FA06DA34EE054AB4EE404AF1EE10FA5E
:10023000E3DB80B584B0B2EE0C5ABAEE0C6A84FEF1
:10024000434AB1EE047A0DF1040C81FE451A84FE96
:10025000000AB3EE0C4A82FE472A81FE061A9FED81
:10026000396A30EE030A9FED353A31EE051A20EE79
:10027000030A21EE031A81EE041A9FED2F4A80EE45
:10028000040A9FED2F4A80FEC45ABCEEC11ABCEE90
:10029000C00A85FE065A9FED2D6AC1FEC60A11EE00
:1002A000101A35EE044A9FED2A5AC0FE850A82FED6
:1002B000052A9FED255A24EE034A42EA012160EE09
:1002C000830A10EE102A22EE032A41F0807184EE98
:1002D000051A8DF8092080EE863A130A8DF8083049
:1002E000BCEEC10A019182EE071ABCEEC32A10EEE1
:1002F000102ABCEEC10A8DF80B20130A12EE102A48
:100300008DF80A308DF80D20130A8DF80C3010EEA0
:10031000103A8DF80F301A0A8DF80E200CF10402F5
:10032000FFF726FC04B0BDE880407047FFFF7F7FE9
:10033000DB0F4941DB0F49C1DB0FC94100FF7F479C
:1003400000000442000004C2000084420000FA439E
:100350000000000000000000B0B52DED068B84B059
:10036000B0EEC03A9FED492A05460120B4EE423A6C
:10037000F1EE10FA18DCB0EEE03AB4EE423AF1EEEB
:1003800010FA11DC85B1B0EEC13AB4EE423AF1EEAA
:1003900010FA09DCF5EE400AF1EE10FAA4BFB5EE52
:1003A000401AF1EE10FA03DA04B0BDEC068BB0BDD2
:1003B000286848B390F81012012925D195F94C10FE
:1003C000002921D495F84E30012B1DD195F84D30E0
:1003D000012B19D19FED2E2A95F84F3080FEC29A3D
:1003E000C3B195ED0E2AB4EE492AF1EE10FA06D10A
:1003F00095ED0F2AB4EE412AF1EE10FA3DD002201D
:1004000004B0BDEC068BB0BD012004B0BDEC068B82
:10041000B0BD00BF90F80F2247F22404029419EEF9
:10042000104A01ABB0EE418A41EA02211A1D41F0A7
:100430009051B0EE40AA0191230A8DF80C408DF83E
:100440000D30230C8DF80E30230E8DF80F30FFF792
:100450008FFB0028A8D1B0EE480A47F225012846B4
:1004600006F03EFC00289FD1B0EE4A0A85ED0E9AB8
:1004700085ED0F8A012085F84F0047F216012846C6
:1004800006F02EFC04B0BDEC068BB0BDFFFF7F7FF5
:10049000000004420000000010B52DED068B84B072
:1004A000B0EEC01A9FED628AB4EE481AF1EE10FA6F
:1004B00004DD012004B0BDEC068B10BD034600280E
:1004C0004FF00100F6D0B0EEE01AB4EE481AF1EEAB
:1004D00010FAEFDCF5EE400AF1EE10FAEADB1868EC
:1004E00048B390F81012012925D193F94C10002936
:1004F00021D493F84E20012A1DD193F84D20022AD1
:1005000019D1B3EE001A9FED4B2A93F8502080FECC
:10051000C11AD20781FE029A06D093ED111AB4EEE9
:10052000491AF1EE10FA3ED0B0EEC91AB4EE481AEC
:10053000F1EE10FA04DD012004B0BDEC068B10BD15
:1005400090F80F2219EE10EA0DF1040C47F218048E
:100550000294B0EE40AA41EA02210CF1040241F0FB
:10056000905101918DF80CE04FEA1E248DF80D405A
:100570004FEA1E448DF80E404FEA1E648DF80F407E
:100580001C46FFF7F5FA002894D194F85010234642
:10059000206884ED119A002841F0010184F8501080
:1005A00040D0B0EE4A0A9FED241A90F8101280FE57
:1005B000410A9FED221A012980FE010A2CD193F9EC
:1005C0004C200121002A2ED4B0EEC01AB4EE481AF5
:1005D000F1EE10FA27DC90F80F1247F20A040294A9
:1005E00010EE104A01AB42EA01211A1D41F0905170
:1005F00001918DF80C40230A8DF80D30230C8DF8F5
:100600000E30230E8DF80F30FFF7B2FA0146084680
:1006100004B0BDEC068B10BD0121084604B0BDEC52
:10062000068B10BD0121084604B0BDEC068B10BD41
:10063000FFFF7F7F0000000000000442000004C2B2
:1006400090B1016881B110B584B091F81012012900
:1006500006D190F94C10002902D490F84E1029B11F
:10066000012004B010BD00BF0120704790F8311088
:1006700011B1022004B010BD0446F6F7B5F92146C9
:10068000226AC1E90A0220684FF4817222864FF083
:10069000000284F83220E8B190F81022012A19D122
:1006A00091F94C30B3F1FF3F14DD90F80FC201AA6D
:1006B000002103910121029143EA0C21043241F00F
:1006C000C0610191FFF754FA214620B9002004B01F
:1006D00010BD00BF0120002281F8312081F83000D8
:1006E00004B010BD0000000000B30368F3B12DE9B1
:1006F000F04184B00C4693F81012012918D190F9FA
:100700004C10002914D4042C01D3052C10D190F8DE
:100710005150A5B190F85270A7420DD1876CD71BEC
:100720002FD5022004B0BDE8F08100BF0120704742
:10073000012004B0BDE8F081002780F8517090F8E6
:100740004E7080F85240012F14D1054693F80F02E5
:10075000144601AA0432002641EA002040F08061DC
:100760001846CDE902660191FFF702FA80B304B0A2
:10077000BDE8F0810125174680F851508264D71BEF
:10078000CFD4032D32D0022D08D0012D3CD190F8CA
:100790004D70A74254D1022780F85170044693F857
:1007A0000F02164601AA0432002541EA002040F05B
:1007B00040711846CDE902550191FFF7D9F928B3E8
:1007C0000146204680F85150084604B0BDE8F0814B
:1007D000284685F84E60E11CA9640221012580F8B5
:1007E0005150084604B0BDE8F08100BF90F84E10AB
:1007F000C1B100250021A0F84F5080F851500846A3
:1008000004B0BDE8F08100BF012111E006F16401F0
:100810002046A1640221032580F85150084604B007
:10082000BDE8F081FF2180F84D1080F852100321BF
:10083000002580F85150084604B0BDE8F08100BFA3
:10084000064693F80F02904601AA0432002541EAB9
:100850000020039540F09051184647F20507029793
:1008600001918DF80C40FFF783F938B1014630460D
:1008700080F85150084604B0BDE8F081304686F853
:100880004D4008F10301B1640225022180F8515066
:10089000084604B0BDE8F08100B301460068E8B145
:1008A00070B584B090F81022012A19D191F94C301A
:1008B000002B15D490F80F5200240E4681F85140B9
:1008C00001A90A1D43EA052141F080610191CDE9AA
:1008D0000244FFF74DF938B104B070BD01207047F4
:1008E000012004B070BD00BF002086F84E4004B067
:1008F00070BD0000000000000000000000000000CB
:10090000074B19680868B0E8F04F80F30988BFF317
:100910006F8F4FF0000080F31188704700BF00BF59
:10092000602000240000000070B582B004F0C4FA1A
:100930000546F9F765FC0646F1F74EF80446FBF765
:10094000EFFC002E44D0200640F60004C5F6020459
:1009500005F101050DF1070604D11FE0284604F05A
:1009600077FA0135FDF744F918B9F6F73DF8FBF7CA
:1009700067FDF6F739F8FDF757F93046FDF7C8F887
:100980000028EBD09DF807204FF400412046F6F7F1
:1009900023F8E3E7284604F05BFA0135F1F77CF829
:1009A000FDF726F918B9F6F71FF8FBF749FDF6F73A
:1009B0001BF8FDF739F93046FDF7AAF80028E9D011
:1009C0009DF807204FF400412046F6F705F8E1E7CF
:1009D000200640F60004C5F6020405F101050DF1FC
:1009E000070605D122E000BF284604F031FA0135A0
:1009F000F9F73EFCFDF7FCF818B9F5F7F5FFFBF742
:100A00001FFDF5F7F1FFFDF70FF93046FDF780F810
:100A10000028E9D09DF807204FF400412046F5F763
:100A2000DBFFE1E7284604F013FA0135F9F720FC73
:100A3000F1F732F8FDF7DCF818B9F5F7D5FFFBF759
:100A4000FFFCF5F7D1FFFDF7EFF83046FDF760F852
:100A50000028E7D09DF807204FF400412046F5F725
:100A6000BBFFDFE7000000002DE9F04141F23C0050
:100A7000C2F20040F1F7F8F941F28C20C2F20040D6
:100A8000F1F78AFD41F26410C2F20040FAF748FC27
:100A900041F2D000C2F20040FBF7A2FA40F2E82493
:100AA00040F2FD2840F2FE2640F2FC2740F2FB25F2
:100AB000C2F20044C2F20048C2F20046C2F200474D
:100AC000C2F20045F1F7A0FDFAF77EFCFBF720FB30
:100AD0002079217BF0F7B8F998F800003178F0F729
:100AE00063F938783178F0F787F928783178F0F7BA
:100AF000BBF9F1F7E9F9012004F08AF9E2E7000017
:100B000010B504F0D9F9044602F0CEFB013428B147
:100B1000204604F09DF90134FAE700BF02F08CFE94
:100B2000EFF73AFE204604F093F90134F6E70000AF
:100B3000B0B540F600044FF40051C5F6020401229E
:100B40002046F5F749FF50254FF400410122204689
:100B5000F5F742FF012004F05BF94FF40041002259
:100B60002046F5F739FF012004F052F9013DEBD1A1
:100B70005020502504F04CF94FF40041012220464A
:100B8000F5F72AFF012004F043F94FF40041002259
:100B90002046F5F721FF012004F03AF9013DEBD1A1
:100BA000502004F035F94FF4004100222046F5F7BB
:100BB00013FF04F0F5F90000B0B34FF00103A1B347
:100BC000F0B590F81862F6073CD090F817328BB366
:100BD000C3F1000CA3F1010E002402E00434A3428F
:100BE00026D000EBC4056E688E4202D1AE689642F4
:100BF00027D0A6451CD0EE688E4202D12E699642BF
:100C00001FD00CEB0406B71C12D06F698F4202D1C3
:100C1000AF69974215D003360AD0EE698E42DDD116
:100C20002D6A9542DAD10CE001231846704700BFC7
:100C3000012B0BD100EBC307C7E90112591C80F847
:100C400017120023BDE8F040184670470123BDE8A5
:100C5000F040184670470000002814BF90F81602B4
:100C6000002000F001007047002808BF704789018C
:100C700006D590F81812C9071CBF012180F816127A
:100C80007047000000000000002808BF70472DE9F1
:100C9000F0438DB00446C8071CBF94F818025FEA01
:100CA000C07003D10DB0BDE8F0437047206840210B
:100CB000F4F726FE0028F5D004F114080DF10C0914
:100CC0006E4605E020684021F4F71AFE0028E9D0BE
:100CD000206840214A463346F4F71EFE0028E1D141
:100CE00004980028EED10598002804BF069808282B
:100CF000E8D194F8140294F81522411C01F01F0762
:100D00009742DFD00101039A08EB001528F8012073
:100D1000F5F76AFE68600098A8600198E860BFF384
:100D20005F8F84F81472CDE72DE9F04F8BB0012569
:100D3000002818BF002903D128460BB0BDE8F08F6A
:100D4000002A18BF002BF7D05F1E4FF0000C5FFA8F
:100D500087F84FF0000E32F81E40BCEBD42F77D14D
:100D60007546A84518D002EB45067788BC426FD07F
:100D70000135454510D0B788BC4269D0013545459D
:100D80000AD0F788BC4263D00135454504D0368986
:100D90000135B442E5D15BE00EF1010E9E45DAD19A
:100DA0009346021D8A464FF40671029010461E4675
:100DB000EFF769FC731CDAF838105046B1EB530FAB
:100DC0000299C1F800A04FF0010149D332465D08F5
:100DD00000240DF10C0901274FF000083BF82830E2
:100DE00097420A94CDE90844CDE90348CDE905418D
:100DF000079305D20BEB88010122498803E000BF6D
:100E000040F2FF710222089149460592F4F7C0FCB6
:100E100020BB08F1010802374545504632464FF0E5
:100E20000101DBD102210222012301270097F4F7FF
:100E3000F7FC58B95046F5F7D3FA38B9012100222A
:100E4000C0F280315046F4F7DFFB88B1014606E07E
:100E5000012528460BB0BDE8F08F00BF01215046A8
:100E60000D46F5F7D9FA28460BB0BDE8F08F00BF64
:100E700002980025012180F8181228460BB0BDE821
:100E8000F08F000000000000002808BF70472DE927
:100E9000F04385B0044690F81802012805D194F873
:100EA000150294F81412884204D105B0BDE8F0434D
:100EB000704700BF01A804F11408271D00F10809BC
:100EC00006E000BF94F8150294F814128842ECD0A2
:100ED00094F81502010108EB0012013058F80110D6
:100EE00001915168029191680391D1680491BFF317
:100EF0005F8F00F01F0084F8150294F81702002895
:100F0000E0D0002607EBC600BDF8041057F83650B5
:100F1000029B40684A46A84794F817020136864269
:100F2000F0D3CFE70000000080B390F81812012939
:100F30002CD190F8161201292AD1B0B5016891F888
:100F40009820022A06D104460846F5F765FAE0B96A
:100F50002046216891F89820012A1BD190F814228C
:100F6000044680F815220846F5F73AFA68B90121D7
:100F70002068C0F2803100220025F4F745FB0028EC
:100F800018BFB0BD002084F81652B0BD01207047D4
:100F9000002070470120B0BD70B58AB04FF000034B
:100FA000099338B390F81832012B23D1002590F81B
:100FB00016620346B5EBD12F4FF0010018D1BAB13C
:100FC000F60715D118680E4614461D46F4F7A8FD1D
:100FD000A0B100200821CDE90200CDE90410CDE93F
:100FE00006000890286801A922460196F4F754FBF0
:100FF0000AB070BD01200AB070BD00BF02200AB067
:1010000070BD00000000000078B190F818120129AE
:1010100018BF704710B5016804460846F5F7FCF99B
:10102000002084F81802BDE810407047000000005E
:1010300080B54EF21000CEF20000006806F058FABB
:10104000012808BF80BDBDE8804005F071BF0000E9
:10105000B0B59CB044F6180409A84C21C5F60204AA
:10106000EFF711FB02200025CDE90755CDE9055525
:10107000CDE90355CDE90155F5F712FE009520683D
:1010800020F440402060206800F440400090009828
:101090002068800409D4206880045CBF20685FEA6F
:1010A000804002D420688004F2D5012009904FF4DA
:1010B00080310A9102212C22CDE9152004201491BF
:1010C000CDE917010C20199009A80024CDE91211CF
:1010D000CDE91A44F6F7F8FE10B172B6FEE700BF8C
:1010E0003F20019003204FF48061CDE902040820E5
:1010F00004904020CDE90500CDE9071001A80321A7
:10110000F6F772FC10B172B6FEE700BF1CB0B0BDBE
:101110004EF6885042F2000CCEF20000C5F2002CD0
:10112000026842F470020260DCF8000000F00F0078
:10113000062806D8DCF80000072262F30300CCF88A
:10114000000044F200404EF67F51C5F60200CEF694
:10115000F621026842F00102026000220261036887
:1011600019400160DCF80010090706D5DCF8001012
:10117000072363F30301CCF8001040F200218261E1
:10118000C261C0F20221026281620021C0F2FF113D
:10119000C16240F28021C0F20111016342638163A8
:1011A000C26301644264016821F480210160026627
:1011B000D0F8D410C90448BF7047D0F8D41043F217
:1011C000D20241F48051C0F8D41044F20001C5F2BB
:1011D00000210A60D0F8D41021F48051C0F8D41056
:1011E000704700000000000040F65C70C2F2004052
:1011F000F7F7B6B90000000010B540F6FF32D0F89E
:1012000000E0C4F20002904210DCB0F1804F1ED02A
:1012100040F20043C4F20003984218D040F60003A5
:10122000C4F20003984212D016E000BF40F600431B
:10123000C4F2000398420AD040F20043C4F2010312
:10124000984204D00023C4F20103984204D12EF046
:1012500070024B6843EA020E4EF2FF3343F6FF7C06
:10126000C4F20003C4F2010C984213DD60452BDC8C
:101270004EF20043C4F20003984242D00023C4F26D
:10128000010398423DD040F20043C4F2010398426A
:1012900037D03BE040F2FF73C4F20003984227DDF1
:1012A00040F60003C4F2000398422AD040F60043FF
:1012B000C4F20003984224D04EF20003C4F20003AB
:1012C00098421ED022E000BF44F20003C4F20103A2
:1012D000984216D044F60003C4F20103984210D09D
:1012E00044F20043C4F2010398420AD00EE000BF6A
:1012F000B0F1804F05D040F20043C4F200039842A1
:1013000004D12EF44072CB6843EA020E4B6960456B
:101310000A688C68C462826212DD44F20002C4F280
:101320000102904217D044F60002C4F2010290423A
:1013300011D044F20042C4F2010290420BD00CE002
:101340000022C4F20102904205D040F20042C4F2F1
:101350000102904201D109690163016841F0040171
:101360000160012141612EF080011943016010BD2F
:1013700041F23C00C2F20040F7F74ABC0000000016
:1013800041F26410C2F20040F7F742BC00000000D6
:1013900041F2F810C2F20040F7F73ABC000000003A
:1013A00041F28C20C2F20040F7F732BC000000008E
:1013B000816A0A070CD4CA0715D18A071ED44A07C6
:1013C00027D4CA0630D48A0639D44A0642D454E017
:1013D0000268D0F838C0536823F4004343EA0C0392
:1013E0005360CA07E9D00268D0F82CC0536823F4D0
:1013F000003343EA0C0353608A07E0D50268D0F853
:1014000030C0536823F4803343EA0C0353604A0727
:10141000D7D50268D0F834C0536823F4802343EA58
:101420000C035360CA06CED50268D0F83CC093685E
:1014300023F4805343EA0C0393608A06C5D50268FF
:10144000D0F840C0936823F4005343EA0C03936040
:101450004A0612D50268D0F844C0BCF5801F536814
:1014600023F4801343EA0C03536006D1536823F43A
:10147000C00C836C43EA0C035360090658BF7047E5
:101480000168C06C4A6822F400221043486070472B
:10149000B0B582B004460020C4F89000F5F7A4FA75
:1014A000216805460A68120737D54FF4001100225B
:1014B0006FF07E40009020462B4601F029FC58B387
:1014C000206850E8000F216820F0800041E8000209
:1014D000002A1FBF206850E8000F216820F080001C
:1014E0001CBF41E80002002A12D0206850E8000F1B
:1014F000216820F0800041E800024AB1206850E8ED
:10150000000F216820F0800041E80002002AD7D1B6
:101510000320202188226CE02168086840075FD5FD
:101520004FF4800100226FF07E40009020462B4651
:1015300001F0EEFB002853D0206850E8000F21682E
:1015400020F4907041E80002F2B1206850E8000FEA
:10155000216820F4907041E80002002A1FBF206833
:1015600050E8000F216820F490701CBF41E8000291
:10157000002A09D0206850E8000F216820F49070FC
:1015800041E80002002AD7D1206850E8020F216804
:1015900020F0010041E80202002A1FBF206850E845
:1015A000020F216820F001001CBF41E80202002A5E
:1015B00012D0206850E8020F216820F0010041E8B5
:1015C00002024AB1206850E8020F216820F00100B1
:1015D00041E80202002AD7D1032020218C2208E012
:1015E0002020C4F88800C4F88C000021702200205C
:1015F000E166A150002184F8841002B0B0BD000063
:10160000806BF7F7F1BA0000806B0268D0F8883081
:10161000D0F88CC09168090656D5212B54D10168A9
:1016200051E8001F026821F0C00142E80013FBB13D
:10163000016851E8001F026821F0C00142E8001370
:10164000002B1FBF016851E8001F026821F0C00194
:101650001CBF42E80013002B0AD0016851E8001FAC
:10166000026821F0C00142E80013002BD7D100BF6F
:10167000016851E8021F026821F4000142E80213E8
:10168000F3B1016851E8021F026821F4000142E849
:101690000213002B1FBF016851E8021F026821F4EA
:1016A00000011CBF42E80213002B09D0016851E879
:1016B000021F026821F4000142E80213002BD7D177
:1016C0002021C0F8881002689168490640F189809D
:1016D000BCF1220F40F08580016851E8001F0268CC
:1016E00021F4907142E80013F3B1016851E8001F42
:1016F000026821F4907142E80013002B1FBF0168BB
:1017000051E8001F026821F490711CBF42E80013E9
:10171000002B09D0016851E8001F026821F4907184
:1017200042E80013002BD7D14FF6FE7CCEF6FF7CAB
:10173000026852E8022F036802EA0C0243E8022121
:10174000F1B1016851E8021F026801EA0C0142E8A8
:101750000213002B1FBF016851E8021F026801EA53
:101760000C011CBF42E80213002B09D0016851E8AC
:10177000021F026801EA0C0142E80213002BD7D1D4
:10178000C16E012927D1016851E8001F026821F0CC
:10179000100142E80013F3B1016851E8001F02682C
:1017A00021F0100142E80013002B1FBF016851E82F
:1017B000001F026821F010011CBF42E80013002B3B
:1017C00009D0016851E8001F026821F0100142E8C9
:1017D0000013002BD7D12021C0F88C100021C16646
:1017E0004167D0F8901041F01001C0F89010F7F761
:1017F000FBB90000000000008446C069B0F5807F9E
:10180000DCF8380000F0AA800022A0F85E20026810
:1018100052E8002F036822F4807243E80021F9B1F6
:10182000016851E8001F026821F4807142E800134A
:10183000002B1FBF016851E8001F026821F480716E
:101840001CBF42E80013002B0AD0016851E8001FBA
:10185000026821F4807142E80013002BD7D100BF49
:10186000016851E8021F026821F0010142E80213F9
:10187000F3B1016851E8021F026821F0010142E85A
:101880000213002B1FBF016851E8021F026821F0FC
:1018900001011CBF42E80213002B09D0016851E886
:1018A000021F026821F0010142E80213002BD7D188
:1018B000016851E8021F026821F0400142E802136A
:1018C000F3B1016851E8021F026821F0400142E8CB
:1018D0000213002B1FBF016851E8021F026821F0AC
:1018E00040011CBF42E80213002B09D0016851E8F7
:1018F000021F026821F0400142E80213002BD7D1F9
:101900002021C0F88C10C16E012927D1016851E84F
:10191000001F026821F0100142E80013F3B10168D2
:1019200051E8001F026821F0100142E80013002B6B
:101930001FBF016851E8001F026821F010011CBFA1
:1019400042E80013002B09D0016851E8001F02682B
:1019500021F0100142E80013002BD7D100220267CA
:10196000C16E012912D1A0F85E20DCF800104A688F
:10197000B0F85C1093B28B4238BFA0F85E20B0F88C
:101980005E20891A89B2F6F723BF00BFF8F7E8B8DE
:101990000146806B01220267C26E012A12D1B0F8A3
:1019A0005C205308A0F85E30096849688BB2934206
:1019B00098BFA0F85E10B0F85E10511A89B2F6F721
:1019C00007BF00BFF8F7D8B8C169806BB1F5807F59
:1019D00002D1F8F705BA00BF0021A0F8561001683F
:1019E00051E8021F026821F0800142E80213FBB1B6
:1019F000016851E8021F026821F0800142E80213E9
:101A0000002B1FBF016851E8021F026821F080010E
:101A10001CBF42E80213002B0AD0016851E8021FE4
:101A2000026821F0800142E80213002BD7D100BFE9
:101A3000016851E8001F026841F0400142E80013CC
:101A4000F3B1016851E8001F026841F0400142E82B
:101A50000013002B1FBF016851E8001F026841F00E
:101A600040011CBF42E80013002B09D0016851E877
:101A7000001F026841F0400142E80013002BD7D15B
:101A80007047000000000000806BF8F7B5B9000057
:101A9000B0F860200168D0F88C30222B40F0A8808C
:101AA000496A836D114023F8021B8365B0F85E100C
:101AB0000139A0F85E10B0F85E10002918BF704719
:101AC000016851E8001F026821F4907142E8001398
:101AD000F3B1016851E8001F026821F4907142E8F7
:101AE0000013002B1FBF016851E8001F026821F49A
:101AF00090711CBF42E80013002B09D0016851E827
:101B0000001F026821F4907142E80013002BD7D126
:101B1000016851E8021F026821F0010142E8021346
:101B2000F3B1016851E8021F026821F0010142E8A7
:101B30000213002B1FBF016851E8021F026821F049
:101B400001011CBF42E80213002B09D0016851E8D3
:101B5000021F026821F0010142E80213002BD7D1D5
:101B60002021C0F88C1000214167016740F6004237
:101B70000168C5F60002914202D0496809023DD4CD
:101B8000C16E012964D10021C166016851E8001FBE
:101B9000026821F0100142E80013F3B1016851E836
:101BA000001F026821F0100142E80013002B1FBF44
:101BB000016851E8001F026821F010011CBF42E8D3
:101BC0000013002B09D0016851E8001F026821F0C2
:101BD000100142E80013002BD7D10168CA69D20670
:101BE00001D510220A62B0F85C10F6F7F1BD00BF13
:101BF000886940F008008861704700BF016851E8BB
:101C0000001F026821F0806142E80013002BB7D06A
:101C1000016851E8001F026821F0806142E800136A
:101C2000002B1FBF016851E8001F026821F080618E
:101C30001CBF42E80013002BA2D0016851E8001F2E
:101C4000026821F0806142E80013002BD6D197E7AB
:101C5000F7F786BF000000002DE9F04F81B0044681
:101C60000068B4F86050C66901688268D4F88C30A6
:101C7000222B55D1B4F86800002800F0F28001F45E
:101C8000807802F001074FF000094FF0020B4FF08F
:101C9000010A03E0B4F85E00002852D0B00640F11B
:101CA000E0802068A16D426A2A4021F8022BA165DC
:101CB000B4F85E100139A4F85E10C6697107E9D066
:101CC000F20718BFB8F1000F02D1B2070AD412E030
:101CD000C0F820A0D4F8902042F00102C4F890206F
:101CE000B20708D53FB1C0F820B0D4F8902042F038
:101CF0000402C4F89020002908D53FB104210162F4
:101D0000D4F8900040F00200C4F89000D4F890009D
:101D10000028BFD02046F6F767FFC4F89090B9E7D7
:101D2000816941F00801816101B0BDE8F08F00BF19
:101D3000206850E8000F216820F4807041E800021C
:101D4000EAB1206850E8000F216820F4807041E873
:101D50000002A2B1206850E8000F216820F48070D2
:101D600041E80002002A1FBF206850E8000F2168E8
:101D700020F480701CBF41E80002002AD8D14FF641
:101D8000FE70CEF6FF70216851E8021F2268014004
:101D900042E80213DBB1216851E8021F22680140CA
:101DA00042E80213002B1FBF216851E8021F22687E
:101DB00001401CBF42E80213002B08D0216851E803
:101DC000021F2268014042E80213002BDBD12020D1
:101DD000C4F88C0000206067206740F6004120684E
:101DE000C5F60001884203D04068000200F19A80E5
:101DF000E06E012840F0C2800020E066206850E8D4
:101E0000000F216820F0100041E80002F2B12068C4
:101E100050E8000F216820F0100041E80002002A7D
:101E20001FBF206850E8000F216820F010001CBF81
:101E300041E80002002A09D0206850E8000F21681C
:101E400020F0100041E80002002AD7D12068C169C3
:101E5000C90601D510210162B4F85C102046F6F7DE
:101E6000B7FCB4F85E00002800F09080B4F8681069
:101E7000884280F08B80206850E8020F216820F0B3
:101E8000805041E80202F2B1206850E8020F216858
:101E900020F0805041E80202002A1FBF206850E86D
:101EA000020F216820F080501CBF41E80202002A86
:101EB00009D0206850E8020F216820F0805041E8E6
:101EC0000202002AD7D141F69120C0F601006067D6
:101ED000206850E8000F216840F0200041E800022F
:101EE000002A53D0206850E8000F216840F02000FD
:101EF00041E80002002A1FBF206850E8000F216857
:101F000040F020001CBF41E80002002A3ED02068BB
:101F100050E8000F216840F0200041E80002002A4C
:101F2000D6D133E0206850E8000F216820F08060AF
:101F300041E80002002A3FF45BAF206850E8000F40
:101F4000216820F0806041E80002002A1FBF20685D
:101F500050E8000F216820F080601CBF41E80002BB
:101F6000002A3FF445AF206850E8000F216820F0B8
:101F7000806041E80002002AD4D139E72046F7F713
:101F8000EFFDB4F85E0000287FF470AF01B0BDE84B
:101F9000F08F000000000000B0F860100268D0F878
:101FA0008C30222B40F0AA80526A836D1140197048
:101FB000816D01318165B0F85E100139A0F85E10C5
:101FC000B0F85E10002918BF7047016851E8001F83
:101FD000026821F4907142E80013FBB1016851E8F6
:101FE000001F026821F4907142E80013002B1FBF0C
:101FF000016851E8001F026821F490711CBF42E89B
:102000000013002B0AD0016851E8001F026821F478
:10201000907142E80013002BD7D100BF016851E84E
:10202000021F026821F0010142E80213F3B10168C6
:1020300051E8021F026821F0010142E80213002B5F
:102040001FBF016851E8021F026821F001011CBF97
:1020500042E80213002B09D0016851E8021F026810
:1020600021F0010142E80213002BD7D12021C0F852
:102070008C1000214167016740F600420168C5F6F7
:102080000002914202D0496809023DD4C16E012983
:1020900064D10021C166016851E8001F026821F087
:1020A000100142E80013F3B1016851E8001F026813
:1020B00021F0100142E80013002B1FBF016851E816
:1020C000001F026821F010011CBF42E80013002B22
:1020D00009D0016851E8001F026821F0100142E8B0
:1020E0000013002BD7D10168CA69D20601D510228E
:1020F0000A62B0F85C10F6F76BBB00BF906940F065
:1021000008009061704700BF016851E8001F026835
:1021100021F0806142E80013002BB7D0016851E83C
:10212000001F026821F0806142E80013002B1FBFEE
:10213000016851E8001F026821F080611CBF42E87D
:102140000013002BA2D0016851E8001F026821F0A3
:10215000806142E80013002BD6D197E7F7F700BD66
:102160002DE9F04F81B004460068B4F86050C669AC
:1021700001688268D4F88C30222B57D1B4F86800FB
:10218000002800F0F48001F4807B02F001074FF09A
:1021900000084FF0020A4FF0010903E0B4F85E00B6
:1021A000002854D0B00640F1E2802068A16D406A5A
:1021B00028400870A06D0130A0652068B4F85E105A
:1021C0000139A4F85E10C6697107E7D0F20718BF9D
:1021D000BBF1000F02D1B2070AD412E0C0F8209080
:1021E000D4F8902042F00102C4F89020B20708D53C
:1021F0003FB1C0F820A0D4F8902042F00402C4F807
:102200009020002908D53FB104210162D4F8900044
:1022100040F00200C4F89000D4F890000028BDD02F
:102220002046F6F7E1FCC4F89080B7E7816941F0F9
:102230000801816101B0BDE8F08F00BF206850E85F
:10224000000F216820F4807041E80002EAB12068A4
:1022500050E8000F216820F4807041E80002A2B12C
:10226000206850E8000F216820F4807041E80002E7
:10227000002A1FBF206850E8000F216820F48070FA
:102280001CBF41E80002002AD8D14FF6FE70CEF6FE
:10229000FF70216851E8021F2268014042E80213E2
:1022A000DBB1216851E8021F2268014042E80213B5
:1022B000002B1FBF216851E8021F226801401CBF8C
:1022C00042E80213002B08D0216851E8021F22685F
:1022D000014042E80213002BDBD12020C4F88C001F
:1022E00000206067206740F600412068C5F60001C5
:1022F000884203D04068000200F19A80E06E012815
:1023000040F0C2800020E066206850E8000F21689D
:1023100020F0100041E80002F2B1206850E8000F00
:10232000216820F0100041E80002002A1FBF206849
:1023300050E8000F216820F010001CBF41E80002A7
:10234000002A09D0206850E8000F216820F0100012
:1023500041E80002002AD7D12068C169C90601D529
:1023600010210162B4F85C102046F6F731FAB4F897
:102370005E00002800F09080B4F86810884280F079
:102380008B80206850E8020F216820F0805041E8DF
:102390000202F2B1206850E8020F216820F080505C
:1023A00041E80202002A1FBF206850E8020F21689E
:1023B00020F080501CBF41E80202002A09D02068AA
:1023C00050E8020F216820F0805041E80202002A04
:1023D000D7D141F69970C0F601006067206850E8D7
:1023E000000F216840F0200041E80002002A53D08D
:1023F000206850E8000F216840F0200041E800020A
:10240000002A1FBF206850E8000F216840F020001C
:102410001CBF41E80002002A3ED0206850E8000FAF
:10242000216840F0200041E80002002AD6D133E0C4
:10243000206850E8000F216820F0806041E8000229
:10244000002A3FF45BAF206850E8000F216820F0BD
:10245000806041E80002002A1FBF206850E8000F9A
:10246000216820F080601CBF41E80002002A3FF490
:1024700045AF206850E8000F216820F0806041E8F7
:102480000002002AD4D139E72046F7F769FBB4F8F7
:102490005E0000287FF470AF01B0BDE8F08F00004F
:1024A000F0B583B00446006846F6F31640F6004ED9
:1024B00022696569D4E902130A43E7690168CCF629
:1024C000FF762A4331401143C5F6000E39430160BF
:1024D0004168704521F4405144F2544C41EA0301F3
:1024E0004160A2694FF2FF431CBF216A0A43816821
:1024F000C1F2FF131940C5F6020C1143816047F683
:10250000FF32C16AC4F2000221F00F01656A9042F5
:102510004FF0800341EA0501C16219DD41F2FF710C
:10252000C4F2010188422DDC47F60041C4F20001EB
:10253000884257D041F20001C4F20101884239D0EB
:1025400041F20041C4F20101884233D056E000BF9D
:1025500044F6FF31C4F20001884237DD44F6004101
:10256000C4F2000188423DD045F20001C4F20001EE
:10257000884237D047F60001C4F20001884231D0CA
:102580003CE000BF41F60001C4F20101884211D0D5
:1025900041F60041C4F2010188420BD070452DD1B3
:1025A000DCF8041001F00702062A27D20FF2883166
:1025B00022E000BFDCF80010C1F3C202062A1DD2DF
:1025C00048F2D601C0F6010116E000BF44F2004116
:1025D000C4F20001884205D044F60001C4F20001B3
:1025E00088420BD1DCF8001001F00702062A05D260
:1025F00048F2D001C0F601018B181B78704540F6F7
:102600000010C0F23D0000F05380B7F5004F40F0DD
:102610007B80402B4FF0010100F28581DFE813F051
:1026200042002E018301830136018301830183016E
:1026300042018301830183018301830183018301BB
:102640000A018301830183018301830183018301E3
:10265000830183018301830183018301830183015A
:102660004801830183018301830183018301830185
:10267000830183018301830183018301830183013A
:10268000830183018301830183018301830183012A
:10269000830183018301830183018301830183011A
:1026A000260100BFF5F720FB002840F0008136E14D
:1026B0009A1E01211E2A00F27580DFE812F01F0029
:1026C000340187003401340134018D0034013401B8
:1026D000340134013401340134017900340134010E
:1026E0003401340134013401340134013401340142
:1026F000340134013401340134019500F4F7F8FA5F
:10270000002840F070800AE1402B4FF0010100F2F8
:102710000A81DFE813F04100B70008010801C10099
:10272000080108010801E900080108010801080181
:102730000801080108019D000801080108010801BD
:102740000801080108010801080108010801080141
:10275000080108010801EF0008010801080108014B
:102760000801080108010801080108010801080121
:102770000801080108010801080108010801080111
:102780000801080108010801080108010801080101
:10279000080108010801AF00F5F7A6FA002840F08B
:1027A000A880BCE0402B40F0BE804FF400401BE00E
:1027B0005CF8540C800649F20000C0F2D03013D50A
:1027C0005CF8541CC1F3C101C8400DE06846F4F741
:1027D000A3FA019838B9A2E06846F4F731FB0198F2
:1027E000002800F09C80656A48F2EC016268C0F63F
:1027F000010131F81510B0FBF1F002EB4201884203
:102800004FF00101C0F08F801303984200F28B80DB
:10281000010E0023000210EB520041F10001EDF720
:10282000DFFD4FF60052A0F54071C0F20F02914259
:1028300073D377E05CF8540C800649F20000C0F2D4
:10284000D03035D55CF8541CC1F3C101C8402FE02D
:102850005CF8540C800649F20000C0F2D03049D533
:102860005CF8541CC1F3C101C84043E04FF4004080
:102870001EE000BF4FF400403CE000BFF5F764FAF3
:10288000A8B94CE0F5F760FA98BB48E06846F4F761
:1028900043FA019858B942E06846F4F73DFA0198C6
:1028A00038BB3CE06846F4F7CBFA0198B8B3656AE8
:1028B00048F2EC01C0F6010131F81510B0FBF1F05F
:1028C00061684A0802EB40004FF6EF72B0FBF1F08E
:1028D000A0F11001914225D84FF6F0710140C0F3EC
:1028E0004200084419E000BF6846F4F7A9FA0198CD
:1028F000A8B1656A48F2EC016268C0F6010131F8DE
:102900001510B0FBF1F000EB5200B0FBF2F0A0F1BB
:1029100010014FF6EF72914204D82168C86000217F
:1029200001E000BF01214FF00110A0660020C4E9C2
:102930001D00084603B0F0BD02040810204000004E
:1029400010B504468C4681650021A0F85C20C0F8D3
:1029500090102220C4F88C00D4F88000F0B1134607
:1029600041F2F97E41F69112C0F6010EC0F6010265
:10297000C0E90FE241F20962C0F60102C0E9132189
:10298000216862462431F2F753FC38B11020C4F8B4
:1029900090002020C4F88C00012010BD206938B3BD
:1029A000206850E8000F216840F4807041E8000280
:1029B000F2B1206850E8000F216840F4807041E8CF
:1029C0000002002A1FBF206850E8000F216840F471
:1029D00080701CBF41E80002002A09D0206850E83E
:1029E000000F216840F4807041E80002002AD7D12E
:1029F000206850E8020F216840F0010041E802021F
:102A0000F2B1206850E8020F216840F0010041E86F
:102A10000202002A1FBF206850E8020F216840F020
:102A200001001CBF41E80202002A09D0206850E8DA
:102A3000020F216840F0010041E80202002AD7D1CC
:102A4000206850E8020F216840F0400041E802028F
:102A5000F2B1206850E8020F216840F0400041E8E0
:102A60000202002A1FBF206850E8020F216840F0D0
:102A700040001CBF41E80202002A09D0206850E84B
:102A8000020F216840F0400041E80202002AD7D13D
:102A9000002010BD0000000081650023A0F85C202C
:102AA000A0F85E208168436771B1B1F1805F07D003
:102AB000B1F5805F0ED1016951B940F2FF110AE012
:102AC000016919B13F2106E0016909B17F2102E0E6
:102AD000FF2100E00021A0F860100021C0F8901054
:102AE0002221C0F88C10016851E8021FD0F800C004
:102AF00041F001014CE802130BB3016851E8021FD9
:102B0000D0F800C041F001014CE80213002B1FBFB8
:102B1000016851E8021FD0F800C041F001011CBF5C
:102B20004CE80213002B0AD0016851E8021FD0F8CC
:102B300000C041F001014CE80213002BD3D1416EDB
:102B4000B1F1005F03D1B0F868108A4240D28168C9
:102B5000B1F5805F016907D1002947D041F699712D
:102B6000C0F60101416706E041F699720029C0F6FE
:102B7000010242673FD0016851E8001F026841F43A
:102B8000907142E80013002B00F0BE80016851E80C
:102B9000001F026841F4907142E80013002B1FBF30
:102BA000016851E8001F026841F490711CBF42E8BF
:102BB0000013002B00F0A880016851E8001F026894
:102BC00041F4907142E80013002BD4D19CE000BF87
:102BD0008168B1F5805F016938D1002966D042F281
:102BE0006111C0F60101416736E000BF41F6912155
:102BF000C0F601014167016851E8001F026841F019
:102C0000200142E80013002B7ED0016851E8001F2C
:102C1000026841F0200142E80013002B1FBF016849
:102C200051E8001F026841F020011CBF42E8001378
:102C3000002B69D0016851E8001F026841F02001B3
:102C400042E80013002BD6D15EE000BF42F26112D1
:102C5000C0F60102426779B3016851E8001F0268BB
:102C600041F4807142E8001333B3016851E8001F5A
:102C7000026841F4807142E80013002B1FBF016815
:102C800051E8001F026841F480711CBF42E8001344
:102C9000002B11D0016851E8001F026841F48071D7
:102CA00042E80013002BD7D106E000BF41F659419E
:102CB000C0F60101416700BF016851E8021F0268C8
:102CC00041F0805142E80213F3B1016851E8021F5C
:102CD000026841F0805142E80213002B1FBF0168D7
:102CE00051E8021F026841F080511CBF42E8021304
:102CF000002B09D0016851E8021F026841F08051A1
:102D000042E80213002BD7D10020704700000000DA
:102D10002DE9F041804600680D46C7693940491BDE
:102D2000B1FA81F149098A4225D1069C34B316468D
:102D3000611C29D1C1692940491BB1FA81F14909B6
:102D40008E4218D1C1692940491BB1FA81F1490964
:102D50008E4201BFC1692940491BB1FA81F104BF0C
:102D600049098E4207D1C1692940491BB1FA81F155
:102D700049098E42DED00020BDE8F081F3F734FE31
:102D80000320BDE8F08100BF1F4607E0C06928406E
:102D9000401BB0FA80F040098642ECD1F3F724FEE4
:102DA000C01BA04200F2B680D8F8000001684907B5
:102DB000ECD5402D18BF802DE8D0C169090700F17E
:102DC000AD80C1690905E1D54FF400610162D8F811
:102DD000000050E8000FD8F8001020F4907041E88F
:102DE000000222B3D8F8000050E8000FD8F8001015
:102DF00020F4907041E80002002A1FBFD8F80000BC
:102E000050E8000FD8F8001020F490701CBF41E883
:102E10000002002A0BD0D8F8000050E8000FD8F8C4
:102E2000001020F4907041E80002002ACFD14FF644
:102E3000FE70CEF6FF70D8F8001051E8021FD8F8E7
:102E40000020014042E802130BB3D8F8001051E80B
:102E5000021FD8F80020014042E80213002B1FBFD8
:102E6000D8F8001051E8021FD8F8002001401CBF1C
:102E700042E80213002B0AD0D8F8001051E8021FD4
:102E8000D8F80020014042E80213002BD3D1D8F833
:102E90006C0001282FD1D8F8000050E8000FD8F8B6
:102EA000001020F0100041E8000222B3D8F8000022
:102EB00050E8000FD8F8001020F0100041E80002A0
:102EC000002A1FBFD8F8000050E8000FD8F8001003
:102ED00020F010001CBF41E80002002A0BD0D8F8F7
:102EE000000050E8000FD8F8001020F0100041E872
:102EF0000002002ACFD12020C8F88C000021C8F899
:102F00006C10C8F87410C8F89000032088F884107A
:102F1000BDE8F0810320BDE8F08100BF0821016217
:102F2000D8F8000050E8000FD8F8001020F4907096
:102F300041E8000222B3D8F8000050E8000FD8F8AA
:102F4000001020F4907041E80002002A1FBFD8F85A
:102F5000000050E8000FD8F8001020F490701CBF5B
:102F600041E80002002A0BD0D8F8000050E8000F1A
:102F7000D8F8001020F4907041E80002002ACFD168
:102F80004FF6FE70CEF6FF70D8F8001051E8021F21
:102F9000D8F80020014042E802130BB3D8F8001023
:102FA00051E8021FD8F80020014042E80213002B2C
:102FB0001FBFD8F8001051E8021FD8F800200140C8
:102FC0001CBF42E80213002B0AD0D8F8001051E8C9
:102FD000021FD8F80020014042E80213002BD3D191
:102FE000D8F86C0001282FD1D8F8000050E8000F65
:102FF000D8F8001020F0100041E8000222B3D8F801
:10300000000050E8000FD8F8001020F0100041E850
:103010000002002A1FBFD8F8000050E8000FD8F8BF
:10302000001020F010001CBF41E80002002A0BD065
:10303000D8F8000050E8000FD8F8001020F0100079
:1030400041E80002002ACFD12020C8F88C000020DF
:10305000C8F86C00C8F874000821C8F8901088F807
:1030600084000120BDE8F08140F6A870C2F2004063
:10307000F5F7CEBD0000000041F2D000C2F20040E2
:10308000F5F7C6BD0000000010B540F2B414C2F25E
:103090000044E078012807D140F23440C2F20040F9
:1030A000EDF722FF207010BD0120207010BD000040
:1030B000B0B590B040F2B415C2F20045E8780128EE
:1030C00036D1F0F71DFC00284FF000002ED16978B2
:1030D00004292BD1687900284FF0000026D1A97966
:1030E00021BBF3F781FC044640F21450C2F20040C9
:1030F00008AB05212246EFF77BFCC8B140F2145023
:103100006B46C2F2004007212246EFF771FC78B10E
:103110009DF83A0001280BD19DF81A0001284FF0C4
:10312000000004BF9DF82F10002905D010B0B0BDDD
:10313000002010B0B0BD00BF9DF80F100029F5D1E0
:103140009DED080A95ED101A30EE410AB0EEC01A56
:10315000B0EE080AB4EE401AF1EE10FAE6DC9DED8E
:10316000001A95ED112A31EE421AB0EEC11AB4EEF2
:10317000401AF1EE10FAD8BF012010B0B0BD000027
:10318000B0B5A6B00446F3F72FFC002C56D0054688
:1031900042F2C440C2F200401BAB27212A46FBF793
:1031A0007FFF00284AD042F2C44010ABC2F2004078
:1031B00028212A46FBF774FF00283FD040F2145024
:1031C00008ABC2F2004005212A46EFF711FCA8B374
:1031D00040F214506B46C2F2004007212A46EFF736
:1031E00007FC58B39DF8920001281B9820601098A6
:1031F00060600898A0600098E0601FD19DF86600AC
:1032000001281BD19DF83A00012817D19DF81A001A
:10321000012813D19DF8940001280FD19DF8680072
:1032200001280BD19DF83C00012807D19DF81C0016
:10323000012803D19DF88400C00703D1002026B0E7
:10324000B0BD00BF9DF85800C0074FF000000ED081
:103250001F99002904BF1499002908D19DF82F1047
:10326000002902BF9DF80F00B0FA80F0400926B097
:10327000B0BD000000000000B0B540F2B41501245C
:10328000C2F20045E87801280CD1F0F739FB48B9C3
:103290006878A9792A78C0B2002918BF02220428C8
:1032A00008BF1446E0B2B0BDB0B582B040F2B4146D
:1032B000C2F20044E07800284FF0000009D12071EC
:1032C00048F2E410C0F60100F0F792FB20B10120B3
:1032D000207002B0B0BD00BFF0F732FB014642F2F1
:1032E000C44048F2D822C2F20040C0F601020223D4
:1032F000FBF7C6FF10BBF0F733FB014640F214505A
:1033000048F2AC12C2F20040C0F6010202230225CC
:10331000EFF77AFC90B9F0F723FB014640F2344016
:1033200041F6780248F25023C2F20040C2F2004255
:10333000C0F601030095EDF73FFF38B10120207082
:10334000F0F706FC012002B0B0BD00BF0120E07024
:103350000021A4F80510C4E903116070F3F744FBE1
:103360000146002061611431A070A4F807002162B9
:10337000AEE700000000000040F2B410C2F20040CE
:10338000C078012822D180B58AB0F0F7D1FB08BB04
:1033900040F2344005AAC2F200400121EDF7E4FEFC
:1033A000C0B140F234406A46C2F200400221EDF75B
:1033B000DBFE78B19DF8250001280BD19DF81100A6
:1033C0000AB0BDE8804000F001007047002000F026
:1033D0000100704700200AB0BDE8804000F0010005
:1033E000704700000000000010B540F2B414C2F2B3
:1033F0000044E078012802D1F0F782FA10B10020F1
:1034000010BD00BF60780438B0FA80F0400910BDEC
:10341000B0B52DED028B96B0F3F7E6FA40F2B41595
:10342000C2F20045E978012940F0A2800446F0F795
:1034300067FA00284FF000002CD16978042929D1BF
:10344000687900284FF0000024D1A97911BB42F21D
:10345000C4400BABC2F2004027212246FBF720FEFE
:10346000B8B142F2C4406B46C2F200402821224665
:10347000FBF716FE68B19DF85200012809D19DF8AE
:103480002600012805D10F98002804BF04980028C1
:1034900004D0002016B0BDEC028BB0BD9DF84400F6
:1034A000C007F6D09DF81800C007F2D09DED0B0ABA
:1034B00095ED0E1A30EE410AB0EE088AB0EEC00A61
:1034C000B4EE480AF1EE10FAE3DC9DED000A95ED4A
:1034D0000F1A30EE410AB0EEC00AB4EE480AF1EE1F
:1034E00010FA45DC40F214500BABC2F2004005214B
:1034F0002246EFF77DFAD8B340F214506B46C2F281
:10350000004007212246EFF773FA88B39DF8460082
:1035100001282DD19DF81A0001284FF0000004BFAA
:103520009DF83B100029B5D19DF80F100029B1D1AD
:103530009DED0B0A95ED101A30EE410AB0EEC00A6F
:10354000B4EE480AF1EE10FAA4DC9DED000A95ED08
:10355000111A30EE410AB0EEC00AB4EE480AF1EE9C
:1035600010FAD8BF012016B0BDEC028BB0BD00BF71
:10357000002016B0BDEC028BB0BD000000000000C2
:1035800010B52DED028B8AB040F2B414C2F20044A3
:10359000E07801285ED1B0EE408AF0F7C9FA002841
:1035A00058D140F2344005AAC2F200400121EDF7A3
:1035B000DBFD00284ED040F234406A46C2F20040A3
:1035C0000221EDF7D1FD002844D09DF82500002808
:1035D00040D09DF8110001284FF001003BD1B0EE22
:1035E000C80A9FED221AB4EE410AF1EE10FA32DC5D
:1035F00040F2344005AAC2F200400121EDF7B4FDCB
:103600000146012039B340F234406A46C2F200401C
:103610000221EDF7A9FD18B39DED050A40F23440F3
:1036200038EE000AC2F200400121EDF7E9FF014641
:10363000012081B99DED000A40F2344038EE000AC5
:10364000C2F200400221EDF7DBFF20700AB0BDECB2
:10365000028B10BD012020700AB0BDEC028B10BDA2
:10366000012020700AB0BDEC028B10BDFFFF7F7FF0
:1036700010B540F2B414C2F20044E078012821D120
:10368000F0F73EF900284FF0010027D161780429B6
:1036900024D1607900284FF001001FD1A179E9B948
:1036A00040F214500521C2F200400022EFF724F945
:1036B00040B940F214500721C2F200400022EFF757
:1036C0001BF918B10120207010BD00BFF3F78CF971
:1036D000411DC4E906010420A0710020207010BD26
:1036E000B0B540F2B414C2F20044E078012818D119
:1036F000F0F706F900284FF0010029D1617804297C
:1037000026D1607900284FF0010021D1A179F9B9C3
:1037100042F2C4402721C2F200400022FBF764FCC1
:1037200010B101202070B0BD42F2C4402821C2F285
:1037300000400022FBF758FC00284FF0010007D1A1
:103740000125F3F751F9411DA571C4E906010020D7
:103750002070B0BD00000000B0B596B040F2B415C6
:10376000C2F20045E878012840D1F0F7C9F80028F6
:103770004FF0000030D1697804292DD168790028F4
:103780004FF0000028D1A97931BBF3F72DF9044699
:1037900042F2C440C2F200400BAB27212246FBF7A5
:1037A0007FFC18B342F2C4406B46C2F200402821AD
:1037B0002246FBF775FCC8B19DF85200012815D1CF
:1037C0009DF8260001284FF0000005D10F9900292F
:1037D00004BF0499002901D016B0B0BD9DF8440083
:1037E000C00703D09DF81800C00703D1002016B011
:1037F000B0BD00BF9DED0B0A95ED0E1A30EE410AEB
:103800000020B0EEC01AB0EE080AB4EE401AF1EE95
:1038100010FAE1DC9DED001A95ED0F2A31EE421A07
:10382000B0EEC11AB4EE401AF1EE10FAD8BF012082
:1038300016B0B0BD000000002DE9F041A6B040F286
:10384000B417C2F20047F878012813D1F3F7CCF887
:103850008046F0F719F9F0F707F90646F0F768F92E
:1038600005463043C4070BD0397939B16EB1E8074A
:1038700014D01CB326B0BDE8F08100BF012139701F
:1038800000F001003871002EF1D142F2C4404146EF
:10389000C2F20040FBF77CFEE807EAD140F2145088
:1038A0004146C2F20040EFF74FFB40F23440414640
:1038B000C2F20040EDF760FD002CDBD178780138D2
:1038C000052867D8DFE800F0062A5A3A040400BF4A
:1038D000D0E700BF404602F00BF9022800F0368125
:1038E000002857D10020C7F82480CCF27820C7F8F0
:1038F0001480C7E90E00C7E91000B86AB864F86A16
:10390000F864386B3865786B7865012078714FF40E
:10391000007038800020C7E9030017E1787901289A
:1039200040F0BC80786AA8EB0000B0F5FA6F6BD36A
:10393000B7EE000A002078716EE000BFB87960B180
:10394000B96941F28932A8EB010191422AD30120E1
:10395000387002F081FC06207870787901287FF4B5
:1039600089AF786AA8EB0000B0F5FA6FC0F000816B
:10397000B7EE000A0020787102E100BF404602F075
:10398000B7F8022800F0E28020B94FF48060388058
:10399000DCE000BF0320387002F05EFC0620787087
:1039A000D4E000BF0138DFE810F00700A1014101B9
:1039B00075013301AF0100BF42F2C4401BABC2F23C
:1039C000004027214246FBF76BFB0028BFD042F2A4
:1039D000C44010ABC2F2004028214246FBF760FB16
:1039E0000028B4D09DF894000028B6D19DF8680056
:1039F0000028B2D1F869B8EB0000AED400203872CC
:103A00000220F880A9E700BF00EE100A9FEDDB1A44
:103A1000B8EE400A80EE010AB1EE081ABAEE0E2A9C
:103A200020EE003A97ED104A97ED115AA0EE012AC8
:103A3000B2EE041A97ED136A97ED157A35EE475AF0
:103A4000A0EE021A97ED0E2A20EE030A97ED123A25
:103A500020EE010A32EE431A97ED0F2A32EE462A83
:103A6000A5EE007AA1EE003A97ED141A34EE414A21
:103A7000A2EE006A87ED0D7A87ED0A3AA4EE001AED
:103A800087ED0B6A87ED0C1A02F08AFA387028B1BC
:103A90000020787102F0E0FB062078707879002829
:103AA00054D142F2C4401BABC2F20040272142462F
:103AB000FBF7F6FA002849D042F2C44010ABC2F23C
:103AC000004028214246FBF7EBFA00283ED040F2A6
:103AD000145008ABC2F2004005214246EEF788FFC1
:103AE000A0B340F214506B46C2F200400721424698
:103AF000EEF77EFF50B39DF89200012826D19DF885
:103B00006600012822D19DF83A0001281ED19DF8B7
:103B10001A0001281AD19DF89400012816D19DF8A9
:103B20006800012812D19DF83C0001280ED19DF8B3
:103B30001C00012804BF1F98002807D114980028F2
:103B400004BF9DF82F00002800F0DE817878073848
:103B500010F1040F3FF68EAE786943F69921A8EB79
:103B600000008842FFF486AE0320387048E000BFB2
:103B700000EE100A9FED811AB8EE400A80EE010AAD
:103B8000B1EE081ABAEE0E2A20EE003A97ED104A6E
:103B900097ED115AA0EE012AB2EE041A97ED136ABE
:103BA00097ED157A35EE475AA0EE021A97ED0E2AD8
:103BB00020EE030A97ED123A20EE010A32EE431A84
:103BC00097ED0F2A32EE462AA5EE007AA1EE003AD2
:103BD00097ED141A34EE414AA2EE006A87ED0D7A91
:103BE00087ED0A3AA4EE001A87ED0B6A87ED0C1AEE
:103BF00002F0D6F9002838703FF43CAE002078710E
:103C000002F02AFB0620787026B0BDE8F08100BFE4
:103C1000F8790228C0F0B4800020C7E90C00C7E999
:103C20001000C7E914000620F88096E6F87901280C
:103C300000F2BA8048F2D8214301C0F60101002801
:103C400001EB401207F12C00D2E9026514691C95C2
:103C500055691B9696691D941E9508BF07F12800AB
:103C6000D269CDE91F62CD5C00681C9042F2C4406D
:103C7000C2F200401BAA2946FBF76EFD00287FF424
:103C80006CAE42F2C4400122C2F200402946FBF76A
:103C9000ABF96CE040F214501BABC2F200400521BE
:103CA0004246EEF7A5FE00283FF451AE40F2145014
:103CB00010ABC2F2004007214246EEF799FE002801
:103CC0003FF445AE9DF8880000287FF446AE9DF88D
:103CD0005C0000287FF441AEF869B8EB00003FF5C6
:103CE0003CAE002038720520F88036E6F8790228CC
:103CF000C0F096800020C7E90A00C7E90E00C7E9B6
:103D000012000320F88028E6F879012800F2A0804C
:103D1000C0EBC00148F2AC12C0F60102002802EB71
:103D2000810307F13400D3E902651C691C955D69C4
:103D30001D941E9508BF07F130009B691F931B96C9
:103D400032F8215000681B9040F214501BAAC2F2B6
:103D500000402946EFF7D4F900287FF4FEAD40F289
:103D600014500122C2F200402946EEF7C5FD00289A
:103D70007FF4F3ADF8790130F871EEE50000FA4414
:103D800048F2AC11C0EBC000C0F601013A7A31F83C
:103D9000201040F21450C2F20040002A00F0A88027
:103DA000EEF7BEFE4BE000BF42F2C4401BABC2F2D6
:103DB000004027214246FBF773F900283FF4CDADC0
:103DC00042F2C44010ABC2F2004028214246FBF749
:103DD00067F900283FF4C1AD9DF8920001287FF4F7
:103DE000BCAD9DF8660001287FF4B7AD9DF8940046
:103DF00001287FF4B2AD9DF8680001287FF4ADADD5
:103E00009DF88400C0073FF4A8AD9DF85800C00796
:103E10003FF4A3AD1F9800287FF49FAD149849E0AC
:103E200048F2D8214001C0F601013A7A095C42F219
:103E3000C440C2F20040002A5ED0FBF7D9F9002846
:103E40007FF48BADF8790130F8710020387284E589
:103E500040F214501BABC2F2004005214246EEF77F
:103E6000C7FD00283FF479AD40F2145010ABC2F208
:103E7000004007214246EEF7BBFD00283FF46DAD40
:103E80009DF8860001287FF468AD9DF85A0001284E
:103E90007FF463AD9DF8880001287FF45EAD9DF846
:103EA0005C00012804BF9DF87B0000287FF455AD1D
:103EB0009DF84F0000287FF450AD9DED1B0AB0EE39
:103EC000C01AB0EE080AB4EE401AF1EE10FA3FF74D
:103ED00044AD9DED101AB0EEC11AB4EE401AF1EEE9
:103EE00010FA3FF73AAD0020B871387035E500BFE1
:103EF000EFF7C2F902E000BFFBF77EFC00287FF479
:103F00002CAD0120387228E59DF80F0000287FF4C1
:103F10001DAE9DED1B1A9FED1F0A31EE001AB0EE8B
:103F2000C12AB0EE081AB4EE412AF1EE10FA3FF7BA
:103F30000DAE9DED102A32EE002AB0EEC22AB4EE8C
:103F4000412AF1EE10FA3FF701AE9DED082A32EE5C
:103F5000002AB0EEC22AB4EE412AF1EE10FA3FF781
:103F6000F5AD9DED002A32EE000AB0EEC00AB4EEC7
:103F7000410AF1EE10FA3FF7E9AD0020A7F807007B
:103F800008F1140038620320A7F80100C7F8148074
:103F9000DCE500BF0000784210B52DED088B40F243
:103FA000B414C2F20044E07801280FD1B0EE40AA68
:103FB000B0EE60BA94ED0E8A94ED0F9AEFF7A0FC84
:103FC00050B101202070BDEC088B10BD0120207085
:103FD000BDEC088B10BD00BF607804284FF00100D5
:103FE00004BFA1790029EDD1B0EEC80A9FED272AC0
:103FF000B4EE420AF1EE10FAE4DCB0EEC90AB4EE17
:10400000420AF1EE10FADDDCB0EECA3AB0EE4A1A1E
:10401000B4EE423AF1EE10FAD4DCB0EECB4AB0EE98
:104020004B0AB4EE424AF1EE10FACBDC9FED182AAF
:10403000B4EE423AF1EE10FADCBFB4EE420AF1EE11
:1040400010FABFDC9FED132AB4EE420AF1EE10FA2B
:10405000B8DBA06AA064E06AE064206B2065606B56
:10406000606584ED0E8A84ED0F9A84ED101A84ED5C
:10407000110AF2F7B9FC60620020C4E903000121D3
:1040800061712070BDEC088B10BD00BFFFFF7F7F0A
:1040900096F1C64396F1C6C310B52DED048B40F2E0
:1040A000B414C2F20044E078012811D1B0EE608A65
:1040B000B0EE409AEFF724FC00284FF0010004BF57
:1040C000617804290AD02070BDEC048B10BD00BFBC
:1040D00001202070BDEC048B10BD00BFB0EEC91AEA
:1040E0009FED0B0AB4EE401AF1EE10FAEBDCB0EEE5
:1040F000C81AB4EE401AF1EE10FAE4DC84ED039A2B
:1041000084ED048A01F04CFF2070BDEC048B10BDDF
:10411000FFFF7F7F0000000010B52DED088B40F2FF
:10412000B414C2F20044E07801280FD1B0EE40BAD6
:10413000B0EE60AAB0EE418AB0EE619AEFF7E0FB14
:1041400050B101202070BDEC088B10BD0120207003
:10415000BDEC088B10BD00BF607804284FF0010053
:1041600004BFA1790029EDD1B0EECB1A9FED274A0B
:10417000B4EE441AF1EE10FAE4DCB0EECA2AB4EE62
:10418000442AF1EE10FADDDCB0EEC85AB0EE483A3F
:10419000B4EE445AF1EE10FAD4DCB0EEC96AB0EED7
:1041A000492AB4EE446AF1EE10FACBDC9FED184ACE
:1041B000B4EE445AF1EE10FADCBFB4EE442AF1EE4C
:1041C00010FABFDC9FED134AB4EE442AF1EE10FA68
:1041D000B8DBA06AA064E06AE064206B2065606BD5
:1041E000606584ED0EBA84ED0FAA84ED103A84ED7B
:1041F000112AF2F7F9FB60620020C4E903000121F3
:1042000061712070BDEC088B10BD00BFFFFF7F7F88
:1042100096F1C64396F1C6C310B52DED088B40F25A
:10422000B414C2F20044E07801280FD1B0EE40BAD5
:10423000B0EE60AA94ED108A94ED119AEFF760FB4E
:1042400050B101202070BDEC088B10BD0120207002
:10425000BDEC088B10BD00BF607804284FF0010052
:1042600004BFA1790029EDD1B0EECB1A9FED252A2C
:10427000B4EE421AF1EE10FAE4DCB0EECA3AB4EE53
:10428000423AF1EE10FADDDCB0EEC83AB4EE423A52
:10429000F1EE10FAD6DCB0EEC94AB4EE424AF1EEC5
:1042A00010FACFDC9FED182AB4EE423AF1EE10FA84
:1042B000DCBFB4EE429AF1EE10FAC3DC9FED132A94
:1042C000B4EE429AF1EE10FABCDBA06AA064E06A98
:1042D000E064206B2065606B606584ED0EBA84ED50
:1042E0000FAA84ED108A84ED119AF2F77DFB6062CB
:1042F0000020C4E90300012161712070BDEC088B2E
:1043000010BD00BFFFFF7F7F96F1C64396F1C6C385
:1043100080B501F0A1FF40F2B4100521C2F20040C7
:10432000417080BD00000000FEE7000000000000BA
:10433000B0B58AB003460020099008904FF0010004
:10434000D3B10C46C1B1187900284FF0000013D149
:104350004FF080410790CDE9021002210491012124
:104360000122CDE90510402120461D46F1F774FADF
:1043700000284FF0010001D00AB0B0BD02A92046CC
:10438000F1F706FA00284FF00100F5D102210222D0
:10439000012300902046F1F743FA18B101200AB03A
:1043A000B0BD00BF2046F2F71BF800284FF0010017
:1043B000E2D1287100202C600AB0B0BD00000000DE
:1043C000B0B58AB00C46054668462821ECF75BF983
:1043D0009DB12879012810D14FF0010014B32A684B
:1043E00002B340211046F1F78BFA48B12868E31C6C
:1043F0006A464021F1F790FA30B101200AB0B0BD11
:1044000002200AB0B0BD00BF0198B0F1804F4FF05C
:10441000010007D1029929B900982070000A607044
:104420000020A0700AB0B0BDB0B58CB0044601A8A1
:104430002C21ECF728F914B3207901281FD120682A
:10444000E8B10168D9B14AF6100501A9C4F2000526
:10445000F1F72EFA2168069A09680B6D9B0111D4B9
:1044600000B9A2B98869C00711D1086D400715D4F9
:10447000086D000703D508200865002028600CB0EF
:10448000B0BD00BF4FF0007008650020286088694B
:1044900020F001008861086D4007E9D50420086517
:1044A00000202860086D0007E5D4E8E70000000060
:1044B00090B12DE9F0478CB00446007901280DD168
:1044C000149E0120082E03D825680DB153B94EB1B2
:1044D0000CB0BDE8F08700BF0120704701200CB090
:1044E000BDE8F087884601A82C21914627461C4646
:1044F000ECF7C9F82868E8B14AF6100A01A928467D
:10450000C4F2000AF1F7D4F93D68069A29680B6DE8
:104510009B0131D400B9AABB8869C00732D1086DAC
:10452000400736D4086D000704D508200865002030
:10453000CAF800002846F1F7F3FAC8B148EA0920A2
:1045400001904FF08040029016A000210391224676
:1045500050F82600CDE90401CDE90611CDE9081196
:10456000386801A9F1F798F80CB0BDE8F08700BFF2
:1045700002200CB0BDE8F0874FF000700865002005
:10458000CAF80000886920F001008861086D4007C2
:10459000C8D5042008650020CAF80000086D00078F
:1045A000C3D4C7E7000000000100000002000000C3
:1045B00003000000040000000500000006000000E9
:1045C000070000000800000078B1017901290CD132
:1045D0000168002908BF704710B504460846F1F786
:1045E0001BFF00202071BDE8104070470000000054
:1045F0000B460246002818BF0120002918BF0123DE
:104600001840012818BF7047B0B502F1140ED2E966
:1046100008459EE80850926A4A6181E80850C1E95D
:104620000345BDE8B04070474FF0010318B10029C1
:1046300018BF002A02D11846704700BF537873B1E3
:10464000D2F804C0BCF1000F09D49368634506DBBF
:1046500092ED030AB5EE400AF1EE10FA02DA0120FB
:10466000704700BF016092E80A10D268836000239F
:104670004160C0F80CC002618362C0E90533C0E943
:10468000073380F82430184670470000000000000F
:10469000034600284FF0000018BF002900D17047E2
:1046A0002DE9F04381B008781E79B04224D14878D2
:1046B000092827D1887808284FF000001DD190469E
:1046C0000A79CC784F798946897925061E4641EAD0
:1046D00002415A7941EA07235FEA50014FEA32006A
:1046E000002D43EA046313D4C01841EBE3710023A7
:1046F000EBF776FE13E000BF002001B0BDE8F04309
:10470000704700BF002001B0BDE8F043704700BF14
:10471000C01A61EBE3710023EBF762FE4042B06127
:10472000B2EE041AB9F80700C0BA00EE100AB8EEEB
:10473000C00A80EE010A9FED0C1A86ED070AB9F84F
:104740000900C6F82880C0BA00EE100A012086F8D9
:104750002400B8EEC00A80EE010A86ED080A01B016
:10476000BDE8F043704700BF00007A44000000003D
:1047700060B30146006848B380B582B04A694FF023
:10478000FF3E4B7983FB023CD3F100427EEB0C02EF
:104790004FF00002B8BF0122002A0CBF4FF00043C7
:1047A000E6466FF0004CB3EB0C027EF10002A8BFAE
:1047B000634609794FF0040C1ABA019201AB032247
:1047C000CDF800C0FFF774FE02B080BD0120704735
:1047D000E0B18C46002948BFC1F1000C80B5D0F88B
:1047E00008E00022BCEB0E0372EBEE730ADBC2683A
:1047F0004FEAE27EB2EB0C037EF1000308DA0029F7
:1048000048BF52424261002080BD00BF0120704776
:104810000A464261002080BD40B1826A1AB1891AFD
:10482000C92938BF7047002180F824107047000064
:10483000B0EEC01AB2EE042AB4EE421AF1EE10FA4B
:104840000CDD90ED051A9FED462A21EE021A017F3C
:1048500080ED051AC9B990ED062A1AE090ED011A0B
:1048600090ED052AA1EE002A90ED031AB1EE413A2F
:1048700082FE411AB4EE423AF1EE10FA33FE011A0A
:10488000017F80ED051A0029E5D0B0EE402A002115
:10489000017730EE422A9FED333AB4EE432AF1EE2F
:1048A00010FA3DDA9FED313AB4EE432AF1EE10FAF8
:1048B0001DDA9FED2F4A32EE042AB4EE432AF1EEC0
:1048C00010FA14DA32EE042AB4EE432AF1EE10FAAA
:1048D000BEBF32EE042AB4EE432AF1EE10FA06DA35
:1048E00032EE042AB4EE432AF1EE10FAE3DB90ED47
:1048F000003A80ED060AA3EE001A90ED023AA3EE0C
:10490000021A90ED042AB1EE423A81FE422AB4EE38
:10491000413AF1EE10FA33FE021AB0EE410A704746
:104920009FED114A32EE042AB4EE432AF1EE10FA5A
:10493000A1BF32EE042AB4EE432AF1EE10FA32EEB1
:10494000042AA4BFB4EE432AF1EE10FAAADB32EE39
:10495000042AB4EE432AF1EE10FAE3DAA2E700BF2C
:104960006666663F000034430000B4C3000034C3F1
:104970000000B4430000000030B30278014600207C
:10498000052A00F28480DFE802F0215303838203CA
:1049900091ED010A9FED451AB0EEC00AB4EE410A4E
:1049A000F1EE10FA73DC91ED020AB0EEC02AB4EE1B
:1049B000412AF1EE10FA6ADCB5EE400AF1EE10FA87
:1049C000A8BF0120704700BF0020704791ED010A89
:1049D000B0EEC01A9FED350AB4EE401AF1EE10FAAF
:1049E00055DC91ED021AB0EEC11AB4EE401AF1EEA8
:1049F00010FA4CDC91ED031AB0EEC11AB4EE401A75
:104A0000F1EE10FA43DC91ED041AB0EEC11AB4EEE7
:104A1000401AF1EE10FA3ADC91ED051AB0EEC11A27
:104A2000B4EE401AF1EE10FAD8BF0120704700BF73
:104A300091ED010AB0EEC01A9FED1C0AB4EE401AC7
:104A4000F1EE10FA23DC91ED021AB0EEC12AB4EEB9
:104A5000402AF1EE10FAC8BF704791ED032A0021F9
:104A6000B0EEC23A0022B4EE403AF1EE10FAB5EEE2
:104A7000401AD8BF0121F1EE10FAA8BF0122B5EE0D
:104A8000402AF1EE10FAA8BF0120114008407047FB
:104A900091ED010A9FED051AB0EEC00AB4EE410A8D
:104AA000F1EE10FAD8BF0120704700BFFFFF7F7FF3
:104AB00040F21800C2F2004090F84810D1B190EDD9
:104AC000111A9FED162A31EE021AB0EE002A90ED6F
:104AD000103AB7EE004A30EE430A31EE022A81EE78
:104AE000022AA2EE003A34EE420A21EE002AB0EE8B
:104AF000430A04E0B7EE002A012180F84810B2EE24
:104B0000041A80ED100A80ED112A20EE013AB8FE59
:104B1000433A83EE011AB0EE410A7047CDCCCC3D4A
:104B200058B1A1F2092C1CF1080F06D3002A1CBFB2
:104B300090F82FC05FEACC7C00D1704700EB810079
:104B40004FF60001CFF6FF714058002808BF7047AC
:104B500010B5B2F800C090F8401001299CFA8CFC06
:104B60004FEA1C4C12D1418CACEB010E74461EF581
:104B7000805FB8BF04F50054BEF5805FC8BFAEF5D6
:104B80000054416A2144416205E000BF00214162B6
:104B9000012180F84010A0F822C0518809BA090C00
:104BA0000185918890F92120C36309BA090C51430A
:104BB0004185BDE810407047002808BF70472DE9C7
:104BC000F04782B0002A92461EBF044690F8C50204
:104BD0005FEAC07004D102B0BDE8F047704700BF83
:104BE00094F8C4020028F6D09846894604F12C05B2
:104BF000002700BF284608234946524650F8286936
:104C0000CDF80080EEF7C4FD30B994F8C402013746
:104C100058358742EED3DEE715F8060C15F8051C6B
:104C2000421EB2FA82F200294FEA521285F82A2077
:104C30001CBF03226A7695F82B20012ACBD12A6863
:104C4000B242C8D00029C6D1296A8A4218BF0128B9
:104C5000C1D015ED050A9FED081AB0EEC00AB4EEFA
:104C6000410AF1EE10FAB6DC4FF48070A5F82B0083
:104C700002B0BDE8F0477047CDCC4C3D00000000CD
:104C8000002818BF002A01D1704700BFB0B590F8C6
:104C9000E4431CB3C1F3072CA4F1010E90F850407B
:104CA00064451FD0BEF1000F18D090F8CC40644589
:104CB0001AD0BEF1010F11D090F84841644517D0C9
:104CC000BEF1020F0AD090F8C441644514D0AEF191
:104CD000040E00F5F8701EF10104DFD1BDE8B0400C
:104CE000704700BF041D09E000F1800406E000BF2A
:104CF00000F1FC0402E000BF00F5BC742046256A08
:104D0000FBF736F8206AA842E8D0207F8006E5D578
:104D100060690028E2D0002084F87800012084F83F
:104D20006D00BDE8B0407047AEB04EF61457012597
:104D3000CEF200070095F1F727FF6C4648F21F708E
:104D4000029040F201100390204600260196F1F7F0
:104D5000EBFE0420F1F728FF3868800311D4BFF37D
:104D60004F8FBFF36F8FC7F83C62BFF34F8FBFF316
:104D70006F8F386840F400303860BFF34F8FBFF357
:104D80006F8FF1F749FEFCF763F904F128009021D9
:104D9000EBF779FC48F2020000900220029010210B
:104DA0000196CDE90310CDE90500C0200996CDE9B3
:104DB00007064FF000501B9020461D95F2F7D4F8DF
:104DC00010B172B6FEE700BFF6F70AFFF6F7ACFDCA
:104DD000F6F726FEF6F75CFEF6F792FEF7F75CF8BC
:104DE000F6F75AFFF6F798FFF7F716F8F6F7D4FF3D
:104DF000F7F792F84FF47A70F0F7F2FB00F078F8DA
:104E0000F6F7B6FE00F09CF8FEE700000000000098
:104E1000EFF3058100291CBF6FF00500704710B546
:104E2000044602F065FB01462046012904D108B181
:104E300001F0CEFC002010BDEFF3108119B9EFF3A3
:104E400011810029F3D06FF0050010BD00000000B3
:104E5000EFF3058100291CBF6FF00500704710B506
:104E600082B0044602F044FB012815D102F050FB49
:104E70000146844201906FF003000AD0611A08D401
:104E800001A802F0C5FA01460020002908BF4FF032
:104E9000FF3002B010BD00BFEFF3108020B16FF003
:104EA000050002B010BD00BFEFF311800028DDD077
:104EB0006FF0050002B010BDEFF3058010B102F0F5
:104EC0002FBB00BF80B502F013FB0128BDE8804076
:104ED00002D102F01DBB00BFEFF310800028EED11D
:104EE000EFF311800028EAD1F3E700000000000092
:104EF000EFF3058000281CBF6FF00500704780B5F8
:104F000002F0F6FA012811D102F0F2FA01284FF06E
:104F1000FF3009D140F23041C2F200410A68002A54
:104F200002BF01200860002080BD00BFEFF31080A9
:104F300018B9EFF311800028E6D06FF0050080BDAE
:104F4000EFF3058000281CBF6FF00500704780B5A7
:104F500002F0CEFA012819D102F0CAFA01284FF066
:104F6000FF3012D140F23041C2F200410A68012AFA
:104F700018BF80BD4EF61F500022CEF20000027016
:104F80000220086001F0A8FD002080BDEFF3108032
:104F900018B9EFF311800028DED06FF0050080BD56
:104FA000002001F061FC00BFFEE7000000000000EF
:104FB0002DE9F04385B000240494EFF305831BB181
:104FC000204605B0BDE8F083154604460E4602F0C3
:104FD0008FFA012808D12046B446BCB900242046E7
:104FE00005B0BDE8F08300BFEFF3108020B10024CE
:104FF000204605B0BDE8F0832046002C4FF00004A9
:10500000EFF31181DCD00029B446D9D14FF0000470
:1050100035B3AB69002B08BF1823382BD0D82979BA
:10502000C907CDD16F69BA08002FD5E90289964624
:1050300008BF4FF4807EB8F1000F296824D0B9F181
:105040005C0FBDD32E69002E18BF002FB8D08DE89D
:105050004801634602F090F905B0BDE8F08300BF57
:105060004FF4807E182300211FFA8EF204AFCDE9A1
:105070000037334602F050F90499012808BF0C4666
:10508000204605B0BDE8F083B9F1000F98D12A6938
:10509000002A95D1E8E700002DE9F04381B00446ED
:1050A00001F0AEF940F2E00642F26008C2F20046BA
:1050B000C2F2004842F26405B068C2F20045013015
:1050C000B060D8F8000068B1F068002840F00A81AC
:1050D000D8F80000E16AC06A884298BFC8F800406A
:1050E00000E100BFC8F80040B068012840F0FA8035
:1050F000284601F025F905F1140001F021F905F128
:10510000280001F01DF905F13C0001F019F905F145
:10511000500001F015F905F1640001F011F905F1F5
:10512000780001F00DF905F18C0001F009F905F1A5
:10513000A00001F005F905F1B40001F001F905F155
:10514000C80001F0FDF805F1DC0001F0F9F805F107
:10515000F00001F0F5F805F5827001F0F1F805F5C1
:105160008C7001F0EDF805F5967001F0E9F805F5A1
:10517000A07001F0E5F805F5AA7001F0E1F805F579
:10518000B47001F0DDF805F5BE7001F0D9F805F551
:10519000C87001F0D5F805F5D27001F0D1F805F529
:1051A000DC7001F0CDF805F5E67001F0C9F805F501
:1051B000F07001F0C5F805F5FA7001F0C1F805F5D9
:1051C000027001F0BDF805F5077001F0B9F805F5BA
:1051D0000C7001F0B5F805F5117001F0B1F805F5A6
:1051E000167001F0ADF805F51B7001F0A9F805F592
:1051F000207001F0A5F805F5257001F0A1F805F57E
:105200002A7001F09DF805F52F7001F099F805F569
:10521000347001F095F805F5397001F091F805F555
:105220003E7001F08DF805F5437001F089F805F541
:10523000487001F085F805F54D7001F081F805F52D
:10524000527001F07DF805F5577001F079F805F519
:105250005C7001F075F805F5617001F071F805F505
:10526000667001F06DF805F56B7001F069F805F5F1
:10527000707001F065F805F5757001F061F805F5DD
:105280007A7001F05DF805F57F7001F059F805F5C9
:10529000826001F055F805F2244001F051F805F55F
:1052A000876001F04DF805F24C4001F049F840F2FA
:1052B0000449C2F20049484601F042F809F11407D6
:1052C000384601F03DF806F14C0001F039F806F1DE
:1052D000380001F035F806F1600001F031F8C6F849
:1052E0001890F7613068271D316A421CE06A32600D
:1052F0008842626488BF306200EB800005EB800169
:1053000061614A68A2609368E36097605F6055F8E6
:105310002010013145F8201001F09AF8F06880B1B2
:10532000D8F80000E16AC06A88420AD24EF60450FA
:105330004FF08051CEF200000160BFF34F8FBFF3FA
:105340006F8F01B0BDE8F08340F2E00542F26406E1
:105350004EF60458C2F20045C2F20046CEF20008F2
:105360004FF0805703E000BF204601F089F86868DD
:10537000D0B101F045F8686CC468201D00F0A4FFAE
:10538000A8680138A86068680138686001F060F8B2
:1053900094F859000228EAD00128E5D070B9206BB2
:1053A00001F06EF8E0E700BF30680228DFD3C8F8EC
:1053B0000070BFF34F8FBFF36F8FD8E74FF05000EF
:1053C00080F31188BFF36F8FBFF34F8FFEE70000AC
:1053D0002DE9F04381B00A9C16460F468146206BAA
:1053E0009100A5229846089DEBF723F9002F206B2A
:1053F00041D0397884F83410D1B3797884F83510F5
:10540000B1B3B97884F8361091B3F97884F83710CD
:1054100071B3397984F8381051B3797984F8391037
:1054200031B3B97984F83A1011B3F97984F83B10A3
:10543000F1B1397A84F83C10D1B1797A84F83D1011
:10544000B1B1B97A84F83E1091B1F97A84F83F107D
:1054500071B1397B84F8401051B1797B84F84110E7
:1054600031B1B97B84F8421011B1F97B84F8431053
:10547000002184F84310382D0AD34FF0500080F3F8
:105480001188BFF36F8FBFF34F8F00BFFEE700BFE0
:1054900000EB8600099F0438E56220F00706201D16
:1054A000E56400F059FF04F1180000F055FFC5F164
:1054B0003800A0613046494642462461646200F0EB
:1054C000FFFA002F206018BF3C6001B0BDE8F083F8
:1054D00008480068006880F308884FF0000080F3F7
:1054E000148862B661B6BFF34F8FBFF36F8F00DFD2
:1054F00000BF000008ED00E081B00020009040F205
:105500001400C2F2004000684FF0500181F311888E
:10551000BFF36F8FBFF34F8F013003D0FEE700BFA3
:10552000009838B9009828B90098002804BF00985E
:105530000028F5D001B0704784B040F25419E84615
:10554000C2F20049D9F8080006681EB1C068D0F858
:1055500000A001E04FF0000A01F042FB01F0D8FF8B
:10556000D9F81010834688421FD3002EC9F810B016
:1055700060D0DA455ED802F013F9D9F80800C068A7
:10558000C668371D384600F09FFE96F82800410790
:1055900038D400F0FA0086F8280071E000F0FA0034
:1055A00086F82800316A30468847D9F80800016833
:1055B000B1B3C068C6680568371D384600F084FE80
:1055C00096F828004107E9D5B0694419746040197C
:1055D000366108D2316A30468847B06921180444E0
:1055E00074603661F6D3D9F80C00394600F0B8FE85
:1055F000D8E700BFABEB0A0181423BD3316A3046AA
:105600008847A246B069366100EB0A0474605C45C5
:10561000F0D9D34509F108002ED25445EED22BE043
:10562000D9F80C10C9F810B0C9E9021002F0B8F8A6
:1056300030E000BF16B1002206E000BFD9F80C0030
:105640000068B0FA80F04209D9F80000AAEB0B011B
:1056500001F08AF802F0A4F8E0B94EF604504FF0D9
:105660008051CEF200000160BFF34F8FBFF36F8F08
:1056700010E000BF09F10C000068394600F070FE30
:10568000316A3046884705E009F10C063068394632
:1056900000F066FED9F800000022414601F0CCFC83
:1056A00000283FF44FAF0098B0F1FF3F06DCDDE982
:1056B00001200399904700980028EBD4DDF808B04A
:1056C000DBF8140018B10BF1040000F0FDFD01F04F
:1056D0001FFFD9F810108246884208D330E000BF7F
:1056E00000F0FA0087F82800396A38468847D9F868
:1056F0000800016801B3C068C76805683C1D204602
:1057000000F0E2FD97F828004107E9D5B86946198D
:105710007E6040193F6108D2396A38468847B869C7
:10572000311806447E603F61F6D3D9F80C0021465B
:1057300000F016FED8E700BFD9F80C10C9E9021036
:105740000098C9F810A001380828A3D8DFE800F0B5
:105750000606482C6E0606482C0000BF9BF8281051
:10576000019ADBF818005F4641F001038BF82830FE
:10577000831847F8043F5345CBF810B008D9924539
:1057800009F10806BFF482AF934206D27EE700BF5C
:10579000AAEB02028242FFF477AF4A0728D401F055
:1057A000FA008BF828004FE09BF8280040F0010138
:1057B000019800288BF82810CBF818004AD05044E4
:1057C00009F10C025946504588BF09F1080241F819
:1057D000040FCBF810B0106800F0C2FD5AE700BF0C
:1057E0009BF8280000F0FE008BF8280052E700BF6D
:1057F000019901440BE000BFAAEB010181421DD3D6
:10580000DBF8201058468847DBF8180021460C18B2
:10581000CBF804405445CBF810B0EDD98A4509F1D6
:1058200008000DD28C42EBD20AE000BF9BF82800A2
:105830008107D7D4584600F023FE2BE709F10C006E
:105840000068394600F08CFDDBF820105846884788
:1058500020E700BF4FF0500080F31188BFF36F8F37
:10586000BFF34F8FFEE70000F0B581B0044600F0B3
:10587000C7FD94F94560012E10DB04F1240503E017
:10588000F0B2013E012809D9286838B1284601F054
:1058900013FF0028F4D001F06BF8F1E7FF2684F83D
:1058A000456000F0D5FD00F0ABFD94F94470012F88
:1058B00010DB04F1100503E0F8B2013F012809D91B
:1058C000286838B1284601F0F7FE0028F4D001F02E
:1058D0004FF8F1E784F8446001B0BDE8F04000F013
:1058E000B7BD00000000000070B5044601F078F973
:1058F00040F29010C2F2004003680BBB43F2E41187
:10590000C2F20041CA1D11F0070322F00702A1EB09
:10591000020303F5803304BF0A464FF480330021AD
:10592000134423F00703A3F108060660C0E905212C
:1059300043E90211B11A516003681360C0E9011113
:1059400004F10802092A11D201F02AFF00F0F0FC4C
:105950000020410708BF70BD4FF0500080F3118850
:10596000BFF36F8FBFF34F8FFEE700BF14F0070147
:1059700006D009398A42E7D824F0070101F1100264
:10598000012AE1DB41688A42DED886465EF814CF00
:10599000DCF80440944230D2DCF80010E1B16546F6
:1059A0004C6894421CD20E68D6B1746894421BD2E3
:1059B000D6F800E0BEF1000F16D0DEF804409442A5
:1059C00016D2DEF800509DB16C68944214D229685A
:1059D000AC460029E4D110E000F1140E0DE000BF48
:1059E0008C46AE4609E000BFB4468E4605E000BFD7
:1059F000F446B64601E000BFAC469C45A4D0A11ACF
:105A0000DEF800301129DCF80040CEF800403ED32B
:105A10000CEB0204660709D04FF0500080F31188A8
:105A2000BFF36F8FBFF34F8FFEE700BF00F1140687
:105A30006160CCF804203168A1420BD20E68A64206
:105A40000CD23168A14205D20E680A46A642F2D3B2
:105A500005E000BF32460E4601E000BF0A4651682D
:105A60005518A542656802D10D4414465560611968
:105A7000B14201D0314606E001688E4203D0D6E93A
:105A800000162E446660A242216018BF1460DCF844
:105A9000041003F10804D0E90126521A4260B24210
:105AA00041F0004138BF82600022CCE90021C1688A
:105AB0000131C16001F074FE20464AE70000000099
:105AC00045F2F94321F0010140F8081C4FF08071C4
:105AD00040F8041CA0F14401C0F6010340F80C3C5E
:105AE0006FF0020340E909320846704700000000E9
:105AF00070B52DED028B96B040F2B4160446C2F29A
:105B00000046316A401A00F13882B078082800F265
:105B10008981DFE800F0059B195F0BA1AF65E50007
:105B2000F0790228C0F0AE810120A4E1F0790228CA
:105B3000C0F07E8100200521C6E90A00C6E90E00FA
:105B4000C6E9120094E000BF42F2C4400BABC2F2BF
:105B5000004027212246F9F7A3FA002800F00D8221
:105B600042F2C4406B46C2F2004028212246F9F7B7
:105B700097FA002800F001829DF85400002804BF25
:105B80009DF828005FEAC07040F0F78140F21450A1
:105B90000BABC2F2004005212246ECF729FF00289A
:105BA00000F0EB8140F214506B46C2F20040072136
:105BB0002246ECF71DFF002800F0DF819DF8480029
:105BC000002804BF9DF81C005FEAC07040F0D5813A
:105BD000032050E1F0790228C0F03C8104204AE122
:105BE000F079012800F2468148F2D82C4FEA401E95
:105BF000C0F6010C00280CEB401206F12C00D2E993
:105C0000025113690C9151690B9595690D930E9191
:105C100008BF06F12800D1690BAACDE90F511CF885
:105C20000E5000680C9042F2C440C2F20040294677
:105C3000F9F792FD002840F0A58142F2C44001220C
:105C4000C2F200402946F9F7CFF90FE1F0790228B6
:105C5000C0F02C8102200EE1F0790228C0F03C81D6
:105C600000200621C6E90C00C6E91000C6E91400B0
:105C7000B17002E1F079012800F24881C0EBC00167
:105C800048F2AC1CC0F6010C00280CEB810306F1B5
:105C90003400D3E902E21D690C925A690D950E9207
:105CA00008BF06F130009A690F92CDF82CE03CF85D
:105CB000215000680B9040F214500BAAC2F2004031
:105CC0002946EDF71DFA002840F05C8140F214509F
:105CD0000122C2F200402946ECF70EFEC6E000BFEA
:105CE00042F2C4400BABC2F2004027212246F9F732
:105CF000D7F9002800F0418142F2C4406B46C2F25D
:105D0000004028212246F9F7CBF9002800F0358120
:105D10009DF85200012840F030819DF826000128AE
:105D200040F02B819DF85400012840F026819DF819
:105D30002800012840F021819DF84400C00700F0B0
:105D40001C819DF81800C00700F017810F980028EB
:105D500004BF0498002840F010819DED0B0AB0EEBE
:105D6000088AB0EEC00AB4EE480AF1EE10FA00F369
:105D700004819DED000AB0EEC00AB4EE480AF1EECF
:105D800010FA00F3FA8040F214500BABC2F200405C
:105D900005212246ECF72CFE002800F0EE8040F2B0
:105DA00014506B46C2F2004007212246ECF720FE59
:105DB000002800F0E2809DF84600012840F0DD80D8
:105DC0009DF81A00012840F0D8809DF8480001286D
:105DD00040F0D3809DF81C00012804BF9DF83B00D3
:105DE000002840F0CA809DF80F00002840F0C580D0
:105DF0009DED0B0AB0EEC00AB4EE480AF1EE10FABF
:105E000000F3BB809DED000AB0EEC00AB4EE480A74
:105E1000F1EE10FA00F3B180002016B0BDEC028B59
:105E200070BD00BF012016B0BDEC028B70BD00BF7D
:105E300048F2D8214001C0F60101327A095C42F2F1
:105E4000C440C2F20040002A00F08C80F9F7D0F97B
:105E500052E000BF48F2D8214001C0F60101095CC0
:105E600042F2C440C2F20040F9F776F8002840F050
:105E700089802DE00820B0700020A6F8070004F10A
:105E8000140085E048F2D8214001C0F6010100224B
:105E90000025095C42F2C440C2F20040F9F7A4F8C0
:105EA000B0B101203070357270E000BF48F2AC1123
:105EB000C0EBC000C0F601010022002531F820101F
:105EC00040F21450C2F20040ECF716FD0028E8D171
:105ED000F0790130F071D2E748F2AC11C0EBC000AC
:105EE000C0F60101327A31F8201040F21450C2F2AB
:105EF0000040DAB3ECF714FE02283ED0002841D16E
:105F0000F0790130F07100203072B8E740F214509F
:105F10000BABC2F2004005212246ECF769FD60B3ED
:105F200040F214506B46C2F2004007212246ECF7C3
:105F30005FFD10B39DF8460001281ED19DF81A00A0
:105F400001281AD19DF84800012816D19DF81C009F
:105F5000012812D19DF83B0078B99DF80F0060B977
:105F6000072088E7F9F748FC02E000BFEDF784F965
:105F7000022802D030B901203072022016B0BDECE8
:105F8000028B70BD012030700020307204F164007B
:105F90003062022016B0BDEC028B70BD0000000024
:105FA00010B58CB036A040F2B414031D34490691EC
:105FB000C2F200440ECB07910169CDE9093136A147
:105FC000089240690B9034480190D1E90102029097
:105FD000C86809690392CDE90401A06A0790E068E6
:105FE000099042F2C44006AAC2F200402721F9F704
:105FF000B3FB28BB48F2D820C0F60100D0E90E124E
:10600000836A0693006B0890CDE90A12E06A079054
:10601000E068099042F2C44006AAC2F2004028217A
:10602000F9F79AFB60B9206B01902069039040F268
:10603000145001AAC2F200400521EDF761F818B131
:1060400001200CB010BD00BF48F2AC10C0F601003A
:10605000D0E90C12806A0290CDE90412606B0190C5
:106060002069039040F2145001AAC2F200400721B7
:10607000EDF746F8002818BF01200CB010BD00BF96
:106080000000000000000000000000000000000010
:106090000000A0420000004000000000CDCC4C3EBB
:1060A0000000000000008C420000A03F0000000043
:1060B00040F238220023C2F20042C2E907014FF049
:1060C0007E50106140F218009362C2F20040938546
:1060D000A2F801300121C2E90233C2E90C33936313
:1060E000A2F85E30C0E905330177C0E90D3380F8CE
:1060F0003C100365A0F8543080F84C30C0E91033F0
:1061000083640520C2E91533A2F85C3082F862305E
:106110001075032082F83C0070470000000000006A
:1061200010B541F22034C2F20044206890B3D0F898
:10613000801079B301680022A4F820230F220A629C
:106140008A6942F008028A61211D4FF48072F2F7D9
:10615000F3FA002818BF10BD206840F20F41C4F2C6
:106160000201D0F88000006888426FF0080113DC5B
:106170006F22C4F20202904224DC3F22C4F20202E7
:1061800090423BDC1022C4F2020290425ED02822F0
:1061900056E000BF012010BD40F26F42C4F202027F
:1061A00090421BDC40F23F42C4F2020290422DDCDE
:1061B00040F21042C4F20202904247D040F228421C
:1061C0003EE000BF9F22C4F20202904228DC70220F
:1061D000C4F20202904239D0882231E040F29F425C
:1061E000C4F20202904223DC40F27042C4F2020286
:1061F00090422BD040F2884222E000BF4022C4F2FD
:106200000202904222D058221AE000BF40F24042DF
:10621000C4F20202904219D040F2584210E000BF8E
:10622000A022C4F20202904210D0B82208E000BFBF
:1062300040F2A042C4F20202904207D040F2B842BB
:10624000C4F20202904218BF6FF0040102681140CC
:106250000160002010BD000040F2B410C2F2004006
:10626000C178012918BF7047F0B581B042F2C4442B
:106270000021C2F20044A0F80510C0E90311204635
:10628000F9F712FB40F21455C2F200452846EDF72B
:106290006BF840F23446C2F200463046EBF7D0F9D4
:1062A000F0F7A2FB074620463946F9F771F9284670
:1062B0003946ECF749FE3046394601B0BDE8F040BA
:1062C000EBF75AB8000000000169D0E90132D1F8BB
:1062D00004C09A608445536008BF4A60002202618E
:1062E0000868013808600868704700000000000076
:1062F00043F2E853C2F20143036043F2E810C2F2F2
:10630000014008604FF4807010607047000000008A
:1063100043F64463C2F20143036043F24460C2F2B5
:10632000014008604FF400701060704700000000EA
:1063300070470000000000007047000000000000EF
:1063400002464FF0FF3142F8081F00214260C0E9C9
:1063500003220160704700000021016170470000C6
:1063600010B5D1F800C01CF1010213D000F10804EF
:1063700062681368634511D853681C68644511D876
:106380005A68146864450FD85468A6462368634564
:10639000EED90BE00269D2F804E007E09646224607
:1063A00004E000BF9E4601E096461A46C1F804E0AC
:1063B000CEF808108A6051600861016801310160FF
:1063C00010BD000000000000D0F800C043684B6022
:1063D0009A688A609960516008610CF1010101605E
:1063E0007047000000000000DFF80C00016841F475
:1063F000700101607047000088ED00E000000000BF
:106400004FF0500080F31188BFF36F8FBFF34F8FB1
:1064100040F21400C2F200400168002901F10101BC
:10642000016001D0704700BF4EF60450CEF200006C
:106430000068000608BF70474FF0500080F31188D5
:10644000BFF36F8FBFF34F8FFEE700000000000027
:1064500040F21400C2F20040016839B10139016014
:1064600018BF7047002080F3118870474FF050002C
:1064700080F31188BFF36F8FBFF34F8FFEE70000EB
:10648000B0B5002808BFB0BD50F8041C002909D4DD
:106490004FF0500080F31188BFF36F8FBFF34F8F21
:1064A000FEE700BFA0F1080422684AB14FF0500097
:1064B00080F31188BFF36F8FBFF34F8FFEE700BFEC
:1064C00021F0004140F8041C054600F089FB40F231
:1064D000901C55F8041CC2F2004C0CF11402DCF8BC
:1064E00004000844CCF804001068A0420AD20268F4
:1064F000A24213D21068A04204D202680346A2420C
:10650000F2D301E01346024658681D18A5420AD08E
:10651000601890420DD0104613E000BF0346586843
:106520001D18A542F4D101441C46596060189042E0
:10653000F1D1DCF80000824203D0D2E9000211441C
:106540006160A342206018BF1C60DCF810000130BD
:10655000CCF81000BDE8B04001F022B90000000006
:106560004EF210000021CEF2000044F6D352C1F2E8
:1065700062020160816040F20801C2F200410968D4
:10658000A1FB02124FF0FF3101EB92114160072194
:10659000016070470000000040F2AC10EFF305818D
:1065A0001029C2F2004011D34EF2F032CEF20002B6
:1065B000895C0278914209D24FF0500080F3118833
:1065C000BFF36F8FBFF34F8FFEE700BF4EF60C5146
:1065D000CEF200010968406801F4E061814298BF91
:1065E00070474FF0500080F31188BFF36F8FBFF3F7
:1065F0004F8F00BFFEE7000000286BD0002908BFC6
:106600007047B0B543F6A062C2F2014253689842A7
:106610006AD0D36898426DD05369984272D0D369DA
:10662000984277D0536A984200F07C80D36A9842AF
:1066300000F08080536B984200F08480D36B9842C6
:1066400000F0888015464FF0000CD2F800E055F8B5
:10665000084F002C144618BF6546BEF1000F08BF56
:10666000154654F8103F002B134618BF6446002D02
:1066700018BF2C4653F8185F002D154618BF634607
:10668000002C18BF234655F8204F002C144618BF85
:106690006546002B18BF1D4654F8283F002B1346B3
:1066A00018BF6446002D18BF2C4653F8305F002DEC
:1066B00018BF6346002C18BF2346002B4CD152F85C
:1066C000383F002B134608BFC3E90010BDE8B040B7
:1066D000704700BF4FF0500080F31188BFF36F8FF9
:1066E000BFF34F8FFEE700BF1346C3E90010BDE8BC
:1066F000B040704702F10803C3E90010BDE8B040A4
:10670000704700BF02F11003C3E90010BDE8B040BC
:10671000704700BF02F11803C3E90010BDE8B040A4
:10672000704700BF02F12003C3E90010BDE8B0408C
:10673000704700BF02F12803C3E90010BDE8B04074
:10674000704700BF02F13003C3E90010BDE8B0405C
:10675000704700BF02F13803C3E90010BDE8B04044
:10676000704700000000000070B515460E46044654
:10677000FFF746FE94F84400FF280DD094F845003A
:10678000FF2810D0FFF764FEA06BA0B12046BDE843
:106790007040FFF769B800BF002084F8440094F807
:1067A0004500FF28EED1002084F84500FFF750FE99
:1067B000A06B0028EAD104F1240031462A4600F0FB
:1067C0002FF92046BDE87040FFF74EB800000000EA
:1067D000F0B581B0002839D040F2E004C2F20044A4
:1067E000216949B14FF0500080F31188BFF36F8FDA
:1067F000BFF34F8FFEE700BF216942F2600601310F
:106800002161C2F2004665690746316804310846D5
:10681000FFF75AFD3068ED19456009D3E06931682A
:106820000431FFF79DFD00F0BBFF68B90EE000BF2B
:10683000A06931680431FFF793FDE06A854238BFF3
:10684000E56200F0ADFF08B101B0F0BD4EF60450B6
:106850004FF08051CEF200000160BFF34F8FBFF3C5
:106860006F8F01B0F0BD0000F0B581B00446FFF7B6
:10687000C7FD42F26006002CC2F2004608BF346831
:10688000251D2846FFF720FDA06A18B104F1180065
:10689000FFF71AFD40F2E007C2F200473868013006
:1068A00038603068844209D0B8680138B860B86987
:1068B000006888B1B869C06800680FE007F1380067
:1068C0002946FFF781FD786801307860FFF7C0FD49
:1068D0003068844208D114E04FF0FF30F862FFF7CF
:1068E000B7FD306884420CD094F85900022808D0D3
:1068F000012803D0C0B9206BFFF7C2FD2046FFF787
:10690000BFFDF86810B13068844201D001B0F0BD1D
:10691000386998B14FF0500080F31188BFF36F8F42
:10692000BFF34F8FFEE700BF4FF0500080F3118898
:10693000BFF36F8FBFF34F8FFEE700BF4EF60450DB
:106940004FF08051CEF200000160BFF34F8FBFF3D4
:106950006F8F01B0F0BD000040F2E001C2F20041D3
:106960004A6B026049694160704700000000000006
:1069700040F2E0000121C2F2004041627047000095
:10698000F0B581B000B342F260060C46C2F2004698
:1069900031681831FFF7E4FC40F2E005C2F200452F
:1069A0006F6930680430FFF78FFC601C16D03068C8
:1069B000E419446026D3E8693168043101B0BDE8C8
:1069C000F040FFF7CDBC00BF4FF0500080F31188BE
:1069D000BFF36F8FBFF34F8FFEE700BF30683168A2
:1069E00032683368376855F8606F6C6884607D6121
:1069F000A068C860111D4160181DA060701C28604F
:106A000001B0F0BDA86931680431FFF7A9FCE86A5C
:106A1000844238BFEC6201B0F0BD0000000000000D
:106A20002DE9F041A0B342F260071546C2F20047DB
:106A30008846416840F2E0063A68C2F20046D161F9
:106A40008A683B681A623B68183353603A681832A8
:106A50008A60396888620168013101607469386848
:106A60000430FFF731FCEDB1386839683A683B68AB
:106A70003F6856F8605F746884607E61A068C86093
:106A8000111D4160181DA060681C3060BDE8F081D8
:106A90004FF0500080F31188BFF36F8FBFF34F8F1B
:106AA000FEE700BF386814EB0804446006D3F069C1
:106AB00039680431BDE8F041FFF752BCB06939686C
:106AC0000431FFF74DFCF06A844228BFBDE8F08135
:106AD000F462BDE8F081000070B588B0002005A91F
:106AE000CDE9050006A804AAFFF702FC059E002ECA
:106AF00048D0069C002C4FD0049D5C20079007983E
:106B00005C2853D107985C212046E9F79AFD26635B
:106B1000022084F8590007A800210023CDE90010C5
:106B200045F249302BA1C0F601002A460294FEF737
:106B30004FFC2046FEF7B0FA40F2E0040798C2F29C
:106B40000044A062B0B100F0CBFE411C38D0012857
:106B500010D14FF0500080F31188BFF36F8FBFF357
:106B60004F8F4FF0FF30E0620120E0600020606155
:106B700000F0FEF848F27830C0F60100006808B076
:106B800070BD00BF4FF0500080F31188BFF36F8FCE
:106B9000BFF34F8FFEE700BF4FF0500080F3118826
:106BA000BFF36F8FBFF34F8FFEE700BF4FF0500072
:106BB00080F31188BFF36F8FBFF34F8FFEE700BFE5
:106BC0004FF0500080F31188BFF36F8FBFF34F8FEA
:106BD000FEE700BF49444C450000000000000000F3
:106BE00040F2E000C2F200400169013101617047EA
:106BF00070B540F2E004C2F20044206910B10120F7
:106C0000606270BD42F260060020C2F2004660621F
:106C10003068006B0168B1F1A53F0BD14168B1F15B
:106C2000A53F07D18168B1F1A53F03D1C068B0F19C
:106C3000A53F04D0306831683431FFF77DFB206A0E
:106C400042F26401C2F2004100EB800251F82230AE
:106C500001EB820253B1516802F1080349685160A7
:106C600099421FD0C9683160206270BD283AF8B1DE
:106C700000EB8003556901EB83031DBB012817D08E
:106C800015681DBB022813D052F8145C15BB0328ED
:106C90000ED052F8283C0438002BA2F15002E6D066
:106CA0002832D8E7D1685160C9683160206270BD70
:106CB0004FF0500080F31188BFF36F8FBFF34F8FF9
:106CC000FEE700BFA3F114020138C4E7A3F12802D4
:106CD0000238C0E7A3F13C020338BCE70000000023
:106CE00000283FD002460068E0B390F81032012B34
:106CF00038D192F94C300122002B31D4B0EEC01AB9
:106D00009FED192AB4EE421AF1EE10FA28DC80B594
:106D100084B090F80FE2002202920DF1040C8DF87D
:106D2000081010EE101A43EA0E2242F0905E702214
:106D30008DF809200CF104028DF80C100B0A8DF867
:106D40000D300B0C090E8DF80F107146CDF804E0D4
:106D50008DF80E30F8F70CFF024604B0BDE8804015
:106D60001046704701207047FFFF7F7F0000000042
:106D7000B0B584B04EF200404CF27021CEF200006B
:106D8000C4F20F114B1CD0F800299A420AD14FF0DF
:106D9000500080F31188BFF36F8FBFF34F8F00BF98
:106DA000FEE700BFD0F800298A4209D14FF0500019
:106DB00080F31188BFF36F8FBFF34F8FFEE700BFE3
:106DC0000021019101788DF80B10FF2101700178ED
:106DD0008DF803109DF8031011F0500240F2AC1131
:106DE000C2F200410A700BD09DF8032002F050025D
:106DF000502A0FD19DF90320B2F1FF3F48DC1FE07C
:106E00004FF0500080F31188BFF36F8FBFF34F8FA7
:106E1000FEE700BF4FF0500080F31188BFF36F8F83
:106E2000BFF34F8FFEE700BF019A013201929DF838
:106E3000032052008DF803209DF90320002A27D556
:106E4000019A013201929DF8032052008DF803202F
:106E50009DF90320B2F1FF3F1ADC019A0132019241
:106E60009DF8032052008DF803209DF90320B2F114
:106E7000FF3FDFBF019A013201929DF80320DFBF7F
:106E800052008DF803209DF90320B2F1FF3FCBDDC6
:106E9000019A0024082A4FF0000206D0019A4FF40C
:106EA000E063A3EB022202F4E0624A609DF80B105B
:106EB0000170D0F8201941F47F01C0F82019D0F8F2
:106EC000201941F07F41C0F82019FFF749FB40F23B
:106ED0001405C2F200452C60FFF786FA4EF63470B6
:106EE000CEF20000016841F040410160FEF7F0FA87
:106EF000FFF77EFE039428684FF0500181F311885C
:106F0000BFF36F8FBFF34F8F013003D0FEE700BF99
:106F1000039838B9039828B90398002804BF039848
:106F20000028F5D0002004B0B0BD00000000000033
:106F300080B54FF0500080F31188BFF36F8FBFF31F
:106F40004F8F00F0F9FA30B14EF604504FF08051F7
:106F5000CEF200000160002080F3118880BD0000A7
:106F600070B582B073B118B101B90AB9A1B19AB9BB
:106F70004FF0500080F31188BFF36F8FBFF34F8F36
:106F8000FEE700BF4FF0500080F31188BFF36F8F12
:106F9000BFF34F8FFEE700BF50250195019D502D97
:106FA00018D1019DA0FB01454FF0010C002983F889
:106FB00046C008BF1A461A60C3E90F01A5B14FF0D9
:106FC000500080F31188BFF36F8FBFF34F8F00BF66
:106FD000FEE700BF4FF0500080F31188BFF36F8FC2
:106FE000BFF34F8FFEE700BF069E1C46FFF708FA6F
:106FF000D4E90F012268002501FB0023013800FBC2
:107000000120A5636260C4E90230FF2084F84400D7
:1070100084F8450004F11000FFF792F904F1240010
:10702000FFF78EF9FFF714FA84F84C60204602B09F
:1070300070BD0000000000002DE9F04F83B0029207
:1070400090B104461546002948D00E4600F050FA8B
:10705000A0B99DB14FF0500080F31188BFF36F8F3E
:10706000BFF34F8FFEE700BF4FF0500080F3118851
:10707000BFF36F8FBFF34F8FFEE700BFFFF7C0F97D
:10708000D4F838A0BAF1000F36D0226C52B1D4E94E
:107090000231114430469942E16001D32168E16038
:1070A000E9F750FAAAF10100A06354F8100F70B18B
:1070B000204600F001FB50B14EF604504FF08051D5
:1070C000CEF200000160BFF34F8FBFF36F8F01243A
:1070D000FFF7BEF9204603B0BDE8F08F206C002812
:1070E000B3D04FF0500080F31188BFF36F8FBFF320
:1070F0004F8F00BFFEE700BF0298002800F0B48069
:107100006846FFF729FCFFF7A3F9FFF769FDFFF7D2
:1071100077F994F84400FF2802D1002084F8440055
:1071200094F8450004F12408FF2802D1002084F8D7
:107130004500FFF78DF9684602A900F09DF878B187
:107140002046FEF791FB00F02BFBFFF759F9A56BEA
:10715000FFF77EF92DBB0024204603B0BDE8F08F79
:10716000FFF74EF9A56BFFF773F92DB12046FEF737
:107170007BFB00F015FB14E002994046FFF700FC92
:107180002046FEF771FB00F00BFB50B94EF60450A1
:107190004FF08051CEF200000160BFF34F8FBFF37C
:1071A0006F8FFFF72DF9D4F838A0BAF1000F7FF4F4
:1071B0006CAF4FF00009EB4602AF13E02046FEF73C
:1071C00053FB00F0EDFAFFF71BF9A56BFFF740F951
:1071D000002DC0D0FFF714F9D4F838A0BAF1000F91
:1071E0007FF453AF029800283ED0FFF731F9FFF744
:1071F000F7FCFFF705F994F84400FF2808BF84F86E
:10720000449094F84500FF2808BF84F84590FFF7A4
:107210001FF95846394600F02FF80028CED1FFF765
:10722000EFF8A56BFFF714F935B12046FEF71CFB0C
:1072300000F0B6FACEE700BF02994046FFF7A0FB88
:107240002046FEF711FB00F0ABFA0028C2D14EF643
:1072500004504FF08051CEF200000160BFF34F8F19
:10726000BFF36F8FB6E700BF0024FFF7F1F82046A9
:1072700003B0BDE8F08F0000B0B548B30C4689B349
:107280000546FFF7BDF840F2E00CC2F2004CDCF816
:1072900014302268501C37D0AE46D5E90050DCF8D7
:1072A0003410A94201D0834226D2181A824223D92F
:1072B000101A2060DCF83400CEF80000DCF814006E
:1072C000CEF804000024FFF7C3F82046B0BD00BF8D
:1072D0004FF0500080F31188BFF36F8FBFF34F8FD3
:1072E000FEE700BF4FF0500080F31188BFF36F8FAF
:1072F000BFF34F8FFEE700BF002020600124FFF79F
:10730000A7F82046B0BD00BF0024FFF7A1F8204633
:10731000B0BD0000000000002DE9F04F83B007462B
:107320009000984615468946FEF7DEFAF8B1044605
:107330005C20FEF7D9FAB8B15C210646DDE90CBA4B
:10734000E9F77FF9384649462A4643463463CDE992
:1073500000BA0296FEF73CF83046FDF79DFE01208C
:1073600003B0BDE8F08F00BF2046FFF789F84FF06B
:10737000FF3003B0BDE8F08F2DE9F04786B00F9FD6
:1073800047B3109C84B35C260496049E5C2E35D1D2
:10739000049E88465C2106462046DDF838A09946C2
:1073A0001546E9F74EF92763022084F8590005A82D
:1073B000CDE90104304641462A464B46CDF800A0AF
:1073C000FEF706F82046FDF767FE059806B0BDE813
:1073D000F08700BF4FF0500080F31188BFF36F8F2C
:1073E000BFF34F8FFEE700BF4FF0500080F31188CE
:1073F000BFF36F8FBFF34F8FFEE700BF4FF050001A
:1074000080F31188BFF36F8FBFF34F8FFEE700004B
:10741000F0B581B080B1C9B140F2E005C2F20045DB
:107420002A69EAB14FF0500080F31188BFF36F8FE3
:10743000BFF34F8FFEE700BF4FF0500080F311887D
:10744000BFF36F8FBFF34F8FFEE700BF4FF05000C9
:1074500080F31188BFF36F8FBFF34F8FFEE700BF3C
:107460002A6901322A616A6903689A4219440160F3
:1074700006D299424FF0000426D2914206D823E06A
:10748000994203D3914201D800241DE042F26004E6
:107490006E69C2F200448F1A20680430FEF714FFB0
:1074A0002068F619466005D3E86921680431FEF7C3
:1074B00057FF08E0A86921680431FEF751FFE86A28
:1074C000864238BFEE62012400F06AF910B120460E
:1074D00001B0F0BD4EF604504FF08051CEF20000E6
:1074E0000160BFF34F8FBFF36F8F204601B0F0BD37
:1074F00040F2E000C2F20040C16829B10069B0FA70
:1075000080F04009400070470120704700000000F3
:1075100040F2E000C2F20040406970470000000005
:1075200080B5FFF739F840F2E000C2F20040406950
:1075300080BD0000000000002DE9F04740F2E00AA5
:10754000C2F2004ADAF8100040B1DAF83000013037
:10755000CAF830000020BDE8F08700BFDAF8140058
:1075600010F10109CAF8149028D3DAF8180000685D
:1075700050B14FF0500080F31188BFF36F8FBFF30D
:107580004F8F00BFFEE700BFDAF81800DAF81C30B2
:10759000CAF81830CAF81C00DAF834000130CAF80A
:1075A0003400DAF81800006820B1DAF81800C06872
:1075B000006801E04FF0FF30CAF82C00DAF82C0028
:1075C00042F2600C42F264088145C2F2004CC2F201
:1075D000004801D200205BE0DAF818004FF0000EFE
:1075E000006800284CD0002021E000BFE66ADAF8ED
:1075F00020108E4206EB860188BFCAF8206008EB97
:10760000810262615368A3609F68E7609D607D604E
:1076100058F82120013248F82120DCF80010C96A0E
:10762000DAF818208E4288BF0120116861B3DAF8B9
:107630001840E468E468254655F8046FB14525D341
:107640006669D4E9023772689F60AA427B6008BF0E
:1076500077603268013A3260A66A002EC6D0D4E95B
:10766000072704F118037168976099427A6008BF90
:107670007760C4F828E0316801393160B6E700BFAF
:107680004FF0FF36002001E04FF0FF36CAF82C60C3
:10769000DCF80010C96A01EB810158F821100129BA
:1076A00088BF0120DAF82410002918BF0120BDE8A6
:1076B000F087000000000000C068C06850B370B5DB
:1076C000816A00F1180ED0E90723D1F804C0936055
:1076D000F4455A604FF0000208BF4B60826240F2EE
:1076E000E00C0A68C2F2004C013A0A60DCF81010A3
:1076F000D1B1614651F84C2F81624B68C3610132B0
:107700009C680462C3F808E0C4F804E00A60C36A35
:1077100035E000BF4FF0500080F31188BFF36F8F4A
:10772000BFF34F8FFEE700BF436900F1040ED0E9BD
:1077300002215C68916074454A6042F2640208BFAD
:1077400059601968C2F2004201391960C36ADCF855
:1077500020108B4203EB830188BFCCF8203002EB72
:107760008104446165688560AE68C660C5F808E05C
:10777000C6F804E052F82100013042F8210042F23C
:107780006000C2F200400068C06A8342BDE87040F9
:1077900004D90120CCF82400704700BF00207047B6
:1077A0002DE9F04381B040F2E004C2F200442069C8
:1077B00070B1FEF725FE206901382061206988B18B
:1077C0000024FEF745FE204601B0BDE8F08300BF6F
:1077D0004FF0500080F31188BFF36F8FBFF34F8FCE
:1077E000FEE700BFA0680028EAD0E06C002854D073
:1077F00042F2640942F260084FF0000EC2F2004902
:10780000C2F200484FF0010CA06DC36803F11807E5
:10781000986AD3E907654268BA42B5606E6008BFEE
:107820004560C3F828E00268013A0260181D5D69EE
:10783000D3E902266F6887429660726008BF6E6067
:107840002A68013A2A60DD6A226A954205EB8502C0
:1078500088BF256209EB82065E6177689F60B96820
:10786000D960B860486059F82200013049F8220018
:10787000D8F80000C06A854288BFC4F824C0E06C14
:107880000028C1D1A069006820B1A069C068006863
:1078900002E000BF4FF0FF30E062256B4DB10126E2
:1078A000FFF74AFE002818BF6662013DF8D10020AC
:1078B0002063606A00283FF483AF4EF604504FF017
:1078C0008051CEF2000001240160BFF34F8FBFF35F
:1078D0006F8FFEF7BDFD204601B0BDE8F0830000CC
:1078E00070B586B0FEF78CFD40F25416C2F2004629
:1078F000306808BB06F114042046FEF721FD06F1AE
:1079000028052846FEF71CFD41F66D7242F2100371
:10791000C2F20042C2F200430A201021C6E9024529
:1079200000250095FFF71CFB306028B148F272314A
:10793000C0F60101FEF760FEFEF78AFD3068D8B19F
:10794000002004A9CDE9040005A803AAFEF7E0FC85
:10795000DDE9032002210023CDE9001045F2395072
:107960000AA1C0F60100059D0295FFF705FD7060B4
:1079700010B1012006B070BD4FF0500080F31188A7
:10798000BFF36F8FBFF34F8FFEE700BF546D7220C0
:10799000537663004100080218BF04200A0E18BF86
:1079A00040F001004FF07F4232EA010108BF40F091
:1079B0000200012808BF05207047000010EE101AD1
:1079C00008B5444A6846B2EB410F28D94FF0E6406B
:1079D000B0EB410F94BF00204FF0FF3000900098B3
:1079E000002861DB60EE000A10F0010F45D010F0B6
:1079F000020FDFED391A9FED391A00EEA11ADFED03
:107A0000381A40EE811A21EEA01AF0EE400A40EE3C
:107A1000010A08BFF1EE600AB0EE600A08BD314B02
:107A200021F0004293423CD911F0004FDFED2E0AC5
:107A300020EE201ADFED2D0A19BF31EE601A71EE2B
:107A4000200A31EE201A71EE600ABDEEE01A11EE46
:107A5000100A9FED271A00F0030000EEC10A9FED07
:107A6000251A009000EEC10A9FED231A00EEC10A0C
:107A70009FED221A00EEC10AB1E79FED211A9FED9A
:107A8000210A10F0020F00EE810A9FED1F1A00EE8E
:107A9000801AB7EE000A00EE810A18BFB1EE400A64
:107AA00008BD00F067F99AE710EE100A4000B0F147
:107AB0007F4F3CBFB7EE000A08BD07D14FF0010071
:107AC000E8F710FEBDE8084000F044B9BDE8084002
:107AD00000F03CB9B61F927E336D4CB9DA82083C97
:107AE000A0AA2ABE490E494683F9223F0000004B56
:107AF0000000C93F00A0FD390020A2331A61342CD8
:107B0000B93AB2BACA9F2A3DDDFFFFBE10B52DEDCE
:107B1000028BF0EE408A18EE900AB0EE608A20F0F8
:107B20000040C0F1FF40C00F07D118EE100A20F04E
:107B30000040C0F1FF40C00F2BD018EE101A18EE15
:107B4000900A00F015FA00EE100A10EE100A6FEA23
:107B5000D05010F0FF0F04BFBDEC028B10BD18EE2B
:107B6000900A00F0004110EE100A00F0004081423F
:107B700004BFBDEC028B10BD18EE101A10EE100AF7
:107B8000BDEC028B61F31E0000EE900A30EE600A3D
:107B900010BD18EE900A4FF07F41B1EB400F1CBFB3
:107BA00018EE100A5FEA4000C7D10120E8F79AFDFD
:107BB000BDEC028BBDE8104000F0CCB800B510EE73
:107BC000101A2DED028B81B0524A6846B2EB410F7C
:107BD0002ED94FF0E640B0EB410F94BF00204FF09C
:107BE000FF3000900098B0EE408A00286ADB10F069
:107BF000010F4BD068EE080A9FED471A9FED470A28
:107C000000EE810A9FED461A10F0020F00EE801A76
:107C1000B7EE000A00EE810A02BF01B0BDEC028B94
:107C200000BD00BF01B0B1EE400ABDEC028B00BD4B
:107C30003C4B21F00042934241D911F0004FDFED5F
:107C40003A0A20EE201ADFED390A19BF31EE601A28
:107C500071EE200A31EE201A71EE600ABDEEE01AD4
:107C600011EE100A9FED321A00F0030000EEC10A77
:107C70009FED301A009000EEC10A9FED2F1A00EE22
:107C8000C10A9FED2E1A00EEC10AABE728EE080AE2
:107C90009FED2B1ADFED2B0A10F0020F40EE010AC8
:107CA0009FED291A00EE201A61EE000AB0EE480A94
:107CB00008EE200AB6D101B0BDEC028B00BD00F089
:107CC00059F88FE718EE100A4000B0F17F4F0DD23F
:107CD00018EE100AFFF75EFE042808BF00F042F815
:107CE000B0EE480A01B0BDEC028B00BD09D1012005
:107CF000E8F7F8FC01B0BDEC028B5DF804EB00F096
:107D000029B801B0B0EE480ABDEC028B5DF804EB77
:107D100000F01CB8B61F927EB93AB2BACA9F2A3D8B
:107D2000DDFFFFBE490E494683F9223F0000004BAC
:107D30000000C93F00A0FD390020A2331A61342C95
:107D4000336D4CB9DA82083CA0AA2ABE30EE000A94
:107D500070470000DFED020A80EEA00A70470000C5
:107D6000000000009FED020A20EE000A70470000AC
:107D7000000000102DE9F0014FF07F42B2EB410FFF
:107D80009FBF4FF0FF310160BDE8F00170474FF039
:107D9000004242EA0123C1F3C752783A551112F06A
:107DA0001F0C434CCCF120067C44C1F3C752A2F116
:107DB00078024FEA621204EB820254F8254008BFB1
:107DC000D2E9015612D0556804FA0CF425FA06F7E8
:107DD0003C43976805FA0CF527FA06F8D26807FACB
:107DE0000CFCF24045EA08054CEA0206A4FB034CF1
:107DF000A5FB0352A6FB03631D449D4234BF01262D
:107E000000261319334416B1934202D903E093427A
:107E100001D2012200E00022624402F1200C92060D
:107E2000DC0C42EA443200EE102A5B03DFED210A4B
:107E3000F8EEC01A00EE103A4FEA9C1C11F0004F09
:107E4000B8EE400AC0F800C020EE201A00EE105A2A
:107E5000DFED190AB8EE400A20EE200A71EE810A21
:107E600070EE800A10EE902A02F500626FF30B02AA
:107E700000EE902A70EEE11A31EEC11ADFED101A11
:107E800030EE411A9FED0D0A20EE800A01EE210A24
:107E90009FED0C1A00EE810A04BFBDE8F0017047A7
:107EA000CCF180510160BDE8F001B1EE400A7047AD
:107EB000B8020000000000360000802C22AAFD2934
:107EC000DB0FC92F0000C92F0EF1020E2EF0030E9A
:107ED0005EF8044B244204D44FEA4102B2F17F4FD2
:107EE00011D84FEA4003B3F17F4F0CD80ED14FEABF
:107EF000D07C0CEB4C0C0CF1020CB2F17F4F08BFA4
:107F00004CEBD17C04E04FF0080C01E04FEAD17C4F
:107F10000CEB4C0324FA03F404F00704B4F1040C52
:107F200006D20EEB840CBDE810404CF0010C60470B
:107F3000DFE80CF0070802024FF00040A0F58000D7
:107F400010BD0846420018BFD2F1807288BF00F011
:107F5000004010BDF1EE100A4FF6FF71C0F2C031C3
:107F600020EA010040F04070E1EE100A7047000086
:107F70004FF07F4C3CEA410318BF3CEA400200F05E
:107F800062804FF47F0C0CEAD11310F0004F18BF41
:107F900043F005031CEAD01218BF13EA0C0F00F0DF
:107FA00057804FF0004C4CEA00204CEA0121A3F529
:107FB00080339A4210DD23F00203B0F1004F06D364
:107FC00043F00203401ABCBF404283F001034FEA72
:107FD0004000A2F58032ECE74FEA224CBCEB234F85
:107FE00008DB884206D31CD0A0EB4100C0F10000A2
:107FF00083F0010340001DD217D40DD0B0FA80FCED
:108000000CF1010C00FA0CF0A2EB0C42D2F1000CC6
:1080100012DB4FEAC37070474FEA437000F0004034
:10802000704713F0020FE5D0DEE74FEA4000B2F5EB
:108030008032EBDD002AE9DD4FEAC21242EA50202D
:1080400040EAC370704710B5FFF73EFFEDFFFF3EFB
:108050001CEAD11F02D000F0004070470048704772
:108060000000C07F000000006E83F9A22915444E75
:10807000D15727FCC0DD34F5999562DB4190433C34
:10808000AB6351FE00000000000000000000000093
:1080900000000000000000000100000002000000DD
:1080A00003000000040000000000000005000000C4
:1080B00000000000000000000000000006000000BA
:1080C00000000000000000000000000007000000A9
:1080D00000040810204001040810204000000000A7
:1080E000010203040102030406070809010002005B
:1080F0000400060008000A000C00100020004000E8
:10810000800000014D830108000000000000000015
:10811000000000000000000000100000200000002F
:1081200000000000000000005715000000000000E3
:10813000A00F0000000020412B15000000000000EF
:10814000A00F0000000020414315000000000000C7
:10815000A00F0000000020413B15000000000000BF
:10816000A00F00000000204144830108000000002F
:10817000000000000000000000000000000C0000F3
:1081800028000000000000000000000000010203C1
:1081900004050607080C10141820304001010103E3
:1081A0000701000008040204080101010500150090
:1081B0000501000000000000CDCC4C3E0000000096
:1081C00000008C420000A03F0700170007FF0000DE
:1081D00000000000CDCC4C3E0000000000008C42AE
:1081E0000000A03FFD0000003C83010804000000E7
:1081F000AA06010D0004AA03020D0004AA0A010D3B
:108200000004AA0D01050D05AA01130D0004AA0121
:10821000140D0004AA01150D0004AA01160D000496
:10822000AA01070D0004AA06000D000459830108E5
:10823000000000000000000000000000000000003E
:1082400000100000200000000000000000000000FE
:1082500001FF0000000000000000F04100000000ED
:108260000000804002010000000000000000F0411A
:10827000000000000000804001010000CDCCCC3F98
:108280000001000052B81E40010100006666264051
:1082900000FF0000EC51B83E01010000CDCC6C4065
:1082A000000100000000003F01010000CDCCCC3FE8
:1082B00000FF0000B81E053F010100006666264071
:1082C00000010000C3F5284001010000CDCC6C4046
:1082D00000FF000000002040270100000A0000000D
:1082E000000000000000000000000000000000008E
:1082F0000000A0420000004028FF00000A0000002B
:10830000000000000000000000000000000000006D
:108310000000A0420000004062830108000000004D
:108320000000000000000000000000000004000049
:1083300018000000000000000000000015001700F9
:1083400001020202636F6D6D5461736B00636861BB
:10835000737369735461736B006C696674546173F1
:108360006B007374617274757052656D696E6465CB
:108370007200546D7251000037000000A0830108A4
:108380000000002470000000300300081084010881
:10839000700000247050010050030008000000002D
:1083A00001000000100000000090D0030090D003F6
:1083B000FF010000AAAAAAAACDCCCC3E0000000072
:1083C00000000000000000410000484400000000E0
:1083D0000000000001000000CDCC4C3F0000000078
:1083E00000000000000040410000C8420000000002
:1083F000000000000100000000000000000000007C
:10840000000000000000000000000000000000006C
:04000005080002CD20
:00000001FF
