t_ms,true_x,true_y,yaw_deg,map_x,map_y,seg,auto_state,route_complete,front_cm,left_cm,out_vx,out_vy,map_lim,front_lim,left_lim,clearance
0,2.6260,0.3085,0.00,0.0000,0.0000,0,0,0,140,240,0,0,0,0,0,1000.000
10,2.6260,0.3085,0.00,0.0000,0.0000,0,0,0,140,240,0,0,0,0,0,1000.000
20,2.6260,0.3085,0.00,0.0000,0.0000,0,0,0,140,240,0,0,0,0,0,1000.000
30,2.6260,0.3085,0.00,0.0000,0.0000,0,0,0,140,240,0,0,0,0,0,1000.000
40,2.6260,0.3085,0.00,0.0000,0.0000,0,0,0,140,240,0,0,0,0,0,1000.000
50,2.6260,0.3085,0.00,0.0000,0.0000,0,0,0,140,240,0,0,0,0,0,1000.000
60,2.6260,0.3085,0.00,0.0000,0.0000,0,0,0,140,240,0,0,0,0,0,1000.000
70,2.6260,0.3085,0.00,0.0000,0.0000,0,0,0,140,240,0,0,0,0,0,1000.000
80,2.6260,0.3085,0.00,0.0000,0.0000,0,0,0,140,240,0,0,0,0,0,1000.000
90,2.6260,0.3085,0.00,0.0000,0.0000,0,0,0,140,240,0,0,0,0,0,1000.000
100,2.6260,0.3085,0.00,0.0000,0.0000,0,0,0,140,240,0,0,0,0,0,1000.000
110,2.6260,0.3085,0.00,0.0000,0.0000,0,0,0,140,240,0,0,0,0,0,1000.000
120,2.6260,0.3085,0.00,0.0000,0.0000,0,0,0,140,240,0,0,0,0,0,1000.000
130,2.6260,0.3085,0.00,0.0000,0.0000,0,0,0,140,240,0,0,0,0,0,1000.000
140,2.6260,0.3085,0.00,0.0000,0.0000,0,0,0,140,240,0,0,0,0,0,1000.000
150,2.6260,0.3085,0.00,0.0000,0.0000,0,0,0,140,240,0,0,0,0,0,1000.000
160,2.6260,0.3085,0.00,0.0000,0.0000,0,0,0,140,240,0,0,0,0,0,1000.000
170,2.6260,0.3085,0.00,0.0000,0.0000,0,0,0,140,240,0,0,0,0,0,1000.000
180,2.6260,0.3085,0.00,0.0000,0.0000,0,0,0,140,240,0,0,0,0,0,1000.000
190,2.6260,0.3085,0.00,0.0000,0.0000,0,0,0,140,240,0,0,0,0,0,1000.000
200,2.6260,0.3085,0.00,0.0000,0.0000,0,0,0,140,240,0,0,0,0,0,1000.000
210,2.6260,0.3085,0.00,0.0000,0.0000,0,0,0,140,240,0,0,0,0,0,1000.000
220,2.6260,0.3085,0.00,0.0000,0.0000,0,0,0,140,240,0,0,0,0,0,1000.000
230,2.6260,0.3085,0.00,0.0000,0.0000,0,0,0,140,240,0,0,0,0,0,1000.000
240,2.6260,0.3085,0.00,0.0000,0.0000,0,0,0,140,240,0,0,0,0,0,1000.000
250,2.6260,0.3085,0.00,0.0000,0.0000,0,0,0,140,240,0,0,0,0,0,1000.000
260,2.6260,0.3085,0.00,0.0000,0.0000,0,0,0,140,240,0,0,0,0,0,1000.000
270,2.6260,0.3085,0.00,0.0000,0.0000,0,0,0,140,240,0,0,0,0,0,1000.000
280,2.6260,0.3085,0.00,0.0000,0.0000,0,0,0,140,240,0,0,0,0,0,1000.000
290,2.6260,0.3085,0.00,0.0000,0.0000,0,0,0,140,240,0,0,0,0,0,1000.000
300,2.6260,0.3085,0.00,0.0000,0.0000,0,0,0,140,240,0,0,0,0,0,1000.000
310,2.6260,0.3085,0.00,0.0000,0.0000,0,0,0,140,240,0,0,0,0,0,1000.000
320,2.6260,0.3085,0.00,0.0000,0.0000,0,0,0,140,240,0,0,0,0,0,1000.000
330,2.6260,0.3085,0.00,0.0000,0.0000,0,0,0,140,240,0,0,0,0,0,1000.000
340,2.6260,0.3085,0.00,0.0000,0.0000,0,0,0,140,240,0,0,0,0,0,1000.000
350,2.6260,0.3085,0.00,0.0000,0.0000,0,0,0,140,240,0,0,0,0,0,1000.000
360,2.6260,0.3085,0.00,0.0000,0.0000,0,0,0,140,240,0,0,0,0,0,1000.000
370,2.6260,0.3085,0.00,0.0000,0.0000,0,0,0,140,240,0,0,0,0,0,1000.000
380,2.6260,0.3085,0.00,0.0000,0.0000,0,0,0,140,240,0,0,0,0,0,1000.000
390,2.6260,0.3085,0.00,0.0000,0.0000,0,0,0,140,240,0,0,0,0,0,1000.000
400,2.6260,0.3085,0.00,0.0000,0.0000,0,0,0,140,240,0,0,0,0,0,1000.000
410,2.6260,0.3085,0.00,0.0000,0.0000,0,0,0,140,240,0,0,0,0,0,1000.000
420,2.6260,0.3085,0.00,0.0000,0.0000,0,0,0,140,240,0,0,0,0,0,1000.000
430,2.6260,0.3085,0.00,0.0000,0.0000,0,0,0,140,240,0,0,0,0,0,1000.000
440,2.6260,0.3085,0.00,0.0000,0.0000,0,0,0,140,240,0,0,0,0,0,1000.000
450,2.6260,0.3085,0.00,0.0000,0.0000,0,0,0,140,240,0,0,0,0,0,1000.000
460,2.6260,0.3085,0.00,0.0000,0.0000,0,0,0,140,240,0,0,0,0,0,1000.000
470,2.6260,0.3085,0.00,0.0000,0.0000,0,0,0,140,240,0,0,0,0,0,1000.000
480,2.6260,0.3085,0.00,0.0000,0.0000,0,0,0,140,240,0,0,0,0,0,1000.000
490,2.6260,0.3085,0.00,0.0000,0.0000,0,0,0,140,240,0,0,0,0,0,1000.000
500,2.6260,0.3085,0.00,0.0000,0.0000,0,0,0,140,240,0,0,0,0,0,1000.000
510,2.6260,0.3085,0.00,0.0000,0.0000,0,0,0,140,240,0,0,0,0,0,1000.000
520,2.6260,0.3085,0.00,0.0000,0.0000,0,0,0,140,240,0,0,0,0,0,1000.000
530,2.6260,0.3085,0.00,0.0000,0.0000,0,0,0,140,240,0,0,0,0,0,1000.000
540,2.6260,0.3085,0.00,0.0000,0.0000,0,0,0,140,240,0,0,0,0,0,1000.000
550,2.6260,0.3085,0.00,0.0000,0.0000,0,0,0,140,240,0,0,0,0,0,1000.000
560,2.6260,0.3085,0.00,0.0000,0.0000,0,0,0,140,240,0,0,0,0,0,1000.000
570,2.6260,0.3085,0.00,0.0000,0.0000,0,0,0,140,240,0,0,0,0,0,1000.000
580,2.6260,0.3085,0.00,0.0000,0.0000,0,0,0,140,240,0,0,0,0,0,1000.000
590,2.6260,0.3085,0.00,0.0000,0.0000,0,0,0,140,240,0,0,0,0,0,1000.000
600,2.6260,0.3085,0.00,0.0000,0.0000,0,0,0,140,240,0,0,0,0,0,1000.000
610,2.6260,0.3085,0.00,0.0000,0.0000,0,0,0,140,240,0,0,0,0,0,1000.000
620,2.6260,0.3085,0.00,0.0000,0.0000,0,0,0,140,240,0,0,0,0,0,1000.000
630,2.6260,0.3085,0.00,0.0000,0.0000,0,0,0,140,240,0,0,0,0,0,1000.000
640,2.6260,0.3085,0.00,0.0000,0.0000,0,0,0,140,240,0,0,0,0,0,1000.000
650,2.6260,0.3085,0.00,0.0000,0.0000,0,0,0,140,240,0,0,0,0,0,1000.000
660,2.6260,0.3085,0.00,0.0000,0.0000,0,0,0,140,240,0,0,0,0,0,1000.000
670,2.6260,0.3085,0.00,0.0000,0.0000,0,0,0,140,240,0,0,0,0,0,1000.000
680,2.6260,0.3085,0.00,0.0000,0.0000,0,0,0,140,240,0,0,0,0,0,1000.000
690,2.6260,0.3085,0.00,0.0000,0.0000,0,0,0,140,240,0,0,0,0,0,1000.000
700,2.6260,0.3085,0.00,0.0000,0.0000,0,0,0,140,240,0,0,0,0,0,1000.000
710,2.6260,0.3085,0.00,0.0000,0.0000,0,0,0,140,240,0,0,0,0,0,1000.000
720,2.6260,0.3085,0.00,0.0000,0.0000,0,0,0,140,240,0,0,0,0,0,1000.000
730,2.6260,0.3085,0.00,0.0000,0.0000,0,0,0,140,240,0,0,0,0,0,1000.000
740,2.6260,0.3085,0.00,0.0000,0.0000,0,0,0,140,240,0,0,0,0,0,1000.000
750,2.6260,0.3085,0.00,0.0000,0.0000,0,0,0,140,240,0,0,0,0,0,1000.000
760,2.6260,0.3085,0.00,0.0000,0.0000,0,0,0,140,240,0,0,0,0,0,1000.000
770,2.6260,0.3085,0.00,0.0000,0.0000,0,0,0,140,240,0,0,0,0,0,1000.000
780,2.6260,0.3085,0.00,0.0000,0.0000,0,0,0,140,240,0,0,0,0,0,1000.000
790,2.6260,0.3085,0.00,0.0000,0.0000,0,0,0,140,240,0,0,0,0,0,1000.000
800,2.6260,0.3085,0.00,0.0000,0.0000,0,0,0,140,240,0,0,0,0,0,1000.000
810,2.6260,0.3085,0.00,0.0000,0.0000,0,0,0,140,240,0,0,0,0,0,1000.000
820,2.6260,0.3085,0.00,0.0000,0.0000,0,0,0,140,240,0,0,0,0,0,1000.000
830,2.6260,0.3085,0.00,0.0000,0.0000,0,0,0,140,240,0,0,0,0,0,1000.000
840,2.6260,0.3085,0.00,0.0000,0.0000,0,0,0,140,240,0,0,0,0,0,1000.000
850,2.6260,0.3085,0.00,0.0000,0.0000,0,0,0,140,240,0,0,0,0,0,1000.000
860,2.6260,0.3085,0.00,0.0000,0.0000,0,0,0,140,240,0,0,0,0,0,1000.000
870,2.6260,0.3085,0.00,0.0000,0.0000,0,0,0,140,240,0,0,0,0,0,1000.000
880,2.6260,0.3085,0.00,0.0000,0.0000,0,0,0,140,240,0,0,0,0,0,1000.000
890,2.6260,0.3085,0.00,0.0000,0.0000,0,0,0,140,240,0,0,0,0,0,1000.000
900,2.6260,0.3085,0.00,0.0000,0.0000,0,0,0,140,240,0,0,0,0,0,1000.000
910,2.6260,0.3085,0.00,0.0000,0.0000,0,0,0,140,240,0,0,0,0,0,1000.000
920,2.6260,0.3085,0.00,0.0000,0.0000,0,0,0,140,240,0,0,0,0,0,1000.000
930,2.6260,0.3085,0.00,0.0000,0.0000,0,0,0,140,240,0,0,0,0,0,1000.000
940,2.6260,0.3085,0.00,0.0000,0.0000,0,0,0,140,240,0,0,0,0,0,1000.000
950,2.6260,0.3085,0.00,0.0000,0.0000,0,0,0,140,240,0,0,0,0,0,1000.000
960,2.6260,0.3085,0.00,0.0000,0.0000,0,0,0,140,240,0,0,0,0,0,1000.000
970,2.6260,0.3085,0.00,0.0000,0.0000,0,0,0,140,240,0,0,0,0,0,1000.000
980,2.6260,0.3085,0.00,0.0000,0.0000,0,0,0,140,240,0,0,0,0,0,1000.000
990,2.6260,0.3085,0.00,0.0000,0.0000,0,0,0,140,240,0,0,0,0,0,1000.000
1000,2.6260,0.3085,0.00,0.0000,0.0000,0,0,0,140,240,0,0,0,0,0,1000.000
1010,2.6260,0.3085,0.00,0.0000,0.0000,0,0,0,140,240,0,0,0,0,0,1000.000
1020,2.6260,0.3085,0.00,0.0000,0.0000,0,0,0,140,240,0,0,0,0,0,1000.000
1030,2.6260,0.3085,0.00,0.0000,0.0000,0,0,0,140,240,0,0,0,0,0,1000.000
1040,2.6260,0.3085,0.00,0.0000,0.0000,0,0,0,140,240,0,0,0,0,0,1000.000
1050,2.6260,0.3085,0.00,0.0000,0.0000,0,0,0,140,240,0,0,0,0,0,1000.000
1060,2.6260,0.3085,0.00,0.0000,0.0000,0,0,0,140,240,0,0,0,0,0,1000.000
1070,2.6260,0.3085,0.00,0.0000,0.0000,0,0,0,140,240,0,0,0,0,0,1000.000
1080,2.6260,0.3085,0.00,0.0000,0.0000,0,0,0,140,240,0,0,0,0,0,1000.000
1090,2.6260,0.3085,0.00,0.0000,0.0000,0,0,0,140,240,0,0,0,0,0,1000.000
1100,2.6260,0.3085,0.00,0.0000,0.0000,0,0,0,140,240,0,0,0,0,0,1000.000
1110,2.6260,0.3085,0.00,0.0000,0.0000,0,0,0,140,240,0,0,0,0,0,1000.000
1120,2.6260,0.3085,0.00,0.0000,0.0000,0,0,0,140,240,0,0,0,0,0,1000.000
1130,2.6260,0.3085,0.00,0.0000,0.0000,0,0,0,140,240,0,0,0,0,0,1000.000
1140,2.6260,0.3085,0.00,0.0000,0.0000,0,0,0,140,240,0,0,0,0,0,1000.000
1150,2.6260,0.3085,0.00,0.0000,0.0000,0,0,0,140,240,0,0,0,0,0,1000.000
1160,2.6260,0.3085,0.00,0.0000,0.0000,0,0,0,140,240,0,0,0,0,0,1000.000
1170,2.6260,0.3085,0.00,0.0000,0.0000,0,0,0,140,240,0,0,0,0,0,1000.000
1180,2.6260,0.3085,0.00,0.0000,0.0000,0,0,0,140,240,0,0,0,0,0,1000.000
1190,2.6260,0.3085,0.00,0.0000,0.0000,0,0,0,140,240,0,0,0,0,0,1000.000
1200,2.6260,0.3085,0.00,0.0000,0.0000,0,0,0,140,240,0,0,0,0,0,1000.000
1210,2.6260,0.3085,0.00,0.0000,0.0000,0,0,0,140,240,0,0,0,0,0,1000.000
1220,2.6260,0.3085,0.00,0.0000,0.0000,0,0,0,140,240,0,0,0,0,0,1000.000
1230,2.6260,0.3085,0.00,0.0000,0.0000,0,0,0,140,240,0,0,0,0,0,1000.000
1240,2.6260,0.3085,0.00,0.0000,0.0000,0,0,0,140,240,0,0,0,0,0,1000.000
1250,2.6260,0.3085,0.00,0.0000,0.0000,0,0,0,140,240,0,0,0,0,0,1000.000
1260,2.6260,0.3085,0.00,0.0000,0.0000,0,0,0,140,240,0,0,0,0,0,1000.000
1270,2.6260,0.3085,0.00,0.0000,0.0000,0,0,0,140,240,0,0,0,0,0,1000.000
1280,2.6260,0.3085,0.00,0.0000,0.0000,0,0,0,140,240,0,0,0,0,0,1000.000
1290,2.6260,0.3085,0.00,0.0000,0.0000,0,0,0,140,240,0,0,0,0,0,1000.000
1300,2.6260,0.3085,0.00,0.0000,0.0000,0,0,0,140,240,0,0,0,0,0,1000.000
1310,2.6260,0.3085,0.00,0.0000,0.0000,0,0,0,140,240,0,0,0,0,0,1000.000
1320,2.6260,0.3085,0.00,0.0000,0.0000,0,0,0,140,240,0,0,0,0,0,1000.000
1330,2.6260,0.3085,0.00,0.0000,0.0000,0,0,0,140,240,0,0,0,0,0,1000.000
1340,2.6260,0.3085,0.00,0.0000,0.0000,0,0,0,140,240,0,0,0,0,0,1000.000
1350,2.6260,0.3085,0.00,0.0000,0.0000,0,0,0,140,240,0,0,0,0,0,1000.000
1360,2.6260,0.3085,0.00,0.0000,0.0000,0,0,0,140,240,0,0,0,0,0,1000.000
1370,2.6260,0.3085,0.00,0.0000,0.0000,0,0,0,140,240,0,0,0,0,0,1000.000
1380,2.6260,0.3085,0.00,0.0000,0.0000,0,0,0,140,240,0,0,0,0,0,1000.000
1390,2.6260,0.3085,0.00,0.0000,0.0000,0,0,0,140,240,0,0,0,0,0,1000.000
1400,2.6260,0.3085,0.00,0.0000,0.0000,0,0,0,140,240,0,0,0,0,0,1000.000
1410,2.6260,0.3085,0.00,0.0000,0.0000,0,0,0,140,240,0,0,0,0,0,1000.000
1420,2.6260,0.3085,0.00,0.0000,0.0000,0,0,0,140,240,0,0,0,0,0,1000.000
1430,2.6260,0.3085,0.00,0.0000,0.0000,0,0,0,140,240,0,0,0,0,0,1000.000
1440,2.6260,0.3085,0.00,0.0000,0.0000,0,0,0,140,240,0,0,0,0,0,1000.000
1450,2.6260,0.3085,0.00,0.0000,0.0000,0,0,0,140,240,0,0,0,0,0,1000.000
1460,2.6260,0.3085,0.00,0.0000,0.0000,0,0,0,140,240,0,0,0,0,0,1000.000
1470,2.6260,0.3085,0.00,0.0000,0.0000,0,0,0,140,240,0,0,0,0,0,1000.000
1480,2.6260,0.3085,0.00,0.0000,0.0000,0,0,0,140,240,0,0,0,0,0,1000.000
1490,2.6260,0.3085,0.00,0.0000,0.0000,0,0,0,140,240,0,0,0,0,0,1000.000
1500,2.6260,0.3085,0.00,0.0000,0.0000,0,0,0,140,240,0,0,0,0,0,1000.000
1510,2.6260,0.3085,0.00,0.0000,0.0000,0,0,0,140,240,0,0,0,0,0,1000.000
1520,2.6260,0.3085,0.00,0.0000,0.0000,0,0,0,140,240,0,0,0,0,0,1000.000
1530,2.6260,0.3085,0.00,0.0000,0.0000,0,0,0,140,240,0,0,0,0,0,1000.000
1540,2.6260,0.3085,0.00,0.0000,0.0000,0,0,0,140,240,0,0,0,0,0,1000.000
1550,2.6260,0.3085,0.00,0.0000,0.0000,0,0,0,140,240,0,0,0,0,0,1000.000
1560,2.6260,0.3085,0.00,0.0000,0.0000,0,0,0,140,240,0,0,0,0,0,1000.000
1570,2.6260,0.3085,0.00,0.0000,0.0000,0,0,0,140,240,0,0,0,0,0,1000.000
1580,2.6260,0.3085,0.00,0.0000,0.0000,0,0,0,140,240,0,0,0,0,0,1000.000
1590,2.6260,0.3085,0.00,0.0000,0.0000,0,0,0,140,240,0,0,0,0,0,1000.000
1600,2.6260,0.3085,0.00,0.0000,0.0000,0,0,0,140,240,0,0,0,0,0,1000.000
1610,2.6260,0.3085,0.00,0.0000,0.0000,0,0,0,140,240,0,0,0,0,0,1000.000
1620,2.6260,0.3085,0.00,0.0000,0.0000,0,0,0,140,240,0,0,0,0,0,1000.000
1630,2.6260,0.3085,0.00,0.0000,0.0000,0,0,0,140,240,0,0,0,0,0,1000.000
1640,2.6260,0.3085,0.00,0.0000,0.0000,0,0,0,140,240,0,0,0,0,0,1000.000
1650,2.6260,0.3085,0.00,0.0000,0.0000,0,0,0,140,240,0,0,0,0,0,1000.000
1660,2.6260,0.3085,0.00,0.0000,0.0000,0,0,0,140,240,0,0,0,0,0,1000.000
1670,2.6260,0.3085,0.00,0.0000,0.0000,0,0,0,140,240,0,0,0,0,0,1000.000
1680,2.6260,0.3085,0.00,0.0000,0.0000,0,0,0,140,240,0,0,0,0,0,1000.000
1690,2.6260,0.3085,0.00,0.0000,0.0000,0,0,0,140,240,0,0,0,0,0,1000.000
1700,2.6260,0.3085,0.00,0.0000,0.0000,0,0,0,140,240,0,0,0,0,0,1000.000
1710,2.6260,0.3085,0.00,0.0000,0.0000,0,0,0,140,240,0,0,0,0,0,1000.000
1720,2.6260,0.3085,0.00,0.0000,0.0000,0,0,0,140,240,0,0,0,0,0,1000.000
1730,2.6260,0.3085,0.00,0.0000,0.0000,0,0,0,140,240,0,0,0,0,0,1000.000
1740,2.6260,0.3085,0.00,0.0000,0.0000,0,0,0,140,240,0,0,0,0,0,1000.000
1750,2.6260,0.3085,0.00,0.0000,0.0000,0,0,0,140,240,0,0,0,0,0,1000.000
1760,2.6260,0.3085,0.00,0.0000,0.0000,0,0,0,140,240,0,0,0,0,0,1000.000
1770,2.6260,0.3085,0.00,0.0000,0.0000,0,0,0,140,240,0,0,0,0,0,1000.000
1780,2.6260,0.3085,0.00,0.0000,0.0000,0,0,0,140,240,0,0,0,0,0,1000.000
1790,2.6260,0.3085,0.00,0.0000,0.0000,0,0,0,140,240,0,0,0,0,0,1000.000
1800,2.6260,0.3085,0.00,0.0000,0.0000,0,0,0,140,240,0,0,0,0,0,1000.000
1810,2.6260,0.3085,0.00,0.0000,0.0000,0,0,0,140,240,0,0,0,0,0,1000.000
1820,2.6260,0.3085,0.00,0.0000,0.0000,0,0,0,140,240,0,0,0,0,0,1000.000
1830,2.6260,0.3085,0.00,0.0000,0.0000,0,0,0,140,240,0,0,0,0,0,1000.000
1840,2.6260,0.3085,0.00,0.0000,0.0000,0,0,0,140,240,0,0,0,0,0,1000.000
1850,2.6260,0.3085,0.00,0.0000,0.0000,0,0,0,140,240,0,0,0,0,0,1000.000
1860,2.6260,0.3085,0.00,0.0000,0.0000,0,0,0,140,240,0,0,0,0,0,1000.000
1870,2.6260,0.3085,0.00,0.0000,0.0000,0,0,0,140,240,0,0,0,0,0,1000.000
1880,2.6260,0.3085,0.00,0.0000,0.0000,0,0,0,140,240,0,0,0,0,0,1000.000
1890,2.6260,0.3085,0.00,0.0000,0.0000,0,0,0,140,240,0,0,0,0,0,1000.000
1900,2.6260,0.3085,0.00,0.0000,0.0000,0,0,0,140,240,0,0,0,0,0,1000.000
1910,2.6260,0.3085,0.00,0.0000,0.0000,0,0,0,140,240,0,0,0,0,0,1000.000
1920,2.6260,0.3085,0.00,0.0000,0.0000,0,0,0,140,240,0,0,0,0,0,1000.000
1930,2.6260,0.3085,0.00,0.0000,0.0000,0,0,0,140,240,0,0,0,0,0,1000.000
1940,2.6260,0.3085,0.00,0.0000,0.0000,0,0,0,140,240,0,0,0,0,0,1000.000
1950,2.6260,0.3085,0.00,0.0000,0.0000,0,0,0,140,240,0,0,0,0,0,1000.000
1960,2.6260,0.3085,0.00,0.0000,0.0000,0,0,0,140,240,0,0,0,0,0,1000.000
1970,2.6260,0.3085,0.00,0.0000,0.0000,0,0,0,140,240,0,0,0,0,0,1000.000
1980,2.6260,0.3085,0.00,0.0000,0.0000,0,0,0,140,240,0,0,0,0,0,1000.000
1990,2.6260,0.3085,0.00,0.0000,0.0000,0,0,0,140,240,0,0,0,0,0,1000.000
2000,2.6260,0.3085,0.00,0.0000,0.0000,0,0,0,140,240,0,0,0,0,0,1000.000
2010,2.6260,0.3085,0.00,0.0000,0.0000,0,0,0,140,240,0,0,0,0,0,1000.000
2020,2.6260,0.3085,0.00,0.0000,0.0000,0,0,0,140,240,0,0,0,0,0,1000.000
2030,2.6260,0.3085,0.00,0.0000,0.0000,0,0,0,140,240,0,0,0,0,0,1000.000
2040,2.6260,0.3085,0.00,0.0000,0.0000,0,0,0,140,240,0,0,0,0,0,1000.000
2050,2.6260,0.3085,0.00,0.0000,0.0000,0,0,0,140,240,0,0,0,0,0,1000.000
2060,2.6260,0.3085,0.00,0.0000,0.0000,0,0,0,140,240,0,0,0,0,0,1000.000
2070,2.6260,0.3085,0.00,0.0000,0.0000,0,0,0,140,240,0,0,0,0,0,1000.000
2080,2.6260,0.3085,0.00,0.0000,0.0000,0,0,0,140,240,0,0,0,0,0,1000.000
2090,2.6260,0.3085,0.00,0.0000,0.0000,0,0,0,140,240,0,0,0,0,0,1000.000
2100,2.6260,0.3085,0.00,0.0000,0.0000,0,0,0,140,240,0,0,0,0,0,1000.000
2110,2.6260,0.3085,0.00,0.0000,0.0000,0,0,0,140,240,0,0,0,0,0,1000.000
2120,2.6260,0.3085,0.00,0.0000,0.0000,0,0,0,140,240,0,0,0,0,0,1000.000
2130,2.6260,0.3085,0.00,0.0000,0.0000,0,0,0,140,240,0,0,0,0,0,1000.000
2140,2.6260,0.3085,0.00,0.0000,0.0000,0,0,0,140,240,0,0,0,0,0,1000.000
2150,2.6260,0.3085,0.00,0.0000,0.0000,0,0,0,140,240,0,0,0,0,0,1000.000
2160,2.6260,0.3085,0.00,0.0000,0.0000,0,0,0,140,240,0,0,0,0,0,1000.000
2170,2.6260,0.3085,0.00,0.0000,0.0000,0,0,0,140,240,0,0,0,0,0,1000.000
2180,2.6260,0.3085,0.00,0.0000,0.0000,0,0,0,140,240,0,0,0,0,0,1000.000
2190,2.6260,0.3085,0.00,0.0000,0.0000,0,0,0,140,240,0,0,0,0,0,1000.000
2200,2.6260,0.3085,0.00,0.0000,0.0000,0,0,0,140,240,0,0,0,0,0,1000.000
2210,2.6260,0.3085,0.00,0.0000,0.0000,0,0,0,140,240,0,0,0,0,0,1000.000
2220,2.6260,0.3085,0.00,0.0000,0.0000,0,0,0,140,240,0,0,0,0,0,1000.000
2230,2.6260,0.3085,0.00,0.0000,0.0000,0,0,0,140,240,0,0,0,0,0,1000.000
2240,2.6260,0.3085,0.00,0.0000,0.0000,0,0,0,140,240,0,0,0,0,0,1000.000
2250,2.6260,0.3085,0.00,0.0000,0.0000,0,0,0,140,240,0,0,0,0,0,1000.000
2260,2.6260,0.3085,0.00,0.0000,0.0000,0,0,0,140,240,0,0,0,0,0,1000.000
2270,2.6260,0.3085,0.00,0.0000,0.0000,0,0,0,140,240,0,0,0,0,0,1000.000
2280,2.6260,0.3085,0.00,0.0000,0.0000,0,0,0,140,240,0,0,0,0,0,1000.000
2290,2.6260,0.3085,0.00,0.0000,0.0000,0,0,0,140,240,0,0,0,0,0,1000.000
2300,2.6260,0.3085,0.00,0.0000,0.0000,0,0,0,140,240,0,0,0,0,0,1000.000
2310,2.6260,0.3085,0.00,0.0000,0.0000,0,0,0,140,240,0,0,0,0,0,1000.000
2320,2.6260,0.3085,0.00,0.0000,0.0000,0,0,0,140,240,0,0,0,0,0,1000.000
2330,2.6260,0.3085,0.00,0.0000,0.0000,0,0,0,140,240,0,0,0,0,0,1000.000
2340,2.6260,0.3085,0.00,0.0000,0.0000,0,0,0,140,240,0,0,0,0,0,1000.000
2350,2.6260,0.3085,0.00,0.0000,0.0000,0,0,0,140,240,0,0,0,0,0,1000.000
2360,2.6260,0.3085,0.00,0.0000,0.0000,0,0,0,140,240,0,0,0,0,0,1000.000
2370,2.6260,0.3085,0.00,0.0000,0.0000,0,0,0,140,240,0,0,0,0,0,1000.000
2380,2.6260,0.3085,0.00,0.0000,0.0000,0,0,0,140,240,0,0,0,0,0,1000.000
2390,2.6260,0.3085,0.00,0.0000,0.0000,0,0,0,140,240,0,0,0,0,0,1000.000
2400,2.6260,0.3085,0.00,0.0000,0.0000,0,0,0,140,240,0,0,0,0,0,1000.000
2410,2.6260,0.3085,0.00,0.0000,0.0000,0,0,0,140,240,0,0,0,0,0,1000.000
2420,2.6260,0.3085,0.00,0.0000,0.0000,0,0,0,140,240,0,0,0,0,0,1000.000
2430,2.6260,0.3085,0.00,0.0000,0.0000,0,0,0,140,240,0,0,0,0,0,1000.000
2440,2.6260,0.3085,0.00,0.0000,0.0000,0,0,0,140,240,0,0,0,0,0,1000.000
2450,2.6260,0.3085,0.00,0.0000,0.0000,0,0,0,140,240,0,0,0,0,0,1000.000
2460,2.6260,0.3085,0.00,0.0000,0.0000,0,0,0,140,240,0,0,0,0,0,1000.000
2470,2.6260,0.3085,0.00,0.0000,0.0000,0,0,0,140,240,0,0,0,0,0,1000.000
2480,2.6260,0.3085,0.00,0.0000,0.0000,0,0,0,140,240,0,0,0,0,0,1000.000
2490,2.6260,0.3085,0.00,0.0000,0.0000,0,0,0,140,240,0,0,0,0,0,1000.000
2500,2.6260,0.3085,0.00,0.0000,0.0000,0,0,0,140,240,0,0,0,0,0,1000.000
2510,2.6260,0.3085,0.00,0.0000,0.0000,0,0,0,140,240,0,0,0,0,0,1000.000
2520,2.6260,0.3085,0.00,0.0000,0.0000,0,0,0,140,240,0,0,0,0,0,1000.000
2530,2.6260,0.3085,0.00,0.0000,0.0000,0,0,0,140,240,0,0,0,0,0,1000.000
2540,2.6260,0.3085,0.00,0.0000,0.0000,0,0,0,140,240,0,0,0,0,0,1000.000
2550,2.6260,0.3085,0.00,0.0000,0.0000,0,0,0,140,240,0,0,0,0,0,1000.000
2560,2.6260,0.3085,0.00,0.0000,0.0000,0,0,0,140,240,0,0,0,0,0,1000.000
2570,2.6260,0.3085,0.00,0.0000,0.0000,0,0,0,140,240,0,0,0,0,0,1000.000
2580,2.6260,0.3085,0.00,0.0000,0.0000,0,0,0,140,240,0,0,0,0,0,1000.000
2590,2.6260,0.3085,0.00,0.0000,0.0000,0,0,0,140,240,0,0,0,0,0,1000.000
2600,2.6260,0.3085,0.00,0.0000,0.0000,0,0,0,140,240,0,0,0,0,0,1000.000
2610,2.6260,0.3085,0.00,0.0000,0.0000,0,0,0,140,240,0,0,0,0,0,1000.000
2620,2.6260,0.3085,0.00,0.0000,0.0000,0,0,0,140,240,0,0,0,0,0,1000.000
2630,2.6260,0.3085,0.00,0.0000,0.0000,0,0,0,140,240,0,0,0,0,0,1000.000
2640,2.6260,0.3085,0.00,0.0000,0.0000,0,0,0,140,240,0,0,0,0,0,1000.000
2650,2.6260,0.3085,0.00,0.0000,0.0000,0,0,0,140,240,0,0,0,0,0,1000.000
2660,2.6260,0.3085,0.00,0.0000,0.0000,0,0,0,140,240,0,0,0,0,0,1000.000
2670,2.6260,0.3085,0.00,0.0000,0.0000,0,0,0,140,240,0,0,0,0,0,1000.000
2680,2.6260,0.3085,0.00,0.0000,0.0000,0,0,0,140,240,0,0,0,0,0,1000.000
2690,2.6260,0.3085,0.00,0.0000,0.0000,0,0,0,140,240,0,0,0,0,0,1000.000
2700,2.6260,0.3085,0.00,0.0000,0.0000,0,0,0,140,240,0,0,0,0,0,1000.000
2710,2.6260,0.3085,0.00,0.0000,0.0000,0,0,0,140,240,0,0,0,0,0,1000.000
2720,2.6260,0.3085,0.00,0.0000,0.0000,0,0,0,140,240,0,0,0,0,0,1000.000
2730,2.6260,0.3085,0.00,0.0000,0.0000,0,0,0,140,240,0,0,0,0,0,1000.000
2740,2.6260,0.3085,0.00,0.0000,0.0000,0,0,0,140,240,0,0,0,0,0,1000.000
2750,2.6260,0.3085,0.00,0.0000,0.0000,0,0,0,140,240,0,0,0,0,0,1000.000
2760,2.6260,0.3085,0.00,0.0000,0.0000,0,0,0,140,240,0,0,0,0,0,1000.000
2770,2.6260,0.3085,0.00,0.0000,0.0000,0,0,0,140,240,0,0,0,0,0,1000.000
2780,2.6260,0.3085,0.00,0.0000,0.0000,0,0,0,140,240,0,0,0,0,0,1000.000
2790,2.6260,0.3085,0.00,0.0000,0.0000,0,0,0,140,240,0,0,0,0,0,1000.000
2800,2.6260,0.3085,0.00,0.0000,0.0000,0,0,0,140,240,0,0,0,0,0,1000.000
2810,2.6260,0.3085,0.00,0.0000,0.0000,0,0,0,140,240,0,0,0,0,0,1000.000
2820,2.6260,0.3085,0.00,0.0000,0.0000,0,0,0,140,240,0,0,0,0,0,1000.000
2830,2.6260,0.3085,0.00,0.0000,0.0000,0,0,0,140,240,0,0,0,0,0,1000.000
2840,2.6260,0.3085,0.00,0.0000,0.0000,0,0,0,140,240,0,0,0,0,0,1000.000
2850,2.6260,0.3085,0.00,0.0000,0.0000,0,0,0,140,240,0,0,0,0,0,1000.000
2860,2.6260,0.3085,0.00,0.0000,0.0000,0,0,0,140,240,0,0,0,0,0,1000.000
2870,2.6260,0.3085,0.00,0.0000,0.0000,0,0,0,140,240,0,0,0,0,0,1000.000
2880,2.6260,0.3085,0.00,0.0000,0.0000,0,0,0,140,240,0,0,0,0,0,1000.000
2890,2.6260,0.3085,0.00,0.0000,0.0000,0,0,0,140,240,0,0,0,0,0,1000.000
2900,2.6260,0.3085,0.00,0.0000,0.0000,0,0,0,140,240,0,0,0,0,0,1000.000
2910,2.6260,0.3085,0.00,0.0000,0.0000,0,0,0,140,240,0,0,0,0,0,1000.000
2920,2.6260,0.3085,0.00,0.0000,0.0000,0,0,0,140,240,0,0,0,0,0,1000.000
2930,2.6260,0.3085,0.00,0.0000,0.0000,0,0,0,140,240,0,0,0,0,0,1000.000
2940,2.6260,0.3085,0.00,0.0000,0.0000,0,0,0,140,240,0,0,0,0,0,1000.000
2950,2.6260,0.3085,0.00,0.0000,0.0000,0,0,0,140,240,0,0,0,0,0,1000.000
2960,2.6260,0.3085,0.00,0.0000,0.0000,0,0,0,140,240,0,0,0,0,0,1000.000
2970,2.6260,0.3085,0.00,0.0000,0.0000,0,0,0,140,240,0,0,0,0,0,1000.000
2980,2.6260,0.3085,0.00,0.0000,0.0000,0,0,0,140,240,0,0,0,0,0,1000.000
2990,2.6260,0.3085,0.00,0.0000,0.0000,0,0,0,140,240,0,0,0,0,0,1000.000
3000,2.6260,0.3085,0.00,0.0000,0.0000,0,0,0,140,240,0,0,0,0,0,1000.000
3010,2.6260,0.3085,0.00,0.0000,0.0000,0,0,0,140,240,0,0,0,0,0,1000.000
3020,2.6260,0.3085,0.00,0.0000,0.0000,0,0,0,140,240,0,0,0,0,0,1000.000
3030,2.6260,0.3085,0.00,0.0000,0.0000,0,0,0,140,240,0,0,0,0,0,1000.000
3040,2.6260,0.3085,0.00,0.0000,0.0000,0,0,0,140,240,0,0,0,0,0,1000.000
3050,2.6260,0.3085,0.00,0.0000,0.0000,0,0,0,140,240,0,0,0,0,0,1000.000
3060,2.6260,0.3085,0.00,0.0000,0.0000,0,0,0,140,240,0,0,0,0,0,1000.000
3070,2.6260,0.3085,0.00,0.0000,0.0000,0,0,0,140,240,0,0,0,0,0,1000.000
3080,2.6260,0.3085,0.00,0.0000,0.0000,0,0,0,140,240,0,0,0,0,0,1000.000
3090,2.6260,0.3085,0.00,0.0000,0.0000,0,0,0,140,240,0,0,0,0,0,1000.000
3100,2.6260,0.3085,0.00,0.0000,0.0000,0,0,0,140,240,0,0,0,0,0,1000.000
3110,2.6260,0.3085,0.00,0.0000,0.0000,0,0,0,140,240,0,0,0,0,0,1000.000
3120,2.6260,0.3085,0.00,0.0000,0.0000,0,0,0,140,240,0,0,0,0,0,1000.000
3130,2.6260,0.3085,0.00,0.0000,0.0000,0,0,0,140,240,0,0,0,0,0,1000.000
3140,2.6260,0.3085,0.00,0.0000,0.0000,0,0,0,140,240,0,0,0,0,0,1000.000
3150,2.6260,0.3085,0.00,0.0000,0.0000,0,0,0,140,240,0,0,0,0,0,1000.000
3160,2.6260,0.3085,0.00,0.0000,0.0000,0,0,0,140,240,0,0,0,0,0,1000.000
3170,2.6260,0.3085,0.00,0.0000,0.0000,0,0,0,140,240,0,0,0,0,0,1000.000
3180,2.6260,0.3085,0.00,0.0000,0.0000,0,0,0,140,240,0,0,0,0,0,1000.000
3190,2.6260,0.3085,0.00,0.0000,0.0000,0,0,0,140,240,0,0,0,0,0,1000.000
3200,2.6260,0.3085,0.00,0.0000,0.0000,0,0,0,140,240,0,0,0,0,0,1000.000
3210,2.6260,0.3085,0.00,0.0000,0.0000,0,0,0,140,240,0,0,0,0,0,1000.000
3220,2.6260,0.3085,0.00,0.0000,0.0000,0,0,0,140,240,0,0,0,0,0,1000.000
3230,2.6260,0.3085,0.00,0.0000,0.0000,0,0,0,140,240,0,0,0,0,0,1000.000
3240,2.6260,0.3085,0.00,0.0000,0.0000,0,0,0,140,240,0,0,0,0,0,1000.000
3250,2.6260,0.3085,0.00,0.0000,0.0000,0,0,0,140,240,0,0,0,0,0,1000.000
3260,2.6260,0.3085,0.00,0.0000,0.0000,0,0,0,140,240,0,0,0,0,0,1000.000
3270,2.6260,0.3085,0.00,0.0000,0.0000,0,0,0,140,240,0,0,0,0,0,1000.000
3280,2.6260,0.3085,0.00,0.0000,0.0000,0,0,0,140,240,0,0,0,0,0,1000.000
3290,2.6260,0.3085,0.00,0.0000,0.0000,0,0,0,140,240,0,0,0,0,0,1000.000
3300,2.6260,0.3085,0.00,0.0000,0.0000,0,0,0,140,240,0,0,0,0,0,1000.000
3310,2.6260,0.3085,0.00,0.0000,0.0000,0,0,0,140,240,0,0,0,0,0,1000.000
3320,2.6260,0.3085,0.00,0.0000,0.0000,0,0,0,140,240,0,0,0,0,0,1000.000
3330,2.6260,0.3085,0.00,0.0000,0.0000,0,0,0,140,240,0,0,0,0,0,1000.000
3340,2.6260,0.3085,0.00,0.0000,0.0000,0,0,0,140,240,0,0,0,0,0,1000.000
3350,2.6260,0.3085,0.00,0.0000,0.0000,0,0,0,140,240,0,0,0,0,0,1000.000
3360,2.6260,0.3085,0.00,0.0000,0.0000,0,0,0,140,240,0,0,0,0,0,1000.000
3370,2.6260,0.3085,0.00,0.0000,0.0000,0,0,0,140,240,0,0,0,0,0,1000.000
3380,2.6260,0.3085,0.00,0.0000,0.0000,0,0,0,140,240,0,0,0,0,0,1000.000
3390,2.6260,0.3085,0.00,0.0000,0.0000,0,0,0,140,240,0,0,0,0,0,1000.000
3400,2.6260,0.3085,0.00,0.0000,0.0000,0,0,0,140,240,0,0,0,0,0,1000.000
3410,2.6260,0.3085,0.00,0.0000,0.0000,0,0,0,140,240,0,0,0,0,0,1000.000
3420,2.6260,0.3085,0.00,0.0000,0.0000,0,0,0,140,240,0,0,0,0,0,1000.000
3430,2.6260,0.3085,0.00,0.0000,0.0000,0,0,0,140,240,0,0,0,0,0,1000.000
3440,2.6260,0.3085,0.00,0.0000,0.0000,0,0,0,140,240,0,0,0,0,0,1000.000
3450,2.6260,0.3085,0.00,0.0000,0.0000,0,0,0,140,240,0,0,0,0,0,1000.000
3460,2.6260,0.3085,0.00,0.0000,0.0000,0,0,0,140,240,0,0,0,0,0,1000.000
3470,2.6260,0.3085,0.00,0.0000,0.0000,0,0,0,140,240,0,0,0,0,0,1000.000
3480,2.6260,0.3085,0.00,0.0000,0.0000,0,0,0,140,240,0,0,0,0,0,1000.000
3490,2.6260,0.3085,0.00,0.0000,0.0000,0,0,0,140,240,0,0,0,0,0,1000.000
3500,2.6260,0.3085,0.00,0.0000,0.0000,0,0,0,140,240,0,0,0,0,0,1000.000
3510,2.6260,0.3085,0.00,0.0000,0.0000,0,0,0,140,240,0,0,0,0,0,1000.000
3520,2.6260,0.3085,0.00,0.0000,0.0000,0,0,0,140,240,0,0,0,0,0,1000.000
3530,2.6260,0.3085,0.00,0.0000,0.0000,0,0,0,140,240,0,0,0,0,0,1000.000
3540,2.6260,0.3085,0.00,0.0000,0.0000,0,0,0,140,240,0,0,0,0,0,1000.000
3550,2.6260,0.3085,0.00,0.0000,0.0000,0,0,0,140,240,0,0,0,0,0,1000.000
3560,2.6260,0.3085,0.00,0.0000,0.0000,0,0,0,140,240,0,0,0,0,0,1000.000
3570,2.6260,0.3085,0.00,0.0000,0.0000,0,0,0,140,240,0,0,0,0,0,1000.000
3580,2.6260,0.3085,0.00,0.0000,0.0000,0,0,0,140,240,0,0,0,0,0,1000.000
3590,2.6260,0.3085,0.00,0.0000,0.0000,0,0,0,140,240,0,0,0,0,0,1000.000
3600,2.6260,0.3085,0.00,0.0000,0.0000,0,0,0,140,240,0,0,0,0,0,1000.000
3610,2.6260,0.3085,0.00,0.0000,0.0000,0,0,0,140,240,0,0,0,0,0,1000.000
3620,2.6260,0.3085,0.00,0.0000,0.0000,0,0,0,140,240,0,0,0,0,0,1000.000
3630,2.6260,0.3085,0.00,0.0000,0.0000,0,0,0,140,240,0,0,0,0,0,1000.000
3640,2.6260,0.3085,0.00,0.0000,0.0000,0,0,0,140,240,0,0,0,0,0,1000.000
3650,2.6260,0.3085,0.00,0.0000,0.0000,0,0,0,140,240,0,0,0,0,0,1000.000
3660,2.6260,0.3085,0.00,0.0000,0.0000,0,0,0,140,240,0,0,0,0,0,1000.000
3670,2.6260,0.3085,0.00,0.0000,0.0000,0,0,0,140,240,0,0,0,0,0,1000.000
3680,2.6260,0.3085,0.00,0.0000,0.0000,0,0,0,140,240,0,0,0,0,0,1000.000
3690,2.6260,0.3085,0.00,0.0000,0.0000,0,0,0,140,240,0,0,0,0,0,1000.000
3700,2.6260,0.3085,0.00,0.0000,0.0000,0,0,0,140,240,0,0,0,0,0,1000.000
3710,2.6260,0.3085,0.00,0.0000,0.0000,0,0,0,140,240,0,0,0,0,0,1000.000
3720,2.6260,0.3085,0.00,0.0000,0.0000,0,0,0,140,240,0,0,0,0,0,1000.000
3730,2.6260,0.3085,0.00,0.0000,0.0000,0,0,0,140,240,0,0,0,0,0,1000.000
3740,2.6260,0.3085,0.00,0.0000,0.0000,0,0,0,140,240,0,0,0,0,0,1000.000
3750,2.6260,0.3085,0.00,0.0000,0.0000,0,0,0,140,240,0,0,0,0,0,1000.000
3760,2.6260,0.3085,0.00,0.0000,0.0000,0,0,0,140,240,0,0,0,0,0,1000.000
3770,2.6260,0.3085,0.00,0.0000,0.0000,0,0,0,140,240,0,0,0,0,0,1000.000
3780,2.6260,0.3085,0.00,0.0000,0.0000,0,0,0,140,240,0,0,0,0,0,1000.000
3790,2.6260,0.3085,0.00,0.0000,0.0000,0,0,0,140,240,0,0,0,0,0,1000.000
3800,2.6260,0.3085,0.00,0.0000,0.0000,0,0,0,140,240,0,0,0,0,0,1000.000
3810,2.6260,0.3085,0.00,0.0000,0.0000,0,0,0,140,240,0,0,0,0,0,1000.000
3820,2.6260,0.3085,0.00,0.0000,0.0000,0,0,0,140,240,0,0,0,0,0,1000.000
3830,2.6260,0.3085,0.00,0.0000,0.0000,0,0,0,140,240,0,0,0,0,0,1000.000
3840,2.6260,0.3085,0.00,0.0000,0.0000,0,0,0,140,240,0,0,0,0,0,1000.000
3850,2.6260,0.3085,0.00,0.0000,0.0000,0,0,0,140,240,0,0,0,0,0,1000.000
3860,2.6260,0.3085,0.00,0.0000,0.0000,0,0,0,140,240,0,0,0,0,0,1000.000
3870,2.6260,0.3085,0.00,0.0000,0.0000,0,0,0,140,240,0,0,0,0,0,1000.000
3880,2.6260,0.3085,0.00,0.0000,0.0000,0,0,0,140,240,0,0,0,0,0,1000.000
3890,2.6260,0.3085,0.00,0.0000,0.0000,0,0,0,140,240,0,0,0,0,0,1000.000
3900,2.6260,0.3085,0.00,0.0000,0.0000,0,0,0,140,240,0,0,0,0,0,1000.000
3910,2.6260,0.3085,0.00,0.0000,0.0000,0,0,0,140,240,0,0,0,0,0,1000.000
3920,2.6260,0.3085,0.00,0.0000,0.0000,0,0,0,140,240,0,0,0,0,0,1000.000
3930,2.6260,0.3085,0.00,0.0000,0.0000,0,0,0,140,240,0,0,0,0,0,1000.000
3940,2.6260,0.3085,0.00,0.0000,0.0000,0,0,0,140,240,0,0,0,0,0,1000.000
3950,2.6260,0.3085,0.00,0.0000,0.0000,0,0,0,140,240,0,0,0,0,0,1000.000
3960,2.6260,0.3085,0.00,0.0000,0.0000,0,0,0,140,240,0,0,0,0,0,1000.000
3970,2.6260,0.3085,0.00,0.0000,0.0000,0,0,0,140,240,0,0,0,0,0,1000.000
3980,2.6260,0.3085,0.00,0.0000,0.0000,0,0,0,140,240,0,0,0,0,0,1000.000
3990,2.6260,0.3085,0.00,0.0000,0.0000,0,0,0,140,240,0,0,0,0,0,1000.000
4000,2.6260,0.3085,0.00,0.0000,0.0000,0,0,0,140,240,0,0,0,0,0,1000.000
4010,2.6260,0.3085,0.00,0.0000,0.0000,0,0,0,140,240,0,0,0,0,0,1000.000
4020,2.6260,0.3085,0.00,0.0000,0.0000,0,0,0,140,240,0,0,0,0,0,1000.000
4030,2.6260,0.3085,0.00,0.0000,0.0000,0,0,0,140,240,0,0,0,0,0,1000.000
4040,2.6260,0.3085,0.00,0.0000,0.0000,0,0,0,140,240,0,0,0,0,0,1000.000
4050,2.6260,0.3085,0.00,0.0000,0.0000,0,0,0,140,240,0,0,0,0,0,1000.000
4060,2.6260,0.3085,0.00,0.0000,0.0000,0,0,0,140,240,0,0,0,0,0,1000.000
4070,2.6260,0.3085,0.00,0.0000,0.0000,0,0,0,140,240,0,0,0,0,0,1000.000
4080,2.6260,0.3085,0.00,0.0000,0.0000,0,0,0,140,240,0,0,0,0,0,1000.000
4090,2.6260,0.3085,0.00,0.0000,0.0000,0,0,0,140,240,0,0,0,0,0,1000.000
4100,2.6260,0.3085,0.00,0.0000,0.0000,0,0,0,140,240,0,0,0,0,0,1000.000
4110,2.6260,0.3085,0.00,0.0000,0.0000,0,0,0,140,240,0,0,0,0,0,1000.000
4120,2.6260,0.3085,0.00,0.0000,0.0000,0,0,0,140,240,0,0,0,0,0,1000.000
4130,2.6260,0.3085,0.00,0.0000,0.0000,0,0,0,140,240,0,0,0,0,0,1000.000
4140,2.6260,0.3085,0.00,0.0000,0.0000,0,0,0,140,240,0,0,0,0,0,1000.000
4150,2.6260,0.3085,0.00,0.0000,0.0000,0,0,0,140,240,0,0,0,0,0,1000.000
4160,2.6260,0.3085,0.00,0.0000,0.0000,0,0,0,140,240,0,0,0,0,0,1000.000
4170,2.6260,0.3085,0.00,0.0000,0.0000,0,0,0,140,240,0,0,0,0,0,1000.000
4180,2.6260,0.3085,0.00,0.0000,0.0000,0,0,0,140,240,0,0,0,0,0,1000.000
4190,2.6260,0.3085,0.00,0.0000,0.0000,0,0,0,140,240,0,0,0,0,0,1000.000
4200,2.6260,0.3085,0.00,0.0000,0.0000,0,0,0,140,240,0,0,0,0,0,1000.000
4210,2.6260,0.3085,0.00,0.0000,0.0000,0,0,0,140,240,0,0,0,0,0,1000.000
4220,2.6260,0.3085,0.00,0.0000,0.0000,0,0,0,140,240,0,0,0,0,0,1000.000
4230,2.6260,0.3085,0.00,0.0000,0.0000,0,0,0,140,240,0,0,0,0,0,1000.000
4240,2.6260,0.3085,0.00,0.0000,0.0000,0,0,0,140,240,0,0,0,0,0,1000.000
4250,2.6260,0.3085,0.00,0.0000,0.0000,0,0,0,140,240,0,0,0,0,0,1000.000
4260,2.6260,0.3085,0.00,0.0000,0.0000,0,0,0,140,240,0,0,0,0,0,1000.000
4270,2.6260,0.3085,0.00,0.0000,0.0000,0,0,0,140,240,0,0,0,0,0,1000.000
4280,2.6260,0.3085,0.00,0.0000,0.0000,0,0,0,140,240,0,0,0,0,0,1000.000
4290,2.6260,0.3085,0.00,0.0000,0.0000,0,0,0,140,240,0,0,0,0,0,1000.000
4300,2.6260,0.3085,0.00,0.0000,0.0000,0,0,0,140,240,0,0,0,0,0,1000.000
4310,2.6260,0.3085,0.00,0.0000,0.0000,0,0,0,140,240,0,0,0,0,0,1000.000
4320,2.6260,0.3085,0.00,0.0000,0.0000,0,0,0,140,240,0,0,0,0,0,1000.000
4330,2.6260,0.3085,0.00,0.0000,0.0000,0,0,0,140,240,0,0,0,0,0,1000.000
4340,2.6260,0.3085,0.00,0.0000,0.0000,0,0,0,140,240,0,0,0,0,0,1000.000
4350,2.6260,0.3085,0.00,0.0000,0.0000,0,0,0,140,240,0,0,0,0,0,1000.000
4360,2.6260,0.3085,0.00,0.0000,0.0000,0,0,0,140,240,0,0,0,0,0,1000.000
4370,2.6260,0.3085,0.00,0.0000,0.0000,0,0,0,140,240,0,0,0,0,0,1000.000
4380,2.6260,0.3085,0.00,0.0000,0.0000,0,0,0,140,240,0,0,0,0,0,1000.000
4390,2.6260,0.3085,0.00,0.0000,0.0000,0,0,0,140,240,0,0,0,0,0,1000.000
4400,2.6260,0.3085,0.00,0.0000,0.0000,0,0,0,140,240,0,0,0,0,0,1000.000
4410,2.6260,0.3085,0.00,0.0000,0.0000,0,0,0,140,240,0,0,0,0,0,1000.000
4420,2.6260,0.3085,0.00,0.0000,0.0000,0,0,0,140,240,0,0,0,0,0,1000.000
4430,2.6260,0.3085,0.00,0.0000,0.0000,0,0,0,140,240,0,0,0,0,0,1000.000
4440,2.6260,0.3085,0.00,0.0000,0.0000,0,0,0,140,240,0,0,0,0,0,1000.000
4450,2.6260,0.3085,0.00,0.0000,0.0000,0,0,0,140,240,0,0,0,0,0,1000.000
4460,2.6260,0.3085,0.00,0.0000,0.0000,0,0,0,140,240,0,0,0,0,0,1000.000
4470,2.6260,0.3085,0.00,0.0000,0.0000,0,0,0,140,240,0,0,0,0,0,1000.000
4480,2.6260,0.3085,0.00,0.0000,0.0000,0,0,0,140,240,0,0,0,0,0,1000.000
4490,2.6260,0.3085,0.00,0.0000,0.0000,0,0,0,140,240,0,0,0,0,0,1000.000
4500,2.6260,0.3085,0.00,0.0000,0.0000,0,0,0,140,240,0,0,0,0,0,1000.000
4510,2.6260,0.3085,0.00,0.0000,0.0000,0,0,0,140,240,0,0,0,0,0,1000.000
4520,2.6260,0.3085,0.00,0.0000,0.0000,0,0,0,140,240,0,0,0,0,0,1000.000
4530,2.6260,0.3085,0.00,0.0000,0.0000,0,0,0,140,240,0,0,0,0,0,1000.000
4540,2.6260,0.3085,0.00,0.0000,0.0000,0,0,0,140,240,0,0,0,0,0,1000.000
4550,2.6260,0.3085,0.00,0.0000,0.0000,0,0,0,140,240,0,0,0,0,0,1000.000
4560,2.6260,0.3085,0.00,0.0000,0.0000,0,0,0,140,240,0,0,0,0,0,1000.000
4570,2.6260,0.3085,0.00,0.0000,0.0000,0,0,0,140,240,0,0,0,0,0,1000.000
4580,2.6260,0.3085,0.00,0.0000,0.0000,0,0,0,140,240,0,0,0,0,0,1000.000
4590,2.6260,0.3085,0.00,0.0000,0.0000,0,0,0,140,240,0,0,0,0,0,1000.000
4600,2.6260,0.3085,0.00,0.0000,0.0000,0,0,0,140,240,0,0,0,0,0,1000.000
4610,2.6260,0.3085,0.00,0.0000,0.0000,0,0,0,140,240,0,0,0,0,0,1000.000
4620,2.6260,0.3085,0.00,0.0000,0.0000,0,0,0,140,240,0,0,0,0,0,1000.000
4630,2.6260,0.3085,0.00,0.0000,0.0000,0,0,0,140,240,0,0,0,0,0,1000.000
4640,2.6260,0.3085,0.00,0.0000,0.0000,0,0,0,140,240,0,0,0,0,0,1000.000
4650,2.6260,0.3085,0.00,0.0000,0.0000,0,0,0,140,240,0,0,0,0,0,1000.000
4660,2.6260,0.3085,0.00,0.0000,0.0000,0,0,0,140,240,0,0,0,0,0,1000.000
4670,2.6260,0.3085,0.00,0.0000,0.0000,0,0,0,140,240,0,0,0,0,0,1000.000
4680,2.6260,0.3085,0.00,0.0000,0.0000,0,0,0,140,240,0,0,0,0,0,1000.000
4690,2.6260,0.3085,0.00,0.0000,0.0000,0,0,0,140,240,0,0,0,0,0,1000.000
4700,2.6260,0.3085,0.00,0.0000,0.0000,0,0,0,140,240,0,0,0,0,0,1000.000
4710,2.6260,0.3085,0.00,0.0000,0.0000,0,0,0,140,240,0,0,0,0,0,1000.000
4720,2.6260,0.3085,0.00,0.0000,0.0000,0,0,0,140,240,0,0,0,0,0,1000.000
4730,2.6260,0.3085,0.00,0.0000,0.0000,0,0,0,140,240,0,0,0,0,0,1000.000
4740,2.6260,0.3085,0.00,0.0000,0.0000,0,0,0,140,240,0,0,0,0,0,1000.000
4750,2.6260,0.3085,0.00,0.0000,0.0000,0,0,0,140,240,0,0,0,0,0,1000.000
4760,2.6260,0.3085,0.00,0.0000,0.0000,0,0,0,140,240,0,0,0,0,0,1000.000
4770,2.6260,0.3085,0.00,0.0000,0.0000,0,0,0,140,240,0,0,0,0,0,1000.000
4780,2.6260,0.3085,0.00,0.0000,0.0000,0,0,0,140,240,0,0,0,0,0,1000.000
4790,2.6260,0.3085,0.00,0.0000,0.0000,0,0,0,140,240,0,0,0,0,0,1000.000
4800,2.6260,0.3085,0.00,0.0000,0.0000,0,0,0,140,240,0,0,0,0,0,1000.000
4810,2.6260,0.3085,0.00,0.0000,0.0000,0,0,0,140,240,0,0,0,0,0,1000.000
4820,2.6260,0.3085,0.00,0.0000,0.0000,0,0,0,140,240,0,0,0,0,0,1000.000
4830,2.6260,0.3085,0.00,0.0000,0.0000,0,0,0,140,240,0,0,0,0,0,1000.000
4840,2.6260,0.3085,0.00,0.0000,0.0000,0,0,0,140,240,0,0,0,0,0,1000.000
4850,2.6260,0.3085,0.00,0.0000,0.0000,0,0,0,140,240,0,0,0,0,0,1000.000
4860,2.6260,0.3085,0.00,0.0000,0.0000,0,0,0,140,240,0,0,0,0,0,1000.000
4870,2.6260,0.3085,0.00,0.0000,0.0000,0,0,0,140,240,0,0,0,0,0,1000.000
4880,2.6260,0.3085,0.00,0.0000,0.0000,0,0,0,140,240,0,0,0,0,0,1000.000
4890,2.6260,0.3085,0.00,0.0000,0.0000,0,0,0,140,240,0,0,0,0,0,1000.000
4900,2.6260,0.3085,0.00,0.0000,0.0000,0,0,0,140,240,0,0,0,0,0,1000.000
4910,2.6260,0.3085,0.00,0.0000,0.0000,0,0,0,140,240,0,0,0,0,0,1000.000
4920,2.6260,0.3085,0.00,0.0000,0.0000,0,0,0,140,240,0,0,0,0,0,1000.000
4930,2.6260,0.3085,0.00,0.0000,0.0000,0,0,0,140,240,0,0,0,0,0,1000.000
4940,2.6260,0.3085,0.00,0.0000,0.0000,0,0,0,140,240,0,0,0,0,0,1000.000
4950,2.6260,0.3085,0.00,0.0000,0.0000,0,0,0,140,240,0,0,0,0,0,1000.000
4960,2.6260,0.3085,0.00,0.0000,0.0000,0,0,0,140,240,0,0,0,0,0,1000.000
4970,2.6260,0.3085,0.00,0.0000,0.0000,0,0,0,140,240,0,0,0,0,0,1000.000
4980,2.6260,0.3085,0.00,0.0000,0.0000,0,0,0,140,240,0,0,0,0,0,1000.000
4990,2.6260,0.3085,0.00,0.0000,0.0000,0,0,0,140,240,0,0,0,0,0,1000.000
5000,2.6260,0.3085,0.00,0.0000,0.0000,0,1,0,140,240,0,0,0,0,0,1000.000
5010,2.6260,0.3085,0.00,0.0000,0.0000,0,1,0,140,240,0,0,0,0,0,1000.000
5020,2.6260,0.3085,0.00,0.0000,0.0000,0,1,0,140,240,0,0,0,0,0,1000.000
5030,2.6260,0.3085,0.00,0.0000,0.0000,0,1,0,140,240,0,0,0,0,0,1000.000
5040,2.6260,0.3085,0.00,0.0000,0.0000,0,1,0,140,240,0,0,0,0,0,1000.000
5050,2.6260,0.3085,0.00,0.0000,0.0000,0,1,0,140,240,0,0,0,0,0,1000.000
5060,2.6260,0.3085,0.00,0.0000,0.0000,0,1,0,140,240,0,0,0,0,0,1000.000
5070,2.6260,0.3085,0.00,0.0000,0.0000,0,1,0,140,240,0,0,0,0,0,1000.000
5080,2.6260,0.3085,0.00,0.0000,0.0000,0,1,0,140,240,0,0,0,0,0,1000.000
5090,2.6260,0.3085,0.00,0.0000,0.0000,0,1,0,140,240,0,0,0,0,0,1000.000
5100,2.6260,0.3085,0.00,0.0000,0.0000,0,1,0,140,240,0,0,0,0,0,1000.000
5110,2.6260,0.3085,0.00,0.0000,0.0000,0,1,0,140,240,0,0,0,0,0,1000.000
5120,2.6260,0.3085,0.00,0.0000,0.0000,0,1,0,140,240,0,0,0,0,0,1000.000
5130,2.6260,0.3085,0.00,0.0000,0.0000,0,1,0,140,240,0,0,0,0,0,1000.000
5140,2.6260,0.3085,0.00,0.0000,0.0000,0,1,0,140,240,0,0,0,0,0,1000.000
5150,2.6260,0.3085,0.00,0.0000,0.0000,0,1,0,140,240,0,0,0,0,0,1000.000
5160,2.6260,0.3085,0.00,0.0000,0.0000,0,1,0,140,240,0,0,0,0,0,1000.000
5170,2.6260,0.3085,0.00,0.0000,0.0000,0,1,0,140,240,0,0,0,0,0,1000.000
5180,2.6260,0.3085,0.00,0.0000,0.0000,0,1,0,140,240,0,0,0,0,0,1000.000
5190,2.6260,0.3085,0.00,0.0000,0.0000,0,1,0,140,240,0,0,0,0,0,1000.000
5200,2.6260,0.3085,0.00,0.0000,0.0000,0,1,0,140,240,0,0,0,0,0,1000.000
5210,2.6260,0.3085,0.00,0.0000,0.0000,0,1,0,140,240,0,0,0,0,0,1000.000
5220,2.6260,0.3085,0.00,0.0000,0.0000,0,1,0,140,240,0,0,0,0,0,1000.000
5230,2.6260,0.3085,0.00,0.0000,0.0000,0,1,0,140,240,0,0,0,0,0,1000.000
5240,2.6260,0.3085,0.00,0.0000,0.0000,0,1,0,140,240,0,0,0,0,0,1000.000
5250,2.6260,0.3085,0.00,0.0000,0.0000,0,1,0,140,240,0,0,0,0,0,1000.000
5260,2.6260,0.3085,0.00,0.0000,0.0000,0,1,0,140,240,0,0,0,0,0,1000.000
5270,2.6260,0.3085,0.00,0.0000,0.0000,0,1,0,140,240,0,0,0,0,0,1000.000
5280,2.6260,0.3085,0.00,0.0000,0.0000,0,1,0,140,240,0,0,0,0,0,1000.000
5290,2.6260,0.3085,0.00,0.0000,0.0000,0,1,0,140,240,0,0,0,0,0,1000.000
5300,2.6260,0.3085,0.00,0.0000,0.0000,0,1,0,140,240,0,0,0,0,0,1000.000
5310,2.6260,0.3085,0.00,0.0000,0.0000,0,1,0,140,240,0,0,0,0,0,1000.000
5320,2.6260,0.3085,0.00,0.0000,0.0000,0,1,0,140,240,0,0,0,0,0,1000.000
5330,2.6260,0.3085,0.00,0.0000,0.0000,0,1,0,140,240,0,0,0,0,0,1000.000
5340,2.6260,0.3085,0.00,0.0000,0.0000,0,1,0,140,240,0,0,0,0,0,1000.000
5350,2.6260,0.3085,0.00,0.0000,0.0000,0,2,0,140,240,0,75,0,0,0,1000.000
5360,2.6260,0.3086,0.00,0.0000,0.0000,0,2,0,140,240,0,75,0,0,0,1000.000
5370,2.6260,0.3089,0.00,0.0000,0.0000,0,2,0,140,240,0,75,0,0,0,1000.000
5380,2.6260,0.3094,0.00,0.0000,0.0000,0,2,0,140,240,0,75,0,0,0,1000.000
5390,2.6260,0.3101,0.00,0.0000,0.0000,0,2,0,140,240,0,75,0,0,0,1000.000
5400,2.6260,0.3109,0.00,0.0000,0.0000,0,2,0,140,240,0,75,0,0,0,1000.000
5410,2.6260,0.3120,0.00,0.0000,0.0000,0,2,0,140,240,0,75,0,0,0,1000.000
5420,2.6260,0.3133,0.00,0.0000,0.0000,0,2,0,140,240,0,75,0,0,0,1000.000
5430,2.6260,0.3148,0.00,0.0000,0.0000,0,2,0,140,240,0,75,0,0,0,1000.000
5440,2.6260,0.3165,0.00,0.0000,0.0000,0,2,0,140,240,0,75,0,0,0,1000.000
5450,2.6260,0.3183,0.00,0.0000,0.0000,0,2,0,140,240,0,75,0,0,0,1000.000
5460,2.6260,0.3204,0.00,0.0000,0.0000,0,2,0,140,240,0,75,0,0,0,1000.000
5470,2.6260,0.3227,0.00,0.0000,0.0000,0,2,0,140,240,0,75,0,0,0,1000.000
5480,2.6260,0.3252,0.00,0.0000,0.0000,0,2,0,140,240,0,75,0,0,0,1000.000
5490,2.6260,0.3279,0.00,0.0000,0.0000,0,2,0,140,240,0,75,0,0,0,1000.000
5500,2.6260,0.3307,0.00,0.0000,0.0000,0,2,0,140,240,0,75,0,0,0,1000.000
5510,2.6260,0.3338,0.00,0.0000,0.0000,0,2,0,140,240,0,75,0,0,0,1000.000
5520,2.6260,0.3371,0.00,0.0000,0.0000,0,2,0,140,240,0,75,0,0,0,1000.000
5530,2.6260,0.3406,0.00,0.0000,0.0000,0,2,0,140,240,0,75,0,0,0,1000.000
5540,2.6260,0.3442,0.00,0.0000,0.0000,0,2,0,140,240,0,75,0,0,0,1000.000
5550,2.6260,0.3481,0.00,0.0000,0.0000,0,2,0,140,240,0,75,0,0,0,1000.000
5560,2.6260,0.3522,0.00,0.0000,0.0000,0,2,0,140,240,0,75,0,0,0,1000.000
5570,2.6260,0.3564,0.00,0.0000,0.0000,0,2,0,140,240,0,75,0,0,0,1000.000
5580,2.6260,0.3609,0.00,0.0000,0.0000,0,2,0,140,240,0,75,0,0,0,1000.000
5590,2.6260,0.3656,0.00,0.0000,0.0000,0,2,0,140,240,0,75,0,0,0,1000.000
5600,2.6260,0.3704,0.00,2.6260,0.3765,0,3,0,139,240,0,150,0,0,0,1.370
5610,2.6260,0.3755,0.00,2.6260,0.3816,0,3,0,139,240,0,150,0,0,0,1.365
5620,2.6260,0.3808,0.00,2.6260,0.3868,0,3,0,139,240,0,150,0,0,0,1.360
5630,2.6260,0.3862,0.00,2.6260,0.3923,0,3,0,139,240,0,150,0,0,0,1.354
5640,2.6260,0.3919,0.00,2.6260,0.3980,0,3,0,139,240,0,150,0,0,0,1.349
5650,2.6260,0.3978,0.00,2.6260,0.4038,0,3,0,136,240,0,150,0,0,0,1.343
5660,2.6260,0.4038,0.00,2.6260,0.4099,0,3,0,136,240,0,150,0,0,0,1.337
5670,2.6260,0.4101,0.00,2.6260,0.4162,0,3,0,136,240,0,150,0,0,0,1.330
5680,2.6260,0.4165,0.00,2.6260,0.4226,0,3,0,136,240,0,150,0,0,0,1.324
5690,2.6260,0.4232,0.00,2.6260,0.4293,0,3,0,136,240,0,150,0,0,0,1.317
5700,2.6260,0.4301,0.00,2.6260,0.4361,0,3,0,133,240,0,150,0,0,0,1.310
5710,2.6260,0.4371,0.00,2.6260,0.4432,0,3,0,133,240,0,150,0,0,0,1.303
5720,2.6260,0.4444,0.00,2.6260,0.4505,0,3,0,133,240,0,150,0,0,0,1.296
5730,2.6260,0.4519,0.00,2.6260,0.4579,0,3,0,133,240,0,150,0,0,0,1.289
5740,2.6260,0.4595,0.00,2.6260,0.4656,0,3,0,133,240,0,150,0,0,0,1.281
5750,2.6260,0.4674,0.00,2.6260,0.4735,0,3,0,129,240,0,150,0,0,0,1.273
5760,2.6260,0.4755,0.00,2.6260,0.4815,0,3,0,129,240,0,150,0,0,0,1.265
5770,2.6260,0.4837,0.00,2.6260,0.4898,0,3,0,129,240,0,150,0,0,0,1.257
5780,2.6260,0.4922,0.00,2.6260,0.4983,0,3,0,129,240,0,150,0,0,0,1.248
5790,2.6260,0.5009,0.00,2.6260,0.5069,0,3,0,129,240,0,150,0,0,0,1.240
5800,2.6260,0.5097,0.00,2.6260,0.5158,0,3,0,125,240,0,150,0,0,0,1.231
5810,2.6260,0.5188,0.00,2.6260,0.5249,0,3,0,125,240,0,150,0,0,0,1.222
5820,2.6260,0.5280,0.00,2.6260,0.5341,0,3,0,125,240,0,150,0,0,0,1.212
5830,2.6260,0.5375,0.00,2.6260,0.5436,0,3,0,125,240,0,150,0,0,0,1.203
5840,2.6260,0.5472,0.00,2.6260,0.5532,0,3,0,125,240,0,150,0,0,0,1.193
5850,2.6260,0.5570,0.00,2.6260,0.5631,0,3,0,121,240,0,150,0,0,0,1.183
5860,2.6260,0.5671,0.00,2.6260,0.5732,0,3,0,121,240,0,150,0,0,0,1.173
5870,2.6260,0.5774,0.00,2.6260,0.5834,0,3,0,121,240,0,150,0,0,0,1.163
5880,2.6260,0.5878,0.00,2.6260,0.5939,0,3,0,121,240,0,150,0,0,0,1.153
5890,2.6260,0.5985,0.00,2.6260,0.6046,0,3,0,121,240,0,150,0,0,0,1.142
5900,2.6260,0.6094,0.00,2.6260,0.6154,0,3,0,115,240,0,150,0,0,0,1.131
5910,2.6260,0.6204,0.00,2.6260,0.6265,0,3,0,115,240,0,150,0,0,0,1.120
5920,2.6260,0.6317,0.00,2.6260,0.6378,0,3,0,115,240,0,150,0,0,0,1.109
5930,2.6260,0.6432,0.00,2.6260,0.6492,0,3,0,115,240,0,150,0,0,0,1.097
5940,2.6260,0.6548,0.00,2.6260,0.6609,0,3,0,115,240,0,150,0,0,0,1.086
5950,2.6260,0.6667,0.00,2.6260,0.6727,0,3,0,110,240,0,150,0,0,0,1.074
5960,2.6260,0.6786,0.00,2.6260,0.6847,0,3,0,110,240,0,150,0,0,0,1.062
5970,2.6260,0.6906,0.00,2.6260,0.6966,0,3,0,110,240,0,150,0,0,0,1.050
5980,2.6260,0.7025,0.00,2.6260,0.7086,0,3,0,110,240,0,150,0,0,0,1.038
5990,2.6260,0.7144,0.00,2.6260,0.7205,0,3,0,110,240,0,150,0,0,0,1.026
6000,2.6260,0.7264,0.00,2.6260,0.7324,0,3,0,104,240,0,150,0,0,0,1.014
6010,2.6260,0.7383,0.00,2.6260,0.7444,0,3,0,104,240,0,150,0,0,0,1.002
6020,2.6260,0.7502,0.00,2.6260,0.7563,0,3,0,104,240,0,150,0,0,0,0.990
6030,2.6260,0.7622,0.00,2.6260,0.7683,0,3,0,104,240,0,150,0,0,0,0.978
6040,2.6260,0.7741,0.00,2.6260,0.7802,0,3,0,104,240,0,150,0,0,0,0.966
6050,2.6260,0.7861,0.00,2.6260,0.7921,0,3,0,98,240,0,150,0,0,0,0.954
6060,2.6260,0.7980,0.00,2.6260,0.8041,0,3,0,98,240,0,75,0,0,0,0.942
6070,2.6260,0.8098,0.00,2.6260,0.8158,0,3,0,98,240,0,75,0,0,0,0.931
6080,2.6260,0.8213,0.00,2.6260,0.8274,0,3,0,98,240,0,75,0,0,0,0.919
6090,2.6260,0.8327,0.00,2.6260,0.8388,0,3,0,98,240,0,75,0,0,0,0.908
6100,2.6260,0.8439,0.00,2.6260,0.8499,0,3,0,92,240,0,75,0,0,0,0.897
6110,2.6260,0.8548,0.00,2.6260,0.8609,0,3,0,92,240,0,75,0,0,0,0.886
6120,2.6260,0.8656,0.00,2.6260,0.8717,0,3,0,92,240,0,75,0,0,0,0.875
6130,2.6260,0.8762,0.00,2.6260,0.8822,0,3,0,92,240,0,75,0,0,0,0.864
6140,2.6260,0.8865,0.00,2.6260,0.8926,0,3,0,92,240,0,75,0,0,0,0.854
6150,2.6260,0.8967,0.00,2.6260,0.9028,0,3,0,87,240,0,75,0,0,0,0.844
6160,2.6260,0.9067,0.00,2.6260,0.9127,0,3,0,87,240,0,75,0,0,0,0.834
6170,2.6260,0.9164,0.00,2.6260,0.9225,0,3,0,87,240,0,75,0,0,0,0.824
6180,2.6260,0.9260,0.00,2.6260,0.9321,0,3,0,87,240,0,75,0,0,0,0.814
6190,2.6260,0.9354,0.00,2.6260,0.9414,0,3,0,87,240,0,75,0,0,0,0.805
6200,2.6260,0.9445,0.00,2.6260,0.9506,0,3,0,82,240,0,75,0,0,0,0.796
6210,2.6260,0.9535,0.00,2.6260,0.9596,0,3,0,82,240,0,75,0,0,0,0.787
6220,2.6260,0.9623,0.00,2.6260,0.9683,0,3,0,82,240,0,75,0,0,0,0.778
6230,2.6260,0.9708,0.00,2.6260,0.9769,0,3,0,82,240,0,75,0,0,0,0.770
6240,2.6260,0.9792,0.00,2.6260,0.9853,0,3,0,82,240,0,75,0,0,0,0.761
6250,2.6260,0.9874,0.00,2.6260,0.9934,0,3,0,77,240,0,75,0,0,0,0.753
6260,2.6260,0.9953,0.00,2.6260,1.0014,0,3,0,77,240,0,75,0,0,0,0.745
6270,2.6260,1.0031,0.00,2.6260,1.0092,0,3,0,77,240,0,75,0,0,0,0.737
6280,2.6260,1.0107,0.00,2.6260,1.0168,0,3,0,77,240,0,75,0,0,0,0.730
6290,2.6260,1.0180,0.00,2.6260,1.0241,0,3,0,77,240,0,75,0,0,0,0.722
6300,2.6260,1.0252,0.00,2.6260,1.0313,0,3,0,74,240,0,75,0,0,0,0.715
6310,2.6260,1.0322,0.00,2.6260,1.0383,0,3,0,74,240,0,75,0,0,0,0.708
6320,2.6260,1.0390,0.00,2.6260,1.0450,0,3,0,74,240,0,75,0,0,0,0.701
6330,2.6260,1.0455,0.00,2.6260,1.0516,0,3,0,74,240,0,75,0,0,0,0.695
6340,2.6260,1.0519,0.00,2.6260,1.0580,0,3,0,74,240,0,75,0,0,0,0.689
6350,2.6260,1.0581,0.00,2.6260,1.0641,0,3,0,70,240,0,75,0,0,0,0.682
6360,2.6260,1.0641,0.00,2.6260,1.0701,0,3,0,70,240,0,75,0,0,0,0.676
6370,2.6260,1.0700,0.00,2.6260,1.0761,0,3,0,70,240,0,75,0,0,0,0.670
6380,2.6260,1.0760,0.00,2.6260,1.0821,0,3,0,70,240,0,75,0,0,0,0.664
6390,2.6260,1.0820,0.00,2.6260,1.0880,0,3,0,70,240,0,75,0,0,0,0.658
6400,2.6260,1.0879,0.00,2.6260,1.0940,0,3,0,67,45,0,75,0,0,0,0.653
6410,2.6260,1.0939,0.00,2.6260,1.1000,0,3,0,67,45,0,75,0,0,0,0.647
6420,2.6260,1.0999,0.00,2.6260,1.1059,0,3,0,67,45,0,75,0,0,0,0.641
6430,2.6260,1.1058,0.00,2.6260,1.1119,0,3,0,67,45,0,75,0,0,0,0.635
6440,2.6260,1.1118,0.00,2.6260,1.1179,0,3,0,67,45,0,75,0,0,0,0.629
6450,2.6260,1.1178,0.00,2.6260,1.1238,0,3,0,64,45,0,75,0,0,0,0.623
6460,2.6260,1.1237,0.00,2.6260,1.1298,0,3,0,64,45,0,75,0,0,0,0.617
6470,2.6260,1.1297,0.00,2.6260,1.1358,0,3,0,64,45,0,75,0,0,0,0.611
6480,2.6260,1.1357,0.00,2.6260,1.1418,0,3,0,64,45,0,75,0,0,0,0.605
6490,2.6260,1.1416,0.00,2.6260,1.1477,0,3,0,64,45,0,75,0,0,0,0.599
6500,2.6260,1.1476,0.00,2.6260,1.1537,0,3,0,61,45,0,75,0,0,0,0.593
6510,2.6260,1.1536,0.00,2.6260,1.1597,0,3,0,61,45,0,75,0,0,0,0.587
6520,2.6260,1.1596,0.00,2.6260,1.1656,0,3,0,61,45,0,75,0,0,0,0.581
6530,2.6260,1.1655,0.00,2.6260,1.1716,0,3,0,61,45,0,75,0,0,0,0.575
6540,2.6260,1.1715,0.00,2.6260,1.1776,0,3,0,61,45,0,75,0,0,0,0.569
6550,2.6260,1.1775,0.00,2.6260,1.1835,0,3,0,58,45,0,75,0,0,0,0.563
6560,2.6260,1.1834,0.00,2.6260,1.1895,0,3,0,58,45,0,75,0,0,0,0.557
6570,2.6260,1.1894,0.00,2.6260,1.1955,0,3,0,58,45,0,75,0,0,0,0.551
6580,2.6260,1.1954,0.00,2.6260,1.2014,0,3,0,58,45,0,75,0,0,0,0.545
6590,2.6260,1.2013,0.00,2.6260,1.2074,0,3,0,58,45,0,75,0,0,0,0.539
6600,2.6260,1.2073,0.00,2.6260,1.2134,0,3,0,55,235,0,75,0,0,0,0.533
6610,2.6260,1.2133,0.00,2.6260,1.2193,0,3,0,55,235,0,75,0,0,0,0.527
6620,2.6260,1.2192,0.00,2.6260,1.2253,0,3,0,55,235,0,75,0,0,0,0.521
6630,2.6260,1.2252,0.00,2.6260,1.2313,0,3,0,55,235,0,75,0,0,0,0.515
6640,2.6260,1.2312,0.00,2.6260,1.2373,0,3,0,55,235,0,75,0,0,0,0.509
6650,2.6260,1.2372,0.00,2.6260,1.2432,0,3,0,52,235,0,75,0,0,0,0.503
6660,2.6260,1.2431,0.00,2.6260,1.2492,0,3,0,52,235,0,75,0,0,0,0.497
6670,2.6260,1.2491,0.00,2.6260,1.2552,0,3,0,52,235,0,75,0,0,0,0.491
6680,2.6260,1.2551,0.00,2.6260,1.2611,0,3,0,52,235,0,75,0,0,0,0.485
6690,2.6260,1.2610,0.00,2.6260,1.2671,0,3,0,52,235,0,75,0,0,0,0.479
6700,2.6260,1.2670,0.00,2.6260,1.2731,0,3,0,50,235,0,75,0,0,0,0.473
6710,2.6260,1.2730,0.00,2.6260,1.2790,0,3,0,50,235,0,75,0,0,0,0.467
6720,2.6260,1.2789,0.00,2.6260,1.2850,0,3,0,50,235,0,75,0,0,0,0.461
6730,2.6260,1.2849,0.00,2.6260,1.2910,0,3,0,50,235,0,75,0,0,0,0.456
6740,2.6260,1.2909,0.00,2.6260,1.2969,0,3,0,50,235,0,75,0,0,0,0.450
6750,2.6260,1.2968,0.00,2.6260,1.3029,0,3,0,47,235,0,75,0,0,0,0.444
6760,2.6260,1.3028,0.00,2.6260,1.3089,0,3,0,47,235,0,75,0,0,0,0.438
6770,2.6260,1.3088,0.00,2.6260,1.3149,0,3,0,47,235,0,75,0,0,0,0.432
6780,2.6260,1.3147,0.00,2.6260,1.3208,0,3,0,47,235,0,75,0,0,0,0.426
6790,2.6260,1.3207,0.00,2.6260,1.3268,0,3,0,47,235,0,75,0,0,0,0.420
6800,2.6260,1.3267,0.00,2.6260,1.3328,0,3,0,44,235,0,75,0,0,0,0.414
6810,2.6260,1.3327,0.00,2.6260,1.3387,0,3,0,44,235,0,75,0,0,0,0.408
6820,2.6260,1.3386,0.00,2.6260,1.3447,0,3,0,44,235,0,75,0,0,0,0.402
6830,2.6260,1.3446,0.00,2.6260,1.3507,0,3,0,44,235,0,75,0,0,0,0.396
6840,2.6260,1.3506,0.00,2.6260,1.3566,0,3,0,44,235,0,75,0,0,0,0.390
6850,2.6260,1.3565,0.00,2.6260,1.3626,0,3,0,41,235,0,75,0,0,0,0.384
6860,2.6260,1.3625,0.00,2.6260,1.3686,0,3,0,41,235,0,75,0,0,0,0.378
6870,2.6260,1.3685,0.00,2.6260,1.3745,0,3,0,41,235,0,75,0,0,0,0.372
6880,2.6260,1.3744,0.00,2.6260,1.3805,0,3,0,41,235,0,75,0,0,0,0.366
6890,2.6260,1.3804,0.00,2.6260,1.3865,0,3,0,41,235,0,75,0,0,0,0.360
6900,2.6260,1.3864,0.00,2.6260,1.3924,0,3,0,38,235,0,75,0,0,0,0.354
6910,2.6260,1.3923,0.00,2.6260,1.3984,0,3,0,38,235,0,75,0,0,0,0.348
6920,2.6260,1.3983,0.00,2.6260,1.4044,0,3,0,38,235,0,75,0,0,0,0.342
6930,2.6260,1.4043,0.00,2.6260,1.4104,0,3,0,38,235,0,75,0,0,0,0.336
6940,2.6260,1.4103,0.00,2.6260,1.4163,0,3,0,38,235,0,75,0,0,0,0.330
6950,2.6260,1.4162,0.00,2.6260,1.4223,0,3,0,35,235,0,75,0,0,0,0.324
6960,2.6260,1.4222,0.00,2.6260,1.4283,0,3,0,35,235,0,75,0,0,0,0.318
6970,2.6260,1.4282,0.00,2.6260,1.4342,0,3,0,35,235,0,75,0,0,0,0.312
6980,2.6260,1.4341,0.00,2.6260,1.4402,0,3,0,35,235,0,75,0,0,0,0.306
6990,2.6260,1.4401,0.00,2.6260,1.4462,0,3,0,35,235,0,75,0,0,0,0.300
7000,2.6260,1.4461,0.00,2.6260,1.4521,0,3,0,32,235,0,75,0,0,0,0.294
7010,2.6260,1.4520,0.00,2.6260,1.4581,0,3,0,32,235,0,75,0,0,0,0.288
7020,2.6260,1.4580,0.00,2.6260,1.4641,0,3,0,32,235,0,75,0,0,0,0.282
7030,2.6260,1.4640,0.00,2.6260,1.4700,0,3,0,32,235,0,75,0,0,0,0.276
7040,2.6260,1.4699,0.00,2.6260,1.4760,0,3,0,32,235,0,75,0,0,0,0.270
7050,2.6260,1.4759,0.00,2.6260,1.4820,0,3,0,29,235,0,75,0,0,0,0.265
7060,2.6260,1.4819,0.00,2.6260,1.4880,0,3,0,29,235,0,75,0,0,0,0.259
7070,2.6260,1.4879,0.00,2.6260,1.4939,0,3,0,29,235,0,75,0,0,0,0.253
7080,2.6260,1.4938,0.00,2.6260,1.4999,0,3,0,29,235,0,75,0,0,0,0.247
7090,2.6260,1.4998,0.00,2.6260,1.5059,0,3,0,29,235,0,75,0,0,0,0.241
7100,2.6260,1.5058,0.00,2.6260,1.5118,0,3,0,26,235,0,75,0,0,0,0.235
7110,2.6260,1.5117,0.00,2.6260,1.5178,0,3,0,26,235,0,75,0,0,0,0.229
7120,2.6260,1.5177,0.00,2.6260,1.5238,0,3,0,26,235,0,75,0,0,0,0.223
7130,2.6260,1.5237,0.00,2.6260,1.5297,0,3,0,26,235,0,75,0,0,0,0.217
7140,2.6260,1.5296,0.00,2.6260,1.5357,0,3,0,26,235,0,75,0,0,0,0.211
7150,2.6260,1.5356,0.00,2.6260,1.5417,0,3,0,23,235,0,0,0,1,0,0.205
7160,2.6260,1.5415,0.00,2.6260,1.5475,0,3,0,23,235,0,0,0,1,0,0.199
7170,2.6260,1.5471,0.00,2.6260,1.5532,0,3,0,23,235,0,0,0,1,0,0.193
7180,2.6260,1.5526,0.00,2.6260,1.5587,0,3,0,23,235,0,65,0,1,0,0.188
7190,2.6260,1.5578,0.00,2.6260,1.5639,0,3,0,23,235,0,65,0,1,0,0.183
7200,2.6260,1.5629,0.00,2.6260,1.5690,0,3,0,20,235,0,0,0,1,0,0.178
7210,2.6260,1.5678,0.00,2.6260,1.5738,0,3,0,20,235,0,0,0,1,0,0.173
7220,2.6260,1.5724,0.00,2.6260,1.5785,0,3,0,20,235,0,53,0,1,0,0.168
7230,2.6260,1.5769,0.00,2.6260,1.5829,0,3,0,20,235,0,53,0,1,0,0.164
7240,2.6260,1.5811,0.00,2.6260,1.5872,0,3,0,20,235,0,53,0,1,0,0.159
7250,2.6260,1.5852,0.00,2.6260,1.5913,0,3,0,18,235,0,0,1,1,0,0.155
7260,2.6260,1.5891,0.00,2.6260,1.5951,0,3,0,18,235,0,44,1,1,0,0.151
7270,2.6260,1.5927,0.00,2.6260,1.5988,0,3,0,18,235,0,44,1,1,0,0.148
7280,2.6260,1.5962,0.00,2.6260,1.6022,1,3,0,18,235,0,0,0,0,0,1000.000
7290,2.6260,1.5994,0.00,2.6260,1.6055,1,3,0,18,235,0,0,0,0,0,1000.000
7300,2.6260,1.6025,0.00,2.6260,1.6086,1,3,0,16,235,0,0,0,0,0,1000.000
7310,2.6260,1.6053,0.00,2.6260,1.6114,1,3,0,16,235,0,0,0,0,0,1000.000
7320,2.6260,1.6080,0.00,2.6260,1.6141,1,3,0,16,235,0,0,0,0,0,1000.000
7330,2.6260,1.6105,0.00,2.6260,1.6165,1,3,0,16,235,0,0,0,0,0,1000.000
7340,2.6260,1.6127,0.00,2.6260,1.6188,1,3,0,16,235,0,0,0,0,0,1000.000
7350,2.6260,1.6148,0.00,2.6260,1.6209,1,3,0,15,235,0,0,0,0,0,1000.000
7360,2.6260,1.6166,0.00,2.6260,1.6227,1,3,0,15,235,0,0,0,0,0,1000.000
7370,2.6260,1.6183,0.00,2.6260,1.6244,1,3,0,15,235,0,0,0,0,0,1000.000
7380,2.6260,1.6198,0.00,2.6260,1.6258,1,3,0,15,235,0,0,0,0,0,1000.000
7390,2.6260,1.6210,0.00,2.6260,1.6271,1,3,0,15,235,0,0,0,0,0,1000.000
7400,2.6260,1.6221,0.00,2.6260,1.6282,1,3,0,14,235,0,0,0,0,0,1000.000
7410,2.6260,1.6229,0.00,2.6260,1.6290,1,3,0,14,235,0,0,0,0,0,1000.000
7420,2.6260,1.6236,0.00,2.6260,1.6297,1,3,0,14,235,0,0,0,0,0,1000.000
7430,2.6260,1.6241,0.00,2.6260,1.6301,1,3,0,14,235,0,0,0,0,0,1000.000
7440,2.6260,1.6243,0.00,2.6260,1.6304,1,3,0,14,235,0,0,0,0,0,1000.000
7450,2.6260,1.6244,0.00,2.6260,1.6305,1,3,0,14,235,0,0,0,0,0,1000.000
7460,2.6260,1.6244,0.00,2.6260,1.6305,1,3,0,14,235,0,0,0,0,0,1000.000
7470,2.6260,1.6244,0.00,2.6260,1.6305,1,3,0,14,235,0,0,0,0,0,1000.000
7480,2.6260,1.6244,0.00,2.6260,1.6305,1,3,0,14,235,0,0,0,0,0,1000.000
7490,2.6260,1.6244,0.00,2.6260,1.6305,1,3,0,14,235,0,0,0,0,0,1000.000
7500,2.6260,1.6244,0.00,2.6260,1.6305,1,3,0,14,235,0,0,0,0,0,1000.000
7510,2.6260,1.6244,0.00,2.6260,1.6305,1,3,0,14,235,0,0,0,0,0,1000.000
7520,2.6260,1.6244,0.00,2.6260,1.6305,1,3,0,14,235,0,0,0,0,0,1000.000
7530,2.6260,1.6244,0.00,2.6260,1.6305,1,3,0,14,235,0,0,0,0,0,1000.000
7540,2.6260,1.6244,0.00,2.6260,1.6305,1,3,0,14,235,0,0,0,0,0,1000.000
7550,2.6260,1.6244,0.00,2.6260,1.6305,1,3,0,14,235,0,0,0,0,0,1000.000
7560,2.6260,1.6244,0.00,2.6260,1.6305,1,3,0,14,235,0,0,0,0,0,1000.000
7570,2.6260,1.6244,0.00,2.6260,1.6305,1,3,0,14,235,0,0,0,0,0,1000.000
7580,2.6260,1.6244,0.00,2.6260,1.6305,1,3,0,14,235,0,0,0,0,0,1000.000
7590,2.6260,1.6244,0.00,2.6260,1.6305,1,3,0,14,235,0,0,0,0,0,1000.000
7600,2.6260,1.6244,0.00,2.6260,1.6305,1,3,0,14,235,0,0,0,0,0,1000.000
7610,2.6260,1.6244,0.00,2.6260,1.6305,1,3,0,14,235,0,0,0,0,0,1000.000
7620,2.6260,1.6244,0.00,2.6260,1.6305,1,3,0,14,235,0,0,0,0,0,1000.000
7630,2.6260,1.6244,0.00,2.6260,1.6305,1,3,0,14,235,0,0,0,0,0,1000.000
7640,2.6260,1.6244,0.00,2.6260,1.6305,1,3,0,14,235,0,0,0,0,0,1000.000
7650,2.6260,1.6244,0.00,2.6260,1.6305,1,3,0,14,235,0,0,0,0,0,1000.000
7660,2.6260,1.6244,0.00,2.6260,1.6305,1,3,0,14,235,0,0,0,0,0,1000.000
7670,2.6260,1.6244,0.00,2.6260,1.6305,1,3,0,14,235,0,0,0,0,0,1000.000
7680,2.6260,1.6244,0.00,2.6260,1.6305,1,3,0,14,235,-150,0,0,0,0,2.356
7690,2.6258,1.6244,0.00,2.6258,1.6305,1,3,0,14,235,-150,0,0,0,0,2.356
7700,2.6254,1.6244,0.00,2.6253,1.6305,1,3,0,14,235,-150,0,0,0,0,2.355
7710,2.6247,1.6244,0.00,2.6247,1.6305,1,3,0,14,235,-150,0,0,0,0,2.355
7720,2.6239,1.6244,0.00,2.6239,1.6305,1,3,0,14,235,-150,0,0,0,0,2.354
7730,2.6229,1.6244,0.00,2.6229,1.6305,1,3,0,14,235,-150,0,0,0,0,2.353
7740,2.6217,1.6244,0.00,2.6217,1.6305,1,3,0,14,235,-150,0,0,0,0,2.352
7750,2.6203,1.6244,0.00,2.6203,1.6305,1,3,0,14,235,-150,0,0,0,0,2.350
7760,2.6187,1.6244,0.00,2.6187,1.6305,1,3,0,14,235,-150,0,0,0,0,2.349
7770,2.6169,1.6244,0.00,2.6169,1.6305,1,3,0,14,235,-150,0,0,0,0,2.347
7780,2.6149,1.6244,0.00,2.6149,1.6305,1,3,0,14,235,-150,0,0,0,0,2.345
7790,2.6127,1.6244,0.00,2.6127,1.6305,1,3,0,14,235,-150,0,0,0,0,2.343
7800,2.6103,1.6244,0.00,2.6102,1.6305,1,3,0,14,234,-150,0,0,0,0,2.340
7810,2.6076,1.6244,0.00,2.6076,1.6305,1,3,0,14,234,-150,0,0,0,0,2.338
7820,2.6048,1.6244,0.00,2.6048,1.6305,1,3,0,14,234,-150,0,0,0,0,2.335
7830,2.6018,1.6244,0.00,2.6018,1.6305,1,3,0,14,234,-150,0,0,0,0,2.332
7840,2.5986,1.6244,0.00,2.5986,1.6305,1,3,0,14,234,-150,0,0,0,0,2.329
7850,2.5952,1.6244,0.00,2.5952,1.6305,1,3,0,14,232,-150,0,0,0,0,2.325
7860,2.5916,1.6244,0.00,2.5916,1.6305,1,3,0,14,232,-150,0,0,0,0,2.322
7870,2.5878,1.6244,0.00,2.5878,1.6305,1,3,0,14,232,-150,0,0,0,0,2.318
7880,2.5838,1.6244,0.00,2.5838,1.6305,1,3,0,14,232,-150,0,0,0,0,2.314
7890,2.5796,1.6244,0.00,2.5796,1.6305,1,3,0,14,232,-150,0,0,0,0,2.310
7900,2.5752,1.6244,0.00,2.5752,1.6305,1,3,0,14,230,-150,0,0,0,0,2.305
7910,2.5705,1.6244,0.00,2.5705,1.6305,1,3,0,14,230,-150,0,0,0,0,2.301
7920,2.5657,1.6244,0.00,2.5657,1.6305,1,3,0,14,230,-150,0,0,0,0,2.296
7930,2.5607,1.6244,0.00,2.5607,1.6305,1,3,0,14,230,-150,0,0,0,0,2.291
7940,2.5555,1.6244,0.00,2.5555,1.6305,1,3,0,14,230,-150,0,0,0,0,2.286
7950,2.5501,1.6244,0.00,2.5501,1.6305,1,3,0,14,228,-150,0,0,0,0,2.280
7960,2.5445,1.6244,0.00,2.5445,1.6305,1,3,0,14,228,-150,0,0,0,0,2.274
7970,2.5387,1.6244,0.00,2.5387,1.6305,1,3,0,14,228,-150,0,0,0,0,2.269
7980,2.5327,1.6244,0.00,2.5327,1.6305,1,3,0,14,228,-150,0,0,0,0,2.263
7990,2.5265,1.6244,0.00,2.5265,1.6305,1,3,0,14,228,-150,0,0,0,0,2.256
8000,2.5201,1.6244,0.00,2.5201,1.6305,1,3,0,14,225,-150,0,0,0,0,2.250
8010,2.5134,1.6244,0.00,2.5134,1.6305,1,3,0,14,225,-150,0,0,0,0,2.243
8020,2.5066,1.6244,0.00,2.5066,1.6305,1,3,0,14,225,-150,0,0,0,0,2.237
8030,2.4996,1.6244,0.00,2.4996,1.6305,1,3,0,14,225,-150,0,0,0,0,2.230
8040,2.4924,1.6244,0.00,2.4924,1.6305,1,3,0,14,225,-150,0,0,0,0,2.222
8050,2.4850,1.6244,0.00,2.4850,1.6305,1,3,0,14,221,-150,0,0,0,0,2.215
8060,2.4774,1.6244,0.00,2.4774,1.6305,1,3,0,14,221,-150,0,0,0,0,2.207
8070,2.4696,1.6244,0.00,2.4696,1.6305,1,3,0,14,221,-150,0,0,0,0,2.200
8080,2.4616,1.6244,0.00,2.4616,1.6305,1,3,0,14,221,-150,0,0,0,0,2.192
8090,2.4534,1.6244,0.00,2.4534,1.6305,1,3,0,14,221,-150,0,0,0,0,2.183
8100,2.4450,1.6244,0.00,2.4449,1.6305,1,3,0,14,217,-150,0,0,0,0,2.175
8110,2.4363,1.6244,0.00,2.4363,1.6305,1,3,0,14,217,-150,0,0,0,0,2.166
8120,2.4275,1.6244,0.00,2.4275,1.6305,1,3,0,14,217,-150,0,0,0,0,2.158
8130,2.4185,1.6244,0.00,2.4185,1.6305,1,3,0,14,217,-150,0,0,0,0,2.149
8140,2.4093,1.6244,0.00,2.4093,1.6305,1,3,0,14,217,-150,0,0,0,0,2.139
8150,2.3999,1.6244,0.00,2.3999,1.6305,1,3,0,14,213,-150,0,0,0,0,2.130
8160,2.3903,1.6244,0.00,2.3903,1.6305,1,3,0,14,213,-150,0,0,0,0,2.120
8170,2.3805,1.6244,0.00,2.3805,1.6305,1,3,0,14,213,-150,0,0,0,0,2.110
8180,2.3705,1.6244,0.00,2.3705,1.6305,1,3,0,14,213,-150,0,0,0,0,2.100
8190,2.3603,1.6244,0.00,2.3603,1.6305,1,3,0,14,213,-150,0,0,0,0,2.090
8200,2.3498,1.6244,0.00,2.3498,1.6305,1,3,0,14,208,-150,0,0,0,0,2.080
8210,2.3392,1.6244,0.00,2.3392,1.6305,1,3,0,14,208,-150,0,0,0,0,2.069
8220,2.3284,1.6244,0.00,2.3284,1.6305,1,3,0,14,208,-150,0,0,0,0,2.058
8230,2.3174,1.6244,0.00,2.3174,1.6305,1,3,0,14,208,-150,0,0,0,0,2.047
8240,2.3062,1.6244,0.00,2.3062,1.6305,1,3,0,14,208,-150,0,0,0,0,2.036
8250,2.2948,1.6244,0.00,2.2948,1.6305,1,3,0,14,202,-150,0,0,0,0,2.025
8260,2.2832,1.6244,0.00,2.2832,1.6305,1,3,0,14,202,-150,0,0,0,0,2.013
8270,2.2714,1.6244,0.00,2.2714,1.6305,1,3,0,14,202,-150,0,0,0,0,2.001
8280,2.2594,1.6244,0.00,2.2594,1.6305,1,3,0,14,202,-150,0,0,0,0,1.989
8290,2.2475,1.6244,0.00,2.2475,1.6305,1,3,0,14,202,-150,0,0,0,0,1.978
8300,2.2356,1.6244,0.00,2.2356,1.6305,1,3,0,14,196,-150,0,0,0,0,1.966
8310,2.2236,1.6244,0.00,2.2236,1.6305,1,3,0,14,196,-150,0,0,0,0,1.954
8320,2.2117,1.6244,0.00,2.2117,1.6305,1,3,0,14,196,-150,0,0,0,0,1.942
8330,2.1998,1.6244,0.00,2.1998,1.6305,1,3,0,14,196,-150,0,0,0,0,1.930
8340,2.1878,1.6244,0.00,2.1878,1.6305,1,3,0,14,196,-150,0,0,0,0,1.918
8350,2.1759,1.6244,0.00,2.1759,1.6305,1,3,0,14,190,-150,0,0,0,0,1.906
8360,2.1639,1.6244,0.00,2.1639,1.6305,1,3,0,14,190,-150,0,0,0,0,1.894
8370,2.1520,1.6244,0.00,2.1520,1.6305,1,3,0,14,190,-150,0,0,0,0,1.882
8380,2.1401,1.6244,0.00,2.1401,1.6305,1,3,0,14,190,-150,0,0,0,0,1.870
8390,2.1281,1.6244,0.00,2.1281,1.6305,1,3,0,14,190,-150,0,0,0,0,1.858
8400,2.1162,1.6244,0.00,2.1162,1.6305,1,3,0,14,184,-150,0,0,0,0,1.846
8410,2.1042,1.6244,0.00,2.1042,1.6305,1,3,0,14,184,-150,0,0,0,0,1.834
8420,2.0923,1.6244,0.00,2.0923,1.6305,1,3,0,14,184,-150,0,0,0,0,1.822
8430,2.0804,1.6244,0.00,2.0804,1.6305,1,3,0,14,184,-150,0,0,0,0,1.810
8440,2.0684,1.6244,0.00,2.0684,1.6305,1,3,0,14,184,-150,0,0,0,0,1.798
8450,2.0565,1.6244,0.00,2.0565,1.6305,1,3,0,14,178,-150,0,0,0,0,1.786
8460,2.0446,1.6244,0.00,2.0446,1.6305,1,3,0,14,178,-150,0,0,0,0,1.775
8470,2.0326,1.6244,0.00,2.0326,1.6305,1,3,0,14,178,-150,0,0,0,0,1.763
8480,2.0207,1.6244,0.00,2.0207,1.6305,1,3,0,14,178,-150,0,0,0,0,1.751
8490,2.0087,1.6244,0.00,2.0087,1.6305,1,3,0,14,178,-150,0,0,0,0,1.739
8500,1.9968,1.6244,0.00,1.9968,1.6305,1,3,0,14,172,-150,0,0,0,0,1.727
8510,1.9849,1.6244,0.00,1.9849,1.6305,1,3,0,14,172,-150,0,0,0,0,1.715
8520,1.9729,1.6244,0.00,1.9729,1.6305,1,3,0,14,172,-150,0,0,0,0,1.703
8530,1.9610,1.6244,0.00,1.9610,1.6305,1,3,0,14,172,-150,0,0,0,0,1.691
8540,1.9491,1.6244,0.00,1.9491,1.6305,1,3,0,14,172,-150,0,0,0,0,1.679
8550,1.9371,1.6244,0.00,1.9371,1.6305,1,3,0,14,166,-150,0,0,0,0,1.667
8560,1.9252,1.6244,0.00,1.9252,1.6305,1,3,0,14,166,-150,0,0,0,0,1.655
8570,1.9132,1.6244,0.00,1.9132,1.6305,1,3,0,14,166,-150,0,0,0,0,1.643
8580,1.9013,1.6244,0.00,1.9013,1.6305,1,3,0,14,166,-150,0,0,0,0,1.631
8590,1.8894,1.6244,0.00,1.8894,1.6305,1,3,0,14,166,-150,0,0,0,0,1.619
8600,1.8774,1.6244,0.00,1.8774,1.6305,1,3,0,14,160,-150,0,0,0,0,1.607
8610,1.8655,1.6244,0.00,1.8655,1.6305,1,3,0,14,160,-150,0,0,0,0,1.595
8620,1.8535,1.6244,0.00,1.8535,1.6305,1,3,0,14,160,-150,0,0,0,0,1.584
8630,1.8416,1.6244,0.00,1.8416,1.6305,1,3,0,14,160,-150,0,0,0,0,1.572
8640,1.8297,1.6244,0.00,1.8297,1.6305,1,3,0,14,160,-150,0,0,0,0,1.560
8650,1.8177,1.6244,0.00,1.8177,1.6305,1,3,0,14,154,-150,0,0,0,0,1.548
8660,1.8058,1.6244,0.00,1.8058,1.6305,1,3,0,14,154,-150,0,0,0,0,1.536
8670,1.7939,1.6244,0.00,1.7939,1.6305,1,3,0,14,154,-150,0,0,0,0,1.524
8680,1.7819,1.6244,0.00,1.7819,1.6305,1,3,0,14,154,-150,0,0,0,0,1.512
8690,1.7700,1.6244,0.00,1.7700,1.6305,1,3,0,14,154,-150,0,0,0,0,1.500
8700,1.7580,1.6244,0.00,1.7580,1.6305,1,3,0,14,149,-150,0,0,0,0,1.488
8710,1.7461,1.6244,0.00,1.7461,1.6305,1,3,0,14,149,-150,0,0,0,0,1.476
8720,1.7342,1.6244,0.00,1.7342,1.6305,1,3,0,14,149,-150,0,0,0,0,1.464
8730,1.7222,1.6244,0.00,1.7222,1.6305,1,3,0,14,149,-150,0,0,0,0,1.452
8740,1.7103,1.6244,0.00,1.7103,1.6305,1,3,0,14,149,-150,0,0,0,0,1.440
8750,1.6984,1.6244,0.00,1.6984,1.6305,1,3,0,14,143,-150,0,0,0,0,1.428
8760,1.6864,1.6244,0.00,1.6864,1.6305,1,3,0,14,143,-150,0,0,0,0,1.416
8770,1.6745,1.6244,0.00,1.6745,1.6305,1,3,0,14,143,-150,0,0,0,0,1.404
8780,1.6625,1.6244,0.00,1.6625,1.6305,1,3,0,14,143,-150,0,0,0,0,1.393
8790,1.6506,1.6244,0.00,1.6506,1.6305,1,3,0,14,143,-150,0,0,0,0,1.381
8800,1.6387,1.6244,0.00,1.6387,1.6305,1,3,0,14,137,-150,0,0,0,0,1.369
8810,1.6267,1.6244,0.00,1.6267,1.6305,1,3,0,14,137,-150,0,0,0,0,1.357
8820,1.6148,1.6244,0.00,1.6148,1.6305,1,3,0,14,137,-150,0,0,0,0,1.345
8830,1.6029,1.6244,0.00,1.6029,1.6305,1,3,0,14,137,-150,0,0,0,0,1.333
8840,1.5909,1.6244,0.00,1.5909,1.6305,1,3,0,14,137,-150,0,0,0,0,1.321
8850,1.5790,1.6244,0.00,1.5790,1.6305,1,3,0,14,131,-150,0,0,0,0,1.309
8860,1.5670,1.6244,0.00,1.5670,1.6305,1,3,0,14,131,-150,0,0,0,0,1.297
8870,1.5551,1.6244,0.00,1.5551,1.6305,1,3,0,14,131,-150,0,0,0,0,1.285
8880,1.5432,1.6244,0.00,1.5432,1.6305,1,3,0,14,131,-150,0,0,0,0,1.273
8890,1.5312,1.6244,0.00,1.5312,1.6305,1,3,0,14,131,-150,0,0,0,0,1.261
8900,1.5193,1.6244,0.00,1.5193,1.6305,1,3,0,14,125,-150,0,0,0,0,1.249
8910,1.5073,1.6244,0.00,1.5073,1.6305,1,3,0,14,125,-150,0,0,0,0,1.237
8920,1.4954,1.6244,0.00,1.4954,1.6305,1,3,0,14,125,-150,0,0,0,0,1.225
8930,1.4835,1.6244,0.00,1.4835,1.6305,1,3,0,14,125,-150,0,0,0,0,1.213
8940,1.4715,1.6244,0.00,1.4715,1.6305,1,3,0,14,125,-150,0,0,0,0,1.202
8950,1.4596,1.6244,0.00,1.4596,1.6305,1,3,0,14,119,-150,0,0,0,0,1.190
8960,1.4477,1.6244,0.00,1.4477,1.6305,1,3,0,14,119,-150,0,0,0,0,1.178
8970,1.4357,1.6244,0.00,1.4357,1.6305,1,3,0,14,119,-150,0,0,0,0,1.166
8980,1.4238,1.6244,0.00,1.4238,1.6305,1,3,0,14,119,-150,0,0,0,0,1.154
8990,1.4118,1.6244,0.00,1.4118,1.6305,1,3,0,14,119,-150,0,0,0,0,1.142
9000,1.3999,1.6244,0.00,1.3999,1.6305,1,3,0,14,113,-150,0,0,0,0,1.130
9010,1.3880,1.6244,0.00,1.3880,1.6305,1,3,0,14,113,-150,0,0,0,0,1.118
9020,1.3760,1.6244,0.00,1.3760,1.6305,1,3,0,14,113,-150,0,0,0,0,1.106
9030,1.3641,1.6244,0.00,1.3641,1.6305,1,3,0,14,113,-150,0,0,0,0,1.094
9040,1.3522,1.6244,0.00,1.3522,1.6305,1,3,0,14,113,-150,0,0,0,0,1.082
9050,1.3402,1.6244,0.00,1.3402,1.6305,1,3,0,14,107,-150,0,0,0,0,1.070
9060,1.3283,1.6244,0.00,1.3283,1.6305,1,3,0,14,107,-150,0,0,0,0,1.058
9070,1.3163,1.6244,0.00,1.3163,1.6305,1,3,0,14,107,-75,0,0,0,0,1.046
9080,1.3046,1.6244,0.00,1.3046,1.6305,1,3,0,14,107,-75,0,0,0,0,1.035
9090,1.2930,1.6244,0.00,1.2930,1.6305,1,3,0,14,107,-75,0,0,0,0,1.023
9100,1.2816,1.6244,0.00,1.2816,1.6305,1,3,0,14,101,-75,0,0,0,0,1.012
9110,1.2705,1.6244,0.00,1.2705,1.6305,1,3,0,14,101,-75,0,0,0,0,1.000
9120,1.2595,1.6244,0.00,1.2595,1.6305,1,3,0,14,101,-75,0,0,0,0,0.990
9130,1.2487,1.6244,0.00,1.2487,1.6305,1,3,0,14,101,-75,0,0,0,0,0.979
9140,1.2382,1.6244,0.00,1.2382,1.6305,1,3,0,14,101,-75,0,0,0,0,0.968
9150,1.2278,1.6244,0.00,1.2278,1.6305,1,3,0,14,95,-75,0,0,0,0,0.958
9160,1.2176,1.6244,0.00,1.2176,1.6305,1,3,0,14,95,-75,0,0,0,0,0.948
9170,1.2077,1.6244,0.00,1.2077,1.6305,1,3,0,14,95,-75,0,0,0,0,0.938
9180,1.1979,1.6244,0.00,1.1979,1.6305,1,3,0,14,95,-75,0,0,0,0,0.928
9190,1.1883,1.6244,0.00,1.1883,1.6305,1,3,0,14,95,-75,0,0,0,0,0.918
9200,1.1790,1.6244,0.00,1.1790,1.6305,1,3,0,14,91,-75,0,0,0,0,0.909
9210,1.1698,1.6244,0.00,1.1698,1.6305,1,3,0,14,91,-75,0,0,0,0,0.900
9220,1.1608,1.6244,0.00,1.1608,1.6305,1,3,0,14,91,-75,0,0,0,0,0.891
9230,1.1521,1.6244,0.00,1.1521,1.6305,1,3,0,14,91,-75,0,0,0,0,0.882
9240,1.1435,1.6244,0.00,1.1435,1.6305,1,3,0,14,91,-75,0,0,0,0,0.873
9250,1.1351,1.6244,0.00,1.1351,1.6305,1,3,0,14,86,-75,0,0,0,0,0.865
9260,1.1270,1.6244,0.00,1.1270,1.6305,1,3,0,14,86,-75,0,0,0,0,0.857
9270,1.1190,1.6244,0.00,1.1190,1.6305,1,3,0,14,86,-75,0,0,0,0,0.849
9280,1.1112,1.6244,0.00,1.1112,1.6305,1,3,0,14,86,-75,0,0,0,0,0.841
9290,1.1037,1.6244,0.00,1.1037,1.6305,1,3,0,14,86,-75,0,0,0,0,0.834
9300,1.0963,1.6244,0.00,1.0963,1.6305,1,3,0,14,82,-75,0,0,0,0,0.826
9310,1.0891,1.6244,0.00,1.0891,1.6305,1,3,0,14,82,-75,0,0,0,0,0.819
9320,1.0821,1.6244,0.00,1.0821,1.6305,1,3,0,14,82,-75,0,0,0,0,0.812
9330,1.0754,1.6244,0.00,1.0754,1.6305,1,3,0,14,82,-75,0,0,0,0,0.805
9340,1.0688,1.6244,0.00,1.0688,1.6305,1,3,0,14,82,-75,0,0,0,0,0.799
9350,1.0624,1.6244,0.00,1.0624,1.6305,1,3,0,14,79,-75,0,0,0,0,0.792
9360,1.0563,1.6244,0.00,1.0563,1.6305,1,3,0,14,79,-75,0,0,0,0,0.786
9370,1.0503,1.6244,0.00,1.0503,1.6305,1,3,0,14,79,-75,0,0,0,0,0.780
9380,1.0443,1.6244,0.00,1.0443,1.6305,1,3,0,14,79,-75,0,0,0,0,0.774
9390,1.0383,1.6244,0.00,1.0383,1.6305,1,3,0,14,79,-75,0,0,0,0,0.768
9400,1.0324,1.6244,0.00,1.0324,1.6305,1,3,0,14,76,-75,0,0,0,0,0.762
9410,1.0264,1.6244,0.00,1.0264,1.6305,1,3,0,14,76,-75,0,0,0,0,0.756
9420,1.0204,1.6244,0.00,1.0204,1.6305,1,3,0,14,76,-75,0,0,0,0,0.750
9430,1.0145,1.6244,0.00,1.0145,1.6305,1,3,0,14,76,-75,0,0,0,0,0.744
9440,1.0085,1.6244,0.00,1.0085,1.6305,1,3,0,14,76,-75,0,0,0,0,0.738
9450,1.0025,1.6244,0.00,1.0025,1.6305,1,3,0,14,73,-75,0,0,0,0,0.733
9460,0.9966,1.6244,0.00,0.9966,1.6305,1,3,0,14,73,-75,0,0,0,0,0.727
9470,0.9906,1.6244,0.00,0.9906,1.6305,1,3,0,14,73,-75,0,0,0,0,0.721
9480,0.9846,1.6244,0.00,0.9846,1.6305,1,3,0,14,73,-75,0,0,0,0,0.715
9490,0.9787,1.6244,0.00,0.9787,1.6305,1,3,0,14,73,-75,0,0,0,0,0.709
9500,0.9727,1.6244,0.00,0.9727,1.6305,1,3,0,14,70,-75,0,0,0,0,0.703
9510,0.9667,1.6244,0.00,0.9667,1.6305,1,3,0,14,70,-75,0,0,0,0,0.697
9520,0.9607,1.6244,0.00,0.9607,1.6305,1,3,0,14,70,-75,0,0,0,0,0.691
9530,0.9548,1.6244,0.00,0.9548,1.6305,1,3,0,14,70,-75,0,0,0,0,0.685
9540,0.9488,1.6244,0.00,0.9488,1.6305,1,3,0,14,70,-75,0,0,0,0,0.679
9550,0.9428,1.6244,0.00,0.9428,1.6305,1,3,0,14,67,-75,0,0,0,0,0.673
9560,0.9369,1.6244,0.00,0.9369,1.6305,1,3,0,14,67,-75,0,0,0,0,0.667
9570,0.9309,1.6244,0.00,0.9309,1.6305,1,3,0,14,67,-75,0,0,0,0,0.661
9580,0.9249,1.6244,0.00,0.9249,1.6305,1,3,0,14,67,-75,0,0,0,0,0.655
9590,0.9190,1.6244,0.00,0.9190,1.6305,1,3,0,14,67,-75,0,0,0,0,0.649
9600,0.9130,1.6244,0.00,0.9130,1.6305,1,3,0,114,64,-75,0,0,0,0,0.643
9610,0.9070,1.6244,0.00,0.9070,1.6305,1,3,0,114,64,-75,0,0,0,0,0.637
9620,0.9011,1.6244,0.00,0.9011,1.6305,1,3,0,114,64,-75,0,0,0,0,0.631
9630,0.8951,1.6244,0.00,0.8951,1.6305,1,3,0,114,64,-75,0,0,0,0,0.625
9640,0.8891,1.6244,0.00,0.8891,1.6305,1,3,0,114,64,-75,0,0,0,0,0.619
9650,0.8831,1.6244,0.00,0.8831,1.6305,1,3,0,114,61,-75,0,0,0,0,0.613
9660,0.8772,1.6244,0.00,0.8772,1.6305,1,3,0,114,61,-75,0,0,0,0,0.607
9670,0.8712,1.6244,0.00,0.8712,1.6305,1,3,0,114,61,-75,0,0,0,0,0.601
9680,0.8652,1.6244,0.00,0.8652,1.6305,1,3,0,114,61,-75,0,0,0,0,0.595
9690,0.8593,1.6244,0.00,0.8593,1.6305,1,3,0,114,61,-75,0,0,0,0,0.589
9700,0.8533,1.6244,0.00,0.8533,1.6305,1,3,0,114,58,-75,0,0,0,0,0.583
9710,0.8473,1.6244,0.00,0.8473,1.6305,1,3,0,114,58,-75,0,0,0,0,0.577
9720,0.8414,1.6244,0.00,0.8414,1.6305,1,3,0,114,58,-75,0,0,0,0,0.571
9730,0.8354,1.6244,0.00,0.8354,1.6305,1,3,0,114,58,-75,0,0,0,0,0.565
9740,0.8294,1.6244,0.00,0.8294,1.6305,1,3,0,114,58,-75,0,0,0,0,0.559
9750,0.8235,1.6244,0.00,0.8235,1.6305,1,3,0,114,55,-75,0,0,0,0,0.553
9760,0.8175,1.6244,0.00,0.8175,1.6305,1,3,0,114,55,-75,0,0,0,0,0.547
9770,0.8115,1.6244,0.00,0.8115,1.6305,1,3,0,114,55,-75,0,0,0,0,0.542
9780,0.8056,1.6244,0.00,0.8056,1.6305,1,3,0,114,55,-75,0,0,0,0,0.536
9790,0.7996,1.6244,0.00,0.7996,1.6305,1,3,0,114,55,-75,0,0,0,0,0.530
9800,0.7936,1.6244,0.00,0.7936,1.6305,1,3,0,114,52,-75,0,0,0,0,0.524
9810,0.7876,1.6244,0.00,0.7876,1.6305,1,3,0,114,52,-75,0,0,0,0,0.518
9820,0.7817,1.6244,0.00,0.7817,1.6305,1,3,0,114,52,-75,0,0,0,0,0.512
9830,0.7757,1.6244,0.00,0.7757,1.6305,1,3,0,114,52,-75,0,0,0,0,0.506
9840,0.7697,1.6244,0.00,0.7697,1.6305,1,3,0,114,52,-75,0,0,0,0,0.500
9850,0.7638,1.6244,0.00,0.7638,1.6305,1,3,0,114,49,-75,0,0,0,0,0.494
9860,0.7578,1.6244,0.00,0.7578,1.6305,1,3,0,114,49,-75,0,0,0,0,0.488
9870,0.7518,1.6244,0.00,0.7518,1.6305,1,3,0,114,49,-75,0,0,0,0,0.482
9880,0.7459,1.6244,0.00,0.7459,1.6305,1,3,0,114,49,-75,0,0,0,0,0.476
9890,0.7399,1.6244,0.00,0.7399,1.6305,1,3,0,114,49,-75,0,0,0,0,0.470
9900,0.7339,1.6244,0.00,0.7339,1.6305,1,3,0,114,46,-75,0,0,0,0,0.464
9910,0.7280,1.6244,0.00,0.7280,1.6305,1,3,0,114,46,-75,0,0,0,0,0.458
9920,0.7220,1.6244,0.00,0.7220,1.6305,1,3,0,114,46,-75,0,0,0,0,0.452
9930,0.7160,1.6244,0.00,0.7160,1.6305,1,3,0,114,46,-75,0,0,0,0,0.446
9940,0.7100,1.6244,0.00,0.7100,1.6305,1,3,0,114,46,-75,0,0,0,0,0.440
9950,0.7041,1.6244,0.00,0.7041,1.6305,1,3,0,114,43,-75,0,0,0,0,0.434
9960,0.6981,1.6244,0.00,0.6981,1.6305,1,3,0,114,43,-75,0,0,0,0,0.428
9970,0.6921,1.6244,0.00,0.6921,1.6305,1,3,0,114,43,-75,0,0,0,0,0.422
9980,0.6862,1.6244,0.00,0.6862,1.6305,1,3,0,114,43,-75,0,0,0,0,0.416
9990,0.6802,1.6244,0.00,0.6802,1.6305,1,3,0,114,43,-75,0,0,0,0,0.410
10000,0.6742,1.6244,0.00,0.6742,1.6305,1,3,0,114,40,-75,0,0,0,0,0.404
10010,0.6683,1.6244,0.00,0.6683,1.6305,1,3,0,114,40,-75,0,0,0,0,0.398
10020,0.6623,1.6244,0.00,0.6623,1.6305,1,3,0,114,40,-75,0,0,0,0,0.392
10030,0.6563,1.6244,0.00,0.6563,1.6305,1,3,0,114,40,-75,0,0,0,0,0.386
10040,0.6504,1.6244,0.00,0.6504,1.6305,1,3,0,114,40,-75,0,0,0,0,0.380
10050,0.6444,1.6244,0.00,0.6444,1.6305,1,3,0,114,37,-75,0,0,0,0,0.374
10060,0.6384,1.6244,0.00,0.6384,1.6305,1,3,0,114,37,-75,0,0,0,0,0.368
10070,0.6325,1.6244,0.00,0.6325,1.6305,1,3,0,114,37,-75,0,0,0,0,0.362
10080,0.6265,1.6244,0.00,0.6265,1.6305,1,3,0,114,37,-75,0,0,0,0,0.356
10090,0.6205,1.6244,0.00,0.6205,1.6305,1,3,0,114,37,-75,0,0,0,0,0.351
10100,0.6145,1.6244,0.00,0.6145,1.6305,1,3,0,114,34,-75,0,0,0,0,0.345
10110,0.6086,1.6244,0.00,0.6086,1.6305,1,3,0,114,34,-75,0,0,0,0,0.339
10120,0.6026,1.6244,0.00,0.6026,1.6305,1,3,0,114,34,-75,0,0,0,0,0.333
10130,0.5966,1.6244,0.00,0.5966,1.6305,1,3,0,114,34,-75,0,0,0,0,0.327
10140,0.5907,1.6244,0.00,0.5907,1.6305,1,3,0,114,34,-75,0,0,0,0,0.321
10150,0.5847,1.6244,0.00,0.5847,1.6305,1,3,0,114,31,-75,0,0,0,0,0.315
10160,0.5787,1.6244,0.00,0.5787,1.6305,1,3,0,114,31,-75,0,0,0,0,0.309
10170,0.5728,1.6244,0.00,0.5728,1.6305,1,3,0,114,31,-75,0,0,0,0,0.303
10180,0.5668,1.6244,0.00,0.5668,1.6305,1,3,0,114,31,-75,0,0,0,0,0.297
10190,0.5608,1.6244,0.00,0.5608,1.6305,1,3,0,114,31,-75,0,0,0,0,0.291
10200,0.5549,1.6244,0.00,0.5549,1.6305,1,3,0,114,28,-75,0,0,0,0,0.285
10210,0.5489,1.6244,0.00,0.5489,1.6305,1,3,0,114,28,-75,0,0,0,0,0.279
10220,0.5429,1.6244,0.00,0.5429,1.6305,1,3,0,114,28,-75,0,0,0,0,0.273
10230,0.5369,1.6244,0.00,0.5369,1.6305,1,3,0,114,28,-75,0,0,0,0,0.267
10240,0.5310,1.6244,0.00,0.5310,1.6305,1,3,0,114,28,-75,0,0,0,0,0.261
10250,0.5250,1.6244,0.00,0.5250,1.6305,1,3,0,114,25,-75,0,0,0,0,0.255
10260,0.5190,1.6244,0.00,0.5190,1.6305,2,3,0,114,25,0,0,0,0,0,1000.000
10270,0.5132,1.6244,0.00,0.5132,1.6305,2,3,0,114,25,0,0,0,0,0,1000.000
10280,0.5075,1.6244,0.00,0.5075,1.6305,2,3,0,114,25,0,0,0,0,0,1000.000
10290,0.5021,1.6244,0.00,0.5021,1.6305,2,3,0,114,25,0,0,0,0,0,1000.000
10300,0.4968,1.6244,0.00,0.4968,1.6305,2,3,0,114,22,0,0,0,0,0,1000.000
10310,0.4917,1.6244,0.00,0.4917,1.6305,2,3,0,114,22,0,0,0,0,0,1000.000
10320,0.4869,1.6244,0.00,0.4869,1.6305,2,3,0,114,22,0,0,0,0,0,1000.000
10330,0.4822,1.6244,0.00,0.4822,1.6305,2,3,0,114,22,0,0,0,0,0,1000.000
10340,0.4778,1.6244,0.00,0.4778,1.6305,2,3,0,114,22,0,0,0,0,0,1000.000
10350,0.4735,1.6244,0.00,0.4735,1.6305,2,3,0,114,20,0,0,0,0,0,1000.000
10360,0.4694,1.6244,0.00,0.4694,1.6305,2,3,0,114,20,0,0,0,0,0,1000.000
10370,0.4656,1.6244,0.00,0.4656,1.6305,2,3,0,114,20,0,0,0,0,0,1000.000
10380,0.4619,1.6244,0.00,0.4619,1.6305,2,3,0,114,20,0,0,0,0,0,1000.000
10390,0.4585,1.6244,0.00,0.4585,1.6305,2,3,0,114,20,0,0,0,0,0,1000.000
10400,0.4552,1.6244,0.00,0.4552,1.6305,2,3,0,114,18,0,0,0,0,0,1000.000
10410,0.4522,1.6244,0.00,0.4522,1.6305,2,3,0,114,18,0,0,0,0,0,1000.000
10420,0.4493,1.6244,0.00,0.4493,1.6305,2,3,0,114,18,0,0,0,0,0,1000.000
10430,0.4466,1.6244,0.00,0.4466,1.6305,2,3,0,114,18,0,0,0,0,0,1000.000
10440,0.4442,1.6244,0.00,0.4442,1.6305,2,3,0,114,18,0,0,0,0,0,1000.000
10450,0.4419,1.6244,0.00,0.4419,1.6305,2,3,0,114,17,0,0,0,0,0,1000.000
10460,0.4399,1.6244,0.00,0.4399,1.6305,2,3,0,114,17,0,0,0,0,0,1000.000
10470,0.4380,1.6244,0.00,0.4380,1.6305,2,3,0,114,17,0,0,0,0,0,1000.000
10480,0.4363,1.6244,0.00,0.4363,1.6305,2,3,0,114,17,0,0,0,0,0,1000.000
10490,0.4349,1.6244,0.00,0.4349,1.6305,2,3,0,114,17,0,0,0,0,0,1000.000
10500,0.4336,1.6244,0.00,0.4336,1.6305,2,3,0,114,16,0,0,0,0,0,1000.000
10510,0.4326,1.6244,0.00,0.4326,1.6305,2,3,0,114,16,0,0,0,0,0,1000.000
10520,0.4317,1.6244,0.00,0.4317,1.6305,2,3,0,114,16,0,0,0,0,0,1000.000
10530,0.4310,1.6244,0.00,0.4310,1.6305,2,3,0,114,16,0,0,0,0,0,1000.000
10540,0.4306,1.6244,0.00,0.4306,1.6305,2,3,0,114,16,0,0,0,0,0,1000.000
10550,0.4303,1.6244,0.00,0.4303,1.6305,2,3,0,114,16,0,0,0,0,0,1000.000
10560,0.4303,1.6244,0.00,0.4303,1.6305,2,3,0,114,16,0,0,0,0,0,1000.000
10570,0.4303,1.6244,0.00,0.4303,1.6305,2,3,0,114,16,0,0,0,0,0,1000.000
10580,0.4303,1.6244,0.00,0.4303,1.6305,2,3,0,114,16,0,0,0,0,0,1000.000
10590,0.4303,1.6244,0.00,0.4303,1.6305,2,3,0,114,16,0,0,0,0,0,1000.000
10600,0.4303,1.6244,0.00,0.4303,1.6305,2,3,0,114,16,0,0,0,0,0,1000.000
10610,0.4303,1.6244,0.00,0.4303,1.6305,2,3,0,114,16,0,0,0,0,0,1000.000
10620,0.4303,1.6244,0.00,0.4303,1.6305,2,3,0,114,16,0,0,0,0,0,1000.000
10630,0.4303,1.6244,0.00,0.4303,1.6305,2,3,0,114,16,0,0,0,0,0,1000.000
10640,0.4303,1.6244,0.00,0.4303,1.6305,2,3,0,114,16,0,0,0,0,0,1000.000
10650,0.4303,1.6244,0.00,0.4303,1.6305,2,3,0,114,16,0,0,0,0,0,1000.000
10660,0.4303,1.6244,0.00,0.4303,1.6305,2,3,0,114,16,0,150,0,0,0,1.116
10670,0.4303,1.6245,0.00,0.4303,1.6306,2,3,0,114,16,0,150,0,0,0,1.116
10680,0.4303,1.6248,0.00,0.4303,1.6309,2,3,0,114,16,0,150,0,0,0,1.116
10690,0.4303,1.6253,0.00,0.4303,1.6314,2,3,0,114,16,0,150,0,0,0,1.115
10700,0.4303,1.6261,0.00,0.4303,1.6321,2,3,0,114,16,0,150,0,0,0,1.114
10710,0.4303,1.6270,0.00,0.4303,1.6330,2,3,0,114,16,0,150,0,0,0,1.113
10720,0.4303,1.6281,0.00,0.4303,1.6341,2,3,0,114,16,0,150,0,0,0,1.112
10730,0.4303,1.6294,0.00,0.4303,1.6355,2,3,0,114,16,0,150,0,0,0,1.111
10740,0.4303,1.6309,0.00,0.4303,1.6370,2,3,0,114,16,0,150,0,0,0,1.110
10750,0.4303,1.6326,0.00,0.4303,1.6387,2,3,0,113,16,0,150,0,0,0,1.108
10760,0.4303,1.6345,0.00,0.4303,1.6406,2,3,0,113,16,0,150,0,0,0,1.106
10770,0.4303,1.6366,0.00,0.4303,1.6427,2,3,0,113,16,0,150,0,0,0,1.104
10780,0.4303,1.6389,0.00,0.4303,1.6450,2,3,0,113,16,0,150,0,0,0,1.101
10790,0.4303,1.6414,0.00,0.4303,1.6475,2,3,0,113,16,0,150,0,0,0,1.099
10800,0.4303,1.6442,0.00,0.4303,1.6502,2,3,0,112,16,0,150,0,0,0,1.096
10810,0.4303,1.6471,0.00,0.4303,1.6531,2,3,0,112,16,0,150,0,0,0,1.093
10820,0.4303,1.6502,0.00,0.4303,1.6562,2,3,0,112,16,0,150,0,0,0,1.090
10830,0.4303,1.6535,0.00,0.4303,1.6596,2,3,0,112,16,0,150,0,0,0,1.087
10840,0.4303,1.6570,0.00,0.4303,1.6631,2,3,0,112,16,0,150,0,0,0,1.083
10850,0.4303,1.6607,0.00,0.4303,1.6668,2,3,0,110,16,0,150,0,0,0,1.080
10860,0.4303,1.6646,0.00,0.4303,1.6707,2,3,0,110,16,0,150,0,0,0,1.076
10870,0.4303,1.6687,0.00,0.4303,1.6748,2,3,0,110,16,0,150,0,0,0,1.072
10880,0.4303,1.6730,0.00,0.4303,1.6791,2,3,0,110,16,0,150,0,0,0,1.067
10890,0.4303,1.6775,0.00,0.4303,1.6836,2,3,0,110,16,0,150,0,0,0,1.063
10900,0.4303,1.6823,0.00,0.4303,1.6883,2,3,0,108,16,0,150,0,0,0,1.058
10910,0.4303,1.6872,0.00,0.4303,1.6932,2,3,0,108,16,0,150,0,0,0,1.053
10920,0.4303,1.6923,0.00,0.4303,1.6983,2,3,0,108,16,0,150,0,0,0,1.048
10930,0.4303,1.6976,0.00,0.4303,1.7037,2,3,0,108,16,0,150,0,0,0,1.043
10940,0.4303,1.7031,0.00,0.4303,1.7092,2,3,0,108,16,0,150,0,0,0,1.037
10950,0.4303,1.7088,0.00,0.4303,1.7149,2,3,0,105,16,0,150,0,0,0,1.032
10960,0.4303,1.7147,0.00,0.4303,1.7208,2,3,0,105,16,0,150,0,0,0,1.026
10970,0.4303,1.7208,0.00,0.4303,1.7269,2,3,0,105,16,0,150,0,0,0,1.020
10980,0.4303,1.7271,0.00,0.4303,1.7332,2,3,0,105,16,0,150,0,0,0,1.013
10990,0.4303,1.7336,0.00,0.4303,1.7397,2,3,0,105,16,0,150,0,0,0,1.007
11000,0.4303,1.7404,0.00,0.4303,1.7464,2,3,0,102,16,0,150,0,0,0,1.000
11010,0.4303,1.7473,0.00,0.4303,1.7533,2,3,0,102,16,0,150,0,0,0,0.993
11020,0.4303,1.7544,0.00,0.4303,1.7604,2,3,0,102,16,0,150,0,0,0,0.986
11030,0.4303,1.7617,0.00,0.4303,1.7678,2,3,0,102,16,0,150,0,0,0,0.979
11040,0.4303,1.7692,0.00,0.4303,1.7753,2,3,0,102,16,0,150,0,0,0,0.971
11050,0.4303,1.7769,0.00,0.4303,1.7830,2,3,0,99,16,0,150,0,0,0,0.964
11060,0.4303,1.7848,0.00,0.4303,1.7909,2,3,0,99,16,0,150,0,0,0,0.956
11070,0.4303,1.7929,0.00,0.4303,1.7990,2,3,0,99,16,0,150,0,0,0,0.948
11080,0.4303,1.8011,0.00,0.4303,1.8072,2,3,0,99,16,0,75,0,0,0,0.939
11090,0.4303,1.8091,0.00,0.4303,1.8151,2,3,0,99,16,0,75,0,0,0,0.931
11100,0.4303,1.8168,0.00,0.4303,1.8229,2,3,0,95,16,0,75,0,0,0,0.924
11110,0.4303,1.8244,0.00,0.4303,1.8305,2,3,0,95,16,0,75,0,0,0,0.916
11120,0.4303,1.8318,0.00,0.4303,1.8378,2,3,0,95,16,0,75,0,0,0,0.909
11130,0.4303,1.8389,0.00,0.4303,1.8450,2,3,0,95,16,0,75,0,0,0,0.901
11140,0.4303,1.8459,0.00,0.4303,1.8520,2,3,0,95,16,0,75,0,0,0,0.895
11150,0.4303,1.8527,0.00,0.4303,1.8588,2,3,0,91,16,0,75,0,0,0,0.888
11160,0.4303,1.8593,0.00,0.4303,1.8653,2,3,0,91,16,0,75,0,0,0,0.881
11170,0.4303,1.8656,0.00,0.4303,1.8717,2,3,0,91,16,0,75,0,0,0,0.875
11180,0.4303,1.8718,0.00,0.4303,1.8779,2,3,0,91,16,0,75,0,0,0,0.869
11190,0.4303,1.8778,0.00,0.4303,1.8839,2,3,0,91,16,0,75,0,0,0,0.863
11200,0.4303,1.8838,0.00,0.4303,1.8898,2,3,0,88,16,0,75,0,0,0,0.857
11210,0.4303,1.8897,0.00,0.4303,1.8958,2,3,0,88,16,0,75,0,0,0,0.851
11220,0.4303,1.8957,0.00,0.4303,1.9018,2,3,0,88,16,0,75,0,0,0,0.845
11230,0.4303,1.9017,0.00,0.4303,1.9077,2,3,0,88,16,0,75,0,0,0,0.839
11240,0.4303,1.9076,0.00,0.4303,1.9137,2,3,0,88,16,0,75,0,0,0,0.833
11250,0.4303,1.9136,0.00,0.4303,1.9197,2,3,0,85,16,0,75,0,0,0,0.827
11260,0.4303,1.9196,0.00,0.4303,1.9256,2,3,0,85,16,0,75,0,0,0,0.821
11270,0.4303,1.9255,0.00,0.4303,1.9316,2,3,0,85,16,0,75,0,0,0,0.815
11280,0.4303,1.9315,0.00,0.4303,1.9376,2,3,0,85,16,0,75,0,0,0,0.809
11290,0.4303,1.9375,0.00,0.4303,1.9435,2,3,0,85,16,0,75,0,0,0,0.803
11300,0.4303,1.9434,0.00,0.4303,1.9495,2,3,0,82,16,0,75,0,0,0,0.797
11310,0.4303,1.9494,0.00,0.4303,1.9555,2,3,0,82,16,0,75,0,0,0,0.791
11320,0.4303,1.9554,0.00,0.4303,1.9615,2,3,0,82,16,0,75,0,0,0,0.785
11330,0.4303,1.9614,0.00,0.4303,1.9674,2,3,0,82,16,0,75,0,0,0,0.779
11340,0.4303,1.9673,0.00,0.4303,1.9734,2,3,0,82,16,0,75,0,0,0,0.773
11350,0.4303,1.9733,0.00,0.4303,1.9794,2,3,0,79,16,0,75,0,0,0,0.767
11360,0.4303,1.9793,0.00,0.4303,1.9853,2,3,0,79,16,0,75,0,0,0,0.761
11370,0.4303,1.9852,0.00,0.4303,1.9913,2,3,0,79,16,0,75,0,0,0,0.755
11380,0.4303,1.9912,0.00,0.4303,1.9973,2,3,0,79,16,0,75,0,0,0,0.749
11390,0.4303,1.9972,0.00,0.4303,2.0032,2,3,0,79,16,0,75,0,0,0,0.743
11400,0.4303,2.0031,0.00,0.4303,2.0092,2,3,0,76,16,0,75,0,0,0,0.737
11410,0.4303,2.0091,0.00,0.4303,2.0152,2,3,0,76,16,0,75,0,0,0,0.731
11420,0.4303,2.0151,0.00,0.4303,2.0211,2,3,0,76,16,0,75,0,0,0,0.725
11430,0.4303,2.0210,0.00,0.4303,2.0271,2,3,0,76,16,0,75,0,0,0,0.719
11440,0.4303,2.0270,0.00,0.4303,2.0331,2,3,0,76,16,0,75,0,0,0,0.713
11450,0.4303,2.0330,0.00,0.4303,2.0391,2,3,0,73,16,0,75,0,0,0,0.707
11460,0.4303,2.0389,0.00,0.4303,2.0450,2,3,0,73,16,0,75,0,0,0,0.701
11470,0.4303,2.0449,0.00,0.4303,2.0510,2,3,0,73,16,0,75,0,0,0,0.696
11480,0.4303,2.0509,0.00,0.4303,2.0570,2,3,0,73,16,0,75,0,0,0,0.690
11490,0.4303,2.0569,0.00,0.4303,2.0629,2,3,0,73,16,0,75,0,0,0,0.684
11500,0.4303,2.0628,0.00,0.4303,2.0689,2,3,0,70,16,0,75,0,0,0,0.678
11510,0.4303,2.0688,0.00,0.4303,2.0749,2,3,0,70,16,0,75,0,0,0,0.672
11520,0.4303,2.0748,0.00,0.4303,2.0808,2,3,0,70,16,0,75,0,0,0,0.666
11530,0.4303,2.0807,0.00,0.4303,2.0868,2,3,0,70,16,0,75,0,0,0,0.660
11540,0.4303,2.0867,0.00,0.4303,2.0928,2,3,0,70,16,0,75,0,0,0,0.654
11550,0.4303,2.0927,0.00,0.4303,2.0987,2,3,0,67,16,0,75,0,0,0,0.648
11560,0.4303,2.0986,0.00,0.4303,2.1047,2,3,0,67,16,0,75,0,0,0,0.642
11570,0.4303,2.1046,0.00,0.4303,2.1107,2,3,0,67,16,0,75,0,0,0,0.636
11580,0.4303,2.1106,0.00,0.4303,2.1166,2,3,0,67,16,0,75,0,0,0,0.630
11590,0.4303,2.1165,0.00,0.4303,2.1226,2,3,0,67,16,0,75,0,0,0,0.624
11600,0.4303,2.1225,0.00,0.4303,2.1286,2,3,0,64,16,0,75,0,0,0,0.618
11610,0.4303,2.1285,0.00,0.4303,2.1346,2,3,0,64,16,0,75,0,0,0,0.612
11620,0.4303,2.1345,0.00,0.4303,2.1405,2,3,0,64,16,0,75,0,0,0,0.606
11630,0.4303,2.1404,0.00,0.4303,2.1465,2,3,0,64,16,0,75,0,0,0,0.600
11640,0.4303,2.1464,0.00,0.4303,2.1525,2,3,0,64,16,0,75,0,0,0,0.594
11650,0.4303,2.1524,0.00,0.4303,2.1584,2,3,0,61,16,0,75,0,0,0,0.588
11660,0.4303,2.1583,0.00,0.4303,2.1644,2,3,0,61,16,0,75,0,0,0,0.582
11670,0.4303,2.1643,0.00,0.4303,2.1704,2,3,0,61,16,0,75,0,0,0,0.576
11680,0.4303,2.1703,0.00,0.4303,2.1763,2,3,0,61,16,0,75,0,0,0,0.570
11690,0.4303,2.1762,0.00,0.4303,2.1823,2,3,0,61,16,0,75,0,0,0,0.564
11700,0.4303,2.1822,0.00,0.4303,2.1883,2,3,0,58,16,0,75,0,0,0,0.558
11710,0.4303,2.1882,0.00,0.4303,2.1942,2,3,0,58,16,0,75,0,0,0,0.552
11720,0.4303,2.1941,0.00,0.4303,2.2002,2,3,0,58,16,0,75,0,0,0,0.546
11730,0.4303,2.2001,0.00,0.4303,2.2062,2,3,0,58,16,0,75,0,0,0,0.540
11740,0.4303,2.2061,0.00,0.4303,2.2122,2,3,0,58,16,0,75,0,0,0,0.534
11750,0.4303,2.2121,0.00,0.4303,2.2181,2,3,0,55,16,0,75,0,0,0,0.528
11760,0.4303,2.2180,0.00,0.4303,2.2241,2,3,0,55,16,0,75,0,0,0,0.522
11770,0.4303,2.2240,0.00,0.4303,2.2301,2,3,0,55,16,0,75,0,0,0,0.516
11780,0.4303,2.2300,0.00,0.4303,2.2360,2,3,0,55,16,0,75,0,0,0,0.510
11790,0.4303,2.2359,0.00,0.4303,2.2420,2,3,0,55,16,0,75,0,0,0,0.505
11800,0.4303,2.2419,0.00,0.4303,2.2480,2,3,0,52,16,0,75,0,0,0,0.499
11810,0.4303,2.2479,0.00,0.4303,2.2539,2,3,0,52,16,0,75,0,0,0,0.493
11820,0.4303,2.2538,0.00,0.4303,2.2599,2,3,0,52,16,0,75,0,0,0,0.487
11830,0.4303,2.2598,0.00,0.4303,2.2659,2,3,0,52,16,0,75,0,0,0,0.481
11840,0.4303,2.2658,0.00,0.4303,2.2718,2,3,0,52,16,0,75,0,0,0,0.475
11850,0.4303,2.2717,0.00,0.4303,2.2778,2,3,0,49,16,0,75,0,0,0,0.469
11860,0.4303,2.2777,0.00,0.4303,2.2838,2,3,0,49,16,0,75,0,0,0,0.463
11870,0.4303,2.2837,0.00,0.4303,2.2898,2,3,0,49,16,0,75,0,0,0,0.457
11880,0.4303,2.2896,0.00,0.4303,2.2957,2,3,0,49,16,0,75,0,0,0,0.451
11890,0.4303,2.2956,0.00,0.4303,2.3017,2,3,0,49,16,0,75,0,0,0,0.445
11900,0.4303,2.3016,0.00,0.4303,2.3077,2,3,0,46,16,0,75,0,0,0,0.439
11910,0.4303,2.3076,0.00,0.4303,2.3136,2,3,0,46,16,0,75,0,0,0,0.433
11920,0.4303,2.3135,0.00,0.4303,2.3196,2,3,0,46,16,0,75,0,0,0,0.427
11930,0.4303,2.3195,0.00,0.4303,2.3256,2,3,0,46,16,0,75,0,0,0,0.421
11940,0.4303,2.3255,0.00,0.4303,2.3315,2,3,0,46,16,0,75,0,0,0,0.415
11950,0.4303,2.3314,0.00,0.4303,2.3375,2,3,0,43,16,0,75,0,0,0,0.409
11960,0.4303,2.3374,0.00,0.4303,2.3435,2,3,0,43,16,0,75,0,0,0,0.403
11970,0.4303,2.3434,0.00,0.4303,2.3494,2,3,0,43,16,0,75,0,0,0,0.397
11980,0.4303,2.3493,0.00,0.4303,2.3554,2,3,0,43,16,0,75,0,0,0,0.391
11990,0.4303,2.3553,0.00,0.4303,2.3614,2,3,0,43,16,0,75,0,0,0,0.385
12000,0.4303,2.3613,0.00,0.4303,2.3673,2,3,0,40,16,0,75,0,0,0,0.379
12010,0.4303,2.3672,0.00,0.4303,2.3733,2,3,0,40,16,0,75,0,0,0,0.373
12020,0.4303,2.3732,0.00,0.4303,2.3793,2,3,0,40,16,0,75,0,0,0,0.367
12030,0.4303,2.3792,0.00,0.4303,2.3853,2,3,0,40,16,0,75,0,0,0,0.361
12040,0.4303,2.3852,0.00,0.4303,2.3912,2,3,0,40,16,0,75,0,0,0,0.355
12050,0.4303,2.3911,0.00,0.4303,2.3972,2,3,0,37,16,0,75,0,0,0,0.349
12060,0.4303,2.3971,0.00,0.4303,2.4032,2,3,0,37,16,0,75,0,0,0,0.343
12070,0.4303,2.4031,0.00,0.4303,2.4091,2,3,0,37,16,0,75,0,0,0,0.337
12080,0.4303,2.4090,0.00,0.4303,2.4151,2,3,0,37,16,0,75,0,0,0,0.331
12090,0.4303,2.4150,0.00,0.4303,2.4211,2,3,0,37,16,0,75,0,0,0,0.325
12100,0.4303,2.4210,0.00,0.4303,2.4270,2,3,0,34,16,0,75,0,0,0,0.319
12110,0.4303,2.4269,0.00,0.4303,2.4330,2,3,0,34,16,0,75,0,0,0,0.313
12120,0.4303,2.4329,0.00,0.4303,2.4390,2,3,0,34,16,0,75,0,0,0,0.308
12130,0.4303,2.4389,0.00,0.4303,2.4449,2,3,0,34,16,0,75,0,0,0,0.302
12140,0.4303,2.4448,0.00,0.4303,2.4509,2,3,0,34,16,0,75,0,0,0,0.296
12150,0.4303,2.4508,0.00,0.4303,2.4569,2,3,0,31,16,0,75,0,0,0,0.290
12160,0.4303,2.4568,0.00,0.4303,2.4629,2,3,0,31,16,0,75,0,0,0,0.284
12170,0.4303,2.4628,0.00,0.4303,2.4688,2,3,0,31,16,0,75,0,0,0,0.278
12180,0.4303,2.4687,0.00,0.4303,2.4748,2,3,0,31,16,0,75,0,0,0,0.272
12190,0.4303,2.4747,0.00,0.4303,2.4808,2,3,0,31,16,0,75,0,0,0,0.266
12200,0.4303,2.4807,0.00,0.4303,2.4867,2,3,0,28,16,0,75,0,0,0,0.260
12210,0.4303,2.4866,0.00,0.4303,2.4927,2,3,0,28,16,0,75,0,0,0,0.254
12220,0.4303,2.4926,0.00,0.4303,2.4987,2,3,0,28,16,0,75,0,0,0,0.248
12230,0.4303,2.4986,0.00,0.4303,2.5046,2,3,0,28,16,0,75,0,0,0,0.242
12240,0.4303,2.5045,0.00,0.4303,2.5106,2,3,0,28,16,0,75,0,0,0,0.236
12250,0.4303,2.5105,0.00,0.4303,2.5166,2,3,0,25,16,0,72,0,1,0,0.230
12260,0.4303,2.5164,0.00,0.4303,2.5224,2,3,0,25,16,0,72,0,1,0,0.224
12270,0.4303,2.5221,0.00,0.4303,2.5282,2,3,0,25,16,0,72,0,1,0,0.218
12280,0.4303,2.5278,0.00,0.4303,2.5339,2,3,0,25,16,0,72,0,1,0,0.213
12290,0.4303,2.5336,0.00,0.4303,2.5396,2,3,0,25,16,0,72,0,1,0,0.207
12300,0.4303,2.5393,0.00,0.4303,2.5454,2,3,0,22,16,0,0,0,1,0,0.201
12310,0.4303,2.5449,0.00,0.4303,2.5510,2,3,0,22,16,0,0,0,1,0,0.196
12320,0.4303,2.5503,0.00,0.4303,2.5564,2,3,0,22,16,0,0,0,1,0,0.190
12330,0.4303,2.5555,0.00,0.4303,2.5616,2,3,0,22,16,0,61,0,1,0,0.185
12340,0.4303,2.5606,0.00,0.4303,2.5666,2,3,0,22,16,0,61,0,1,0,0.180
12350,0.4303,2.5654,0.00,0.4303,2.5715,2,3,0,20,16,0,0,0,1,0,0.175
12360,0.4303,2.5700,0.00,0.4303,2.5761,2,3,0,20,16,0,53,0,1,0,0.170
12370,0.4303,2.5744,0.00,0.4303,2.5805,2,3,0,20,16,0,53,0,1,0,0.166
12380,0.4303,2.5786,0.00,0.4303,2.5847,2,3,0,20,16,0,53,0,1,0,0.162
12390,0.4303,2.5827,0.00,0.4303,2.5887,2,3,0,20,16,0,53,1,1,0,0.158
12400,0.4303,2.5865,0.00,0.4303,2.5926,2,3,0,18,16,0,44,1,1,0,0.154
12410,0.4303,2.5901,0.00,0.4303,2.5962,2,3,0,18,16,0,44,1,1,0,0.150
12420,0.4303,2.5935,0.00,0.4303,2.5996,2,3,0,18,16,0,44,1,1,0,0.147
12430,0.4303,2.5967,0.00,0.4303,2.6028,3,3,0,18,16,0,0,0,0,0,1000.000
12440,0.4303,2.5998,0.00,0.4303,2.6058,3,3,0,18,16,0,0,0,0,0,1000.000
12450,0.4303,2.6026,0.00,0.4303,2.6087,3,3,0,16,16,0,0,0,0,0,1000.000
12460,0.4303,2.6052,0.00,0.4303,2.6113,3,3,0,16,16,0,0,0,0,0,1000.000
12470,0.4303,2.6076,0.00,0.4303,2.6137,3,3,0,16,16,0,0,0,0,0,1000.000
12480,0.4303,2.6098,0.00,0.4303,2.6159,3,3,0,16,16,0,0,0,0,0,1000.000
12490,0.4303,2.6119,0.00,0.4303,2.6179,3,3,0,16,16,0,0,0,0,0,1000.000
12500,0.4303,2.6137,0.00,0.4303,2.6198,3,3,0,15,16,0,0,0,0,0,1000.000
12510,0.4303,2.6153,0.00,0.4303,2.6214,3,3,0,15,16,0,0,0,0,0,1000.000
12520,0.4303,2.6167,0.00,0.4303,2.6228,3,3,0,15,16,0,0,0,0,0,1000.000
12530,0.4303,2.6180,0.00,0.4303,2.6240,3,3,0,15,16,0,0,0,0,0,1000.000
12540,0.4303,2.6190,0.00,0.4303,2.6250,3,3,0,15,16,0,0,0,0,0,1000.000
12550,0.4303,2.6198,0.00,0.4303,2.6259,3,3,0,14,16,0,0,0,0,0,1000.000
12560,0.4303,2.6204,0.00,0.4303,2.6265,3,3,0,14,16,0,0,0,0,0,1000.000
12570,0.4303,2.6208,0.00,0.4303,2.6269,3,3,0,14,16,0,0,0,0,0,1000.000
12580,0.4303,2.6211,0.00,0.4303,2.6271,3,3,0,14,16,0,0,0,0,0,1000.000
12590,0.4303,2.6212,0.00,0.4303,2.6273,3,3,0,14,16,0,0,0,0,0,1000.000
12600,0.4303,2.6213,0.00,0.4303,2.6274,3,3,0,14,16,0,0,0,0,0,1000.000
12610,0.4303,2.6214,0.00,0.4303,2.6274,3,3,0,14,16,0,0,0,0,0,1000.000
12620,0.4303,2.6214,0.00,0.4303,2.6275,3,3,0,14,16,0,0,0,0,0,1000.000
12630,0.4303,2.6214,0.00,0.4303,2.6275,3,3,0,14,16,0,0,0,0,0,1000.000
12640,0.4303,2.6214,0.00,0.4303,2.6275,3,3,0,14,16,0,0,0,0,0,1000.000
12650,0.4303,2.6214,0.00,0.4303,2.6275,3,3,0,14,16,0,0,0,0,0,1000.000
12660,0.4303,2.6214,0.00,0.4303,2.6275,3,3,0,14,16,0,0,0,0,0,1000.000
12670,0.4303,2.6214,0.00,0.4303,2.6275,3,3,0,14,16,0,0,0,0,0,1000.000
12680,0.4303,2.6214,0.00,0.4303,2.6275,3,3,0,14,16,0,0,0,0,0,1000.000
12690,0.4303,2.6214,0.00,0.4303,2.6275,3,3,0,14,16,0,0,0,0,0,1000.000
12700,0.4303,2.6214,0.00,0.4303,2.6275,3,3,0,14,16,0,0,0,0,0,1000.000
12710,0.4303,2.6214,0.00,0.4303,2.6275,3,3,0,14,16,0,0,0,0,0,1000.000
12720,0.4303,2.6214,0.00,0.4303,2.6275,3,3,0,14,16,0,0,0,0,0,1000.000
12730,0.4303,2.6214,0.00,0.4303,2.6275,3,3,0,14,16,0,0,0,0,0,1000.000
12740,0.4303,2.6214,0.00,0.4303,2.6275,3,3,0,14,16,0,0,0,0,0,1000.000
12750,0.4303,2.6214,0.00,0.4303,2.6275,3,3,0,14,16,0,0,0,0,0,1000.000
12760,0.4303,2.6214,0.00,0.4303,2.6275,3,3,0,14,16,0,0,0,0,0,1000.000
12770,0.4303,2.6214,0.00,0.4303,2.6275,3,3,0,14,16,0,0,0,0,0,1000.000
12780,0.4303,2.6214,0.00,0.4303,2.6275,3,3,0,14,16,0,0,0,0,0,1000.000
12790,0.4303,2.6214,0.00,0.4303,2.6275,3,3,0,14,16,0,0,0,0,0,1000.000
12800,0.4303,2.6214,0.00,0.4303,2.6275,3,3,0,14,16,0,0,0,0,0,1000.000
12810,0.4303,2.6214,0.00,0.4303,2.6275,3,3,0,14,16,0,0,0,0,0,1000.000
12820,0.4303,2.6214,0.00,0.4303,2.6275,3,3,0,14,16,0,0,0,0,0,1000.000
12830,0.4303,2.6214,0.00,0.4303,2.6275,3,3,0,14,16,150,0,0,0,0,2.300
12840,0.4306,2.6214,0.00,0.4306,2.6275,3,3,0,14,16,150,0,0,0,0,2.299
12850,0.4310,2.6214,0.00,0.4310,2.6275,3,3,0,14,16,150,0,0,0,0,2.299
12860,0.4317,2.6214,0.00,0.4317,2.6275,3,3,0,14,16,150,0,0,0,0,2.298
12870,0.4325,2.6214,0.00,0.4325,2.6275,3,3,0,14,16,150,0,0,0,0,2.297
12880,0.4336,2.6214,0.00,0.4336,2.6275,3,3,0,14,16,150,0,0,0,0,2.296
12890,0.4348,2.6214,0.00,0.4348,2.6275,3,3,0,14,16,150,0,0,0,0,2.295
12900,0.4363,2.6214,0.00,0.4363,2.6275,3,3,0,14,16,150,0,0,0,0,2.294
12910,0.4379,2.6214,0.00,0.4379,2.6275,3,3,0,14,16,150,0,0,0,0,2.292
12920,0.4398,2.6214,0.00,0.4398,2.6275,3,3,0,14,16,150,0,0,0,0,2.290
12930,0.4418,2.6214,0.00,0.4418,2.6275,3,3,0,14,16,150,0,0,0,0,2.288
12940,0.4441,2.6214,0.00,0.4441,2.6275,3,3,0,14,16,150,0,0,0,0,2.286
12950,0.4465,2.6214,0.00,0.4465,2.6275,3,3,0,14,16,150,0,0,0,0,2.283
12960,0.4492,2.6214,0.00,0.4492,2.6275,3,3,0,14,16,150,0,0,0,0,2.281
12970,0.4520,2.6214,0.00,0.4520,2.6275,3,3,0,14,16,150,0,0,0,0,2.278
12980,0.4551,2.6214,0.00,0.4551,2.6275,3,3,0,14,16,150,0,0,0,0,2.275
12990,0.4583,2.6214,0.00,0.4583,2.6275,3,3,0,14,16,150,0,0,0,0,2.272
13000,0.4618,2.6214,0.00,0.4618,2.6275,3,3,0,14,16,150,0,0,0,0,2.268
13010,0.4654,2.6214,0.00,0.4654,2.6275,3,3,0,14,16,150,0,0,0,0,2.265
13020,0.4693,2.6214,0.00,0.4693,2.6275,3,3,0,14,16,150,0,0,0,0,2.261
13030,0.4733,2.6214,0.00,0.4733,2.6275,3,3,0,14,16,150,0,0,0,0,2.257
13040,0.4776,2.6214,0.00,0.4776,2.6275,3,3,0,14,16,150,0,0,0,0,2.252
13050,0.4820,2.6214,0.00,0.4820,2.6275,3,3,0,14,17,150,0,0,0,0,2.248
13060,0.4867,2.6214,0.00,0.4867,2.6275,3,3,0,14,17,150,0,0,0,0,2.243
13070,0.4915,2.6214,0.00,0.4915,2.6275,3,3,0,14,17,150,0,0,0,0,2.238
13080,0.4966,2.6214,0.00,0.4966,2.6275,3,3,0,14,17,150,0,0,0,0,2.233
13090,0.5018,2.6214,0.00,0.5018,2.6275,3,3,0,14,17,150,0,0,0,0,2.228
13100,0.5073,2.6214,0.00,0.5073,2.6275,3,3,0,14,19,150,0,0,0,0,2.223
13110,0.5129,2.6214,0.00,0.5129,2.6275,3,3,0,14,19,150,0,0,0,0,2.217
13120,0.5188,2.6214,0.00,0.5188,2.6275,3,3,0,14,19,150,0,0,0,0,2.211
13130,0.5248,2.6214,0.00,0.5248,2.6275,3,3,0,14,19,150,0,0,0,0,2.205
13140,0.5311,2.6214,0.00,0.5311,2.6275,3,3,0,14,19,150,0,0,0,0,2.199
13150,0.5375,2.6214,0.00,0.5375,2.6275,3,3,0,14,21,150,0,0,0,0,2.192
13160,0.5442,2.6214,0.00,0.5442,2.6275,3,3,0,14,21,150,0,0,0,0,2.186
13170,0.5510,2.6214,0.00,0.5510,2.6275,3,3,0,14,21,150,0,0,0,0,2.179
13180,0.5581,2.6214,0.00,0.5581,2.6275,3,3,0,14,21,150,0,0,0,0,2.172
13190,0.5653,2.6214,0.00,0.5653,2.6275,3,3,0,14,21,150,0,0,0,0,2.165
13200,0.5728,2.6214,0.00,0.5728,2.6275,3,3,0,14,23,150,0,0,0,0,2.157
13210,0.5804,2.6214,0.00,0.5804,2.6275,3,3,0,14,23,150,0,0,0,0,2.150
13220,0.5883,2.6214,0.00,0.5883,2.6275,3,3,0,14,23,150,0,0,0,0,2.142
13230,0.5963,2.6214,0.00,0.5963,2.6275,3,3,0,14,23,150,0,0,0,0,2.134
13240,0.6046,2.6214,0.00,0.6046,2.6275,3,3,0,14,23,150,0,0,0,0,2.125
13250,0.6130,2.6214,0.00,0.6130,2.6275,3,3,0,14,26,150,0,0,0,0,2.117
13260,0.6217,2.6214,0.00,0.6217,2.6275,3,3,0,14,26,150,0,0,0,0,2.108
13270,0.6305,2.6214,0.00,0.6305,2.6275,3,3,0,14,26,150,0,0,0,0,2.099
13280,0.6396,2.6214,0.00,0.6396,2.6275,3,3,0,14,26,150,0,0,0,0,2.090
13290,0.6488,2.6214,0.00,0.6488,2.6275,3,3,0,14,26,150,0,0,0,0,2.081
13300,0.6583,2.6214,0.00,0.6583,2.6275,3,3,0,14,30,150,0,0,0,0,2.072
13310,0.6679,2.6214,0.00,0.6679,2.6275,3,3,0,14,30,150,0,0,0,0,2.062
13320,0.6778,2.6214,0.00,0.6778,2.6275,3,3,0,14,30,150,0,0,0,0,2.052
13330,0.6878,2.6214,0.00,0.6878,2.6275,3,3,0,14,30,150,0,0,0,0,2.042
13340,0.6981,2.6214,0.00,0.6981,2.6275,3,3,0,14,30,150,0,0,0,0,2.032
13350,0.7085,2.6214,0.00,0.7085,2.6275,3,3,0,14,34,150,0,0,0,0,2.021
13360,0.7192,2.6214,0.00,0.7192,2.6275,3,3,0,14,34,150,0,0,0,0,2.011
13370,0.7300,2.6214,0.00,0.7300,2.6275,3,3,0,14,34,150,0,0,0,0,2.000
13380,0.7411,2.6214,0.00,0.7411,2.6275,3,3,0,14,34,150,0,0,0,0,1.989
13390,0.7523,2.6214,0.00,0.7523,2.6275,3,3,0,14,34,150,0,0,0,0,1.978
13400,0.7638,2.6214,0.00,0.7638,2.6275,3,3,0,14,38,150,0,0,0,0,1.966
13410,0.7754,2.6214,0.00,0.7754,2.6275,3,3,0,14,38,150,0,0,0,0,1.955
13420,0.7873,2.6214,0.00,0.7873,2.6275,3,3,0,14,38,150,0,0,0,0,1.943
13430,0.7992,2.6214,0.00,0.7992,2.6275,3,3,0,14,38,150,0,0,0,0,1.931
13440,0.8111,2.6214,0.00,0.8111,2.6275,3,3,0,14,38,150,0,0,0,0,1.919
13450,0.8231,2.6214,0.00,0.8231,2.6275,3,3,0,14,43,150,0,0,0,0,1.907
13460,0.8350,2.6214,0.00,0.8350,2.6275,3,3,0,14,43,150,0,0,0,0,1.895
13470,0.8470,2.6214,0.00,0.8470,2.6275,3,3,0,14,43,150,0,0,0,0,1.883
13480,0.8589,2.6214,0.00,0.8589,2.6275,3,3,0,14,43,150,0,0,0,0,1.871
13490,0.8708,2.6214,0.00,0.8708,2.6275,3,3,0,14,43,150,0,0,0,0,1.859
13500,0.8828,2.6214,0.00,0.8828,2.6275,3,3,0,14,49,150,0,0,0,0,1.847
13510,0.8947,2.6214,0.00,0.8947,2.6275,3,3,0,14,49,150,0,0,0,0,1.835
13520,0.9067,2.6214,0.00,0.9067,2.6275,3,3,0,14,49,150,0,0,0,0,1.823
13530,0.9186,2.6214,0.00,0.9186,2.6275,3,3,0,14,49,150,0,0,0,0,1.811
13540,0.9305,2.6214,0.00,0.9305,2.6275,3,3,0,14,49,150,0,0,0,0,1.799
13550,0.9425,2.6214,0.00,0.9425,2.6275,3,3,0,14,55,150,0,0,0,0,1.788
13560,0.9544,2.6214,0.00,0.9544,2.6275,3,3,0,14,55,150,0,0,0,0,1.776
13570,0.9663,2.6214,0.00,0.9663,2.6275,3,3,0,14,55,150,0,0,0,0,1.764
13580,0.9783,2.6214,0.00,0.9783,2.6275,3,3,0,14,55,150,0,0,0,0,1.752
13590,0.9902,2.6214,0.00,0.9902,2.6275,3,3,0,14,55,150,0,0,0,0,1.740
13600,1.0022,2.6214,0.00,1.0022,2.6275,3,3,0,14,61,150,0,0,0,0,1.728
13610,1.0141,2.6214,0.00,1.0141,2.6275,3,3,0,14,61,150,0,0,0,0,1.716
13620,1.0260,2.6214,0.00,1.0260,2.6275,3,3,0,14,61,150,0,0,0,0,1.704
13630,1.0380,2.6214,0.00,1.0380,2.6275,3,3,0,14,61,150,0,0,0,0,1.692
13640,1.0499,2.6214,0.00,1.0499,2.6275,3,3,0,14,61,150,0,0,0,0,1.680
13650,1.0618,2.6214,0.00,1.0618,2.6275,3,3,0,14,67,150,0,0,0,0,1.668
13660,1.0738,2.6214,0.00,1.0738,2.6275,3,3,0,14,67,150,0,0,0,0,1.656
13670,1.0857,2.6214,0.00,1.0857,2.6275,3,3,0,14,67,150,0,0,0,0,1.644
13680,1.0977,2.6214,0.00,1.0977,2.6275,3,3,0,14,67,150,0,0,0,0,1.632
13690,1.1096,2.6214,0.00,1.1096,2.6275,3,3,0,14,67,150,0,0,0,0,1.620
13700,1.1215,2.6214,0.00,1.1215,2.6275,3,3,0,14,73,150,0,0,0,0,1.608
13710,1.1335,2.6214,0.00,1.1335,2.6275,3,3,0,14,73,150,0,0,0,0,1.597
13720,1.1454,2.6214,0.00,1.1454,2.6275,3,3,0,14,73,150,0,0,0,0,1.585
13730,1.1573,2.6214,0.00,1.1573,2.6275,3,3,0,14,73,150,0,0,0,0,1.573
13740,1.1693,2.6214,0.00,1.1693,2.6275,3,3,0,14,73,150,0,0,0,0,1.561
13750,1.1812,2.6214,0.00,1.1812,2.6275,3,3,0,14,79,150,0,0,0,0,1.549
13760,1.1932,2.6214,0.00,1.1932,2.6275,3,3,0,14,79,150,0,0,0,0,1.537
13770,1.2051,2.6214,0.00,1.2051,2.6275,3,3,0,14,79,150,0,0,0,0,1.525
13780,1.2170,2.6214,0.00,1.2170,2.6275,3,3,0,14,79,150,0,0,0,0,1.513
13790,1.2290,2.6214,0.00,1.2290,2.6275,3,3,0,14,79,150,0,0,0,0,1.501
13800,1.2409,2.6214,0.00,1.2409,2.6275,3,3,0,14,85,150,0,0,0,0,1.489
13810,1.2529,2.6214,0.00,1.2529,2.6275,3,3,0,14,85,150,0,0,0,0,1.477
13820,1.2648,2.6214,0.00,1.2648,2.6275,3,3,0,14,85,150,0,0,0,0,1.465
13830,1.2767,2.6214,0.00,1.2767,2.6275,3,3,0,14,85,150,0,0,0,0,1.453
13840,1.2887,2.6214,0.00,1.2887,2.6275,3,3,0,14,85,150,0,0,0,0,1.441
13850,1.3006,2.6214,0.00,1.3006,2.6275,3,3,0,14,91,150,0,0,0,0,1.429
13860,1.3125,2.6214,0.00,1.3125,2.6275,3,3,0,14,91,150,0,0,0,0,1.417
13870,1.3245,2.6214,0.00,1.3245,2.6275,3,3,0,14,91,150,0,0,0,0,1.406
13880,1.3364,2.6214,0.00,1.3364,2.6275,3,3,0,14,91,150,0,0,0,0,1.394
13890,1.3484,2.6214,0.00,1.3484,2.6275,3,3,0,14,91,150,0,0,0,0,1.382
13900,1.3603,2.6214,0.00,1.3603,2.6275,3,3,0,14,97,150,0,0,0,0,1.370
13910,1.3722,2.6214,0.00,1.3722,2.6275,3,3,0,14,97,150,0,0,0,0,1.358
13920,1.3842,2.6214,0.00,1.3842,2.6275,3,3,0,14,97,150,0,0,0,0,1.346
13930,1.3961,2.6214,0.00,1.3961,2.6275,3,3,0,14,97,150,0,0,0,0,1.334
13940,1.4080,2.6214,0.00,1.4080,2.6275,3,3,0,14,97,150,0,0,0,0,1.322
13950,1.4200,2.6214,0.00,1.4200,2.6275,3,3,0,14,103,150,0,0,0,0,1.310
13960,1.4319,2.6214,0.00,1.4319,2.6275,3,3,0,14,103,150,0,0,0,0,1.298
13970,1.4439,2.6214,0.00,1.4439,2.6275,3,3,0,14,103,150,0,0,0,0,1.286
13980,1.4558,2.6214,0.00,1.4558,2.6275,3,3,0,14,103,150,0,0,0,0,1.274
13990,1.4677,2.6214,0.00,1.4677,2.6275,3,3,0,14,103,150,0,0,0,0,1.262
14000,1.4797,2.6214,0.00,1.4797,2.6275,3,3,0,14,109,150,0,0,0,0,1.250
14010,1.4916,2.6214,0.00,1.4916,2.6275,3,3,0,14,109,150,0,0,0,0,1.238
14020,1.5036,2.6214,0.00,1.5036,2.6275,3,3,0,14,109,150,0,0,0,0,1.226
14030,1.5155,2.6214,0.00,1.5155,2.6275,3,3,0,14,109,150,0,0,0,0,1.215
14040,1.5274,2.6214,0.00,1.5274,2.6275,3,3,0,14,109,150,0,0,0,0,1.203
14050,1.5394,2.6214,0.00,1.5394,2.6275,3,3,0,14,114,150,0,0,0,0,1.191
14060,1.5513,2.6214,0.00,1.5513,2.6275,3,3,0,14,114,150,0,0,0,0,1.179
14070,1.5632,2.6214,0.00,1.5632,2.6275,3,3,0,14,114,150,0,0,0,0,1.167
14080,1.5752,2.6214,0.00,1.5752,2.6275,3,3,0,14,114,150,0,0,0,0,1.155
14090,1.5871,2.6214,0.00,1.5871,2.6275,3,3,0,14,114,150,0,0,0,0,1.143
14100,1.5991,2.6214,0.00,1.5991,2.6275,3,3,0,14,120,150,0,0,0,0,1.131
14110,1.6110,2.6214,0.00,1.6110,2.6275,3,3,0,14,120,150,0,0,0,0,1.119
14120,1.6229,2.6214,0.00,1.6229,2.6275,3,3,0,14,120,150,0,0,0,0,1.107
14130,1.6349,2.6214,0.00,1.6349,2.6275,3,3,0,14,120,150,0,0,0,0,1.095
14140,1.6468,2.6214,0.00,1.6468,2.6275,3,3,0,14,120,150,0,0,0,0,1.083
14150,1.6587,2.6214,0.00,1.6587,2.6275,3,3,0,14,126,150,0,0,0,0,1.071
14160,1.6707,2.6214,0.00,1.6707,2.6275,3,3,0,14,126,150,0,0,0,0,1.059
14170,1.6826,2.6214,0.00,1.6826,2.6275,3,3,0,14,126,150,0,0,0,0,1.047
14180,1.6946,2.6214,0.00,1.6946,2.6275,3,3,0,14,126,150,0,0,0,0,1.035
14190,1.7065,2.6214,0.00,1.7065,2.6275,3,3,0,14,126,150,0,0,0,0,1.023
14200,1.7184,2.6214,0.00,1.7184,2.6275,3,3,0,14,132,150,0,0,0,0,1.012
14210,1.7304,2.6214,0.00,1.7304,2.6275,3,3,0,14,132,150,0,0,0,0,1.000
14220,1.7423,2.6214,0.00,1.7423,2.6275,3,3,0,14,132,150,0,0,0,0,0.988
14230,1.7543,2.6214,0.00,1.7543,2.6275,3,3,0,14,132,150,0,0,0,0,0.976
14240,1.7662,2.6214,0.00,1.7662,2.6275,3,3,0,14,132,150,0,0,0,0,0.964
14250,1.7781,2.6214,0.00,1.7781,2.6275,3,3,0,14,138,150,0,0,0,0,0.952
14260,1.7901,2.6214,0.00,1.7901,2.6275,3,3,0,14,138,150,0,0,0,0,0.940
14270,1.8020,2.6214,0.00,1.8020,2.6275,3,3,0,14,138,150,0,0,0,0,0.928
14280,1.8139,2.6214,0.00,1.8139,2.6275,3,3,0,14,138,150,0,0,0,0,0.916
14290,1.8259,2.6214,0.00,1.8259,2.6275,3,3,0,14,138,150,0,0,0,0,0.904
14300,1.8378,2.6214,0.00,1.8378,2.6275,3,3,0,14,144,150,0,0,0,0,0.892
14310,1.8497,2.6214,0.00,1.8497,2.6275,3,3,0,14,144,75,0,0,0,0,0.880
14320,1.8614,2.6214,0.00,1.8614,2.6275,3,3,0,14,144,75,0,0,0,0,0.869
14330,1.8728,2.6214,0.00,1.8728,2.6275,3,3,0,14,144,75,0,0,0,0,0.857
14340,1.8841,2.6214,0.00,1.8841,2.6275,3,3,0,14,144,75,0,0,0,0,0.846
14350,1.8952,2.6214,0.00,1.8952,2.6275,3,3,0,14,150,75,0,0,0,0,0.835
14360,1.9060,2.6214,0.00,1.9060,2.6275,3,3,0,14,150,75,0,0,0,0,0.824
14370,1.9167,2.6214,0.00,1.9167,2.6275,3,3,0,14,150,75,0,0,0,0,0.813
14380,1.9272,2.6214,0.00,1.9272,2.6275,3,3,0,14,150,75,0,0,0,0,0.803
14390,1.9374,2.6214,0.00,1.9374,2.6275,3,3,0,14,150,75,0,0,0,0,0.793
14400,1.9475,2.6214,0.00,1.9475,2.6275,3,3,0,14,156,75,0,0,0,0,0.783
14410,1.9574,2.6214,0.00,1.9574,2.6275,3,3,0,14,156,75,0,0,0,0,0.773
14420,1.9670,2.6214,0.00,1.9670,2.6275,3,3,0,14,156,75,0,0,0,0,0.763
14430,1.9765,2.6214,0.00,1.9765,2.6275,3,3,0,14,156,75,0,0,0,0,0.753
14440,1.9858,2.6214,0.00,1.9858,2.6275,3,3,0,14,156,75,0,0,0,0,0.744
14450,1.9948,2.6214,0.00,1.9948,2.6275,3,3,0,14,162,75,0,0,0,0,0.735
14460,2.0037,2.6214,0.00,2.0037,2.6275,3,3,0,14,162,75,0,0,0,0,0.726
14470,2.0124,2.6214,0.00,2.0124,2.6275,3,3,0,14,162,75,0,0,0,0,0.718
14480,2.0208,2.6214,0.00,2.0208,2.6275,3,3,0,14,162,75,0,0,0,0,0.709
14490,2.0291,2.6214,0.00,2.0291,2.6275,3,3,0,14,162,75,0,0,0,0,0.701
14500,2.0372,2.6214,0.00,2.0372,2.6275,3,3,0,14,167,75,0,0,0,0,0.693
14510,2.0450,2.6214,0.00,2.0450,2.6275,3,3,0,14,167,75,0,0,0,0,0.685
14520,2.0527,2.6214,0.00,2.0527,2.6275,3,3,0,14,167,75,0,0,0,0,0.677
14530,2.0602,2.6214,0.00,2.0602,2.6275,3,3,0,14,167,75,0,0,0,0,0.670
14540,2.0674,2.6214,0.00,2.0674,2.6275,3,3,0,14,167,75,0,0,0,0,0.663
14550,2.0745,2.6214,0.00,2.0745,2.6275,3,3,0,140,172,75,0,0,0,0,0.655
14560,2.0814,2.6214,0.00,2.0814,2.6275,3,3,0,140,172,75,0,0,0,0,0.649
14570,2.0881,2.6214,0.00,2.0881,2.6275,3,3,0,140,172,75,0,0,0,0,0.642
14580,2.0945,2.6214,0.00,2.0945,2.6275,3,3,0,140,172,75,0,0,0,0,0.635
14590,2.1008,2.6214,0.00,2.1008,2.6275,3,3,0,140,172,75,0,0,0,0,0.629
14600,2.1069,2.6214,0.00,2.1069,2.6275,3,3,0,140,176,75,0,0,0,0,0.623
14610,2.1128,2.6214,0.00,2.1128,2.6275,3,3,0,140,176,75,0,0,0,0,0.617
14620,2.1188,2.6214,0.00,2.1188,2.6275,3,3,0,140,176,75,0,0,0,0,0.611
14630,2.1248,2.6214,0.00,2.1248,2.6275,3,3,0,140,176,75,0,0,0,0,0.605
14640,2.1307,2.6214,0.00,2.1307,2.6275,3,3,0,140,176,75,0,0,0,0,0.599
14650,2.1367,2.6214,0.00,2.1367,2.6275,3,3,0,140,180,75,0,0,0,0,0.593
14660,2.1427,2.6214,0.00,2.1427,2.6275,3,3,0,140,180,75,0,0,0,0,0.587
14670,2.1486,2.6214,0.00,2.1486,2.6275,3,3,0,140,180,75,0,0,0,0,0.581
14680,2.1546,2.6214,0.00,2.1546,2.6275,3,3,0,140,180,75,0,0,0,0,0.575
14690,2.1606,2.6214,0.00,2.1606,2.6275,3,3,0,140,180,75,0,0,0,0,0.569
14700,2.1665,2.6214,0.00,2.1665,2.6275,3,3,0,140,183,75,0,0,0,0,0.563
14710,2.1725,2.6214,0.00,2.1725,2.6275,3,3,0,140,183,75,0,0,0,0,0.557
14720,2.1785,2.6214,0.00,2.1785,2.6275,3,3,0,140,183,75,0,0,0,0,0.552
14730,2.1845,2.6214,0.00,2.1845,2.6275,3,3,0,140,183,75,0,0,0,0,0.546
14740,2.1904,2.6214,0.00,2.1904,2.6275,3,3,0,140,183,75,0,0,0,0,0.540
14750,2.1964,2.6214,0.00,2.1964,2.6275,3,3,0,140,186,75,0,0,0,0,0.534
14760,2.2024,2.6214,0.00,2.2024,2.6275,3,3,0,140,186,75,0,0,0,0,0.528
14770,2.2083,2.6214,0.00,2.2083,2.6275,3,3,0,140,186,75,0,0,0,0,0.522
14780,2.2143,2.6214,0.00,2.2143,2.6275,3,3,0,140,186,75,0,0,0,0,0.516
14790,2.2203,2.6214,0.00,2.2203,2.6275,3,3,0,140,186,75,0,0,0,0,0.510
14800,2.2262,2.6214,0.00,2.2262,2.6275,3,3,0,140,189,75,0,0,0,0,0.504
14810,2.2322,2.6214,0.00,2.2322,2.6275,3,3,0,140,189,75,0,0,0,0,0.498
14820,2.2382,2.6214,0.00,2.2382,2.6275,3,3,0,140,189,75,0,0,0,0,0.492
14830,2.2441,2.6214,0.00,2.2441,2.6275,3,3,0,140,189,75,0,0,0,0,0.486
14840,2.2501,2.6214,0.00,2.2501,2.6275,3,3,0,140,189,75,0,0,0,0,0.480
14850,2.2561,2.6214,0.00,2.2561,2.6275,3,3,0,140,192,75,0,0,0,0,0.474
14860,2.2621,2.6214,0.00,2.2621,2.6275,3,3,0,140,192,75,0,0,0,0,0.468
14870,2.2680,2.6214,0.00,2.2680,2.6275,3,3,0,140,192,75,0,0,0,0,0.462
14880,2.2740,2.6214,0.00,2.2740,2.6275,3,3,0,140,192,75,0,0,0,0,0.456
14890,2.2800,2.6214,0.00,2.2800,2.6275,3,3,0,140,192,75,0,0,0,0,0.450
14900,2.2859,2.6214,0.00,2.2859,2.6275,3,3,0,140,195,75,0,0,0,0,0.444
14910,2.2919,2.6214,0.00,2.2919,2.6275,3,3,0,140,195,75,0,0,0,0,0.438
14920,2.2979,2.6214,0.00,2.2979,2.6275,3,3,0,140,195,75,0,0,0,0,0.432
14930,2.3038,2.6214,0.00,2.3038,2.6275,3,3,0,140,195,75,0,0,0,0,0.426
14940,2.3098,2.6214,0.00,2.3098,2.6275,3,3,0,140,195,75,0,0,0,0,0.420
14950,2.3158,2.6214,0.00,2.3158,2.6275,3,3,0,140,198,75,0,0,0,0,0.414
14960,2.3217,2.6214,0.00,2.3217,2.6275,3,3,0,140,198,75,0,0,0,0,0.408
14970,2.3277,2.6214,0.00,2.3277,2.6275,3,3,0,140,198,75,0,0,0,0,0.402
14980,2.3337,2.6214,0.00,2.3337,2.6275,3,3,0,140,198,75,0,0,0,0,0.396
14990,2.3397,2.6214,0.00,2.3397,2.6275,3,3,0,140,198,75,0,0,0,0,0.390
15000,2.3456,2.6214,0.00,2.3456,2.6275,3,3,0,140,201,75,0,0,0,0,0.384
15010,2.3516,2.6214,0.00,2.3516,2.6275,3,3,0,140,201,75,0,0,0,0,0.378
15020,2.3576,2.6214,0.00,2.3576,2.6275,3,3,0,140,201,75,0,0,0,0,0.372
15030,2.3635,2.6214,0.00,2.3635,2.6275,3,3,0,140,201,75,0,0,0,0,0.366
15040,2.3695,2.6214,0.00,2.3695,2.6275,3,3,0,140,201,75,0,0,0,0,0.361
15050,2.3755,2.6214,0.00,2.3755,2.6275,3,3,0,140,204,75,0,0,0,0,0.355
15060,2.3814,2.6214,0.00,2.3814,2.6275,3,3,0,140,204,75,0,0,0,0,0.349
15070,2.3874,2.6214,0.00,2.3874,2.6275,3,3,0,140,204,75,0,0,0,0,0.343
15080,2.3934,2.6214,0.00,2.3934,2.6275,3,3,0,140,204,75,0,0,0,0,0.337
15090,2.3993,2.6214,0.00,2.3993,2.6275,3,3,0,140,204,75,0,0,0,0,0.331
15100,2.4053,2.6214,0.00,2.4053,2.6275,3,3,0,140,207,75,0,0,0,0,0.325
15110,2.4113,2.6214,0.00,2.4113,2.6275,3,3,0,140,207,75,0,0,0,0,0.319
15120,2.4172,2.6214,0.00,2.4172,2.6275,3,3,0,140,207,75,0,0,0,0,0.313
15130,2.4232,2.6214,0.00,2.4232,2.6275,3,3,0,140,207,75,0,0,0,0,0.307
15140,2.4292,2.6214,0.00,2.4292,2.6275,3,3,0,140,207,75,0,0,0,0,0.301
15150,2.4352,2.6214,0.00,2.4352,2.6275,3,3,0,140,210,75,0,0,0,0,0.295
15160,2.4411,2.6214,0.00,2.4411,2.6275,3,3,0,140,210,75,0,0,0,0,0.289
15170,2.4471,2.6214,0.00,2.4471,2.6275,3,3,0,140,210,75,0,0,0,0,0.283
15180,2.4531,2.6214,0.00,2.4531,2.6275,3,3,0,140,210,75,0,0,0,0,0.277
15190,2.4590,2.6214,0.00,2.4590,2.6275,3,3,0,140,210,75,0,0,0,0,0.271
15200,2.4650,2.6214,0.00,2.4650,2.6275,3,3,0,140,213,75,0,0,0,0,0.265
15210,2.4710,2.6214,0.00,2.4710,2.6275,3,3,0,140,213,75,0,0,0,0,0.259
15220,2.4769,2.6214,0.00,2.4769,2.6275,3,3,0,140,213,75,0,0,0,0,0.253
15230,2.4829,2.6214,0.00,2.4829,2.6275,3,3,0,140,213,75,0,0,0,0,0.247
15240,2.4889,2.6214,0.00,2.4889,2.6275,3,3,0,140,213,75,0,0,0,0,0.241
15250,2.4948,2.6214,0.00,2.4948,2.6275,3,3,0,140,216,75,0,0,0,0,0.235
15260,2.5008,2.6214,0.00,2.5008,2.6275,3,3,0,140,216,75,0,0,0,0,0.229
15270,2.5068,2.6214,0.00,2.5068,2.6275,3,3,0,140,216,75,0,0,0,0,0.223
15280,2.5128,2.6214,0.00,2.5128,2.6275,3,3,0,140,216,75,0,0,0,0,0.217
15290,2.5187,2.6214,0.00,2.5187,2.6275,3,3,0,140,216,75,0,0,0,0,0.211
15300,2.5247,2.6214,0.00,2.5247,2.6275,3,3,0,140,219,75,0,0,0,0,0.205
15310,2.5307,2.6214,0.00,2.5307,2.6275,3,3,0,140,219,75,0,0,0,0,0.199
15320,2.5366,2.6214,0.00,2.5366,2.6275,3,3,0,140,219,75,0,0,0,0,0.193
15330,2.5426,2.6214,0.00,2.5426,2.6275,3,3,0,140,219,75,0,0,0,0,0.187
15340,2.5486,2.6214,0.00,2.5486,2.6275,3,3,0,140,219,75,0,0,0,0,0.181
15350,2.5545,2.6214,0.00,2.5545,2.6275,3,3,0,140,222,75,0,0,0,0,0.175
15360,2.5605,2.6214,0.00,2.5605,2.6275,3,3,0,140,222,75,0,0,0,0,0.169
15370,2.5665,2.6214,0.00,2.5665,2.6275,3,3,0,140,222,75,0,0,0,0,0.164
15380,2.5724,2.6214,0.00,2.5724,2.6275,3,3,0,140,222,74,0,1,0,0,0.158
15390,2.5783,2.6214,0.00,2.5783,2.6275,3,3,0,140,222,72,0,1,0,0,0.152
15400,2.5840,2.6214,0.00,2.5840,2.6275,3,3,0,140,225,71,0,1,0,0,0.146
15410,2.5896,2.6214,0.00,2.5896,2.6275,3,3,0,140,225,69,0,1,0,0,0.140
15420,2.5951,2.6214,0.00,2.5951,2.6275,3,3,0,140,225,68,0,1,0,0,0.135
15430,2.6004,2.6214,0.00,2.6004,2.6275,3,3,0,140,225,66,0,1,0,0,0.130
15440,2.6056,2.6214,0.00,2.6056,2.6275,3,3,0,140,225,64,0,1,0,0,0.124
15450,2.6107,2.6214,0.00,2.6107,2.6275,3,3,0,140,228,63,0,1,0,0,0.119
15460,2.6157,2.6214,0.00,2.6157,2.6275,3,3,0,140,228,61,0,1,0,0,0.114
15470,2.6205,2.6214,0.00,2.6205,2.6275,3,3,0,140,228,60,0,1,0,0,0.110
15480,2.6252,2.6214,0.00,2.6252,2.6275,3,3,0,140,228,58,0,1,0,0,0.105
15490,2.6298,2.6214,0.00,2.6298,2.6275,3,3,0,140,228,56,0,1,0,0,0.100
15500,2.6342,2.6214,0.00,2.6342,2.6275,3,3,0,140,231,55,0,1,0,0,0.096
15510,2.6385,2.6214,0.00,2.6385,2.6275,3,3,0,140,231,53,0,1,0,0,0.091
15520,2.6427,2.6214,0.00,2.6427,2.6275,4,3,0,140,231,0,0,0,0,0,1000.000
15530,2.6467,2.6214,0.00,2.6467,2.6275,4,3,0,140,231,0,0,0,0,0,1000.000
15540,2.6505,2.6214,0.00,2.6505,2.6275,4,3,0,140,231,0,0,0,0,0,1000.000
15550,2.6542,2.6214,0.00,2.6542,2.6275,4,3,0,140,234,0,0,0,0,0,1000.000
15560,2.6576,2.6214,0.00,2.6576,2.6275,4,3,0,140,234,0,0,0,0,0,1000.000
15570,2.6608,2.6214,0.00,2.6608,2.6275,4,3,0,140,234,0,0,0,0,0,1000.000
15580,2.6638,2.6214,0.00,2.6638,2.6275,4,3,0,140,234,0,0,0,0,0,1000.000
15590,2.6666,2.6214,0.00,2.6666,2.6275,4,3,0,140,234,0,0,0,0,0,1000.000
15600,2.6692,2.6214,0.00,2.6692,2.6275,4,3,0,140,236,0,0,0,0,0,1000.000
15610,2.6716,2.6214,0.00,2.6716,2.6275,4,3,0,140,236,0,0,0,0,0,1000.000
15620,2.6738,2.6214,0.00,2.6738,2.6275,4,3,0,140,236,0,0,0,0,0,1000.000
15630,2.6758,2.6214,0.00,2.6758,2.6275,4,3,0,140,236,0,0,0,0,0,1000.000
15640,2.6776,2.6214,0.00,2.6776,2.6275,4,3,0,140,236,0,0,0,0,0,1000.000
15650,2.6792,2.6214,0.00,2.6792,2.6275,4,3,0,140,238,0,0,0,0,0,1000.000
15660,2.6806,2.6214,0.00,2.6806,2.6275,4,3,0,140,238,0,0,0,0,0,1000.000
15670,2.6818,2.6214,0.00,2.6818,2.6275,4,3,0,140,238,0,0,0,0,0,1000.000
15680,2.6829,2.6214,0.00,2.6829,2.6275,4,3,0,140,238,0,0,0,0,0,1000.000
15690,2.6837,2.6214,0.00,2.6837,2.6275,4,3,0,140,238,0,0,0,0,0,1000.000
15700,2.6843,2.6214,0.00,2.6843,2.6275,4,3,0,140,239,0,0,0,0,0,1000.000
15710,2.6847,2.6214,0.00,2.6847,2.6275,4,3,0,140,239,0,0,0,0,0,1000.000
15720,2.6849,2.6214,0.00,2.6849,2.6275,4,3,0,140,239,0,0,0,0,0,1000.000
15730,2.6849,2.6214,0.00,2.6849,2.6275,4,3,0,140,239,0,0,0,0,0,1000.000
15740,2.6849,2.6214,0.00,2.6849,2.6275,4,3,0,140,239,0,0,0,0,0,1000.000
15750,2.6849,2.6214,0.00,2.6849,2.6275,4,3,0,140,240,0,0,0,0,0,1000.000
15760,2.6849,2.6214,0.00,2.6849,2.6275,4,3,0,140,240,0,0,0,0,0,1000.000
15770,2.6849,2.6214,0.00,2.6849,2.6275,4,3,0,140,240,0,0,0,0,0,1000.000
15780,2.6849,2.6214,0.00,2.6849,2.6275,4,3,0,140,240,0,0,0,0,0,1000.000
15790,2.6849,2.6214,0.00,2.6849,2.6275,4,3,0,140,240,0,0,0,0,0,1000.000
15800,2.6849,2.6214,0.00,2.6849,2.6275,4,3,0,140,240,0,0,0,0,0,1000.000
15810,2.6849,2.6214,0.00,2.6849,2.6275,4,3,0,140,240,0,0,0,0,0,1000.000
15820,2.6849,2.6214,0.00,2.6849,2.6275,4,3,0,140,240,0,0,0,0,0,1000.000
15830,2.6849,2.6214,0.00,2.6849,2.6275,4,3,0,140,240,0,0,0,0,0,1000.000
15840,2.6849,2.6214,0.00,2.6849,2.6275,4,3,0,140,240,0,0,0,0,0,1000.000
15850,2.6849,2.6214,0.00,2.6849,2.6275,4,3,0,140,240,0,0,0,0,0,1000.000
15860,2.6849,2.6214,0.00,2.6849,2.6275,4,3,0,140,240,0,0,0,0,0,1000.000
15870,2.6849,2.6214,0.00,2.6849,2.6275,4,3,0,140,240,0,0,0,0,0,1000.000
15880,2.6849,2.6214,0.00,2.6849,2.6275,4,3,0,140,240,0,0,0,0,0,1000.000
15890,2.6849,2.6214,0.00,2.6849,2.6275,4,3,0,140,240,0,0,0,0,0,1000.000
15900,2.6849,2.6214,0.00,2.6849,2.6275,4,3,0,140,240,0,0,0,0,0,1000.000
15910,2.6849,2.6214,0.00,2.6849,2.6275,4,3,0,140,240,0,0,0,0,0,1000.000
15920,2.6849,2.6214,0.00,2.6849,2.6275,4,3,0,140,240,0,150,0,0,0,3.044
15930,2.6849,2.6216,0.00,2.6849,2.6277,4,3,0,140,240,0,150,0,0,0,3.044
15940,2.6849,2.6220,0.00,2.6849,2.6281,4,3,0,140,240,0,150,0,0,0,3.043
15950,2.6849,2.6226,0.00,2.6849,2.6287,4,3,0,140,240,0,150,0,0,0,3.043
15960,2.6849,2.6235,0.00,2.6849,2.6295,4,3,0,140,240,0,150,0,0,0,3.042
15970,2.6849,2.6245,0.00,2.6849,2.6305,4,3,0,140,240,0,150,0,0,0,3.041
15980,2.6849,2.6257,0.00,2.6849,2.6317,4,3,0,140,240,0,150,0,0,0,3.040
15990,2.6849,2.6271,0.00,2.6849,2.6332,4,3,0,140,240,0,150,0,0,0,3.038
16000,2.6849,2.6287,0.00,2.6849,2.6348,4,3,0,140,240,0,150,0,0,0,3.037
16010,2.6849,2.6305,0.00,2.6849,2.6366,4,3,0,140,240,0,150,0,0,0,3.035
16020,2.6849,2.6325,0.00,2.6849,2.6386,4,3,0,140,240,0,150,0,0,0,3.033
16030,2.6849,2.6347,0.00,2.6849,2.6408,4,3,0,140,240,0,150,0,0,0,3.031
16040,2.6849,2.6371,0.00,2.6849,2.6432,4,3,0,140,240,0,150,0,0,0,3.028
16050,2.6849,2.6397,0.00,2.6849,2.6458,4,3,0,140,240,0,150,0,0,0,3.026
16060,2.6849,2.6426,0.00,2.6849,2.6486,4,3,0,140,240,0,150,0,0,0,3.023
16070,2.6849,2.6456,0.00,2.6849,2.6516,4,3,0,140,240,0,150,0,0,0,3.020
16080,2.6849,2.6488,0.00,2.6849,2.6548,4,3,0,140,240,0,150,0,0,0,3.017
16090,2.6849,2.6522,0.00,2.6849,2.6583,4,3,0,140,240,0,150,0,0,0,3.013
16100,2.6849,2.6558,0.00,2.6849,2.6619,4,3,0,140,240,0,150,0,0,0,3.010
16110,2.6849,2.6596,0.00,2.6849,2.6657,4,3,0,140,240,0,150,0,0,0,3.006
16120,2.6849,2.6636,0.00,2.6849,2.6697,4,3,0,140,240,0,150,0,0,0,3.002
16130,2.6849,2.6678,0.00,2.6849,2.6739,4,3,0,140,240,0,150,0,0,0,2.998
16140,2.6849,2.6722,0.00,2.6849,2.6783,4,3,0,140,240,0,150,0,0,0,2.993
16150,2.6849,2.6768,0.00,2.6849,2.6829,4,3,0,140,240,0,150,0,0,0,2.989
16160,2.6849,2.6817,0.00,2.6849,2.6877,4,3,0,140,240,0,150,0,0,0,2.984
16170,2.6849,2.6867,0.00,2.6849,2.6927,4,3,0,140,240,0,150,0,0,0,2.979
16180,2.6849,2.6919,0.00,2.6849,2.6979,4,3,0,140,240,0,150,0,0,0,2.974
16190,2.6849,2.6973,0.00,2.6849,2.7034,4,3,0,140,240,0,150,0,0,0,2.968
16200,2.6849,2.7029,0.00,2.6849,2.7090,4,3,0,140,240,0,150,0,0,0,2.963
16210,2.6849,2.7087,0.00,2.6849,2.7148,4,3,0,140,240,0,150,0,0,0,2.957
16220,2.6849,2.7147,0.00,2.6849,2.7208,4,3,0,140,240,0,150,0,0,0,2.951
16230,2.6849,2.7209,0.00,2.6849,2.7270,4,3,0,140,240,0,150,0,0,0,2.945
16240,2.6849,2.7273,0.00,2.6849,2.7334,4,3,0,140,240,0,150,0,0,0,2.938
16250,2.6849,2.7339,0.00,2.6849,2.7400,4,3,0,140,240,0,150,0,0,0,2.931
16260,2.6849,2.7408,0.00,2.6849,2.7468,4,3,0,140,240,0,150,0,0,0,2.925
16270,2.6849,2.7478,0.00,2.6849,2.7538,4,3,0,140,240,0,150,0,0,0,2.918
16280,2.6849,2.7550,0.00,2.6849,2.7610,4,3,0,140,240,0,150,0,0,0,2.910
16290,2.6849,2.7624,0.00,2.6849,2.7685,4,3,0,140,240,0,150,0,0,0,2.903
16300,2.6849,2.7700,0.00,2.6849,2.7761,4,3,0,140,240,0,150,0,0,0,2.895
16310,2.6849,2.7778,0.00,2.6849,2.7839,4,3,0,140,240,0,150,0,0,0,2.888
16320,2.6849,2.7858,0.00,2.6849,2.7919,4,3,0,140,240,0,150,0,0,0,2.880
16330,2.6849,2.7940,0.00,2.6849,2.8001,4,3,0,140,240,0,150,0,0,0,2.871
16340,2.6849,2.8024,0.00,2.6849,2.8085,4,3,0,140,240,0,150,0,0,0,2.863
16350,2.6849,2.8110,0.00,2.6849,2.8171,4,3,0,140,240,0,150,0,0,0,2.854
16360,2.6849,2.8199,0.00,2.6849,2.8259,4,3,0,140,240,0,150,0,0,0,2.846
16370,2.6849,2.8289,0.00,2.6849,2.8349,4,3,0,140,240,0,150,0,0,0,2.837
16380,2.6849,2.8381,0.00,2.6849,2.8441,4,3,0,140,240,0,150,0,0,0,2.827
16390,2.6849,2.8475,0.00,2.6849,2.8536,4,3,0,140,240,0,150,0,0,0,2.818
16400,2.6849,2.8571,0.00,2.6849,2.8632,4,3,0,140,240,0,150,0,0,0,2.808
16410,2.6849,2.8669,0.00,2.6849,2.8730,4,3,0,140,240,0,150,0,0,0,2.799
16420,2.6849,2.8769,0.00,2.6849,2.8830,4,3,0,140,240,0,150,0,0,0,2.789
16430,2.6849,2.8871,0.00,2.6849,2.8932,4,3,0,140,240,0,150,0,0,0,2.778
16440,2.6849,2.8975,0.00,2.6849,2.9036,4,3,0,140,240,0,75,0,0,0,2.768
16450,2.6849,2.9078,0.00,2.6849,2.9139,4,3,0,140,240,0,75,0,0,0,2.758
16460,2.6849,2.9179,0.00,2.6849,2.9239,4,3,0,140,240,0,75,0,0,0,2.748
16470,2.6849,2.9277,0.00,2.6849,2.9338,4,3,0,140,240,0,75,0,0,0,2.738
16480,2.6849,2.9374,0.00,2.6849,2.9435,4,3,0,140,240,0,75,0,0,0,2.728
16490,2.6849,2.9469,0.00,2.6849,2.9529,4,3,0,140,240,0,75,0,0,0,2.719
16500,2.6849,2.9561,0.00,2.6849,2.9622,4,3,0,140,240,0,75,0,0,0,2.709
16510,2.6849,2.9652,0.00,2.6849,2.9713,4,3,0,140,240,0,75,0,0,0,2.700
16520,2.6849,2.9741,0.00,2.6849,2.9801,4,3,0,140,240,0,75,0,0,0,2.691
16530,2.6849,2.9827,0.00,2.6849,2.9888,4,3,0,140,240,0,75,0,0,0,2.683
16540,2.6849,2.9912,0.00,2.6849,2.9973,4,3,0,140,240,0,75,0,0,0,2.674
16550,2.6849,2.9995,0.00,2.6849,3.0056,4,3,0,140,240,0,75,0,0,0,2.666
16560,2.6849,3.0076,0.00,2.6849,3.0136,4,3,0,140,240,0,75,0,0,0,2.658
16570,2.6849,3.0154,0.00,2.6849,3.0215,4,3,0,140,240,0,75,0,0,0,2.650
16580,2.6849,3.0231,0.00,2.6849,3.0292,4,3,0,140,240,0,75,0,0,0,2.642
16590,2.6849,3.0306,0.00,2.6849,3.0366,4,3,0,140,240,0,75,0,0,0,2.635
16600,2.6849,3.0378,0.00,2.6849,3.0439,4,3,0,140,240,0,75,0,0,0,2.628
16610,2.6849,3.0449,0.00,2.6849,3.0510,4,3,0,140,240,0,75,0,0,0,2.621
16620,2.6849,3.0518,0.00,2.6849,3.0578,4,3,0,140,240,0,75,0,0,0,2.614
16630,2.6849,3.0584,0.00,2.6849,3.0645,4,3,0,140,240,0,75,0,0,0,2.607
16640,2.6849,3.0649,0.00,2.6849,3.0710,4,3,0,140,240,0,75,0,0,0,2.601
16650,2.6849,3.0712,0.00,2.6849,3.0773,4,3,0,140,240,0,75,0,0,0,2.594
16660,2.6849,3.0773,0.00,2.6849,3.0833,4,3,0,140,240,0,75,0,0,0,2.588
16670,2.6849,3.0832,0.00,2.6849,3.0893,4,3,0,140,240,0,75,0,0,0,2.582
16680,2.6849,3.0892,0.00,2.6849,3.0953,4,3,0,140,240,0,75,0,0,0,2.576
16690,2.6849,3.0952,0.00,2.6849,3.1012,4,3,0,140,240,0,75,0,0,0,2.570
16700,2.6849,3.1011,0.00,2.6849,3.1072,4,3,0,140,51,0,75,0,0,0,2.564
16710,2.6849,3.1071,0.00,2.6849,3.1132,4,3,0,140,51,0,75,0,0,0,2.558
16720,2.6849,3.1131,0.00,2.6849,3.1191,4,3,0,140,51,0,75,0,0,0,2.552
16730,2.6849,3.1190,0.00,2.6849,3.1251,4,3,0,140,51,0,75,0,0,0,2.546
16740,2.6849,3.1250,0.00,2.6849,3.1311,4,3,0,140,51,0,75,0,0,0,2.540
16750,2.6849,3.1310,0.00,2.6849,3.1370,4,3,0,140,51,0,75,0,0,0,2.534
16760,2.6849,3.1369,0.00,2.6849,3.1430,4,3,0,140,51,0,75,0,0,0,2.528
16770,2.6849,3.1429,0.00,2.6849,3.1490,4,3,0,140,51,0,75,0,0,0,2.523
16780,2.6849,3.1489,0.00,2.6849,3.1550,4,3,0,140,51,0,75,0,0,0,2.517
16790,2.6849,3.1549,0.00,2.6849,3.1609,4,3,0,140,51,0,75,0,0,0,2.511
16800,2.6849,3.1608,0.00,2.6849,3.1669,4,3,0,140,51,0,75,0,0,0,2.505
16810,2.6849,3.1668,0.00,2.6849,3.1729,4,3,0,140,51,0,75,0,0,0,2.499
16820,2.6849,3.1728,0.00,2.6849,3.1788,4,3,0,140,51,0,75,0,0,0,2.493
16830,2.6849,3.1787,0.00,2.6849,3.1848,4,3,0,140,51,0,75,0,0,0,2.487
16840,2.6849,3.1847,0.00,2.6849,3.1908,4,3,0,140,51,0,75,0,0,0,2.481
16850,2.6849,3.1907,0.00,2.6849,3.1967,4,3,0,140,240,0,75,0,0,0,2.475
16860,2.6849,3.1966,0.00,2.6849,3.2027,4,3,0,140,240,0,75,0,0,0,2.469
16870,2.6849,3.2026,0.00,2.6849,3.2087,4,3,0,140,240,0,75,0,0,0,2.463
16880,2.6849,3.2086,0.00,2.6849,3.2146,4,3,0,140,240,0,75,0,0,0,2.457
16890,2.6849,3.2145,0.00,2.6849,3.2206,4,3,0,140,240,0,75,0,0,0,2.451
16900,2.6849,3.2205,0.00,2.6849,3.2266,4,3,0,140,240,0,75,0,0,0,2.445
16910,2.6849,3.2265,0.00,2.6849,3.2326,4,3,0,140,240,0,75,0,0,0,2.439
16920,2.6849,3.2324,0.00,2.6849,3.2385,4,3,0,140,240,0,75,0,0,0,2.433
16930,2.6849,3.2384,0.00,2.6849,3.2445,4,3,0,140,240,0,75,0,0,0,2.427
16940,2.6849,3.2444,0.00,2.6849,3.2505,4,3,0,140,240,0,75,0,0,0,2.421
16950,2.6849,3.2504,0.00,2.6849,3.2564,4,3,0,140,240,0,75,0,0,0,2.415
16960,2.6849,3.2563,0.00,2.6849,3.2624,4,3,0,140,240,0,75,0,0,0,2.409
16970,2.6849,3.2623,0.00,2.6849,3.2684,4,3,0,140,240,0,75,0,0,0,2.403
16980,2.6849,3.2683,0.00,2.6849,3.2743,4,3,0,140,240,0,75,0,0,0,2.397
16990,2.6849,3.2742,0.00,2.6849,3.2803,4,3,0,140,240,0,75,0,0,0,2.391
17000,2.6849,3.2802,0.00,2.6849,3.2863,4,3,0,140,240,0,75,0,0,0,2.385
17010,2.6849,3.2862,0.00,2.6849,3.2922,4,3,0,140,240,0,75,0,0,0,2.379
17020,2.6849,3.2921,0.00,2.6849,3.2982,4,3,0,140,240,0,75,0,0,0,2.373
17030,2.6849,3.2981,0.00,2.6849,3.3042,4,3,0,140,240,0,75,0,0,0,2.367
17040,2.6849,3.3041,0.00,2.6849,3.3101,4,3,0,140,240,0,75,0,0,0,2.361
17050,2.6849,3.3100,0.00,2.6849,3.3161,4,3,0,140,240,0,75,0,0,0,2.355
17060,2.6849,3.3160,0.00,2.6849,3.3221,4,3,0,140,240,0,75,0,0,0,2.349
17070,2.6849,3.3220,0.00,2.6849,3.3281,4,3,0,140,240,0,75,0,0,0,2.343
17080,2.6849,3.3280,0.00,2.6849,3.3340,4,3,0,140,240,0,75,0,0,0,2.337
17090,2.6849,3.3339,0.00,2.6849,3.3400,4,3,0,140,240,0,75,0,0,0,2.332
17100,2.6849,3.3399,0.00,2.6849,3.3460,4,3,0,140,240,0,75,0,0,0,2.326
17110,2.6849,3.3459,0.00,2.6849,3.3519,4,3,0,140,240,0,75,0,0,0,2.320
17120,2.6849,3.3518,0.00,2.6849,3.3579,4,3,0,140,240,0,75,0,0,0,2.314
17130,2.6849,3.3578,0.00,2.6849,3.3639,4,3,0,140,240,0,75,0,0,0,2.308
17140,2.6849,3.3638,0.00,2.6849,3.3698,4,3,0,140,240,0,75,0,0,0,2.302
17150,2.6849,3.3697,0.00,2.6849,3.3758,4,3,0,140,240,0,75,0,0,0,2.296
17160,2.6849,3.3757,0.00,2.6849,3.3818,4,3,0,140,240,0,75,0,0,0,2.290
17170,2.6849,3.3817,0.00,2.6849,3.3877,4,3,0,140,240,0,75,0,0,0,2.284
17180,2.6849,3.3876,0.00,2.6849,3.3937,4,3,0,140,240,0,75,0,0,0,2.278
17190,2.6849,3.3936,0.00,2.6849,3.3997,4,3,0,140,240,0,75,0,0,0,2.272
17200,2.6849,3.3996,0.00,2.6849,3.4057,4,3,0,140,240,0,75,0,0,0,2.266
17210,2.6849,3.4056,0.00,2.6849,3.4116,4,3,0,140,240,0,75,0,0,0,2.260
17220,2.6849,3.4115,0.00,2.6849,3.4176,4,3,0,140,240,0,75,0,0,0,2.254
17230,2.6849,3.4175,0.00,2.6849,3.4236,4,3,0,140,240,0,75,0,0,0,2.248
17240,2.6849,3.4235,0.00,2.6849,3.4295,4,3,0,140,240,0,75,0,0,0,2.242
17250,2.6849,3.4294,0.00,2.6849,3.4355,4,3,0,140,240,0,75,0,0,0,2.236
17260,2.6849,3.4354,0.00,2.6849,3.4415,4,3,0,140,240,0,75,0,0,0,2.230
17270,2.6849,3.4414,0.00,2.6849,3.4474,4,3,0,140,240,0,75,0,0,0,2.224
17280,2.6849,3.4473,0.00,2.6849,3.4534,4,3,0,140,240,0,75,0,0,0,2.218
17290,2.6849,3.4533,0.00,2.6849,3.4594,4,3,0,140,240,0,75,0,0,0,2.212
17300,2.6849,3.4593,0.00,2.6849,3.4653,4,3,0,140,240,0,75,0,0,0,2.206
17310,2.6849,3.4652,0.00,2.6849,3.4713,4,3,0,140,240,0,75,0,0,0,2.200
17320,2.6849,3.4712,0.00,2.6849,3.4773,4,3,0,140,240,0,75,0,0,0,2.194
17330,2.6849,3.4772,0.00,2.6849,3.4833,4,3,0,140,240,0,75,0,0,0,2.188
17340,2.6849,3.4831,0.00,2.6849,3.4892,4,3,0,140,240,0,75,0,0,0,2.182
17350,2.6849,3.4891,0.00,2.6849,3.4952,4,3,0,140,240,0,75,0,0,0,2.176
17360,2.6849,3.4951,0.00,2.6849,3.5012,4,3,0,140,240,0,75,0,0,0,2.170
17370,2.6849,3.5011,0.00,2.6849,3.5071,4,3,0,140,240,0,75,0,0,0,2.164
17380,2.6849,3.5070,0.00,2.6849,3.5131,4,3,0,140,240,0,75,0,0,0,2.158
17390,2.6849,3.5130,0.00,2.6849,3.5191,4,3,0,140,240,0,75,0,0,0,2.152
17400,2.6849,3.5190,0.00,2.6849,3.5250,4,3,0,140,240,0,75,0,0,0,2.146
17410,2.6849,3.5249,0.00,2.6849,3.5310,4,3,0,140,240,0,75,0,0,0,2.140
17420,2.6849,3.5309,0.00,2.6849,3.5370,4,3,0,140,240,0,75,0,0,0,2.135
17430,2.6849,3.5369,0.00,2.6849,3.5429,4,3,0,140,240,0,75,0,0,0,2.129
17440,2.6849,3.5428,0.00,2.6849,3.5489,4,3,0,140,240,0,75,0,0,0,2.123
17450,2.6849,3.5488,0.00,2.6849,3.5549,4,3,0,140,240,0,75,0,0,0,2.117
17460,2.6849,3.5548,0.00,2.6849,3.5608,4,3,0,140,240,0,75,0,0,0,2.111
17470,2.6849,3.5607,0.00,2.6849,3.5668,4,3,0,140,240,0,75,0,0,0,2.105
17480,2.6849,3.5667,0.00,2.6849,3.5728,4,3,0,140,240,0,75,0,0,0,2.099
17490,2.6849,3.5727,0.00,2.6849,3.5788,4,3,0,140,240,0,75,0,0,0,2.093
17500,2.6849,3.5787,0.00,2.6849,3.5847,4,3,0,140,240,0,75,0,0,0,2.087
17510,2.6849,3.5846,0.00,2.6849,3.5907,4,3,0,140,240,0,75,0,0,0,2.081
17520,2.6849,3.5906,0.00,2.6849,3.5967,4,3,0,140,240,0,75,0,0,0,2.075
17530,2.6849,3.5966,0.00,2.6849,3.6026,4,3,0,140,240,0,75,0,0,0,2.069
17540,2.6849,3.6025,0.00,2.6849,3.6086,4,3,0,140,240,0,75,0,0,0,2.063
17550,2.6849,3.6085,0.00,2.6849,3.6146,4,3,0,140,240,0,75,0,0,0,2.057
17560,2.6849,3.6145,0.00,2.6849,3.6205,4,3,0,140,240,0,75,0,0,0,2.051
17570,2.6849,3.6204,0.00,2.6849,3.6265,4,3,0,140,240,0,75,0,0,0,2.045
17580,2.6849,3.6264,0.00,2.6849,3.6325,4,3,0,140,240,0,75,0,0,0,2.039
17590,2.6849,3.6324,0.00,2.6849,3.6384,4,3,0,140,240,0,75,0,0,0,2.033
17600,2.6849,3.6383,0.00,2.6849,3.6444,4,3,0,140,240,0,75,0,0,0,2.027
17610,2.6849,3.6443,0.00,2.6849,3.6504,4,3,0,140,240,0,75,0,0,0,2.021
17620,2.6849,3.6503,0.00,2.6849,3.6564,4,3,0,140,240,0,75,0,0,0,2.015
17630,2.6849,3.6562,0.00,2.6849,3.6623,4,3,0,140,240,0,75,0,0,0,2.009
17640,2.6849,3.6622,0.00,2.6849,3.6683,4,3,0,140,240,0,75,0,0,0,2.003
17650,2.6849,3.6682,0.00,2.6849,3.6743,4,3,0,140,240,0,75,0,0,0,1.997
17660,2.6849,3.6742,0.00,2.6849,3.6802,4,3,0,140,240,0,75,0,0,0,1.991
17670,2.6849,3.6801,0.00,2.6849,3.6862,4,3,0,140,240,0,75,0,0,0,1.985
17680,2.6849,3.6861,0.00,2.6849,3.6922,4,3,0,140,240,0,75,0,0,0,1.979
17690,2.6849,3.6921,0.00,2.6849,3.6981,4,3,0,140,240,0,75,0,0,0,1.973
17700,2.6849,3.6980,0.00,2.6849,3.7041,5,3,0,140,240,0,0,0,0,0,1000.000
17710,2.6849,3.7038,0.00,2.6849,3.7098,5,3,0,140,240,0,0,0,0,0,1000.000
17720,2.6849,3.7093,0.00,2.6849,3.7154,5,3,0,140,240,0,0,0,0,0,1000.000
17730,2.6849,3.7147,0.00,2.6849,3.7208,5,3,0,140,240,0,0,0,0,0,1000.000
17740,2.6849,3.7198,0.00,2.6849,3.7259,5,3,0,140,240,0,0,0,0,0,1000.000
17750,2.6849,3.7248,0.00,2.6849,3.7309,5,3,0,140,240,0,0,0,0,0,1000.000
17760,2.6849,3.7296,0.00,2.6849,3.7356,5,3,0,140,240,0,0,0,0,0,1000.000
17770,2.6849,3.7341,0.00,2.6849,3.7402,5,3,0,140,240,0,0,0,0,0,1000.000
17780,2.6849,3.7385,0.00,2.6849,3.7445,5,3,0,140,240,0,0,0,0,0,1000.000
17790,2.6849,3.7426,0.00,2.6849,3.7487,5,3,0,140,240,0,0,0,0,0,1000.000
17800,2.6849,3.7466,0.00,2.6849,3.7527,5,3,0,140,240,0,0,0,0,0,1000.000
17810,2.6849,3.7504,0.00,2.6849,3.7564,5,3,0,140,240,0,0,0,0,0,1000.000
17820,2.6849,3.7539,0.00,2.6849,3.7600,5,3,0,140,240,0,0,0,0,0,1000.000
17830,2.6849,3.7573,0.00,2.6849,3.7633,5,3,0,140,240,0,0,0,0,0,1000.000
17840,2.6849,3.7604,0.00,2.6849,3.7665,5,3,0,140,240,0,0,0,0,0,1000.000
17850,2.6849,3.7634,0.00,2.6849,3.7695,5,3,0,140,240,0,0,0,0,0,1000.000
17860,2.6849,3.7661,0.00,2.6849,3.7722,5,3,0,140,240,0,0,0,0,0,1000.000
17870,2.6849,3.7687,0.00,2.6849,3.7748,5,3,0,140,240,0,0,0,0,0,1000.000
17880,2.6849,3.7711,0.00,2.6849,3.7771,5,3,0,140,240,0,0,0,0,0,1000.000
17890,2.6849,3.7732,0.00,2.6849,3.7793,5,3,0,140,240,0,0,0,0,0,1000.000
17900,2.6849,3.7752,0.00,2.6849,3.7813,5,3,0,140,240,0,0,0,0,0,1000.000
17910,2.6849,3.7769,0.00,2.6849,3.7830,5,3,0,140,240,0,0,0,0,0,1000.000
17920,2.6849,3.7785,0.00,2.6849,3.7846,5,3,0,140,240,0,0,0,0,0,1000.000
17930,2.6849,3.7799,0.00,2.6849,3.7859,5,3,0,140,240,0,0,0,0,0,1000.000
17940,2.6849,3.7810,0.00,2.6849,3.7871,5,3,0,140,240,0,0,0,0,0,1000.000
17950,2.6849,3.7820,0.00,2.6849,3.7880,5,3,0,140,240,0,0,0,0,0,1000.000
17960,2.6849,3.7827,0.00,2.6849,3.7888,5,3,0,140,240,0,0,0,0,0,1000.000
17970,2.6849,3.7833,0.00,2.6849,3.7894,5,3,0,140,240,0,0,0,0,0,1000.000
17980,2.6849,3.7837,0.00,2.6849,3.7897,5,3,0,140,240,0,0,0,0,0,1000.000
17990,2.6849,3.7838,0.00,2.6849,3.7899,5,3,0,140,240,0,0,0,0,0,1000.000
18000,2.6849,3.7838,0.00,2.6849,3.7899,5,3,0,140,240,0,0,0,0,0,1000.000
18010,2.6849,3.7838,0.00,2.6849,3.7899,5,3,0,140,240,0,0,0,0,0,1000.000
18020,2.6849,3.7838,0.00,2.6849,3.7899,5,3,0,140,240,0,0,0,0,0,1000.000
18030,2.6849,3.7838,0.00,2.6849,3.7899,5,3,0,140,240,0,0,0,0,0,1000.000
18040,2.6849,3.7838,0.00,2.6849,3.7899,5,3,0,140,240,0,0,0,0,0,1000.000
18050,2.6849,3.7838,0.00,2.6849,3.7899,5,3,0,140,240,0,0,0,0,0,1000.000
18060,2.6849,3.7838,0.00,2.6849,3.7899,5,3,0,140,240,0,0,0,0,0,1000.000
18070,2.6849,3.7838,0.00,2.6849,3.7899,5,3,0,140,240,0,0,0,0,0,1000.000
18080,2.6849,3.7838,0.00,2.6849,3.7899,5,3,0,140,240,0,0,0,0,0,1000.000
18090,2.6849,3.7838,0.00,2.6849,3.7899,5,3,0,140,240,0,0,0,0,0,1000.000
18100,2.6849,3.7838,0.00,2.6849,3.7899,5,3,0,140,240,-75,0,0,0,0,2.415
18110,2.6847,3.7838,0.00,2.6847,3.7899,5,3,0,140,240,-75,0,0,0,0,2.415
18120,2.6843,3.7838,0.00,2.6843,3.7899,5,3,0,140,240,-75,0,0,0,0,2.414
18130,2.6837,3.7838,0.00,2.6837,3.7899,5,3,0,140,240,-75,0,0,0,0,2.414
18140,2.6829,3.7838,0.00,2.6829,3.7899,5,3,0,140,240,-75,0,0,0,0,2.413
18150,2.6819,3.7838,0.00,2.6819,3.7899,5,3,0,140,240,-75,0,0,0,0,2.412
18160,2.6806,3.7838,0.00,2.6806,3.7899,5,3,0,140,240,-75,0,0,0,0,2.411
18170,2.6792,3.7838,0.00,2.6792,3.7899,5,3,0,140,240,-75,0,0,0,0,2.409
18180,2.6776,3.7838,0.00,2.6776,3.7899,5,3,0,140,240,-75,0,0,0,0,2.408
18190,2.6758,3.7838,0.00,2.6758,3.7899,5,3,0,140,240,-75,0,0,0,0,2.406
18200,2.6738,3.7838,0.00,2.6738,3.7899,5,3,0,140,240,-75,0,0,0,0,2.404
18210,2.6716,3.7838,0.00,2.6716,3.7899,5,3,0,140,240,-75,0,0,0,0,2.402
18220,2.6692,3.7838,0.00,2.6692,3.7899,5,3,0,140,240,-75,0,0,0,0,2.399
18230,2.6667,3.7838,0.00,2.6667,3.7899,5,3,0,140,240,-75,0,0,0,0,2.397
18240,2.6639,3.7838,0.00,2.6639,3.7899,5,3,0,140,240,-75,0,0,0,0,2.394
18250,2.6609,3.7838,0.00,2.6609,3.7899,5,3,0,140,239,-75,0,0,0,0,2.391
18260,2.6577,3.7838,0.00,2.6577,3.7899,5,3,0,140,239,-75,0,0,0,0,2.388
18270,2.6543,3.7838,0.00,2.6543,3.7899,5,3,0,140,239,-75,0,0,0,0,2.384
18280,2.6507,3.7838,0.00,2.6507,3.7899,5,3,0,140,239,-75,0,0,0,0,2.381
18290,2.6469,3.7838,0.00,2.6469,3.7899,5,3,0,140,239,-75,0,0,0,0,2.377
18300,2.6429,3.7838,0.00,2.6429,3.7899,5,3,0,140,237,-75,0,0,0,0,2.373
18310,2.6387,3.7838,0.00,2.6387,3.7899,5,3,0,140,237,-75,0,0,0,0,2.369
18320,2.6343,3.7838,0.00,2.6343,3.7899,5,3,0,140,237,-75,0,0,0,0,2.364
18330,2.6297,3.7838,0.00,2.6297,3.7899,5,3,0,140,237,-75,0,0,0,0,2.360
18340,2.6250,3.7838,0.00,2.6250,3.7899,5,3,0,140,237,-75,0,0,0,0,2.355
18350,2.6200,3.7838,0.00,2.6200,3.7899,5,3,0,140,235,-75,0,0,0,0,2.350
18360,2.6148,3.7838,0.00,2.6148,3.7899,5,3,0,140,235,-75,0,0,0,0,2.345
18370,2.6094,3.7838,0.00,2.6094,3.7899,5,3,0,140,235,-75,0,0,0,0,2.339
18380,2.6038,3.7838,0.00,2.6038,3.7899,5,3,0,140,235,-75,0,0,0,0,2.334
18390,2.5980,3.7838,0.00,2.5980,3.7899,5,3,0,140,235,-75,0,0,0,0,2.328
18400,2.5921,3.7838,0.00,2.5921,3.7899,5,3,0,140,232,-75,0,0,0,0,2.322
18410,2.5861,3.7838,0.00,2.5861,3.7899,5,3,0,140,232,-75,0,0,0,0,2.316
18420,2.5802,3.7838,0.00,2.5802,3.7899,5,3,0,140,232,-75,0,0,0,0,2.310
18430,2.5742,3.7838,0.00,2.5742,3.7899,5,3,0,140,232,-75,0,0,0,0,2.304
18440,2.5682,3.7838,0.00,2.5682,3.7899,5,3,0,140,232,-75,0,0,0,0,2.298
18450,2.5623,3.7838,0.00,2.5623,3.7899,5,3,0,140,229,-75,0,0,0,0,2.292
18460,2.5563,3.7838,0.00,2.5563,3.7899,5,3,0,140,229,-75,0,0,0,0,2.286
18470,2.5503,3.7838,0.00,2.5503,3.7899,5,3,0,140,229,-75,0,0,0,0,2.280
18480,2.5443,3.7838,0.00,2.5443,3.7899,5,3,0,140,229,-75,0,0,0,0,2.274
18490,2.5384,3.7838,0.00,2.5384,3.7899,5,3,0,140,229,-75,0,0,0,0,2.268
18500,2.5324,3.7838,0.00,2.5324,3.7899,5,3,0,140,226,-75,0,0,0,0,2.262
18510,2.5264,3.7838,0.00,2.5264,3.7899,5,3,0,140,226,-75,0,0,0,0,2.256
18520,2.5205,3.7838,0.00,2.5205,3.7899,5,3,0,140,226,-75,0,0,0,0,2.250
18530,2.5145,3.7838,0.00,2.5145,3.7899,5,3,0,140,226,-75,0,0,0,0,2.245
18540,2.5085,3.7838,0.00,2.5085,3.7899,5,3,0,140,226,-75,0,0,0,0,2.239
18550,2.5026,3.7838,0.00,2.5026,3.7899,5,3,0,140,223,-75,0,0,0,0,2.233
18560,2.4966,3.7838,0.00,2.4996,3.7899,6,4,1,140,223,0,0,0,0,0,1000.000
18570,2.4909,3.7838,0.00,2.4996,3.7899,6,4,1,140,223,0,0,0,0,0,1000.000
18580,2.4853,3.7838,0.00,2.4996,3.7899,6,4,1,140,223,0,0,0,0,0,1000.000
18590,2.4799,3.7838,0.00,2.4996,3.7899,6,4,1,140,223,0,0,0,0,0,1000.000
18600,2.4748,3.7838,0.00,2.4996,3.7899,6,4,1,140,220,0,0,0,0,0,1000.000
18610,2.4698,3.7838,0.00,2.4996,3.7899,6,4,1,140,220,0,0,0,0,0,1000.000
18620,2.4651,3.7838,0.00,2.4996,3.7899,6,4,1,140,220,0,0,0,0,0,1000.000
18630,2.4605,3.7838,0.00,2.4996,3.7899,6,4,1,140,220,0,0,0,0,0,1000.000
18640,2.4562,3.7838,0.00,2.4996,3.7899,6,4,1,140,220,0,0,0,0,0,1000.000
18650,2.4520,3.7838,0.00,2.4996,3.7899,6,4,1,140,218,0,0,0,0,0,1000.000
18660,2.4480,3.7838,0.00,2.4996,3.7899,6,4,1,140,218,0,0,0,0,0,1000.000
18670,2.4443,3.7838,0.00,2.4996,3.7899,6,4,1,140,218,0,0,0,0,0,1000.000
18680,2.4407,3.7838,0.00,2.4996,3.7899,6,4,1,140,218,0,0,0,0,0,1000.000
18690,2.4374,3.7838,0.00,2.4996,3.7899,6,4,1,140,218,0,0,0,0,0,1000.000
18700,2.4342,3.7838,0.00,2.4996,3.7899,6,4,1,140,216,0,0,0,0,0,1000.000
18710,2.4312,3.7838,0.00,2.4996,3.7899,6,4,1,140,216,0,0,0,0,0,1000.000
18720,2.4285,3.7838,0.00,2.4996,3.7899,6,4,1,140,216,0,0,0,0,0,1000.000
18730,2.4259,3.7838,0.00,2.4996,3.7899,6,4,1,140,216,0,0,0,0,0,1000.000
18740,2.4236,3.7838,0.00,2.4996,3.7899,6,4,1,140,216,0,0,0,0,0,1000.000
18750,2.4214,3.7838,0.00,2.4996,3.7899,6,4,1,140,215,0,0,0,0,0,1000.000
18760,2.4194,3.7838,0.00,2.4996,3.7899,6,4,1,140,215,0,0,0,0,0,1000.000
18770,2.4177,3.7838,0.00,2.4996,3.7899,6,4,1,140,215,0,0,0,0,0,1000.000
18780,2.4161,3.7838,0.00,2.4996,3.7899,6,4,1,140,215,0,0,0,0,0,1000.000
18790,2.4148,3.7838,0.00,2.4996,3.7899,6,4,1,140,215,0,0,0,0,0,1000.000
18800,2.4136,3.7838,0.00,2.4996,3.7899,6,4,1,140,214,0,0,0,0,0,1000.000
18810,2.4126,3.7838,0.00,2.4996,3.7899,6,4,1,140,214,0,0,0,0,0,1000.000
18820,2.4119,3.7838,0.00,2.4996,3.7899,6,4,1,140,214,0,0,0,0,0,1000.000
18830,2.4113,3.7838,0.00,2.4996,3.7899,6,4,1,140,214,0,0,0,0,0,1000.000
18840,2.4110,3.7838,0.00,2.4996,3.7899,6,4,1,140,214,0,0,0,0,0,1000.000
18850,2.4108,3.7838,0.00,2.4996,3.7899,6,4,1,140,214,0,0,0,0,0,1000.000
18860,2.4108,3.7838,0.00,2.4996,3.7899,6,4,1,140,214,0,0,0,0,0,1000.000
18870,2.4108,3.7838,0.00,2.4996,3.7899,6,4,1,140,214,0,0,0,0,0,1000.000
18880,2.4108,3.7838,0.00,2.4996,3.7899,6,4,1,140,214,0,0,0,0,0,1000.000
18890,2.4108,3.7838,0.00,2.4996,3.7899,6,4,1,140,214,0,0,0,0,0,1000.000
18900,2.4108,3.7838,0.00,2.4996,3.7899,6,4,1,140,214,0,0,0,0,0,1000.000
18910,2.4108,3.7838,0.00,2.4996,3.7899,6,4,1,140,214,0,0,0,0,0,1000.000
18920,2.4108,3.7838,0.00,2.4996,3.7899,6,4,1,140,214,0,0,0,0,0,1000.000
18930,2.4108,3.7838,0.00,2.4996,3.7899,6,4,1,140,214,0,0,0,0,0,1000.000
18940,2.4108,3.7838,0.00,2.4996,3.7899,6,4,1,140,214,0,0,0,0,0,1000.000
18950,2.4108,3.7838,0.00,2.4996,3.7899,6,4,1,140,214,0,0,0,0,0,1000.000
18960,2.4108,3.7838,0.00,2.4996,3.7899,6,4,1,140,214,0,0,0,0,0,1000.000
18970,2.4108,3.7838,0.00,2.4996,3.7899,6,4,1,140,214,0,0,0,0,0,1000.000
18980,2.4108,3.7838,0.00,2.4996,3.7899,6,4,1,140,214,0,0,0,0,0,1000.000
18990,2.4108,3.7838,0.00,2.4996,3.7899,6,4,1,140,214,0,0,0,0,0,1000.000
19000,2.4108,3.7838,0.00,2.4996,3.7899,6,4,1,140,214,0,0,0,0,0,1000.000
19010,2.4108,3.7838,0.00,2.4996,3.7899,6,4,1,140,214,0,0,0,0,0,1000.000
19020,2.4108,3.7838,0.00,2.4996,3.7899,6,4,1,140,214,0,0,0,0,0,1000.000
19030,2.4108,3.7838,0.00,2.4996,3.7899,6,4,1,140,214,0,0,0,0,0,1000.000
19040,2.4108,3.7838,0.00,2.4996,3.7899,6,4,1,140,214,0,0,0,0,0,1000.000
19050,2.4108,3.7838,0.00,2.4996,3.7899,6,4,1,140,214,0,0,0,0,0,1000.000
19060,2.4108,3.7838,0.00,2.4996,3.7899,6,4,1,140,214,0,0,0,0,0,1000.000
19070,2.4108,3.7838,0.00,2.4996,3.7899,6,4,1,140,214,0,0,0,0,0,1000.000
19080,2.4108,3.7838,0.00,2.4996,3.7899,6,4,1,140,214,0,0,0,0,0,1000.000
19090,2.4108,3.7838,0.00,2.4996,3.7899,6,4,1,140,214,0,0,0,0,0,1000.000
19100,2.4108,3.7838,0.00,2.4996,3.7899,6,4,1,140,214,0,0,0,0,0,1000.000
19110,2.4108,3.7838,0.00,2.4996,3.7899,6,4,1,140,214,0,0,0,0,0,1000.000
19120,2.4108,3.7838,0.00,2.4996,3.7899,6,4,1,140,214,0,0,0,0,0,1000.000
19130,2.4108,3.7838,0.00,2.4996,3.7899,6,4,1,140,214,0,0,0,0,0,1000.000
19140,2.4108,3.7838,0.00,2.4996,3.7899,6,4,1,140,214,0,0,0,0,0,1000.000
19150,2.4108,3.7838,0.00,2.4996,3.7899,6,4,1,140,214,0,0,0,0,0,1000.000
19160,2.4108,3.7838,0.00,2.4996,3.7899,6,4,1,140,214,0,0,0,0,0,1000.000
19170,2.4108,3.7838,0.00,2.4996,3.7899,6,4,1,140,214,0,0,0,0,0,1000.000
19180,2.4108,3.7838,0.00,2.4996,3.7899,6,4,1,140,214,0,0,0,0,0,1000.000
19190,2.4108,3.7838,0.00,2.4996,3.7899,6,4,1,140,214,0,0,0,0,0,1000.000
19200,2.4108,3.7838,0.00,2.4996,3.7899,6,4,1,140,214,0,0,0,0,0,1000.000
19210,2.4108,3.7838,0.00,2.4996,3.7899,6,4,1,140,214,0,0,0,0,0,1000.000
19220,2.4108,3.7838,0.00,2.4996,3.7899,6,4,1,140,214,0,0,0,0,0,1000.000
19230,2.4108,3.7838,0.00,2.4996,3.7899,6,4,1,140,214,0,0,0,0,0,1000.000
19240,2.4108,3.7838,0.00,2.4996,3.7899,6,4,1,140,214,0,0,0,0,0,1000.000
19250,2.4108,3.7838,0.00,2.4996,3.7899,6,4,1,140,214,0,0,0,0,0,1000.000
19260,2.4108,3.7838,0.00,2.4996,3.7899,6,4,1,140,214,0,0,0,0,0,1000.000
19270,2.4108,3.7838,0.00,2.4996,3.7899,6,4,1,140,214,0,0,0,0,0,1000.000
19280,2.4108,3.7838,0.00,2.4996,3.7899,6,4,1,140,214,0,0,0,0,0,1000.000
19290,2.4108,3.7838,0.00,2.4996,3.7899,6,4,1,140,214,0,0,0,0,0,1000.000
19300,2.4108,3.7838,0.00,2.4996,3.7899,6,4,1,140,214,0,0,0,0,0,1000.000
19310,2.4108,3.7838,0.00,2.4996,3.7899,6,4,1,140,214,0,0,0,0,0,1000.000
19320,2.4108,3.7838,0.00,2.4996,3.7899,6,4,1,140,214,0,0,0,0,0,1000.000
19330,2.4108,3.7838,0.00,2.4996,3.7899,6,4,1,140,214,0,0,0,0,0,1000.000
19340,2.4108,3.7838,0.00,2.4996,3.7899,6,4,1,140,214,0,0,0,0,0,1000.000
19350,2.4108,3.7838,0.00,2.4996,3.7899,6,4,1,140,214,0,0,0,0,0,1000.000
19360,2.4108,3.7838,0.00,2.4996,3.7899,6,4,1,140,214,0,0,0,0,0,1000.000
19370,2.4108,3.7838,0.00,2.4996,3.7899,6,4,1,140,214,0,0,0,0,0,1000.000
19380,2.4108,3.7838,0.00,2.4996,3.7899,6,4,1,140,214,0,0,0,0,0,1000.000
19390,2.4108,3.7838,0.00,2.4996,3.7899,6,4,1,140,214,0,0,0,0,0,1000.000
19400,2.4108,3.7838,0.00,2.4996,3.7899,6,4,1,140,214,0,0,0,0,0,1000.000
19410,2.4108,3.7838,0.00,2.4996,3.7899,6,4,1,140,214,0,0,0,0,0,1000.000
19420,2.4108,3.7838,0.00,2.4996,3.7899,6,4,1,140,214,0,0,0,0,0,1000.000
19430,2.4108,3.7838,0.00,2.4996,3.7899,6,4,1,140,214,0,0,0,0,0,1000.000
19440,2.4108,3.7838,0.00,2.4996,3.7899,6,4,1,140,214,0,0,0,0,0,1000.000
19450,2.4108,3.7838,0.00,2.4996,3.7899,6,4,1,140,214,0,0,0,0,0,1000.000
19460,2.4108,3.7838,0.00,2.4996,3.7899,6,4,1,140,214,0,0,0,0,0,1000.000
19470,2.4108,3.7838,0.00,2.4996,3.7899,6,4,1,140,214,0,0,0,0,0,1000.000
19480,2.4108,3.7838,0.00,2.4996,3.7899,6,4,1,140,214,0,0,0,0,0,1000.000
19490,2.4108,3.7838,0.00,2.4996,3.7899,6,4,1,140,214,0,0,0,0,0,1000.000
19500,2.4108,3.7838,0.00,2.4996,3.7899,6,4,1,140,214,0,0,0,0,0,1000.000
19510,2.4108,3.7838,0.00,2.4996,3.7899,6,4,1,140,214,0,0,0,0,0,1000.000
19520,2.4108,3.7838,0.00,2.4996,3.7899,6,4,1,140,214,0,0,0,0,0,1000.000
19530,2.4108,3.7838,0.00,2.4996,3.7899,6,4,1,140,214,0,0,0,0,0,1000.000
19540,2.4108,3.7838,0.00,2.4996,3.7899,6,4,1,140,214,0,0,0,0,0,1000.000
19550,2.4108,3.7838,0.00,2.4996,3.7899,6,4,1,140,214,0,0,0,0,0,1000.000
19560,2.4108,3.7838,0.00,2.4996,3.7899,6,4,1,140,214,0,0,0,0,0,1000.000
19570,2.4108,3.7838,0.00,2.4996,3.7899,6,4,1,140,214,0,0,0,0,0,1000.000
19580,2.4108,3.7838,0.00,2.4996,3.7899,6,4,1,140,214,0,0,0,0,0,1000.000
19590,2.4108,3.7838,0.00,2.4996,3.7899,6,4,1,140,214,0,0,0,0,0,1000.000
19600,2.4108,3.7838,0.00,2.4996,3.7899,6,4,1,140,214,0,0,0,0,0,1000.000
19610,2.4108,3.7838,0.00,2.4996,3.7899,6,4,1,140,214,0,0,0,0,0,1000.000
19620,2.4108,3.7838,0.00,2.4996,3.7899,6,4,1,140,214,0,0,0,0,0,1000.000
19630,2.4108,3.7838,0.00,2.4996,3.7899,6,4,1,140,214,0,0,0,0,0,1000.000
19640,2.4108,3.7838,0.00,2.4996,3.7899,6,4,1,140,214,0,0,0,0,0,1000.000
19650,2.4108,3.7838,0.00,2.4996,3.7899,6,4,1,140,214,0,0,0,0,0,1000.000
19660,2.4108,3.7838,0.00,2.4996,3.7899,6,4,1,140,214,0,0,0,0,0,1000.000
19670,2.4108,3.7838,0.00,2.4996,3.7899,6,4,1,140,214,0,0,0,0,0,1000.000
19680,2.4108,3.7838,0.00,2.4996,3.7899,6,4,1,140,214,0,0,0,0,0,1000.000
19690,2.4108,3.7838,0.00,2.4996,3.7899,6,4,1,140,214,0,0,0,0,0,1000.000
19700,2.4108,3.7838,0.00,2.4996,3.7899,6,4,1,140,214,0,0,0,0,0,1000.000
19710,2.4108,3.7838,0.00,2.4996,3.7899,6,4,1,140,214,0,0,0,0,0,1000.000
19720,2.4108,3.7838,0.00,2.4996,3.7899,6,4,1,140,214,0,0,0,0,0,1000.000
19730,2.4108,3.7838,0.00,2.4996,3.7899,6,4,1,140,214,0,0,0,0,0,1000.000
19740,2.4108,3.7838,0.00,2.4996,3.7899,6,4,1,140,214,0,0,0,0,0,1000.000
19750,2.4108,3.7838,0.00,2.4996,3.7899,6,4,1,140,214,0,0,0,0,0,1000.000
19760,2.4108,3.7838,0.00,2.4996,3.7899,6,4,1,140,214,0,0,0,0,0,1000.000
19770,2.4108,3.7838,0.00,2.4996,3.7899,6,4,1,140,214,0,0,0,0,0,1000.000
19780,2.4108,3.7838,0.00,2.4996,3.7899,6,4,1,140,214,0,0,0,0,0,1000.000
19790,2.4108,3.7838,0.00,2.4996,3.7899,6,4,1,140,214,0,0,0,0,0,1000.000
19800,2.4108,3.7838,0.00,2.4996,3.7899,6,4,1,140,214,0,0,0,0,0,1000.000
19810,2.4108,3.7838,0.00,2.4996,3.7899,6,4,1,140,214,0,0,0,0,0,1000.000
19820,2.4108,3.7838,0.00,2.4996,3.7899,6,4,1,140,214,0,0,0,0,0,1000.000
19830,2.4108,3.7838,0.00,2.4996,3.7899,6,4,1,140,214,0,0,0,0,0,1000.000
19840,2.4108,3.7838,0.00,2.4996,3.7899,6,4,1,140,214,0,0,0,0,0,1000.000
19850,2.4108,3.7838,0.00,2.4996,3.7899,6,4,1,140,214,0,0,0,0,0,1000.000
19860,2.4108,3.7838,0.00,2.4996,3.7899,6,4,1,140,214,0,0,0,0,0,1000.000
19870,2.4108,3.7838,0.00,2.4996,3.7899,6,4,1,140,214,0,0,0,0,0,1000.000
19880,2.4108,3.7838,0.00,2.4996,3.7899,6,4,1,140,214,0,0,0,0,0,1000.000
19890,2.4108,3.7838,0.00,2.4996,3.7899,6,4,1,140,214,0,0,0,0,0,1000.000
19900,2.4108,3.7838,0.00,2.4996,3.7899,6,4,1,140,214,0,0,0,0,0,1000.000
19910,2.4108,3.7838,0.00,2.4996,3.7899,6,4,1,140,214,0,0,0,0,0,1000.000
19920,2.4108,3.7838,0.00,2.4996,3.7899,6,4,1,140,214,0,0,0,0,0,1000.000
19930,2.4108,3.7838,0.00,2.4996,3.7899,6,4,1,140,214,0,0,0,0,0,1000.000
19940,2.4108,3.7838,0.00,2.4996,3.7899,6,4,1,140,214,0,0,0,0,0,1000.000
19950,2.4108,3.7838,0.00,2.4996,3.7899,6,4,1,140,214,0,0,0,0,0,1000.000
19960,2.4108,3.7838,0.00,2.4996,3.7899,6,4,1,140,214,0,0,0,0,0,1000.000
19970,2.4108,3.7838,0.00,2.4996,3.7899,6,4,1,140,214,0,0,0,0,0,1000.000
19980,2.4108,3.7838,0.00,2.4996,3.7899,6,4,1,140,214,0,0,0,0,0,1000.000
19990,2.4108,3.7838,0.00,2.4996,3.7899,6,4,1,140,214,0,0,0,0,0,1000.000
20000,2.4108,3.7838,0.00,2.4996,3.7899,6,4,1,140,214,0,0,0,0,0,1000.000
20010,2.4108,3.7838,0.00,2.4996,3.7899,6,4,1,140,214,0,0,0,0,0,1000.000
20020,2.4108,3.7838,0.00,2.4996,3.7899,6,4,1,140,214,0,0,0,0,0,1000.000
20030,2.4108,3.7838,0.00,2.4996,3.7899,6,4,1,140,214,0,0,0,0,0,1000.000
20040,2.4108,3.7838,0.00,2.4996,3.7899,6,4,1,140,214,0,0,0,0,0,1000.000
20050,2.4108,3.7838,0.00,2.4996,3.7899,6,4,1,140,214,0,0,0,0,0,1000.000
