t_ms,true_x,true_y,yaw_deg,map_x,map_y,seg,auto_state,route_complete,front_cm,left_cm,out_vx,out_vy,map_lim,front_lim,left_lim,clearance
0,2.6260,0.3085,0.00,0.0000,0.0000,0,0,0,140,240,0,0,0,0,0,1000.000
10,2.6260,0.3085,0.00,0.0000,0.0000,0,0,0,140,240,0,0,0,0,0,1000.000
20,2.6260,0.3085,0.00,0.0000,0.0000,0,0,0,140,240,0,0,0,0,0,1000.000
30,2.6260,0.3085,0.00,0.0000,0.0000,0,0,0,140,240,0,0,0,0,0,1000.000
40,2.6260,0.3085,0.00,0.0000,0.0000,0,0,0,140,240,0,0,0,0,0,1000.000
50,2.6260,0.3085,0.00,0.0000,0.0000,0,0,0,140,240,0,0,0,0,0,1000.000
60,2.6260,0.3085,0.00,0.0000,0.0000,0,0,0,140,240,0,0,0,0,0,1000.000
70,2.6260,0.3085,0.00,0.0000,0.0000,0,0,0,140,240,0,0,0,0,0,1000.000
80,2.6260,0.3085,0.00,0.0000,0.0000,0,0,0,140,240,0,0,0,0,0,1000.000
90,2.6260,0.3085,0.00,0.0000,0.0000,0,0,0,140,240,0,0,0,0,0,1000.000
100,2.6260,0.3085,0.00,0.0000,0.0000,0,0,0,140,240,0,0,0,0,0,1000.000
110,2.6260,0.3085,0.00,0.0000,0.0000,0,0,0,140,240,0,0,0,0,0,1000.000
120,2.6260,0.3085,0.00,0.0000,0.0000,0,0,0,140,240,0,0,0,0,0,1000.000
130,2.6260,0.3085,0.00,0.0000,0.0000,0,0,0,140,240,0,0,0,0,0,1000.000
140,2.6260,0.3085,0.00,0.0000,0.0000,0,0,0,140,240,0,0,0,0,0,1000.000
150,2.6260,0.3085,0.00,0.0000,0.0000,0,0,0,140,240,0,0,0,0,0,1000.000
160,2.6260,0.3085,0.00,0.0000,0.0000,0,0,0,140,240,0,0,0,0,0,1000.000
170,2.6260,0.3085,0.00,0.0000,0.0000,0,0,0,140,240,0,0,0,0,0,1000.000
180,2.6260,0.3085,0.00,0.0000,0.0000,0,0,0,140,240,0,0,0,0,0,1000.000
190,2.6260,0.3085,0.00,0.0000,0.0000,0,0,0,140,240,0,0,0,0,0,1000.000
200,2.6260,0.3085,0.00,0.0000,0.0000,0,0,0,140,240,0,0,0,0,0,1000.000
210,2.6260,0.3085,0.00,0.0000,0.0000,0,0,0,140,240,0,0,0,0,0,1000.000
220,2.6260,0.3085,0.00,0.0000,0.0000,0,0,0,140,240,0,0,0,0,0,1000.000
230,2.6260,0.3085,0.00,0.0000,0.0000,0,0,0,140,240,0,0,0,0,0,1000.000
240,2.6260,0.3085,0.00,0.0000,0.0000,0,0,0,140,240,0,0,0,0,0,1000.000
250,2.6260,0.3085,0.00,0.0000,0.0000,0,0,0,140,240,0,0,0,0,0,1000.000
260,2.6260,0.3085,0.00,0.0000,0.0000,0,0,0,140,240,0,0,0,0,0,1000.000
270,2.6260,0.3085,0.00,0.0000,0.0000,0,0,0,140,240,0,0,0,0,0,1000.000
280,2.6260,0.3085,0.00,0.0000,0.0000,0,0,0,140,240,0,0,0,0,0,1000.000
290,2.6260,0.3085,0.00,0.0000,0.0000,0,0,0,140,240,0,0,0,0,0,1000.000
300,2.6260,0.3085,0.00,0.0000,0.0000,0,0,0,140,240,0,0,0,0,0,1000.000
310,2.6260,0.3085,0.00,0.0000,0.0000,0,0,0,140,240,0,0,0,0,0,1000.000
320,2.6260,0.3085,0.00,0.0000,0.0000,0,0,0,140,240,0,0,0,0,0,1000.000
330,2.6260,0.3085,0.00,0.0000,0.0000,0,0,0,140,240,0,0,0,0,0,1000.000
340,2.6260,0.3085,0.00,0.0000,0.0000,0,0,0,140,240,0,0,0,0,0,1000.000
350,2.6260,0.3085,0.00,0.0000,0.0000,0,0,0,140,240,0,0,0,0,0,1000.000
360,2.6260,0.3085,0.00,0.0000,0.0000,0,0,0,140,240,0,0,0,0,0,1000.000
370,2.6260,0.3085,0.00,0.0000,0.0000,0,0,0,140,240,0,0,0,0,0,1000.000
380,2.6260,0.3085,0.00,0.0000,0.0000,0,0,0,140,240,0,0,0,0,0,1000.000
390,2.6260,0.3085,0.00,0.0000,0.0000,0,0,0,140,240,0,0,0,0,0,1000.000
400,2.6260,0.3085,0.00,0.0000,0.0000,0,0,0,140,240,0,0,0,0,0,1000.000
410,2.6260,0.3085,0.00,0.0000,0.0000,0,0,0,140,240,0,0,0,0,0,1000.000
420,2.6260,0.3085,0.00,0.0000,0.0000,0,0,0,140,240,0,0,0,0,0,1000.000
430,2.6260,0.3085,0.00,0.0000,0.0000,0,0,0,140,240,0,0,0,0,0,1000.000
440,2.6260,0.3085,0.00,0.0000,0.0000,0,0,0,140,240,0,0,0,0,0,1000.000
450,2.6260,0.3085,0.00,0.0000,0.0000,0,0,0,140,240,0,0,0,0,0,1000.000
460,2.6260,0.3085,0.00,0.0000,0.0000,0,0,0,140,240,0,0,0,0,0,1000.000
470,2.6260,0.3085,0.00,0.0000,0.0000,0,0,0,140,240,0,0,0,0,0,1000.000
480,2.6260,0.3085,0.00,0.0000,0.0000,0,0,0,140,240,0,0,0,0,0,1000.000
490,2.6260,0.3085,0.00,0.0000,0.0000,0,0,0,140,240,0,0,0,0,0,1000.000
500,2.6260,0.3085,0.00,0.0000,0.0000,0,0,0,140,240,0,0,0,0,0,1000.000
510,2.6260,0.3085,0.00,0.0000,0.0000,0,0,0,140,240,0,0,0,0,0,1000.000
520,2.6260,0.3085,0.00,0.0000,0.0000,0,0,0,140,240,0,0,0,0,0,1000.000
530,2.6260,0.3085,0.00,0.0000,0.0000,0,0,0,140,240,0,0,0,0,0,1000.000
540,2.6260,0.3085,0.00,0.0000,0.0000,0,0,0,140,240,0,0,0,0,0,1000.000
550,2.6260,0.3085,0.00,0.0000,0.0000,0,0,0,140,240,0,0,0,0,0,1000.000
560,2.6260,0.3085,0.00,0.0000,0.0000,0,0,0,140,240,0,0,0,0,0,1000.000
570,2.6260,0.3085,0.00,0.0000,0.0000,0,0,0,140,240,0,0,0,0,0,1000.000
580,2.6260,0.3085,0.00,0.0000,0.0000,0,0,0,140,240,0,0,0,0,0,1000.000
590,2.6260,0.3085,0.00,0.0000,0.0000,0,0,0,140,240,0,0,0,0,0,1000.000
600,2.6260,0.3085,0.00,0.0000,0.0000,0,0,0,140,240,0,0,0,0,0,1000.000
610,2.6260,0.3085,0.00,0.0000,0.0000,0,0,0,140,240,0,0,0,0,0,1000.000
620,2.6260,0.3085,0.00,0.0000,0.0000,0,0,0,140,240,0,0,0,0,0,1000.000
630,2.6260,0.3085,0.00,0.0000,0.0000,0,0,0,140,240,0,0,0,0,0,1000.000
640,2.6260,0.3085,0.00,0.0000,0.0000,0,0,0,140,240,0,0,0,0,0,1000.000
650,2.6260,0.3085,0.00,0.0000,0.0000,0,0,0,140,240,0,0,0,0,0,1000.000
660,2.6260,0.3085,0.00,0.0000,0.0000,0,0,0,140,240,0,0,0,0,0,1000.000
670,2.6260,0.3085,0.00,0.0000,0.0000,0,0,0,140,240,0,0,0,0,0,1000.000
680,2.6260,0.3085,0.00,0.0000,0.0000,0,0,0,140,240,0,0,0,0,0,1000.000
690,2.6260,0.3085,0.00,0.0000,0.0000,0,0,0,140,240,0,0,0,0,0,1000.000
700,2.6260,0.3085,0.00,0.0000,0.0000,0,0,0,140,240,0,0,0,0,0,1000.000
710,2.6260,0.3085,0.00,0.0000,0.0000,0,0,0,140,240,0,0,0,0,0,1000.000
720,2.6260,0.3085,0.00,0.0000,0.0000,0,0,0,140,240,0,0,0,0,0,1000.000
730,2.6260,0.3085,0.00,0.0000,0.0000,0,0,0,140,240,0,0,0,0,0,1000.000
740,2.6260,0.3085,0.00,0.0000,0.0000,0,0,0,140,240,0,0,0,0,0,1000.000
750,2.6260,0.3085,0.00,0.0000,0.0000,0,0,0,140,240,0,0,0,0,0,1000.000
760,2.6260,0.3085,0.00,0.0000,0.0000,0,0,0,140,240,0,0,0,0,0,1000.000
770,2.6260,0.3085,0.00,0.0000,0.0000,0,0,0,140,240,0,0,0,0,0,1000.000
780,2.6260,0.3085,0.00,0.0000,0.0000,0,0,0,140,240,0,0,0,0,0,1000.000
790,2.6260,0.3085,0.00,0.0000,0.0000,0,0,0,140,240,0,0,0,0,0,1000.000
800,2.6260,0.3085,0.00,0.0000,0.0000,0,0,0,140,240,0,0,0,0,0,1000.000
810,2.6260,0.3085,0.00,0.0000,0.0000,0,0,0,140,240,0,0,0,0,0,1000.000
820,2.6260,0.3085,0.00,0.0000,0.0000,0,0,0,140,240,0,0,0,0,0,1000.000
830,2.6260,0.3085,0.00,0.0000,0.0000,0,0,0,140,240,0,0,0,0,0,1000.000
840,2.6260,0.3085,0.00,0.0000,0.0000,0,0,0,140,240,0,0,0,0,0,1000.000
850,2.6260,0.3085,0.00,0.0000,0.0000,0,0,0,140,240,0,0,0,0,0,1000.000
860,2.6260,0.3085,0.00,0.0000,0.0000,0,0,0,140,240,0,0,0,0,0,1000.000
870,2.6260,0.3085,0.00,0.0000,0.0000,0,0,0,140,240,0,0,0,0,0,1000.000
880,2.6260,0.3085,0.00,0.0000,0.0000,0,0,0,140,240,0,0,0,0,0,1000.000
890,2.6260,0.3085,0.00,0.0000,0.0000,0,0,0,140,240,0,0,0,0,0,1000.000
900,2.6260,0.3085,0.00,0.0000,0.0000,0,0,0,140,240,0,0,0,0,0,1000.000
910,2.6260,0.3085,0.00,0.0000,0.0000,0,0,0,140,240,0,0,0,0,0,1000.000
920,2.6260,0.3085,0.00,0.0000,0.0000,0,0,0,140,240,0,0,0,0,0,1000.000
930,2.6260,0.3085,0.00,0.0000,0.0000,0,0,0,140,240,0,0,0,0,0,1000.000
940,2.6260,0.3085,0.00,0.0000,0.0000,0,0,0,140,240,0,0,0,0,0,1000.000
950,2.6260,0.3085,0.00,0.0000,0.0000,0,0,0,140,240,0,0,0,0,0,1000.000
960,2.6260,0.3085,0.00,0.0000,0.0000,0,0,0,140,240,0,0,0,0,0,1000.000
970,2.6260,0.3085,0.00,0.0000,0.0000,0,0,0,140,240,0,0,0,0,0,1000.000
980,2.6260,0.3085,0.00,0.0000,0.0000,0,0,0,140,240,0,0,0,0,0,1000.000
990,2.6260,0.3085,0.00,0.0000,0.0000,0,0,0,140,240,0,0,0,0,0,1000.000
1000,2.6260,0.3085,0.00,0.0000,0.0000,0,0,0,140,240,0,0,0,0,0,1000.000
1010,2.6260,0.3085,0.00,0.0000,0.0000,0,0,0,140,240,0,0,0,0,0,1000.000
1020,2.6260,0.3085,0.00,0.0000,0.0000,0,0,0,140,240,0,0,0,0,0,1000.000
1030,2.6260,0.3085,0.00,0.0000,0.0000,0,0,0,140,240,0,0,0,0,0,1000.000
1040,2.6260,0.3085,0.00,0.0000,0.0000,0,0,0,140,240,0,0,0,0,0,1000.000
1050,2.6260,0.3085,0.00,0.0000,0.0000,0,0,0,140,240,0,0,0,0,0,1000.000
1060,2.6260,0.3085,0.00,0.0000,0.0000,0,0,0,140,240,0,0,0,0,0,1000.000
1070,2.6260,0.3085,0.00,0.0000,0.0000,0,0,0,140,240,0,0,0,0,0,1000.000
1080,2.6260,0.3085,0.00,0.0000,0.0000,0,0,0,140,240,0,0,0,0,0,1000.000
1090,2.6260,0.3085,0.00,0.0000,0.0000,0,0,0,140,240,0,0,0,0,0,1000.000
1100,2.6260,0.3085,0.00,0.0000,0.0000,0,0,0,140,240,0,0,0,0,0,1000.000
1110,2.6260,0.3085,0.00,0.0000,0.0000,0,0,0,140,240,0,0,0,0,0,1000.000
1120,2.6260,0.3085,0.00,0.0000,0.0000,0,0,0,140,240,0,0,0,0,0,1000.000
1130,2.6260,0.3085,0.00,0.0000,0.0000,0,0,0,140,240,0,0,0,0,0,1000.000
1140,2.6260,0.3085,0.00,0.0000,0.0000,0,0,0,140,240,0,0,0,0,0,1000.000
1150,2.6260,0.3085,0.00,0.0000,0.0000,0,0,0,140,240,0,0,0,0,0,1000.000
1160,2.6260,0.3085,0.00,0.0000,0.0000,0,0,0,140,240,0,0,0,0,0,1000.000
1170,2.6260,0.3085,0.00,0.0000,0.0000,0,0,0,140,240,0,0,0,0,0,1000.000
1180,2.6260,0.3085,0.00,0.0000,0.0000,0,0,0,140,240,0,0,0,0,0,1000.000
1190,2.6260,0.3085,0.00,0.0000,0.0000,0,0,0,140,240,0,0,0,0,0,1000.000
1200,2.6260,0.3085,0.00,0.0000,0.0000,0,0,0,140,240,0,0,0,0,0,1000.000
1210,2.6260,0.3085,0.00,0.0000,0.0000,0,0,0,140,240,0,0,0,0,0,1000.000
1220,2.6260,0.3085,0.00,0.0000,0.0000,0,0,0,140,240,0,0,0,0,0,1000.000
1230,2.6260,0.3085,0.00,0.0000,0.0000,0,0,0,140,240,0,0,0,0,0,1000.000
1240,2.6260,0.3085,0.00,0.0000,0.0000,0,0,0,140,240,0,0,0,0,0,1000.000
1250,2.6260,0.3085,0.00,0.0000,0.0000,0,0,0,140,240,0,0,0,0,0,1000.000
1260,2.6260,0.3085,0.00,0.0000,0.0000,0,0,0,140,240,0,0,0,0,0,1000.000
1270,2.6260,0.3085,0.00,0.0000,0.0000,0,0,0,140,240,0,0,0,0,0,1000.000
1280,2.6260,0.3085,0.00,0.0000,0.0000,0,0,0,140,240,0,0,0,0,0,1000.000
1290,2.6260,0.3085,0.00,0.0000,0.0000,0,0,0,140,240,0,0,0,0,0,1000.000
1300,2.6260,0.3085,0.00,0.0000,0.0000,0,0,0,140,240,0,0,0,0,0,1000.000
1310,2.6260,0.3085,0.00,0.0000,0.0000,0,0,0,140,240,0,0,0,0,0,1000.000
1320,2.6260,0.3085,0.00,0.0000,0.0000,0,0,0,140,240,0,0,0,0,0,1000.000
1330,2.6260,0.3085,0.00,0.0000,0.0000,0,0,0,140,240,0,0,0,0,0,1000.000
1340,2.6260,0.3085,0.00,0.0000,0.0000,0,0,0,140,240,0,0,0,0,0,1000.000
1350,2.6260,0.3085,0.00,0.0000,0.0000,0,0,0,140,240,0,0,0,0,0,1000.000
1360,2.6260,0.3085,0.00,0.0000,0.0000,0,0,0,140,240,0,0,0,0,0,1000.000
1370,2.6260,0.3085,0.00,0.0000,0.0000,0,0,0,140,240,0,0,0,0,0,1000.000
1380,2.6260,0.3085,0.00,0.0000,0.0000,0,0,0,140,240,0,0,0,0,0,1000.000
1390,2.6260,0.3085,0.00,0.0000,0.0000,0,0,0,140,240,0,0,0,0,0,1000.000
1400,2.6260,0.3085,0.00,0.0000,0.0000,0,0,0,140,240,0,0,0,0,0,1000.000
1410,2.6260,0.3085,0.00,0.0000,0.0000,0,0,0,140,240,0,0,0,0,0,1000.000
1420,2.6260,0.3085,0.00,0.0000,0.0000,0,0,0,140,240,0,0,0,0,0,1000.000
1430,2.6260,0.3085,0.00,0.0000,0.0000,0,0,0,140,240,0,0,0,0,0,1000.000
1440,2.6260,0.3085,0.00,0.0000,0.0000,0,0,0,140,240,0,0,0,0,0,1000.000
1450,2.6260,0.3085,0.00,0.0000,0.0000,0,0,0,140,240,0,0,0,0,0,1000.000
1460,2.6260,0.3085,0.00,0.0000,0.0000,0,0,0,140,240,0,0,0,0,0,1000.000
1470,2.6260,0.3085,0.00,0.0000,0.0000,0,0,0,140,240,0,0,0,0,0,1000.000
1480,2.6260,0.3085,0.00,0.0000,0.0000,0,0,0,140,240,0,0,0,0,0,1000.000
1490,2.6260,0.3085,0.00,0.0000,0.0000,0,0,0,140,240,0,0,0,0,0,1000.000
1500,2.6260,0.3085,0.00,0.0000,0.0000,0,0,0,140,240,0,0,0,0,0,1000.000
1510,2.6260,0.3085,0.00,0.0000,0.0000,0,0,0,140,240,0,0,0,0,0,1000.000
1520,2.6260,0.3085,0.00,0.0000,0.0000,0,0,0,140,240,0,0,0,0,0,1000.000
1530,2.6260,0.3085,0.00,0.0000,0.0000,0,0,0,140,240,0,0,0,0,0,1000.000
1540,2.6260,0.3085,0.00,0.0000,0.0000,0,0,0,140,240,0,0,0,0,0,1000.000
1550,2.6260,0.3085,0.00,0.0000,0.0000,0,0,0,140,240,0,0,0,0,0,1000.000
1560,2.6260,0.3085,0.00,0.0000,0.0000,0,0,0,140,240,0,0,0,0,0,1000.000
1570,2.6260,0.3085,0.00,0.0000,0.0000,0,0,0,140,240,0,0,0,0,0,1000.000
1580,2.6260,0.3085,0.00,0.0000,0.0000,0,0,0,140,240,0,0,0,0,0,1000.000
1590,2.6260,0.3085,0.00,0.0000,0.0000,0,0,0,140,240,0,0,0,0,0,1000.000
1600,2.6260,0.3085,0.00,0.0000,0.0000,0,0,0,140,240,0,0,0,0,0,1000.000
1610,2.6260,0.3085,0.00,0.0000,0.0000,0,0,0,140,240,0,0,0,0,0,1000.000
1620,2.6260,0.3085,0.00,0.0000,0.0000,0,0,0,140,240,0,0,0,0,0,1000.000
1630,2.6260,0.3085,0.00,0.0000,0.0000,0,0,0,140,240,0,0,0,0,0,1000.000
1640,2.6260,0.3085,0.00,0.0000,0.0000,0,0,0,140,240,0,0,0,0,0,1000.000
1650,2.6260,0.3085,0.00,0.0000,0.0000,0,0,0,140,240,0,0,0,0,0,1000.000
1660,2.6260,0.3085,0.00,0.0000,0.0000,0,0,0,140,240,0,0,0,0,0,1000.000
1670,2.6260,0.3085,0.00,0.0000,0.0000,0,0,0,140,240,0,0,0,0,0,1000.000
1680,2.6260,0.3085,0.00,0.0000,0.0000,0,0,0,140,240,0,0,0,0,0,1000.000
1690,2.6260,0.3085,0.00,0.0000,0.0000,0,0,0,140,240,0,0,0,0,0,1000.000
1700,2.6260,0.3085,0.00,0.0000,0.0000,0,0,0,140,240,0,0,0,0,0,1000.000
1710,2.6260,0.3085,0.00,0.0000,0.0000,0,0,0,140,240,0,0,0,0,0,1000.000
1720,2.6260,0.3085,0.00,0.0000,0.0000,0,0,0,140,240,0,0,0,0,0,1000.000
1730,2.6260,0.3085,0.00,0.0000,0.0000,0,0,0,140,240,0,0,0,0,0,1000.000
1740,2.6260,0.3085,0.00,0.0000,0.0000,0,0,0,140,240,0,0,0,0,0,1000.000
1750,2.6260,0.3085,0.00,0.0000,0.0000,0,0,0,140,240,0,0,0,0,0,1000.000
1760,2.6260,0.3085,0.00,0.0000,0.0000,0,0,0,140,240,0,0,0,0,0,1000.000
1770,2.6260,0.3085,0.00,0.0000,0.0000,0,0,0,140,240,0,0,0,0,0,1000.000
1780,2.6260,0.3085,0.00,0.0000,0.0000,0,0,0,140,240,0,0,0,0,0,1000.000
1790,2.6260,0.3085,0.00,0.0000,0.0000,0,0,0,140,240,0,0,0,0,0,1000.000
1800,2.6260,0.3085,0.00,0.0000,0.0000,0,0,0,140,240,0,0,0,0,0,1000.000
1810,2.6260,0.3085,0.00,0.0000,0.0000,0,0,0,140,240,0,0,0,0,0,1000.000
1820,2.6260,0.3085,0.00,0.0000,0.0000,0,0,0,140,240,0,0,0,0,0,1000.000
1830,2.6260,0.3085,0.00,0.0000,0.0000,0,0,0,140,240,0,0,0,0,0,1000.000
1840,2.6260,0.3085,0.00,0.0000,0.0000,0,0,0,140,240,0,0,0,0,0,1000.000
1850,2.6260,0.3085,0.00,0.0000,0.0000,0,0,0,140,240,0,0,0,0,0,1000.000
1860,2.6260,0.3085,0.00,0.0000,0.0000,0,0,0,140,240,0,0,0,0,0,1000.000
1870,2.6260,0.3085,0.00,0.0000,0.0000,0,0,0,140,240,0,0,0,0,0,1000.000
1880,2.6260,0.3085,0.00,0.0000,0.0000,0,0,0,140,240,0,0,0,0,0,1000.000
1890,2.6260,0.3085,0.00,0.0000,0.0000,0,0,0,140,240,0,0,0,0,0,1000.000
1900,2.6260,0.3085,0.00,0.0000,0.0000,0,0,0,140,240,0,0,0,0,0,1000.000
1910,2.6260,0.3085,0.00,0.0000,0.0000,0,0,0,140,240,0,0,0,0,0,1000.000
1920,2.6260,0.3085,0.00,0.0000,0.0000,0,0,0,140,240,0,0,0,0,0,1000.000
1930,2.6260,0.3085,0.00,0.0000,0.0000,0,0,0,140,240,0,0,0,0,0,1000.000
1940,2.6260,0.3085,0.00,0.0000,0.0000,0,0,0,140,240,0,0,0,0,0,1000.000
1950,2.6260,0.3085,0.00,0.0000,0.0000,0,0,0,140,240,0,0,0,0,0,1000.000
1960,2.6260,0.3085,0.00,0.0000,0.0000,0,0,0,140,240,0,0,0,0,0,1000.000
1970,2.6260,0.3085,0.00,0.0000,0.0000,0,0,0,140,240,0,0,0,0,0,1000.000
1980,2.6260,0.3085,0.00,0.0000,0.0000,0,0,0,140,240,0,0,0,0,0,1000.000
1990,2.6260,0.3085,0.00,0.0000,0.0000,0,0,0,140,240,0,0,0,0,0,1000.000
2000,2.6260,0.3085,0.00,0.0000,0.0000,0,0,0,140,240,0,0,0,0,0,1000.000
2010,2.6260,0.3085,0.00,0.0000,0.0000,0,0,0,140,240,0,0,0,0,0,1000.000
2020,2.6260,0.3085,0.00,0.0000,0.0000,0,0,0,140,240,0,0,0,0,0,1000.000
2030,2.6260,0.3085,0.00,0.0000,0.0000,0,0,0,140,240,0,0,0,0,0,1000.000
2040,2.6260,0.3085,0.00,0.0000,0.0000,0,0,0,140,240,0,0,0,0,0,1000.000
2050,2.6260,0.3085,0.00,0.0000,0.0000,0,0,0,140,240,0,0,0,0,0,1000.000
2060,2.6260,0.3085,0.00,0.0000,0.0000,0,0,0,140,240,0,0,0,0,0,1000.000
2070,2.6260,0.3085,0.00,0.0000,0.0000,0,0,0,140,240,0,0,0,0,0,1000.000
2080,2.6260,0.3085,0.00,0.0000,0.0000,0,0,0,140,240,0,0,0,0,0,1000.000
2090,2.6260,0.3085,0.00,0.0000,0.0000,0,0,0,140,240,0,0,0,0,0,1000.000
2100,2.6260,0.3085,0.00,0.0000,0.0000,0,0,0,140,240,0,0,0,0,0,1000.000
2110,2.6260,0.3085,0.00,0.0000,0.0000,0,0,0,140,240,0,0,0,0,0,1000.000
2120,2.6260,0.3085,0.00,0.0000,0.0000,0,0,0,140,240,0,0,0,0,0,1000.000
2130,2.6260,0.3085,0.00,0.0000,0.0000,0,0,0,140,240,0,0,0,0,0,1000.000
2140,2.6260,0.3085,0.00,0.0000,0.0000,0,0,0,140,240,0,0,0,0,0,1000.000
2150,2.6260,0.3085,0.00,0.0000,0.0000,0,0,0,140,240,0,0,0,0,0,1000.000
2160,2.6260,0.3085,0.00,0.0000,0.0000,0,0,0,140,240,0,0,0,0,0,1000.000
2170,2.6260,0.3085,0.00,0.0000,0.0000,0,0,0,140,240,0,0,0,0,0,1000.000
2180,2.6260,0.3085,0.00,0.0000,0.0000,0,0,0,140,240,0,0,0,0,0,1000.000
2190,2.6260,0.3085,0.00,0.0000,0.0000,0,0,0,140,240,0,0,0,0,0,1000.000
2200,2.6260,0.3085,0.00,0.0000,0.0000,0,0,0,140,240,0,0,0,0,0,1000.000
2210,2.6260,0.3085,0.00,0.0000,0.0000,0,0,0,140,240,0,0,0,0,0,1000.000
2220,2.6260,0.3085,0.00,0.0000,0.0000,0,0,0,140,240,0,0,0,0,0,1000.000
2230,2.6260,0.3085,0.00,0.0000,0.0000,0,0,0,140,240,0,0,0,0,0,1000.000
2240,2.6260,0.3085,0.00,0.0000,0.0000,0,0,0,140,240,0,0,0,0,0,1000.000
2250,2.6260,0.3085,0.00,0.0000,0.0000,0,0,0,140,240,0,0,0,0,0,1000.000
2260,2.6260,0.3085,0.00,0.0000,0.0000,0,0,0,140,240,0,0,0,0,0,1000.000
2270,2.6260,0.3085,0.00,0.0000,0.0000,0,0,0,140,240,0,0,0,0,0,1000.000
2280,2.6260,0.3085,0.00,0.0000,0.0000,0,0,0,140,240,0,0,0,0,0,1000.000
2290,2.6260,0.3085,0.00,0.0000,0.0000,0,0,0,140,240,0,0,0,0,0,1000.000
2300,2.6260,0.3085,0.00,0.0000,0.0000,0,0,0,140,240,0,0,0,0,0,1000.000
2310,2.6260,0.3085,0.00,0.0000,0.0000,0,0,0,140,240,0,0,0,0,0,1000.000
2320,2.6260,0.3085,0.00,0.0000,0.0000,0,0,0,140,240,0,0,0,0,0,1000.000
2330,2.6260,0.3085,0.00,0.0000,0.0000,0,0,0,140,240,0,0,0,0,0,1000.000
2340,2.6260,0.3085,0.00,0.0000,0.0000,0,0,0,140,240,0,0,0,0,0,1000.000
2350,2.6260,0.3085,0.00,0.0000,0.0000,0,0,0,140,240,0,0,0,0,0,1000.000
2360,2.6260,0.3085,0.00,0.0000,0.0000,0,0,0,140,240,0,0,0,0,0,1000.000
2370,2.6260,0.3085,0.00,0.0000,0.0000,0,0,0,140,240,0,0,0,0,0,1000.000
2380,2.6260,0.3085,0.00,0.0000,0.0000,0,0,0,140,240,0,0,0,0,0,1000.000
2390,2.6260,0.3085,0.00,0.0000,0.0000,0,0,0,140,240,0,0,0,0,0,1000.000
2400,2.6260,0.3085,0.00,0.0000,0.0000,0,0,0,140,240,0,0,0,0,0,1000.000
2410,2.6260,0.3085,0.00,0.0000,0.0000,0,0,0,140,240,0,0,0,0,0,1000.000
2420,2.6260,0.3085,0.00,0.0000,0.0000,0,0,0,140,240,0,0,0,0,0,1000.000
2430,2.6260,0.3085,0.00,0.0000,0.0000,0,0,0,140,240,0,0,0,0,0,1000.000
2440,2.6260,0.3085,0.00,0.0000,0.0000,0,0,0,140,240,0,0,0,0,0,1000.000
2450,2.6260,0.3085,0.00,0.0000,0.0000,0,0,0,140,240,0,0,0,0,0,1000.000
2460,2.6260,0.3085,0.00,0.0000,0.0000,0,0,0,140,240,0,0,0,0,0,1000.000
2470,2.6260,0.3085,0.00,0.0000,0.0000,0,0,0,140,240,0,0,0,0,0,1000.000
2480,2.6260,0.3085,0.00,0.0000,0.0000,0,0,0,140,240,0,0,0,0,0,1000.000
2490,2.6260,0.3085,0.00,0.0000,0.0000,0,0,0,140,240,0,0,0,0,0,1000.000
2500,2.6260,0.3085,0.00,0.0000,0.0000,0,0,0,140,240,0,0,0,0,0,1000.000
2510,2.6260,0.3085,0.00,0.0000,0.0000,0,0,0,140,240,0,0,0,0,0,1000.000
2520,2.6260,0.3085,0.00,0.0000,0.0000,0,0,0,140,240,0,0,0,0,0,1000.000
2530,2.6260,0.3085,0.00,0.0000,0.0000,0,0,0,140,240,0,0,0,0,0,1000.000
2540,2.6260,0.3085,0.00,0.0000,0.0000,0,0,0,140,240,0,0,0,0,0,1000.000
2550,2.6260,0.3085,0.00,0.0000,0.0000,0,0,0,140,240,0,0,0,0,0,1000.000
2560,2.6260,0.3085,0.00,0.0000,0.0000,0,0,0,140,240,0,0,0,0,0,1000.000
2570,2.6260,0.3085,0.00,0.0000,0.0000,0,0,0,140,240,0,0,0,0,0,1000.000
2580,2.6260,0.3085,0.00,0.0000,0.0000,0,0,0,140,240,0,0,0,0,0,1000.000
2590,2.6260,0.3085,0.00,0.0000,0.0000,0,0,0,140,240,0,0,0,0,0,1000.000
2600,2.6260,0.3085,0.00,0.0000,0.0000,0,0,0,140,240,0,0,0,0,0,1000.000
2610,2.6260,0.3085,0.00,0.0000,0.0000,0,0,0,140,240,0,0,0,0,0,1000.000
2620,2.6260,0.3085,0.00,0.0000,0.0000,0,0,0,140,240,0,0,0,0,0,1000.000
2630,2.6260,0.3085,0.00,0.0000,0.0000,0,0,0,140,240,0,0,0,0,0,1000.000
2640,2.6260,0.3085,0.00,0.0000,0.0000,0,0,0,140,240,0,0,0,0,0,1000.000
2650,2.6260,0.3085,0.00,0.0000,0.0000,0,0,0,140,240,0,0,0,0,0,1000.000
2660,2.6260,0.3085,0.00,0.0000,0.0000,0,0,0,140,240,0,0,0,0,0,1000.000
2670,2.6260,0.3085,0.00,0.0000,0.0000,0,0,0,140,240,0,0,0,0,0,1000.000
2680,2.6260,0.3085,0.00,0.0000,0.0000,0,0,0,140,240,0,0,0,0,0,1000.000
2690,2.6260,0.3085,0.00,0.0000,0.0000,0,0,0,140,240,0,0,0,0,0,1000.000
2700,2.6260,0.3085,0.00,0.0000,0.0000,0,0,0,140,240,0,0,0,0,0,1000.000
2710,2.6260,0.3085,0.00,0.0000,0.0000,0,0,0,140,240,0,0,0,0,0,1000.000
2720,2.6260,0.3085,0.00,0.0000,0.0000,0,0,0,140,240,0,0,0,0,0,1000.000
2730,2.6260,0.3085,0.00,0.0000,0.0000,0,0,0,140,240,0,0,0,0,0,1000.000
2740,2.6260,0.3085,0.00,0.0000,0.0000,0,0,0,140,240,0,0,0,0,0,1000.000
2750,2.6260,0.3085,0.00,0.0000,0.0000,0,0,0,140,240,0,0,0,0,0,1000.000
2760,2.6260,0.3085,0.00,0.0000,0.0000,0,0,0,140,240,0,0,0,0,0,1000.000
2770,2.6260,0.3085,0.00,0.0000,0.0000,0,0,0,140,240,0,0,0,0,0,1000.000
2780,2.6260,0.3085,0.00,0.0000,0.0000,0,0,0,140,240,0,0,0,0,0,1000.000
2790,2.6260,0.3085,0.00,0.0000,0.0000,0,0,0,140,240,0,0,0,0,0,1000.000
2800,2.6260,0.3085,0.00,0.0000,0.0000,0,0,0,140,240,0,0,0,0,0,1000.000
2810,2.6260,0.3085,0.00,0.0000,0.0000,0,0,0,140,240,0,0,0,0,0,1000.000
2820,2.6260,0.3085,0.00,0.0000,0.0000,0,0,0,140,240,0,0,0,0,0,1000.000
2830,2.6260,0.3085,0.00,0.0000,0.0000,0,0,0,140,240,0,0,0,0,0,1000.000
2840,2.6260,0.3085,0.00,0.0000,0.0000,0,0,0,140,240,0,0,0,0,0,1000.000
2850,2.6260,0.3085,0.00,0.0000,0.0000,0,0,0,140,240,0,0,0,0,0,1000.000
2860,2.6260,0.3085,0.00,0.0000,0.0000,0,0,0,140,240,0,0,0,0,0,1000.000
2870,2.6260,0.3085,0.00,0.0000,0.0000,0,0,0,140,240,0,0,0,0,0,1000.000
2880,2.6260,0.3085,0.00,0.0000,0.0000,0,0,0,140,240,0,0,0,0,0,1000.000
2890,2.6260,0.3085,0.00,0.0000,0.0000,0,0,0,140,240,0,0,0,0,0,1000.000
2900,2.6260,0.3085,0.00,0.0000,0.0000,0,0,0,140,240,0,0,0,0,0,1000.000
2910,2.6260,0.3085,0.00,0.0000,0.0000,0,0,0,140,240,0,0,0,0,0,1000.000
2920,2.6260,0.3085,0.00,0.0000,0.0000,0,0,0,140,240,0,0,0,0,0,1000.000
2930,2.6260,0.3085,0.00,0.0000,0.0000,0,0,0,140,240,0,0,0,0,0,1000.000
2940,2.6260,0.3085,0.00,0.0000,0.0000,0,0,0,140,240,0,0,0,0,0,1000.000
2950,2.6260,0.3085,0.00,0.0000,0.0000,0,0,0,140,240,0,0,0,0,0,1000.000
2960,2.6260,0.3085,0.00,0.0000,0.0000,0,0,0,140,240,0,0,0,0,0,1000.000
2970,2.6260,0.3085,0.00,0.0000,0.0000,0,0,0,140,240,0,0,0,0,0,1000.000
2980,2.6260,0.3085,0.00,0.0000,0.0000,0,0,0,140,240,0,0,0,0,0,1000.000
2990,2.6260,0.3085,0.00,0.0000,0.0000,0,0,0,140,240,0,0,0,0,0,1000.000
3000,2.6260,0.3085,0.00,0.0000,0.0000,0,0,0,140,240,0,0,0,0,0,1000.000
3010,2.6260,0.3085,0.00,0.0000,0.0000,0,0,0,140,240,0,0,0,0,0,1000.000
3020,2.6260,0.3085,0.00,0.0000,0.0000,0,0,0,140,240,0,0,0,0,0,1000.000
3030,2.6260,0.3085,0.00,0.0000,0.0000,0,0,0,140,240,0,0,0,0,0,1000.000
3040,2.6260,0.3085,0.00,0.0000,0.0000,0,0,0,140,240,0,0,0,0,0,1000.000
3050,2.6260,0.3085,0.00,0.0000,0.0000,0,0,0,140,240,0,0,0,0,0,1000.000
3060,2.6260,0.3085,0.00,0.0000,0.0000,0,0,0,140,240,0,0,0,0,0,1000.000
3070,2.6260,0.3085,0.00,0.0000,0.0000,0,0,0,140,240,0,0,0,0,0,1000.000
3080,2.6260,0.3085,0.00,0.0000,0.0000,0,0,0,140,240,0,0,0,0,0,1000.000
3090,2.6260,0.3085,0.00,0.0000,0.0000,0,0,0,140,240,0,0,0,0,0,1000.000
3100,2.6260,0.3085,0.00,0.0000,0.0000,0,0,0,140,240,0,0,0,0,0,1000.000
3110,2.6260,0.3085,0.00,0.0000,0.0000,0,0,0,140,240,0,0,0,0,0,1000.000
3120,2.6260,0.3085,0.00,0.0000,0.0000,0,0,0,140,240,0,0,0,0,0,1000.000
3130,2.6260,0.3085,0.00,0.0000,0.0000,0,0,0,140,240,0,0,0,0,0,1000.000
3140,2.6260,0.3085,0.00,0.0000,0.0000,0,0,0,140,240,0,0,0,0,0,1000.000
3150,2.6260,0.3085,0.00,0.0000,0.0000,0,0,0,140,240,0,0,0,0,0,1000.000
3160,2.6260,0.3085,0.00,0.0000,0.0000,0,0,0,140,240,0,0,0,0,0,1000.000
3170,2.6260,0.3085,0.00,0.0000,0.0000,0,0,0,140,240,0,0,0,0,0,1000.000
3180,2.6260,0.3085,0.00,0.0000,0.0000,0,0,0,140,240,0,0,0,0,0,1000.000
3190,2.6260,0.3085,0.00,0.0000,0.0000,0,0,0,140,240,0,0,0,0,0,1000.000
3200,2.6260,0.3085,0.00,0.0000,0.0000,0,0,0,140,240,0,0,0,0,0,1000.000
3210,2.6260,0.3085,0.00,0.0000,0.0000,0,0,0,140,240,0,0,0,0,0,1000.000
3220,2.6260,0.3085,0.00,0.0000,0.0000,0,0,0,140,240,0,0,0,0,0,1000.000
3230,2.6260,0.3085,0.00,0.0000,0.0000,0,0,0,140,240,0,0,0,0,0,1000.000
3240,2.6260,0.3085,0.00,0.0000,0.0000,0,0,0,140,240,0,0,0,0,0,1000.000
3250,2.6260,0.3085,0.00,0.0000,0.0000,0,0,0,140,240,0,0,0,0,0,1000.000
3260,2.6260,0.3085,0.00,0.0000,0.0000,0,0,0,140,240,0,0,0,0,0,1000.000
3270,2.6260,0.3085,0.00,0.0000,0.0000,0,0,0,140,240,0,0,0,0,0,1000.000
3280,2.6260,0.3085,0.00,0.0000,0.0000,0,0,0,140,240,0,0,0,0,0,1000.000
3290,2.6260,0.3085,0.00,0.0000,0.0000,0,0,0,140,240,0,0,0,0,0,1000.000
3300,2.6260,0.3085,0.00,0.0000,0.0000,0,0,0,140,240,0,0,0,0,0,1000.000
3310,2.6260,0.3085,0.00,0.0000,0.0000,0,0,0,140,240,0,0,0,0,0,1000.000
3320,2.6260,0.3085,0.00,0.0000,0.0000,0,0,0,140,240,0,0,0,0,0,1000.000
3330,2.6260,0.3085,0.00,0.0000,0.0000,0,0,0,140,240,0,0,0,0,0,1000.000
3340,2.6260,0.3085,0.00,0.0000,0.0000,0,0,0,140,240,0,0,0,0,0,1000.000
3350,2.6260,0.3085,0.00,0.0000,0.0000,0,0,0,140,240,0,0,0,0,0,1000.000
3360,2.6260,0.3085,0.00,0.0000,0.0000,0,0,0,140,240,0,0,0,0,0,1000.000
3370,2.6260,0.3085,0.00,0.0000,0.0000,0,0,0,140,240,0,0,0,0,0,1000.000
3380,2.6260,0.3085,0.00,0.0000,0.0000,0,0,0,140,240,0,0,0,0,0,1000.000
3390,2.6260,0.3085,0.00,0.0000,0.0000,0,0,0,140,240,0,0,0,0,0,1000.000
3400,2.6260,0.3085,0.00,0.0000,0.0000,0,0,0,140,240,0,0,0,0,0,1000.000
3410,2.6260,0.3085,0.00,0.0000,0.0000,0,0,0,140,240,0,0,0,0,0,1000.000
3420,2.6260,0.3085,0.00,0.0000,0.0000,0,0,0,140,240,0,0,0,0,0,1000.000
3430,2.6260,0.3085,0.00,0.0000,0.0000,0,0,0,140,240,0,0,0,0,0,1000.000
3440,2.6260,0.3085,0.00,0.0000,0.0000,0,0,0,140,240,0,0,0,0,0,1000.000
3450,2.6260,0.3085,0.00,0.0000,0.0000,0,0,0,140,240,0,0,0,0,0,1000.000
3460,2.6260,0.3085,0.00,0.0000,0.0000,0,0,0,140,240,0,0,0,0,0,1000.000
3470,2.6260,0.3085,0.00,0.0000,0.0000,0,0,0,140,240,0,0,0,0,0,1000.000
3480,2.6260,0.3085,0.00,0.0000,0.0000,0,0,0,140,240,0,0,0,0,0,1000.000
3490,2.6260,0.3085,0.00,0.0000,0.0000,0,0,0,140,240,0,0,0,0,0,1000.000
3500,2.6260,0.3085,0.00,0.0000,0.0000,0,0,0,140,240,0,0,0,0,0,1000.000
3510,2.6260,0.3085,0.00,0.0000,0.0000,0,0,0,140,240,0,0,0,0,0,1000.000
3520,2.6260,0.3085,0.00,0.0000,0.0000,0,0,0,140,240,0,0,0,0,0,1000.000
3530,2.6260,0.3085,0.00,0.0000,0.0000,0,0,0,140,240,0,0,0,0,0,1000.000
3540,2.6260,0.3085,0.00,0.0000,0.0000,0,0,0,140,240,0,0,0,0,0,1000.000
3550,2.6260,0.3085,0.00,0.0000,0.0000,0,0,0,140,240,0,0,0,0,0,1000.000
3560,2.6260,0.3085,0.00,0.0000,0.0000,0,0,0,140,240,0,0,0,0,0,1000.000
3570,2.6260,0.3085,0.00,0.0000,0.0000,0,0,0,140,240,0,0,0,0,0,1000.000
3580,2.6260,0.3085,0.00,0.0000,0.0000,0,0,0,140,240,0,0,0,0,0,1000.000
3590,2.6260,0.3085,0.00,0.0000,0.0000,0,0,0,140,240,0,0,0,0,0,1000.000
3600,2.6260,0.3085,0.00,0.0000,0.0000,0,0,0,140,240,0,0,0,0,0,1000.000
3610,2.6260,0.3085,0.00,0.0000,0.0000,0,0,0,140,240,0,0,0,0,0,1000.000
3620,2.6260,0.3085,0.00,0.0000,0.0000,0,0,0,140,240,0,0,0,0,0,1000.000
3630,2.6260,0.3085,0.00,0.0000,0.0000,0,0,0,140,240,0,0,0,0,0,1000.000
3640,2.6260,0.3085,0.00,0.0000,0.0000,0,0,0,140,240,0,0,0,0,0,1000.000
3650,2.6260,0.3085,0.00,0.0000,0.0000,0,0,0,140,240,0,0,0,0,0,1000.000
3660,2.6260,0.3085,0.00,0.0000,0.0000,0,0,0,140,240,0,0,0,0,0,1000.000
3670,2.6260,0.3085,0.00,0.0000,0.0000,0,0,0,140,240,0,0,0,0,0,1000.000
3680,2.6260,0.3085,0.00,0.0000,0.0000,0,0,0,140,240,0,0,0,0,0,1000.000
3690,2.6260,0.3085,0.00,0.0000,0.0000,0,0,0,140,240,0,0,0,0,0,1000.000
3700,2.6260,0.3085,0.00,0.0000,0.0000,0,0,0,140,240,0,0,0,0,0,1000.000
3710,2.6260,0.3085,0.00,0.0000,0.0000,0,0,0,140,240,0,0,0,0,0,1000.000
3720,2.6260,0.3085,0.00,0.0000,0.0000,0,0,0,140,240,0,0,0,0,0,1000.000
3730,2.6260,0.3085,0.00,0.0000,0.0000,0,0,0,140,240,0,0,0,0,0,1000.000
3740,2.6260,0.3085,0.00,0.0000,0.0000,0,0,0,140,240,0,0,0,0,0,1000.000
3750,2.6260,0.3085,0.00,0.0000,0.0000,0,0,0,140,240,0,0,0,0,0,1000.000
3760,2.6260,0.3085,0.00,0.0000,0.0000,0,0,0,140,240,0,0,0,0,0,1000.000
3770,2.6260,0.3085,0.00,0.0000,0.0000,0,0,0,140,240,0,0,0,0,0,1000.000
3780,2.6260,0.3085,0.00,0.0000,0.0000,0,0,0,140,240,0,0,0,0,0,1000.000
3790,2.6260,0.3085,0.00,0.0000,0.0000,0,0,0,140,240,0,0,0,0,0,1000.000
3800,2.6260,0.3085,0.00,0.0000,0.0000,0,0,0,140,240,0,0,0,0,0,1000.000
3810,2.6260,0.3085,0.00,0.0000,0.0000,0,0,0,140,240,0,0,0,0,0,1000.000
3820,2.6260,0.3085,0.00,0.0000,0.0000,0,0,0,140,240,0,0,0,0,0,1000.000
3830,2.6260,0.3085,0.00,0.0000,0.0000,0,0,0,140,240,0,0,0,0,0,1000.000
3840,2.6260,0.3085,0.00,0.0000,0.0000,0,0,0,140,240,0,0,0,0,0,1000.000
3850,2.6260,0.3085,0.00,0.0000,0.0000,0,0,0,140,240,0,0,0,0,0,1000.000
3860,2.6260,0.3085,0.00,0.0000,0.0000,0,0,0,140,240,0,0,0,0,0,1000.000
3870,2.6260,0.3085,0.00,0.0000,0.0000,0,0,0,140,240,0,0,0,0,0,1000.000
3880,2.6260,0.3085,0.00,0.0000,0.0000,0,0,0,140,240,0,0,0,0,0,1000.000
3890,2.6260,0.3085,0.00,0.0000,0.0000,0,0,0,140,240,0,0,0,0,0,1000.000
3900,2.6260,0.3085,0.00,0.0000,0.0000,0,0,0,140,240,0,0,0,0,0,1000.000
3910,2.6260,0.3085,0.00,0.0000,0.0000,0,0,0,140,240,0,0,0,0,0,1000.000
3920,2.6260,0.3085,0.00,0.0000,0.0000,0,0,0,140,240,0,0,0,0,0,1000.000
3930,2.6260,0.3085,0.00,0.0000,0.0000,0,0,0,140,240,0,0,0,0,0,1000.000
3940,2.6260,0.3085,0.00,0.0000,0.0000,0,0,0,140,240,0,0,0,0,0,1000.000
3950,2.6260,0.3085,0.00,0.0000,0.0000,0,0,0,140,240,0,0,0,0,0,1000.000
3960,2.6260,0.3085,0.00,0.0000,0.0000,0,0,0,140,240,0,0,0,0,0,1000.000
3970,2.6260,0.3085,0.00,0.0000,0.0000,0,0,0,140,240,0,0,0,0,0,1000.000
3980,2.6260,0.3085,0.00,0.0000,0.0000,0,0,0,140,240,0,0,0,0,0,1000.000
3990,2.6260,0.3085,0.00,0.0000,0.0000,0,0,0,140,240,0,0,0,0,0,1000.000
4000,2.6260,0.3085,0.00,0.0000,0.0000,0,0,0,140,240,0,0,0,0,0,1000.000
4010,2.6260,0.3085,0.00,0.0000,0.0000,0,0,0,140,240,0,0,0,0,0,1000.000
4020,2.6260,0.3085,0.00,0.0000,0.0000,0,0,0,140,240,0,0,0,0,0,1000.000
4030,2.6260,0.3085,0.00,0.0000,0.0000,0,0,0,140,240,0,0,0,0,0,1000.000
4040,2.6260,0.3085,0.00,0.0000,0.0000,0,0,0,140,240,0,0,0,0,0,1000.000
4050,2.6260,0.3085,0.00,0.0000,0.0000,0,0,0,140,240,0,0,0,0,0,1000.000
4060,2.6260,0.3085,0.00,0.0000,0.0000,0,0,0,140,240,0,0,0,0,0,1000.000
4070,2.6260,0.3085,0.00,0.0000,0.0000,0,0,0,140,240,0,0,0,0,0,1000.000
4080,2.6260,0.3085,0.00,0.0000,0.0000,0,0,0,140,240,0,0,0,0,0,1000.000
4090,2.6260,0.3085,0.00,0.0000,0.0000,0,0,0,140,240,0,0,0,0,0,1000.000
4100,2.6260,0.3085,0.00,0.0000,0.0000,0,0,0,140,240,0,0,0,0,0,1000.000
4110,2.6260,0.3085,0.00,0.0000,0.0000,0,0,0,140,240,0,0,0,0,0,1000.000
4120,2.6260,0.3085,0.00,0.0000,0.0000,0,0,0,140,240,0,0,0,0,0,1000.000
4130,2.6260,0.3085,0.00,0.0000,0.0000,0,0,0,140,240,0,0,0,0,0,1000.000
4140,2.6260,0.3085,0.00,0.0000,0.0000,0,0,0,140,240,0,0,0,0,0,1000.000
4150,2.6260,0.3085,0.00,0.0000,0.0000,0,0,0,140,240,0,0,0,0,0,1000.000
4160,2.6260,0.3085,0.00,0.0000,0.0000,0,0,0,140,240,0,0,0,0,0,1000.000
4170,2.6260,0.3085,0.00,0.0000,0.0000,0,0,0,140,240,0,0,0,0,0,1000.000
4180,2.6260,0.3085,0.00,0.0000,0.0000,0,0,0,140,240,0,0,0,0,0,1000.000
4190,2.6260,0.3085,0.00,0.0000,0.0000,0,0,0,140,240,0,0,0,0,0,1000.000
4200,2.6260,0.3085,0.00,0.0000,0.0000,0,0,0,140,240,0,0,0,0,0,1000.000
4210,2.6260,0.3085,0.00,0.0000,0.0000,0,0,0,140,240,0,0,0,0,0,1000.000
4220,2.6260,0.3085,0.00,0.0000,0.0000,0,0,0,140,240,0,0,0,0,0,1000.000
4230,2.6260,0.3085,0.00,0.0000,0.0000,0,0,0,140,240,0,0,0,0,0,1000.000
4240,2.6260,0.3085,0.00,0.0000,0.0000,0,0,0,140,240,0,0,0,0,0,1000.000
4250,2.6260,0.3085,0.00,0.0000,0.0000,0,0,0,140,240,0,0,0,0,0,1000.000
4260,2.6260,0.3085,0.00,0.0000,0.0000,0,0,0,140,240,0,0,0,0,0,1000.000
4270,2.6260,0.3085,0.00,0.0000,0.0000,0,0,0,140,240,0,0,0,0,0,1000.000
4280,2.6260,0.3085,0.00,0.0000,0.0000,0,0,0,140,240,0,0,0,0,0,1000.000
4290,2.6260,0.3085,0.00,0.0000,0.0000,0,0,0,140,240,0,0,0,0,0,1000.000
4300,2.6260,0.3085,0.00,0.0000,0.0000,0,0,0,140,240,0,0,0,0,0,1000.000
4310,2.6260,0.3085,0.00,0.0000,0.0000,0,0,0,140,240,0,0,0,0,0,1000.000
4320,2.6260,0.3085,0.00,0.0000,0.0000,0,0,0,140,240,0,0,0,0,0,1000.000
4330,2.6260,0.3085,0.00,0.0000,0.0000,0,0,0,140,240,0,0,0,0,0,1000.000
4340,2.6260,0.3085,0.00,0.0000,0.0000,0,0,0,140,240,0,0,0,0,0,1000.000
4350,2.6260,0.3085,0.00,0.0000,0.0000,0,0,0,140,240,0,0,0,0,0,1000.000
4360,2.6260,0.3085,0.00,0.0000,0.0000,0,0,0,140,240,0,0,0,0,0,1000.000
4370,2.6260,0.3085,0.00,0.0000,0.0000,0,0,0,140,240,0,0,0,0,0,1000.000
4380,2.6260,0.3085,0.00,0.0000,0.0000,0,0,0,140,240,0,0,0,0,0,1000.000
4390,2.6260,0.3085,0.00,0.0000,0.0000,0,0,0,140,240,0,0,0,0,0,1000.000
4400,2.6260,0.3085,0.00,0.0000,0.0000,0,0,0,140,240,0,0,0,0,0,1000.000
4410,2.6260,0.3085,0.00,0.0000,0.0000,0,0,0,140,240,0,0,0,0,0,1000.000
4420,2.6260,0.3085,0.00,0.0000,0.0000,0,0,0,140,240,0,0,0,0,0,1000.000
4430,2.6260,0.3085,0.00,0.0000,0.0000,0,0,0,140,240,0,0,0,0,0,1000.000
4440,2.6260,0.3085,0.00,0.0000,0.0000,0,0,0,140,240,0,0,0,0,0,1000.000
4450,2.6260,0.3085,0.00,0.0000,0.0000,0,0,0,140,240,0,0,0,0,0,1000.000
4460,2.6260,0.3085,0.00,0.0000,0.0000,0,0,0,140,240,0,0,0,0,0,1000.000
4470,2.6260,0.3085,0.00,0.0000,0.0000,0,0,0,140,240,0,0,0,0,0,1000.000
4480,2.6260,0.3085,0.00,0.0000,0.0000,0,0,0,140,240,0,0,0,0,0,1000.000
4490,2.6260,0.3085,0.00,0.0000,0.0000,0,0,0,140,240,0,0,0,0,0,1000.000
4500,2.6260,0.3085,0.00,0.0000,0.0000,0,0,0,140,240,0,0,0,0,0,1000.000
4510,2.6260,0.3085,0.00,0.0000,0.0000,0,0,0,140,240,0,0,0,0,0,1000.000
4520,2.6260,0.3085,0.00,0.0000,0.0000,0,0,0,140,240,0,0,0,0,0,1000.000
4530,2.6260,0.3085,0.00,0.0000,0.0000,0,0,0,140,240,0,0,0,0,0,1000.000
4540,2.6260,0.3085,0.00,0.0000,0.0000,0,0,0,140,240,0,0,0,0,0,1000.000
4550,2.6260,0.3085,0.00,0.0000,0.0000,0,0,0,140,240,0,0,0,0,0,1000.000
4560,2.6260,0.3085,0.00,0.0000,0.0000,0,0,0,140,240,0,0,0,0,0,1000.000
4570,2.6260,0.3085,0.00,0.0000,0.0000,0,0,0,140,240,0,0,0,0,0,1000.000
4580,2.6260,0.3085,0.00,0.0000,0.0000,0,0,0,140,240,0,0,0,0,0,1000.000
4590,2.6260,0.3085,0.00,0.0000,0.0000,0,0,0,140,240,0,0,0,0,0,1000.000
4600,2.6260,0.3085,0.00,0.0000,0.0000,0,0,0,140,240,0,0,0,0,0,1000.000
4610,2.6260,0.3085,0.00,0.0000,0.0000,0,0,0,140,240,0,0,0,0,0,1000.000
4620,2.6260,0.3085,0.00,0.0000,0.0000,0,0,0,140,240,0,0,0,0,0,1000.000
4630,2.6260,0.3085,0.00,0.0000,0.0000,0,0,0,140,240,0,0,0,0,0,1000.000
4640,2.6260,0.3085,0.00,0.0000,0.0000,0,0,0,140,240,0,0,0,0,0,1000.000
4650,2.6260,0.3085,0.00,0.0000,0.0000,0,0,0,140,240,0,0,0,0,0,1000.000
4660,2.6260,0.3085,0.00,0.0000,0.0000,0,0,0,140,240,0,0,0,0,0,1000.000
4670,2.6260,0.3085,0.00,0.0000,0.0000,0,0,0,140,240,0,0,0,0,0,1000.000
4680,2.6260,0.3085,0.00,0.0000,0.0000,0,0,0,140,240,0,0,0,0,0,1000.000
4690,2.6260,0.3085,0.00,0.0000,0.0000,0,0,0,140,240,0,0,0,0,0,1000.000
4700,2.6260,0.3085,0.00,0.0000,0.0000,0,0,0,140,240,0,0,0,0,0,1000.000
4710,2.6260,0.3085,0.00,0.0000,0.0000,0,0,0,140,240,0,0,0,0,0,1000.000
4720,2.6260,0.3085,0.00,0.0000,0.0000,0,0,0,140,240,0,0,0,0,0,1000.000
4730,2.6260,0.3085,0.00,0.0000,0.0000,0,0,0,140,240,0,0,0,0,0,1000.000
4740,2.6260,0.3085,0.00,0.0000,0.0000,0,0,0,140,240,0,0,0,0,0,1000.000
4750,2.6260,0.3085,0.00,0.0000,0.0000,0,0,0,140,240,0,0,0,0,0,1000.000
4760,2.6260,0.3085,0.00,0.0000,0.0000,0,0,0,140,240,0,0,0,0,0,1000.000
4770,2.6260,0.3085,0.00,0.0000,0.0000,0,0,0,140,240,0,0,0,0,0,1000.000
4780,2.6260,0.3085,0.00,0.0000,0.0000,0,0,0,140,240,0,0,0,0,0,1000.000
4790,2.6260,0.3085,0.00,0.0000,0.0000,0,0,0,140,240,0,0,0,0,0,1000.000
4800,2.6260,0.3085,0.00,0.0000,0.0000,0,0,0,140,240,0,0,0,0,0,1000.000
4810,2.6260,0.3085,0.00,0.0000,0.0000,0,0,0,140,240,0,0,0,0,0,1000.000
4820,2.6260,0.3085,0.00,0.0000,0.0000,0,0,0,140,240,0,0,0,0,0,1000.000
4830,2.6260,0.3085,0.00,0.0000,0.0000,0,0,0,140,240,0,0,0,0,0,1000.000
4840,2.6260,0.3085,0.00,0.0000,0.0000,0,0,0,140,240,0,0,0,0,0,1000.000
4850,2.6260,0.3085,0.00,0.0000,0.0000,0,0,0,140,240,0,0,0,0,0,1000.000
4860,2.6260,0.3085,0.00,0.0000,0.0000,0,0,0,140,240,0,0,0,0,0,1000.000
4870,2.6260,0.3085,0.00,0.0000,0.0000,0,0,0,140,240,0,0,0,0,0,1000.000
4880,2.6260,0.3085,0.00,0.0000,0.0000,0,0,0,140,240,0,0,0,0,0,1000.000
4890,2.6260,0.3085,0.00,0.0000,0.0000,0,0,0,140,240,0,0,0,0,0,1000.000
4900,2.6260,0.3085,0.00,0.0000,0.0000,0,0,0,140,240,0,0,0,0,0,1000.000
4910,2.6260,0.3085,0.00,0.0000,0.0000,0,0,0,140,240,0,0,0,0,0,1000.000
4920,2.6260,0.3085,0.00,0.0000,0.0000,0,0,0,140,240,0,0,0,0,0,1000.000
4930,2.6260,0.3085,0.00,0.0000,0.0000,0,0,0,140,240,0,0,0,0,0,1000.000
4940,2.6260,0.3085,0.00,0.0000,0.0000,0,0,0,140,240,0,0,0,0,0,1000.000
4950,2.6260,0.3085,0.00,0.0000,0.0000,0,0,0,140,240,0,0,0,0,0,1000.000
4960,2.6260,0.3085,0.00,0.0000,0.0000,0,0,0,140,240,0,0,0,0,0,1000.000
4970,2.6260,0.3085,0.00,0.0000,0.0000,0,0,0,140,240,0,0,0,0,0,1000.000
4980,2.6260,0.3085,0.00,0.0000,0.0000,0,0,0,140,240,0,0,0,0,0,1000.000
4990,2.6260,0.3085,0.00,0.0000,0.0000,0,0,0,140,240,0,0,0,0,0,1000.000
5000,2.6260,0.3085,0.00,0.0000,0.0000,0,1,0,140,240,0,0,0,0,0,1000.000
5010,2.6260,0.3085,0.00,0.0000,0.0000,0,1,0,140,240,0,0,0,0,0,1000.000
5020,2.6260,0.3085,0.00,0.0000,0.0000,0,1,0,140,240,0,0,0,0,0,1000.000
5030,2.6260,0.3085,0.00,0.0000,0.0000,0,1,0,140,240,0,0,0,0,0,1000.000
5040,2.6260,0.3085,0.00,0.0000,0.0000,0,1,0,140,240,0,0,0,0,0,1000.000
5050,2.6260,0.3085,0.00,0.0000,0.0000,0,1,0,140,240,0,0,0,0,0,1000.000
5060,2.6260,0.3085,0.00,0.0000,0.0000,0,1,0,140,240,0,0,0,0,0,1000.000
5070,2.6260,0.3085,0.00,0.0000,0.0000,0,1,0,140,240,0,0,0,0,0,1000.000
5080,2.6260,0.3085,0.00,0.0000,0.0000,0,1,0,140,240,0,0,0,0,0,1000.000
5090,2.6260,0.3085,0.00,0.0000,0.0000,0,1,0,140,240,0,0,0,0,0,1000.000
5100,2.6260,0.3085,0.00,0.0000,0.0000,0,1,0,140,240,0,0,0,0,0,1000.000
5110,2.6260,0.3085,0.00,0.0000,0.0000,0,1,0,140,240,0,0,0,0,0,1000.000
5120,2.6260,0.3085,0.00,0.0000,0.0000,0,1,0,140,240,0,0,0,0,0,1000.000
5130,2.6260,0.3085,0.00,0.0000,0.0000,0,1,0,140,240,0,0,0,0,0,1000.000
5140,2.6260,0.3085,0.00,0.0000,0.0000,0,1,0,140,240,0,0,0,0,0,1000.000
5150,2.6260,0.3085,0.00,0.0000,0.0000,0,1,0,140,240,0,0,0,0,0,1000.000
5160,2.6260,0.3085,0.00,0.0000,0.0000,0,1,0,140,240,0,0,0,0,0,1000.000
5170,2.6260,0.3085,0.00,0.0000,0.0000,0,1,0,140,240,0,0,0,0,0,1000.000
5180,2.6260,0.3085,0.00,0.0000,0.0000,0,1,0,140,240,0,0,0,0,0,1000.000
5190,2.6260,0.3085,0.00,0.0000,0.0000,0,1,0,140,240,0,0,0,0,0,1000.000
5200,2.6260,0.3085,0.00,0.0000,0.0000,0,1,0,140,240,0,0,0,0,0,1000.000
5210,2.6260,0.3085,0.00,0.0000,0.0000,0,1,0,140,240,0,0,0,0,0,1000.000
5220,2.6260,0.3085,0.00,0.0000,0.0000,0,1,0,140,240,0,0,0,0,0,1000.000
5230,2.6260,0.3085,0.00,0.0000,0.0000,0,1,0,140,240,0,0,0,0,0,1000.000
5240,2.6260,0.3085,0.00,0.0000,0.0000,0,1,0,140,240,0,0,0,0,0,1000.000
5250,2.6260,0.3085,0.00,0.0000,0.0000,0,1,0,140,240,0,0,0,0,0,1000.000
5260,2.6260,0.3085,0.00,0.0000,0.0000,0,1,0,140,240,0,0,0,0,0,1000.000
5270,2.6260,0.3085,0.00,0.0000,0.0000,0,1,0,140,240,0,0,0,0,0,1000.000
5280,2.6260,0.3085,0.00,0.0000,0.0000,0,1,0,140,240,0,0,0,0,0,1000.000
5290,2.6260,0.3085,0.00,0.0000,0.0000,0,1,0,140,240,0,0,0,0,0,1000.000
5300,2.6260,0.3085,0.00,0.0000,0.0000,0,1,0,140,240,0,0,0,0,0,1000.000
5310,2.6260,0.3085,0.00,0.0000,0.0000,0,1,0,140,240,0,0,0,0,0,1000.000
5320,2.6260,0.3085,0.00,0.0000,0.0000,0,1,0,140,240,0,0,0,0,0,1000.000
5330,2.6260,0.3085,0.00,0.0000,0.0000,0,1,0,140,240,0,0,0,0,0,1000.000
5340,2.6260,0.3085,0.00,0.0000,0.0000,0,1,0,140,240,0,0,0,0,0,1000.000
5350,2.6260,0.3085,0.00,0.0000,0.0000,0,2,0,140,240,0,75,0,0,0,1000.000
5360,2.6260,0.3086,0.00,0.0000,0.0000,0,2,0,140,240,0,75,0,0,0,1000.000
5370,2.6260,0.3089,0.00,0.0000,0.0000,0,2,0,140,240,0,75,0,0,0,1000.000
5380,2.6260,0.3094,0.00,0.0000,0.0000,0,2,0,140,240,0,75,0,0,0,1000.000
5390,2.6260,0.3101,0.00,0.0000,0.0000,0,2,0,140,240,0,75,0,0,0,1000.000
5400,2.6260,0.3109,0.00,0.0000,0.0000,0,2,0,140,240,0,75,0,0,0,1000.000
5410,2.6260,0.3120,0.00,0.0000,0.0000,0,2,0,140,240,0,75,0,0,0,1000.000
5420,2.6260,0.3133,0.00,0.0000,0.0000,0,2,0,140,240,0,75,0,0,0,1000.000
5430,2.6260,0.3148,0.00,0.0000,0.0000,0,2,0,140,240,0,75,0,0,0,1000.000
5440,2.6260,0.3165,0.00,0.0000,0.0000,0,2,0,140,240,0,75,0,0,0,1000.000
5450,2.6260,0.3183,0.00,0.0000,0.0000,0,2,0,140,240,0,75,0,0,0,1000.000
5460,2.6260,0.3204,0.00,0.0000,0.0000,0,2,0,140,240,0,75,0,0,0,1000.000
5470,2.6260,0.3227,0.00,0.0000,0.0000,0,2,0,140,240,0,75,0,0,0,1000.000
5480,2.6260,0.3252,0.00,0.0000,0.0000,0,2,0,140,240,0,75,0,0,0,1000.000
5490,2.6260,0.3279,0.00,0.0000,0.0000,0,2,0,140,240,0,75,0,0,0,1000.000
5500,2.6260,0.3307,0.00,0.0000,0.0000,0,2,0,140,240,0,75,0,0,0,1000.000
5510,2.6260,0.3338,0.00,0.0000,0.0000,0,2,0,140,240,0,75,0,0,0,1000.000
5520,2.6260,0.3371,0.00,0.0000,0.0000,0,2,0,140,240,0,75,0,0,0,1000.000
5530,2.6260,0.3406,0.00,0.0000,0.0000,0,2,0,140,240,0,75,0,0,0,1000.000
5540,2.6260,0.3442,0.00,0.0000,0.0000,0,2,0,140,240,0,75,0,0,0,1000.000
5550,2.6260,0.3481,0.00,0.0000,0.0000,0,2,0,140,240,0,75,0,0,0,1000.000
5560,2.6260,0.3522,0.00,0.0000,0.0000,0,2,0,140,240,0,75,0,0,0,1000.000
5570,2.6260,0.3564,0.00,0.0000,0.0000,0,2,0,140,240,0,75,0,0,0,1000.000
5580,2.6260,0.3609,0.00,0.0000,0.0000,0,2,0,140,240,0,75,0,0,0,1000.000
5590,2.6260,0.3656,0.00,0.0000,0.0000,0,2,0,140,240,0,75,0,0,0,1000.000
5600,2.6260,0.3704,0.00,2.6260,0.3765,0,3,0,139,240,0,150,0,0,0,1.370
5610,2.6260,0.3755,0.00,2.6260,0.3816,0,3,0,139,240,0,150,0,0,0,1.365
5620,2.6260,0.3808,0.00,2.6260,0.3868,0,3,0,139,240,0,150,0,0,0,1.360
5630,2.6260,0.3862,0.00,2.6260,0.3923,0,3,0,139,240,0,150,0,0,0,1.354
5640,2.6260,0.3919,0.00,2.6260,0.3980,0,3,0,139,240,0,150,0,0,0,1.349
5650,2.6260,0.3978,0.00,2.6260,0.4038,0,3,0,136,240,0,150,0,0,0,1.343
5660,2.6260,0.4038,0.00,2.6260,0.4099,0,3,0,136,240,0,150,0,0,0,1.337
5670,2.6260,0.4101,0.00,2.6260,0.4162,0,3,0,136,240,0,150,0,0,0,1.330
5680,2.6260,0.4165,0.00,2.6260,0.4226,0,3,0,136,240,0,150,0,0,0,1.324
5690,2.6260,0.4232,0.00,2.6260,0.4293,0,3,0,136,240,0,150,0,0,0,1.317
5700,2.6260,0.4301,0.00,2.6260,0.4361,0,5,0,133,240,0,150,0,0,0,1.310
5710,2.6260,0.4371,0.00,2.6260,0.4432,0,5,0,133,240,0,150,0,0,0,1.303
5720,2.6260,0.4444,0.00,2.6260,0.4505,0,5,0,133,240,0,150,0,0,0,1.296
5730,2.6260,0.4519,0.00,2.6260,0.4579,0,5,0,133,240,0,150,0,0,0,1.289
5740,2.6260,0.4595,0.00,2.6260,0.4656,0,5,0,133,240,0,150,0,0,0,1.281
5750,2.6260,0.4674,0.00,2.6260,0.4735,0,5,0,129,240,0,150,0,0,0,1.273
5760,2.6260,0.4755,0.00,2.6260,0.4815,0,5,0,129,240,0,150,0,0,0,1.265
5770,2.6260,0.4837,0.00,2.6260,0.4898,0,5,0,129,240,0,150,0,0,0,1.257
5780,2.6260,0.4922,0.00,2.6260,0.4983,0,5,0,129,240,0,150,0,0,0,1.248
5790,2.6260,0.5009,0.00,2.6260,0.5069,0,5,0,129,240,0,150,0,0,0,1.240
5800,2.6260,0.5097,0.00,2.6260,0.5158,0,5,0,125,240,0,150,0,0,0,1.231
5810,2.6260,0.5188,0.00,2.6260,0.5249,0,5,0,125,240,0,150,0,0,0,1.222
5820,2.6260,0.5280,0.00,2.6260,0.5341,0,5,0,125,240,0,150,0,0,0,1.212
5830,2.6260,0.5375,0.00,2.6260,0.5436,0,5,0,125,240,0,150,0,0,0,1.203
5840,2.6260,0.5472,0.00,2.6260,0.5532,0,5,0,125,240,0,150,0,0,0,1.193
5850,2.6260,0.5570,0.00,2.6260,0.5631,0,5,0,121,240,0,150,0,0,0,1.183
5860,2.6260,0.5671,0.00,2.6260,0.5732,0,5,0,121,240,0,150,0,0,0,1.173
5870,2.6260,0.5774,0.00,2.6260,0.5834,0,5,0,121,240,0,150,0,0,0,1.163
5880,2.6260,0.5878,0.00,2.6260,0.5939,0,5,0,121,240,0,150,0,0,0,1.153
5890,2.6260,0.5985,0.00,2.6260,0.6046,0,5,0,121,240,0,150,0,0,0,1.142
5900,2.6260,0.6094,0.00,2.6260,0.6154,0,5,0,115,240,0,150,0,0,0,1.131
5910,2.6260,0.6204,0.00,2.6260,0.6265,0,5,0,115,240,0,150,0,0,0,1.120
5920,2.6260,0.6317,0.00,2.6260,0.6378,0,5,0,115,240,0,150,0,0,0,1.109
5930,2.6260,0.6432,0.00,2.6260,0.6492,0,5,0,115,240,0,150,0,0,0,1.097
5940,2.6260,0.6548,0.00,2.6260,0.6609,0,5,0,115,240,0,150,0,0,0,1.086
5950,2.6260,0.6667,0.00,2.6260,0.6727,0,5,0,110,240,0,150,0,0,0,1.074
5960,2.6260,0.6786,0.00,2.6260,0.6847,0,5,0,110,240,0,150,0,0,0,1.062
5970,2.6260,0.6906,0.00,2.6260,0.6966,0,5,0,110,240,0,150,0,0,0,1.050
5980,2.6260,0.7025,0.00,2.6260,0.7086,0,5,0,110,240,0,150,0,0,0,1.038
5990,2.6260,0.7144,0.00,2.6260,0.7205,0,5,0,110,240,0,150,0,0,0,1.026
6000,2.6260,0.7264,0.00,2.6260,0.7324,0,5,0,104,240,0,150,0,0,0,1.014
6010,2.6260,0.7383,0.00,2.6260,0.7444,0,5,0,104,240,0,150,0,0,0,1.002
6020,2.6260,0.7502,0.00,2.6260,0.7563,0,5,0,104,240,0,150,0,0,0,0.990
6030,2.6260,0.7622,0.00,2.6260,0.7683,0,5,0,104,240,0,150,0,0,0,0.978
6040,2.6260,0.7741,0.00,2.6260,0.7802,0,5,0,104,240,0,150,0,0,0,0.966
6050,2.6260,0.7861,0.00,2.6260,0.7921,0,5,0,98,240,0,150,0,0,0,0.954
6060,2.6260,0.7980,0.00,2.6260,0.8041,0,5,0,98,240,0,150,0,0,0,0.942
6070,2.6260,0.8099,0.00,2.6260,0.8160,0,5,0,98,240,0,150,0,0,0,0.930
6080,2.6260,0.8219,0.00,2.6260,0.8279,0,5,0,98,240,0,150,0,0,0,0.919
6090,2.6260,0.8338,0.00,2.6260,0.8399,0,5,0,98,240,0,150,0,0,0,0.907
6100,2.6260,0.8457,0.00,2.6260,0.8518,0,5,0,92,240,0,150,0,0,0,0.895
6110,2.6260,0.8577,0.00,2.6260,0.8638,0,5,0,92,240,0,150,0,0,0,0.883
6120,2.6260,0.8696,0.00,2.6260,0.8757,0,5,0,92,240,0,150,0,0,0,0.871
6130,2.6260,0.8816,0.00,2.6260,0.8876,0,5,0,92,240,0,150,0,0,0,0.859
6140,2.6260,0.8935,0.00,2.6260,0.8996,0,5,0,92,240,0,150,0,0,0,0.847
6150,2.6260,0.9054,0.00,2.6260,0.9115,0,5,0,86,240,0,150,0,0,0,0.835
6160,2.6260,0.9174,0.00,2.6260,0.9234,0,5,0,86,240,0,150,0,0,0,0.823
6170,2.6260,0.9293,0.00,2.6260,0.9354,0,5,0,86,240,0,150,0,0,0,0.811
6180,2.6260,0.9413,0.00,2.6260,0.9473,0,5,0,86,240,0,150,0,0,0,0.799
6190,2.6260,0.9532,0.00,2.6260,0.9593,0,5,0,86,240,0,150,0,0,0,0.787
6200,2.6260,0.9651,0.00,2.6260,0.9712,0,5,0,80,240,0,150,0,0,0,0.775
6210,2.6260,0.9771,0.00,2.6260,0.9831,0,5,0,80,240,0,150,0,0,0,0.763
6220,2.6260,0.9890,0.00,2.6260,0.9951,0,5,0,80,240,0,150,0,0,0,0.751
6230,2.6260,1.0009,0.00,2.6260,1.0070,0,5,0,80,240,0,150,0,0,0,0.739
6240,2.6260,1.0129,0.00,2.6260,1.0190,0,5,0,80,240,0,150,0,0,0,0.728
6250,2.6260,1.0248,0.00,2.6260,1.0309,0,5,0,74,240,0,150,0,0,0,0.716
6260,2.6260,1.0368,0.00,2.6260,1.0428,0,5,0,74,240,0,150,0,0,0,0.704
6270,2.6260,1.0487,0.00,2.6260,1.0548,0,5,0,74,240,0,150,0,0,0,0.692
6280,2.6260,1.0606,0.00,2.6260,1.0667,0,5,0,74,240,0,150,0,0,0,0.680
6290,2.6260,1.0726,0.00,2.6260,1.0786,0,5,0,74,240,0,150,0,0,0,0.668
6300,2.6260,1.0845,0.00,2.6260,1.0906,0,5,0,68,45,0,150,0,0,0,0.656
6310,2.6260,1.0964,0.00,2.6260,1.1025,0,5,0,68,45,0,150,0,0,0,0.644
6320,2.6260,1.1084,0.00,2.6260,1.1145,0,5,0,68,45,0,150,0,0,0,0.632
6330,2.6260,1.1203,0.00,2.6260,1.1264,0,5,0,68,45,0,150,0,0,0,0.620
6340,2.6260,1.1323,0.00,2.6260,1.1383,0,5,0,68,45,0,150,0,0,0,0.608
6350,2.6260,1.1442,0.00,2.6260,1.1503,0,5,0,62,45,0,75,0,0,0,0.596
6360,2.6260,1.1560,0.00,2.6260,1.1621,0,5,0,62,45,0,75,0,0,0,0.584
6370,2.6260,1.1677,0.00,2.6260,1.1737,0,5,0,62,45,0,75,0,0,0,0.573
6380,2.6260,1.1791,0.00,2.6260,1.1852,0,5,0,62,45,0,75,0,0,0,0.561
6390,2.6260,1.1903,0.00,2.6260,1.1964,0,5,0,62,45,0,75,0,0,0,0.550
6400,2.6260,1.2013,0.00,2.6260,1.2074,0,5,0,56,45,0,75,0,0,0,0.539
6410,2.6260,1.2122,0.00,2.6260,1.2182,0,5,0,56,45,0,75,0,0,0,0.528
6420,2.6260,1.2228,0.00,2.6260,1.2289,0,5,0,56,45,0,75,0,0,0,0.518
6430,2.6260,1.2332,0.00,2.6260,1.2393,0,5,0,56,45,0,75,0,0,0,0.507
6440,2.6260,1.2435,0.00,2.6260,1.2495,0,5,0,56,45,0,75,0,0,0,0.497
6450,2.6260,1.2535,0.00,2.6260,1.2596,0,5,0,51,235,0,75,0,0,0,0.487
6460,2.6260,1.2633,0.00,2.6260,1.2694,0,5,0,51,235,0,75,0,0,0,0.477
6470,2.6260,1.2729,0.00,2.6260,1.2790,0,5,0,51,235,0,75,0,0,0,0.467
6480,2.6260,1.2824,0.00,2.6260,1.2884,0,5,0,51,235,0,75,0,0,0,0.458
6490,2.6260,1.2916,0.00,2.6260,1.2977,0,5,0,51,235,0,75,0,0,0,0.449
6500,2.6260,1.3006,0.00,2.6260,1.3067,0,5,0,46,235,0,75,0,0,0,0.440
6510,2.6260,1.3094,0.00,2.6260,1.3155,0,5,0,46,235,0,75,0,0,0,0.431
6520,2.6260,1.3181,0.00,2.6260,1.3241,0,5,0,46,235,0,75,0,0,0,0.422
6530,2.6260,1.3265,0.00,2.6260,1.3326,0,5,0,46,235,0,75,0,0,0,0.414
6540,2.6260,1.3347,0.00,2.6260,1.3408,0,5,0,46,235,0,75,0,0,0,0.406
6550,2.6260,1.3428,0.00,2.6260,1.3488,0,5,0,42,235,0,75,0,0,0,0.398
6560,2.6260,1.3506,0.00,2.6260,1.3567,0,5,0,42,235,0,75,0,0,0,0.390
6570,2.6260,1.3582,0.00,2.6260,1.3643,0,5,0,42,235,0,75,0,0,0,0.382
6580,2.6260,1.3656,0.00,2.6260,1.3717,0,5,0,42,235,0,75,0,0,0,0.375
6590,2.6260,1.3729,0.00,2.6260,1.3789,0,5,0,42,235,0,75,0,0,0,0.368
6600,2.6260,1.3799,0.00,2.6260,1.3860,0,5,0,38,235,0,75,0,0,0,0.361
6610,2.6260,1.3867,0.00,2.6260,1.3928,0,5,0,38,235,0,75,0,0,0,0.354
6620,2.6260,1.3934,0.00,2.6260,1.3994,0,5,0,38,235,0,75,0,0,0,0.347
6630,2.6260,1.3998,0.00,2.6260,1.4059,0,5,0,38,235,0,75,0,0,0,0.341
6640,2.6260,1.4060,0.00,2.6260,1.4121,0,5,0,38,235,0,75,0,0,0,0.334
6650,2.6260,1.4120,0.00,2.6260,1.4181,0,5,0,35,235,0,75,0,0,0,0.328
6660,2.6260,1.4180,0.00,2.6260,1.4241,0,5,0,35,235,0,75,0,0,0,0.322
6670,2.6260,1.4240,0.00,2.6260,1.4301,0,5,0,35,235,0,75,0,0,0,0.316
6680,2.6260,1.4300,0.00,2.6260,1.4360,0,5,0,35,235,0,75,0,0,0,0.310
6690,2.6260,1.4359,0.00,2.6260,1.4420,0,5,0,35,235,0,75,0,0,0,0.305
6700,2.6260,1.4419,0.00,2.6260,1.4480,0,5,0,32,235,0,75,0,0,0,0.299
6710,2.6260,1.4479,0.00,2.6260,1.4539,0,5,0,32,235,0,75,0,0,0,0.293
6720,2.6260,1.4538,0.00,2.6260,1.4599,0,5,0,32,235,0,75,0,0,0,0.287
6730,2.6260,1.4598,0.00,2.6260,1.4659,0,5,0,32,235,0,75,0,0,0,0.281
6740,2.6260,1.4658,0.00,2.6260,1.4718,0,5,0,32,235,0,75,0,0,0,0.275
6750,2.6260,1.4717,0.00,2.6260,1.4778,0,5,0,29,235,0,75,0,0,0,0.269
6760,2.6260,1.4777,0.00,2.6260,1.4838,0,5,0,29,235,0,75,0,0,0,0.263
6770,2.6260,1.4837,0.00,2.6260,1.4897,0,5,0,29,235,0,75,0,0,0,0.257
6780,2.6260,1.4896,0.00,2.6260,1.4957,0,5,0,29,235,0,75,0,0,0,0.251
6790,2.6260,1.4956,0.00,2.6260,1.5017,0,5,0,29,235,0,75,0,0,0,0.245
6800,2.6260,1.5016,0.00,2.6260,1.5077,0,5,0,26,235,0,75,0,0,0,0.239
6810,2.6260,1.5075,0.00,2.6260,1.5136,0,5,0,26,235,0,75,0,0,0,0.233
6820,2.6260,1.5135,0.00,2.6260,1.5196,0,5,0,26,235,0,75,0,0,0,0.227
6830,2.6260,1.5195,0.00,2.6260,1.5256,0,5,0,26,235,0,75,0,0,0,0.221
6840,2.6260,1.5255,0.00,2.6260,1.5315,0,5,0,26,235,0,75,0,0,0,0.215
6850,2.6260,1.5314,0.00,2.6260,1.5375,0,5,0,23,235,0,0,0,1,0,0.209
6860,2.6260,1.5373,0.00,2.6260,1.5434,0,5,0,23,235,0,0,0,1,0,0.203
6870,2.6260,1.5429,0.00,2.6260,1.5490,0,5,0,23,235,0,0,0,1,0,0.197
6880,2.6260,1.5484,0.00,2.6260,1.5545,0,5,0,23,235,0,65,0,1,0,0.192
6890,2.6260,1.5537,0.00,2.6260,1.5597,0,5,0,23,235,0,65,0,1,0,0.187
6900,2.6260,1.5587,0.00,2.6260,1.5648,0,5,0,20,235,0,0,0,1,0,0.182
6910,2.6260,1.5636,0.00,2.6260,1.5697,0,5,0,20,235,0,0,0,1,0,0.177
6920,2.6260,1.5682,0.00,2.6260,1.5743,0,5,0,20,235,0,53,0,1,0,0.172
6930,2.6260,1.5727,0.00,2.6260,1.5788,0,5,0,20,235,0,53,0,1,0,0.168
6940,2.6260,1.5770,0.00,2.6260,1.5830,0,5,0,20,235,0,53,0,1,0,0.163
6950,2.6260,1.5810,0.00,2.6260,1.5871,0,5,0,18,235,0,0,0,1,0,0.159
6960,2.6260,1.5849,0.00,2.6260,1.5909,0,5,0,18,235,0,44,1,1,0,0.156
6970,2.6260,1.5885,0.00,2.6260,1.5946,0,5,0,18,235,0,44,1,1,0,0.152
6980,2.6260,1.5920,0.00,2.6260,1.5981,0,5,0,18,235,0,44,1,1,0,0.148
6990,2.6260,1.5953,0.00,2.6260,1.6013,1,5,0,18,235,0,44,1,1,0,0.145
7000,2.6260,1.5983,0.00,2.6260,1.6044,1,5,0,16,235,0,0,0,0,0,1000.000
7010,2.6260,1.6012,0.00,2.6260,1.6072,1,5,0,16,235,0,0,0,0,0,1000.000
7020,2.6260,1.6038,0.00,2.6260,1.6099,1,5,0,16,235,0,0,0,0,0,1000.000
7030,2.6260,1.6063,0.00,2.6260,1.6124,1,5,0,16,235,0,0,0,0,0,1000.000
7040,2.6260,1.6085,0.00,2.6260,1.6146,1,5,0,16,235,0,0,0,0,0,1000.000
7050,2.6260,1.6106,0.00,2.6260,1.6167,1,5,0,15,235,0,0,0,0,0,1000.000
7060,2.6260,1.6125,0.00,2.6260,1.6185,1,5,0,15,235,0,0,0,0,0,1000.000
7070,2.6260,1.6141,0.00,2.6260,1.6202,1,5,0,15,235,0,0,0,0,0,1000.000
7080,2.6260,1.6156,0.00,2.6260,1.6217,1,5,0,15,235,0,0,0,0,0,1000.000
7090,2.6260,1.6168,0.00,2.6260,1.6229,1,5,0,15,235,0,0,0,0,0,1000.000
7100,2.6260,1.6179,0.00,2.6260,1.6240,1,5,0,14,235,0,0,0,0,0,1000.000
7110,2.6260,1.6188,0.00,2.6260,1.6248,1,5,0,14,235,0,0,0,0,0,1000.000
7120,2.6260,1.6194,0.00,2.6260,1.6255,1,5,0,14,235,0,0,0,0,0,1000.000
7130,2.6260,1.6199,0.00,2.6260,1.6259,1,5,0,14,235,0,0,0,0,0,1000.000
7140,2.6260,1.6201,0.00,2.6260,1.6262,1,5,0,14,235,0,0,0,0,0,1000.000
7150,2.6260,1.6203,0.00,2.6260,1.6263,1,5,0,14,235,0,0,0,0,0,1000.000
7160,2.6260,1.6204,0.00,2.6260,1.6265,1,5,0,14,235,0,0,0,0,0,1000.000
7170,2.6260,1.6205,0.00,2.6260,1.6266,1,5,0,14,235,0,0,0,0,0,1000.000
7180,2.6260,1.6205,0.00,2.6260,1.6266,1,5,0,14,235,0,0,0,0,0,1000.000
7190,2.6260,1.6206,0.00,2.6260,1.6267,1,5,0,14,235,0,0,0,0,0,1000.000
7200,2.6260,1.6206,0.00,2.6260,1.6267,1,5,0,14,235,0,0,0,0,0,1000.000
7210,2.6260,1.6206,0.00,2.6260,1.6267,1,5,0,14,235,0,0,0,0,0,1000.000
7220,2.6260,1.6206,0.00,2.6260,1.6267,1,5,0,14,235,0,0,0,0,0,1000.000
7230,2.6260,1.6206,0.00,2.6260,1.6267,1,5,0,14,235,0,0,0,0,0,1000.000
7240,2.6260,1.6206,0.00,2.6260,1.6267,1,5,0,14,235,0,0,0,0,0,1000.000
7250,2.6260,1.6206,0.00,2.6260,1.6267,1,5,0,14,235,0,0,0,0,0,1000.000
7260,2.6260,1.6206,0.00,2.6260,1.6267,1,5,0,14,235,0,0,0,0,0,1000.000
7270,2.6260,1.6206,0.00,2.6260,1.6267,1,5,0,14,235,0,0,0,0,0,1000.000
7280,2.6260,1.6206,0.00,2.6260,1.6267,1,5,0,14,235,0,0,0,0,0,1000.000
7290,2.6260,1.6206,0.00,2.6260,1.6267,1,5,0,14,235,0,0,0,0,0,1000.000
7300,2.6260,1.6206,0.00,2.6260,1.6267,1,5,0,14,235,0,0,0,0,0,1000.000
7310,2.6260,1.6206,0.00,2.6260,1.6267,1,5,0,14,235,0,0,0,0,0,1000.000
7320,2.6260,1.6206,0.00,2.6260,1.6267,1,5,0,14,235,0,0,0,0,0,1000.000
7330,2.6260,1.6206,0.00,2.6260,1.6267,1,5,0,14,235,0,0,0,0,0,1000.000
7340,2.6260,1.6206,0.00,2.6260,1.6267,1,5,0,14,235,0,0,0,0,0,1000.000
7350,2.6260,1.6206,0.00,2.6260,1.6267,1,5,0,14,235,0,0,0,0,0,1000.000
7360,2.6260,1.6206,0.00,2.6260,1.6267,1,5,0,14,235,0,0,0,0,0,1000.000
7370,2.6260,1.6206,0.00,2.6260,1.6267,1,5,0,14,235,0,0,0,0,0,1000.000
7380,2.6260,1.6206,0.00,2.6260,1.6267,1,5,0,14,235,0,0,0,0,0,1000.000
7390,2.6260,1.6206,0.00,2.6260,1.6267,1,5,0,14,235,0,0,0,0,0,1000.000
7400,2.6260,1.6206,0.00,2.6260,1.6267,1,5,0,14,235,-150,0,0,0,0,2.356
7410,2.6259,1.6206,0.00,2.6259,1.6267,1,5,0,14,235,-150,0,0,0,0,2.356
7420,2.6256,1.6206,0.00,2.6256,1.6267,1,5,0,14,235,-150,0,0,0,0,2.356
7430,2.6251,1.6206,0.00,2.6251,1.6267,1,5,0,14,235,-150,0,0,0,0,2.355
7440,2.6244,1.6206,0.00,2.6244,1.6267,1,5,0,14,235,-150,0,0,0,0,2.354
7450,2.6236,1.6206,0.00,2.6235,1.6267,1,5,0,14,235,-150,0,0,0,0,2.354
7460,2.6225,1.6206,0.00,2.6225,1.6267,1,5,0,14,235,-150,0,0,0,0,2.352
7470,2.6212,1.6206,0.00,2.6212,1.6267,1,5,0,14,235,-150,0,0,0,0,2.351
7480,2.6197,1.6206,0.00,2.6197,1.6267,1,5,0,14,235,-150,0,0,0,0,2.350
7490,2.6180,1.6206,0.00,2.6180,1.6267,1,5,0,14,235,-150,0,0,0,0,2.348
7500,2.6161,1.6206,0.00,2.6161,1.6267,1,5,0,14,234,-150,0,0,0,0,2.346
7510,2.6140,1.6206,0.00,2.6140,1.6267,1,5,0,14,234,-150,0,0,0,0,2.344
7520,2.6117,1.6206,0.00,2.6117,1.6267,1,5,0,14,234,-150,0,0,0,0,2.342
7530,2.6092,1.6206,0.00,2.6092,1.6267,1,5,0,14,234,-150,0,0,0,0,2.339
7540,2.6065,1.6206,0.00,2.6065,1.6267,1,5,0,14,234,-150,0,0,0,0,2.337
7550,2.6037,1.6206,0.00,2.6036,1.6267,1,5,0,14,233,-150,0,0,0,0,2.334
7560,2.6006,1.6206,0.00,2.6006,1.6267,1,5,0,14,233,-150,0,0,0,0,2.331
7570,2.5973,1.6206,0.00,2.5973,1.6267,1,5,0,14,233,-150,0,0,0,0,2.327
7580,2.5938,1.6206,0.00,2.5938,1.6267,1,5,0,14,233,-150,0,0,0,0,2.324
7590,2.5901,1.6206,0.00,2.5901,1.6267,1,5,0,14,233,-150,0,0,0,0,2.320
7600,2.5862,1.6206,0.00,2.5862,1.6267,1,5,0,14,231,-150,0,0,0,0,2.316
7610,2.5821,1.6206,0.00,2.5821,1.6267,1,5,0,14,231,-150,0,0,0,0,2.312
7620,2.5778,1.6206,0.00,2.5778,1.6267,1,5,0,14,231,-150,0,0,0,0,2.308
7630,2.5733,1.6206,0.00,2.5733,1.6267,1,5,0,14,231,-150,0,0,0,0,2.303
7640,2.5686,1.6206,0.00,2.5686,1.6267,1,5,0,14,231,-150,0,0,0,0,2.299
7650,2.5638,1.6206,0.00,2.5638,1.6267,1,5,0,14,229,-150,0,0,0,0,2.294
7660,2.5587,1.6206,0.00,2.5587,1.6267,1,5,0,14,229,-150,0,0,0,0,2.289
7670,2.5534,1.6206,0.00,2.5534,1.6267,1,5,0,14,229,-150,0,0,0,0,2.283
7680,2.5479,1.6206,0.00,2.5479,1.6267,1,5,0,14,229,-150,0,0,0,0,2.278
7690,2.5422,1.6206,0.00,2.5422,1.6267,1,5,0,14,229,-150,0,0,0,0,2.272
7700,2.5363,1.6206,0.00,2.5363,1.6267,1,5,0,14,226,-150,0,0,0,0,2.266
7710,2.5302,1.6206,0.00,2.5302,1.6267,1,5,0,14,226,-150,0,0,0,0,2.260
7720,2.5239,1.6206,0.00,2.5239,1.6267,1,5,0,14,226,-150,0,0,0,0,2.254
7730,2.5174,1.6206,0.00,2.5174,1.6267,1,5,0,14,226,-150,0,0,0,0,2.247
7740,2.5107,1.6206,0.00,2.5107,1.6267,1,5,0,14,226,-150,0,0,0,0,2.241
7750,2.5039,1.6206,0.00,2.5038,1.6267,1,5,0,14,223,-150,0,0,0,0,2.234
7760,2.4968,1.6206,0.00,2.4968,1.6267,1,5,0,14,223,-150,0,0,0,0,2.227
7770,2.4895,1.6206,0.00,2.4895,1.6267,1,5,0,14,223,-150,0,0,0,0,2.219
7780,2.4820,1.6206,0.00,2.4820,1.6267,1,5,0,14,223,-150,0,0,0,0,2.212
7790,2.4743,1.6206,0.00,2.4743,1.6267,1,5,0,14,223,-150,0,0,0,0,2.204
7800,2.4664,1.6206,0.00,2.4664,1.6267,1,5,0,14,219,-150,0,0,0,0,2.196
7810,2.4583,1.6206,0.00,2.4583,1.6267,1,5,0,14,219,-150,0,0,0,0,2.188
7820,2.4500,1.6206,0.00,2.4500,1.6267,1,5,0,14,219,-150,0,0,0,0,2.180
7830,2.4415,1.6206,0.00,2.4415,1.6267,1,5,0,14,219,-150,0,0,0,0,2.172
7840,2.4328,1.6206,0.00,2.4328,1.6267,1,5,0,14,219,-150,0,0,0,0,2.163
7850,2.4240,1.6206,0.00,2.4239,1.6267,1,5,0,14,215,-150,0,0,0,0,2.154
7860,2.4149,1.6206,0.00,2.4149,1.6267,1,5,0,14,215,-150,0,0,0,0,2.145
7870,2.4056,1.6206,0.00,2.4056,1.6267,1,5,0,14,215,-150,0,0,0,0,2.136
7880,2.3961,1.6206,0.00,2.3961,1.6267,1,5,0,14,215,-150,0,0,0,0,2.126
7890,2.3864,1.6206,0.00,2.3864,1.6267,1,5,0,14,215,-150,0,0,0,0,2.116
7900,2.3765,1.6206,0.00,2.3765,1.6267,1,5,0,14,210,-150,0,0,0,0,2.106
7910,2.3664,1.6206,0.00,2.3664,1.6267,1,5,0,14,210,-150,0,0,0,0,2.096
7920,2.3561,1.6206,0.00,2.3561,1.6267,1,5,0,14,210,-150,0,0,0,0,2.086
7930,2.3456,1.6206,0.00,2.3456,1.6267,1,5,0,14,210,-150,0,0,0,0,2.076
7940,2.3349,1.6206,0.00,2.3349,1.6267,1,5,0,14,210,-150,0,0,0,0,2.065
7950,2.3240,1.6206,0.00,2.3240,1.6267,1,5,0,14,205,-150,0,0,0,0,2.054
7960,2.3130,1.6206,0.00,2.3130,1.6267,1,5,0,14,205,-150,0,0,0,0,2.043
7970,2.3017,1.6206,0.00,2.3017,1.6267,1,5,0,14,205,-150,0,0,0,0,2.032
7980,2.2902,1.6206,0.00,2.2902,1.6267,1,5,0,14,205,-150,0,0,0,0,2.020
7990,2.2785,1.6206,0.00,2.2785,1.6267,1,5,0,14,205,-150,0,0,0,0,2.008
8000,2.2666,1.6206,0.00,2.2666,1.6267,1,5,0,14,199,-150,0,0,0,0,1.997
8010,2.2547,1.6206,0.00,2.2547,1.6267,1,5,0,14,199,-150,0,0,0,0,1.985
8020,2.2427,1.6206,0.00,2.2427,1.6267,1,5,0,14,199,-150,0,0,0,0,1.973
8030,2.2308,1.6206,0.00,2.2308,1.6267,1,5,0,14,199,-150,0,0,0,0,1.961
8040,2.2189,1.6206,0.00,2.2189,1.6267,1,5,0,14,199,-150,0,0,0,0,1.949
8050,2.2069,1.6206,0.00,2.2069,1.6267,1,5,0,14,193,-150,0,0,0,0,1.937
8060,2.1950,1.6206,0.00,2.1950,1.6267,1,5,0,14,193,-150,0,0,0,0,1.925
8070,2.1830,1.6206,0.00,2.1830,1.6267,1,5,0,14,193,-150,0,0,0,0,1.913
8080,2.1711,1.6206,0.00,2.1711,1.6267,1,5,0,14,193,-150,0,0,0,0,1.901
8090,2.1592,1.6206,0.00,2.1592,1.6267,1,5,0,14,193,-150,0,0,0,0,1.889
8100,2.1472,1.6206,0.00,2.1472,1.6267,1,5,0,14,187,-150,0,0,0,0,1.877
8110,2.1353,1.6206,0.00,2.1353,1.6267,1,5,0,14,187,-150,0,0,0,0,1.865
8120,2.1233,1.6206,0.00,2.1233,1.6267,1,5,0,14,187,-150,0,0,0,0,1.853
8130,2.1114,1.6206,0.00,2.1114,1.6267,1,5,0,14,187,-150,0,0,0,0,1.841
8140,2.0995,1.6206,0.00,2.0995,1.6267,1,5,0,14,187,-150,0,0,0,0,1.829
8150,2.0875,1.6206,0.00,2.0875,1.6267,1,5,0,14,181,-150,0,0,0,0,1.818
8160,2.0756,1.6206,0.00,2.0756,1.6267,1,5,0,14,181,-150,0,0,0,0,1.806
8170,2.0637,1.6206,0.00,2.0637,1.6267,1,5,0,14,181,-150,0,0,0,0,1.794
8180,2.0517,1.6206,0.00,2.0517,1.6267,1,5,0,14,181,-150,0,0,0,0,1.782
8190,2.0398,1.6206,0.00,2.0398,1.6267,1,5,0,14,181,-150,0,0,0,0,1.770
8200,2.0278,1.6206,0.00,2.0278,1.6267,1,5,0,14,176,-150,0,0,0,0,1.758
8210,2.0159,1.6206,0.00,2.0159,1.6267,1,5,0,14,176,-150,0,0,0,0,1.746
8220,2.0040,1.6206,0.00,2.0040,1.6267,1,5,0,14,176,-150,0,0,0,0,1.734
8230,1.9920,1.6206,0.00,1.9920,1.6267,1,5,0,14,176,-150,0,0,0,0,1.722
8240,1.9801,1.6206,0.00,1.9801,1.6267,1,5,0,14,176,-150,0,0,0,0,1.710
8250,1.9682,1.6206,0.00,1.9682,1.6267,1,5,0,14,170,-150,0,0,0,0,1.698
8260,1.9562,1.6206,0.00,1.9562,1.6267,1,5,0,14,170,-150,0,0,0,0,1.686
8270,1.9443,1.6206,0.00,1.9443,1.6267,1,5,0,14,170,-150,0,0,0,0,1.674
8280,1.9323,1.6206,0.00,1.9323,1.6267,1,5,0,14,170,-150,0,0,0,0,1.662
8290,1.9204,1.6206,0.00,1.9204,1.6267,1,5,0,14,170,-150,0,0,0,0,1.650
8300,1.9085,1.6206,0.00,1.9085,1.6267,1,5,0,14,164,-150,0,0,0,0,1.638
8310,1.8965,1.6206,0.00,1.8965,1.6267,1,5,0,14,164,-150,0,0,0,0,1.627
8320,1.8846,1.6206,0.00,1.8846,1.6267,1,5,0,14,164,-150,0,0,0,0,1.615
8330,1.8727,1.6206,0.00,1.8727,1.6267,1,5,0,14,164,-150,0,0,0,0,1.603
8340,1.8607,1.6206,0.00,1.8607,1.6267,1,5,0,14,164,-150,0,0,0,0,1.591
8350,1.8488,1.6206,0.00,1.8488,1.6267,1,5,0,14,158,-150,0,0,0,0,1.579
8360,1.8368,1.6206,0.00,1.8368,1.6267,1,5,0,14,158,-150,0,0,0,0,1.567
8370,1.8249,1.6206,0.00,1.8249,1.6267,1,5,0,14,158,-150,0,0,0,0,1.555
8380,1.8130,1.6206,0.00,1.8130,1.6267,1,5,0,14,158,-150,0,0,0,0,1.543
8390,1.8010,1.6206,0.00,1.8010,1.6267,1,5,0,14,158,-150,0,0,0,0,1.531
8400,1.7891,1.6206,0.00,1.7891,1.6267,1,5,0,14,152,-150,0,0,0,0,1.519
8410,1.7771,1.6206,0.00,1.7771,1.6267,1,5,0,14,152,-150,0,0,0,0,1.507
8420,1.7652,1.6206,0.00,1.7652,1.6267,1,5,0,14,152,-150,0,0,0,0,1.495
8430,1.7533,1.6206,0.00,1.7533,1.6267,1,5,0,14,152,-150,0,0,0,0,1.483
8440,1.7413,1.6206,0.00,1.7413,1.6267,1,5,0,14,152,-150,0,0,0,0,1.471
8450,1.7294,1.6206,0.00,1.7294,1.6267,1,5,0,14,146,-150,0,0,0,0,1.459
8460,1.7175,1.6206,0.00,1.7175,1.6267,1,5,0,14,146,-150,0,0,0,0,1.447
8470,1.7055,1.6206,0.00,1.7055,1.6267,1,5,0,14,146,-150,0,0,0,0,1.436
8480,1.6936,1.6206,0.00,1.6936,1.6267,1,5,0,14,146,-150,0,0,0,0,1.424
8490,1.6816,1.6206,0.00,1.6816,1.6267,1,5,0,14,146,-150,0,0,0,0,1.412
8500,1.6697,1.6206,0.00,1.6697,1.6267,1,5,0,14,140,-150,0,0,0,0,1.400
8510,1.6578,1.6206,0.00,1.6578,1.6267,1,5,0,14,140,-150,0,0,0,0,1.388
8520,1.6458,1.6206,0.00,1.6458,1.6267,1,5,0,14,140,-150,0,0,0,0,1.376
8530,1.6339,1.6206,0.00,1.6339,1.6267,1,5,0,14,140,-150,0,0,0,0,1.364
8540,1.6220,1.6206,0.00,1.6220,1.6267,1,5,0,14,140,-150,0,0,0,0,1.352
8550,1.6100,1.6206,0.00,1.6100,1.6267,1,5,0,14,134,-150,0,0,0,0,1.340
8560,1.5981,1.6206,0.00,1.5981,1.6267,1,5,0,14,134,-150,0,0,0,0,1.328
8570,1.5861,1.6206,0.00,1.5861,1.6267,1,5,0,14,134,-150,0,0,0,0,1.316
8580,1.5742,1.6206,0.00,1.5742,1.6267,1,5,0,14,134,-150,0,0,0,0,1.304
8590,1.5623,1.6206,0.00,1.5623,1.6267,1,5,0,14,134,-150,0,0,0,0,1.292
8600,1.5503,1.6206,0.00,1.5503,1.6267,1,5,0,14,128,-150,0,0,0,0,1.280
8610,1.5384,1.6206,0.00,1.5384,1.6267,1,5,0,14,128,-150,0,0,0,0,1.268
8620,1.5264,1.6206,0.00,1.5264,1.6267,1,5,0,14,128,-150,0,0,0,0,1.256
8630,1.5145,1.6206,0.00,1.5145,1.6267,1,5,0,14,128,-150,0,0,0,0,1.245
8640,1.5026,1.6206,0.00,1.5026,1.6267,1,5,0,14,128,-150,0,0,0,0,1.233
8650,1.4906,1.6206,0.00,1.4906,1.6267,1,5,0,14,122,-150,0,0,0,0,1.221
8660,1.4787,1.6206,0.00,1.4787,1.6267,1,5,0,14,122,-150,0,0,0,0,1.209
8670,1.4668,1.6206,0.00,1.4668,1.6267,1,5,0,14,122,-150,0,0,0,0,1.197
8680,1.4548,1.6206,0.00,1.4548,1.6267,1,5,0,14,122,-150,0,0,0,0,1.185
8690,1.4429,1.6206,0.00,1.4429,1.6267,1,5,0,14,122,-150,0,0,0,0,1.173
8700,1.4309,1.6206,0.00,1.4309,1.6267,1,5,0,14,116,-150,0,0,0,0,1.161
8710,1.4190,1.6206,0.00,1.4190,1.6267,1,5,0,14,116,-150,0,0,0,0,1.149
8720,1.4071,1.6206,0.00,1.4071,1.6267,1,5,0,14,116,-150,0,0,0,0,1.137
8730,1.3951,1.6206,0.00,1.3951,1.6267,1,5,0,14,116,-150,0,0,0,0,1.125
8740,1.3832,1.6206,0.00,1.3832,1.6267,1,5,0,14,116,-150,0,0,0,0,1.113
8750,1.3713,1.6206,0.00,1.3713,1.6267,1,5,0,14,110,-150,0,0,0,0,1.101
8760,1.3593,1.6206,0.00,1.3593,1.6267,1,5,0,14,110,-150,0,0,0,0,1.089
8770,1.3474,1.6206,0.00,1.3474,1.6267,1,5,0,14,110,-150,0,0,0,0,1.077
8780,1.3354,1.6206,0.00,1.3354,1.6267,1,5,0,14,110,-150,0,0,0,0,1.065
8790,1.3235,1.6206,0.00,1.3235,1.6267,1,5,0,14,110,-150,0,0,0,0,1.054
8800,1.3116,1.6206,0.00,1.3116,1.6267,1,5,0,14,104,-150,0,0,0,0,1.042
8810,1.2996,1.6206,0.00,1.2996,1.6267,1,5,0,14,104,-150,0,0,0,0,1.030
8820,1.2877,1.6206,0.00,1.2877,1.6267,1,5,0,14,104,-150,0,0,0,0,1.018
8830,1.2757,1.6206,0.00,1.2757,1.6267,1,5,0,14,104,-150,0,0,0,0,1.006
8840,1.2638,1.6206,0.00,1.2638,1.6267,1,5,0,14,104,-150,0,0,0,0,0.994
8850,1.2519,1.6206,0.00,1.2519,1.6267,1,5,0,14,98,-150,0,0,0,0,0.982
8860,1.2399,1.6206,0.00,1.2399,1.6267,1,5,0,14,98,-150,0,0,0,0,0.970
8870,1.2280,1.6206,0.00,1.2280,1.6267,1,5,0,14,98,-150,0,0,0,0,0.958
8880,1.2161,1.6206,0.00,1.2161,1.6267,1,5,0,14,98,-150,0,0,0,0,0.946
8890,1.2041,1.6206,0.00,1.2041,1.6267,1,5,0,14,98,-150,0,0,0,0,0.934
8900,1.1922,1.6206,0.00,1.1922,1.6267,1,5,0,14,92,-150,0,0,0,0,0.922
8910,1.1802,1.6206,0.00,1.1802,1.6267,1,5,0,14,92,-150,0,0,0,0,0.910
8920,1.1683,1.6206,0.00,1.1683,1.6267,1,5,0,14,92,-150,0,0,0,0,0.898
8930,1.1564,1.6206,0.00,1.1564,1.6267,1,5,0,14,92,-150,0,0,0,0,0.886
8940,1.1444,1.6206,0.00,1.1444,1.6267,1,5,0,14,92,-150,0,0,0,0,0.874
8950,1.1325,1.6206,0.00,1.1325,1.6267,1,5,0,14,86,-150,0,0,0,0,0.862
8960,1.1206,1.6206,0.00,1.1206,1.6267,1,5,0,14,86,-150,0,0,0,0,0.851
8970,1.1086,1.6206,0.00,1.1086,1.6267,1,5,0,14,86,-150,0,0,0,0,0.839
8980,1.0967,1.6206,0.00,1.0967,1.6267,1,5,0,14,86,-150,0,0,0,0,0.827
8990,1.0847,1.6206,0.00,1.0847,1.6267,1,5,0,14,86,-150,0,0,0,0,0.815
9000,1.0728,1.6206,0.00,1.0728,1.6267,1,5,0,14,80,-150,0,0,0,0,0.803
9010,1.0609,1.6206,0.00,1.0609,1.6267,1,5,0,14,80,-150,0,0,0,0,0.791
9020,1.0489,1.6206,0.00,1.0489,1.6267,1,5,0,14,80,-150,0,0,0,0,0.779
9030,1.0370,1.6206,0.00,1.0370,1.6267,1,5,0,14,80,-150,0,0,0,0,0.767
9040,1.0250,1.6206,0.00,1.0250,1.6267,1,5,0,14,80,-150,0,0,0,0,0.755
9050,1.0131,1.6206,0.00,1.0131,1.6267,1,5,0,14,74,-75,0,0,0,0,0.743
9060,1.0013,1.6206,0.00,1.0013,1.6267,1,5,0,14,74,-75,0,0,0,0,0.731
9070,0.9897,1.6206,0.00,0.9897,1.6267,1,5,0,14,74,-75,0,0,0,0,0.720
9080,0.9782,1.6206,0.00,0.9782,1.6267,1,5,0,14,74,-75,0,0,0,0,0.708
9090,0.9670,1.6206,0.00,0.9670,1.6267,1,5,0,14,74,-75,0,0,0,0,0.697
9100,0.9560,1.6206,0.00,0.9560,1.6267,1,5,0,14,68,-75,0,0,0,0,0.686
9110,0.9451,1.6206,0.00,0.9451,1.6267,1,5,0,14,68,-75,0,0,0,0,0.675
9120,0.9345,1.6206,0.00,0.9345,1.6267,1,5,0,14,68,-75,0,0,0,0,0.665
9130,0.9241,1.6206,0.00,0.9241,1.6267,1,5,0,14,68,-75,0,0,0,0,0.654
9140,0.9139,1.6206,0.00,0.9139,1.6267,1,5,0,14,68,-75,0,0,0,0,0.644
9150,0.9038,1.6206,0.00,0.9038,1.6267,1,5,0,14,63,-75,0,0,0,0,0.634
9160,0.8940,1.6206,0.00,0.8940,1.6267,1,5,0,14,63,-75,0,0,0,0,0.624
9170,0.8844,1.6206,0.00,0.8844,1.6267,1,5,0,14,63,-75,0,0,0,0,0.614
9180,0.8749,1.6206,0.00,0.8749,1.6267,1,5,0,14,63,-75,0,0,0,0,0.605
9190,0.8657,1.6206,0.00,0.8657,1.6267,1,5,0,14,63,-75,0,0,0,0,0.596
9200,0.8567,1.6206,0.00,0.8567,1.6267,1,5,0,114,58,-75,0,0,0,0,0.587
9210,0.8479,1.6206,0.00,0.8479,1.6267,1,5,0,114,58,-75,0,0,0,0,0.578
9220,0.8392,1.6206,0.00,0.8392,1.6267,1,5,0,114,58,-75,0,0,0,0,0.569
9230,0.8308,1.6206,0.00,0.8308,1.6267,1,5,0,114,58,-75,0,0,0,0,0.561
9240,0.8226,1.6206,0.00,0.8226,1.6267,1,5,0,114,58,-75,0,0,0,0,0.553
9250,0.8146,1.6206,0.00,0.8146,1.6267,1,5,0,114,54,-75,0,0,0,0,0.545
9260,0.8067,1.6206,0.00,0.8067,1.6267,1,5,0,114,54,-75,0,0,0,0,0.537
9270,0.7991,1.6206,0.00,0.7991,1.6267,1,5,0,114,54,-75,0,0,0,0,0.529
9280,0.7917,1.6206,0.00,0.7917,1.6267,1,5,0,114,54,-75,0,0,0,0,0.522
9290,0.7844,1.6206,0.00,0.7844,1.6267,1,5,0,114,54,-75,0,0,0,0,0.514
9300,0.7774,1.6206,0.00,0.7774,1.6267,1,5,0,114,50,-75,0,0,0,0,0.507
9310,0.7706,1.6206,0.00,0.7706,1.6267,1,5,0,114,50,-75,0,0,0,0,0.501
9320,0.7640,1.6206,0.00,0.7640,1.6267,1,5,0,114,50,-75,0,0,0,0,0.494
9330,0.7575,1.6206,0.00,0.7575,1.6267,1,5,0,114,50,-75,0,0,0,0,0.488
9340,0.7513,1.6206,0.00,0.7513,1.6267,1,5,0,114,50,-75,0,0,0,0,0.481
9350,0.7453,1.6206,0.00,0.7453,1.6267,1,5,0,114,47,-75,0,0,0,0,0.475
9360,0.7393,1.6206,0.00,0.7393,1.6267,1,5,0,114,47,-75,0,0,0,0,0.469
9370,0.7333,1.6206,0.00,0.7333,1.6267,1,5,0,114,47,-75,0,0,0,0,0.463
9380,0.7274,1.6206,0.00,0.7274,1.6267,1,5,0,114,47,-75,0,0,0,0,0.457
9390,0.7214,1.6206,0.00,0.7214,1.6267,1,5,0,114,47,-75,0,0,0,0,0.451
9400,0.7154,1.6206,0.00,0.7154,1.6267,1,5,0,114,44,-75,0,0,0,0,0.445
9410,0.7095,1.6206,0.00,0.7095,1.6267,1,5,0,114,44,-75,0,0,0,0,0.439
9420,0.7035,1.6206,0.00,0.7035,1.6267,1,5,0,114,44,-75,0,0,0,0,0.433
9430,0.6975,1.6206,0.00,0.6975,1.6267,1,5,0,114,44,-75,0,0,0,0,0.428
9440,0.6915,1.6206,0.00,0.6915,1.6267,1,5,0,114,44,-75,0,0,0,0,0.422
9450,0.6856,1.6206,0.00,0.6856,1.6267,1,5,0,114,41,-75,0,0,0,0,0.416
9460,0.6796,1.6206,0.00,0.6796,1.6267,1,5,0,114,41,-75,0,0,0,0,0.410
9470,0.6736,1.6206,0.00,0.6736,1.6267,1,5,0,114,41,-75,0,0,0,0,0.404
9480,0.6677,1.6206,0.00,0.6677,1.6267,1,5,0,114,41,-75,0,0,0,0,0.398
9490,0.6617,1.6206,0.00,0.6617,1.6267,1,5,0,114,41,-75,0,0,0,0,0.392
9500,0.6557,1.6206,0.00,0.6557,1.6267,1,5,0,114,38,-75,0,0,0,0,0.386
9510,0.6498,1.6206,0.00,0.6498,1.6267,1,5,0,114,38,-75,0,0,0,0,0.380
9520,0.6438,1.6206,0.00,0.6438,1.6267,1,5,0,114,38,-75,0,0,0,0,0.374
9530,0.6378,1.6206,0.00,0.6378,1.6267,1,5,0,114,38,-75,0,0,0,0,0.368
9540,0.6319,1.6206,0.00,0.6319,1.6267,1,5,0,114,38,-75,0,0,0,0,0.362
9550,0.6259,1.6206,0.00,0.6259,1.6267,1,5,0,114,35,-75,0,0,0,0,0.356
9560,0.6199,1.6206,0.00,0.6199,1.6267,1,5,0,114,35,-75,0,0,0,0,0.350
9570,0.6139,1.6206,0.00,0.6139,1.6267,1,5,0,114,35,-75,0,0,0,0,0.344
9580,0.6080,1.6206,0.00,0.6080,1.6267,1,5,0,114,35,-75,0,0,0,0,0.338
9590,0.6020,1.6206,0.00,0.6020,1.6267,1,5,0,114,35,-75,0,0,0,0,0.332
9600,0.5960,1.6206,0.00,0.5960,1.6267,1,5,0,114,32,-75,0,0,0,0,0.326
9610,0.5901,1.6206,0.00,0.5901,1.6267,1,5,0,114,32,-75,0,0,0,0,0.320
9620,0.5841,1.6206,0.00,0.5841,1.6267,1,5,0,114,32,-75,0,0,0,0,0.314
9630,0.5781,1.6206,0.00,0.5781,1.6267,1,5,0,114,32,-75,0,0,0,0,0.308
9640,0.5722,1.6206,0.00,0.5722,1.6267,1,5,0,114,32,-75,0,0,0,0,0.302
9650,0.5662,1.6206,0.00,0.5662,1.6267,1,5,0,114,29,-75,0,0,0,0,0.296
9660,0.5602,1.6206,0.00,0.5602,1.6267,1,5,0,114,29,-75,0,0,0,0,0.290
9670,0.5543,1.6206,0.00,0.5543,1.6267,1,5,0,114,29,-75,0,0,0,0,0.284
9680,0.5483,1.6206,0.00,0.5483,1.6267,1,5,0,114,29,-75,0,0,0,0,0.278
9690,0.5423,1.6206,0.00,0.5423,1.6267,1,5,0,114,29,-75,0,0,0,0,0.272
9700,0.5363,1.6206,0.00,0.5363,1.6267,1,5,0,114,26,-75,0,0,0,0,0.266
9710,0.5304,1.6206,0.00,0.5304,1.6267,1,5,0,114,26,-75,0,0,0,0,0.260
9720,0.5244,1.6206,0.00,0.5244,1.6267,1,5,0,114,26,-75,0,0,0,0,0.254
9730,0.5184,1.6206,0.00,0.5184,1.6267,2,5,0,114,26,-75,0,0,0,0,0.248
9740,0.5125,1.6206,0.00,0.5125,1.6267,2,5,0,114,26,-75,0,0,0,0,0.242
9750,0.5065,1.6206,0.00,0.5065,1.6267,2,5,0,114,23,0,0,0,0,0,1000.000
9760,0.5006,1.6206,0.00,0.5006,1.6267,2,5,0,114,23,0,0,0,0,0,1000.000
9770,0.4949,1.6206,0.00,0.4949,1.6267,2,5,0,114,23,0,0,0,0,0,1000.000
9780,0.4895,1.6206,0.00,0.4895,1.6267,2,5,0,114,23,0,0,0,0,0,1000.000
9790,0.4842,1.6206,0.00,0.4842,1.6267,2,5,0,114,23,0,0,0,0,0,1000.000
9800,0.4791,1.6206,0.00,0.4791,1.6267,2,5,0,114,21,0,0,0,0,0,1000.000
9810,0.4742,1.6206,0.00,0.4742,1.6267,2,5,0,114,21,0,0,0,0,0,1000.000
9820,0.4696,1.6206,0.00,0.4696,1.6267,2,5,0,114,21,0,0,0,0,0,1000.000
9830,0.4651,1.6206,0.00,0.4651,1.6267,2,5,0,114,21,0,0,0,0,0,1000.000
9840,0.4608,1.6206,0.00,0.4608,1.6267,2,5,0,114,21,0,0,0,0,0,1000.000
9850,0.4567,1.6206,0.00,0.4567,1.6267,2,5,0,114,18,0,0,0,0,0,1000.000
9860,0.4528,1.6206,0.00,0.4528,1.6267,2,5,0,114,18,0,0,0,0,0,1000.000
9870,0.4492,1.6206,0.00,0.4492,1.6267,2,5,0,114,18,0,0,0,0,0,1000.000
9880,0.4457,1.6206,0.00,0.4457,1.6267,2,5,0,114,18,0,0,0,0,0,1000.000
9890,0.4424,1.6206,0.00,0.4424,1.6267,2,5,0,114,18,0,0,0,0,0,1000.000
9900,0.4393,1.6206,0.00,0.4393,1.6267,2,5,0,114,17,0,0,0,0,0,1000.000
9910,0.4364,1.6206,0.00,0.4364,1.6267,2,5,0,114,17,0,0,0,0,0,1000.000
9920,0.4338,1.6206,0.00,0.4338,1.6267,2,5,0,114,17,0,0,0,0,0,1000.000
9930,0.4313,1.6206,0.00,0.4313,1.6267,2,5,0,114,17,0,0,0,0,0,1000.000
9940,0.4290,1.6206,0.00,0.4290,1.6267,2,5,0,114,17,0,0,0,0,0,1000.000
9950,0.4269,1.6206,0.00,0.4269,1.6267,2,5,0,114,15,0,0,0,0,0,1000.000
9960,0.4250,1.6206,0.00,0.4250,1.6267,2,5,0,114,15,0,0,0,0,0,1000.000
9970,0.4234,1.6206,0.00,0.4234,1.6267,2,5,0,114,15,0,0,0,0,0,1000.000
9980,0.4219,1.6206,0.00,0.4219,1.6267,2,5,0,114,15,0,0,0,0,0,1000.000
9990,0.4206,1.6206,0.00,0.4206,1.6267,2,5,0,114,15,0,0,0,0,0,1000.000
10000,0.4195,1.6206,0.00,0.4195,1.6267,2,5,0,114,15,0,0,0,0,0,1000.000
10010,0.4186,1.6206,0.00,0.4186,1.6267,2,5,0,114,15,0,0,0,0,0,1000.000
10020,0.4180,1.6206,0.00,0.4180,1.6267,2,5,0,114,15,0,0,0,0,0,1000.000
10030,0.4175,1.6206,0.00,0.4175,1.6267,2,5,0,114,15,0,0,0,0,0,1000.000
10040,0.4172,1.6206,0.00,0.4172,1.6267,2,5,0,114,15,0,0,0,0,0,1000.000
10050,0.4171,1.6206,0.00,0.4171,1.6267,2,5,0,114,14,0,0,0,0,0,1000.000
10060,0.4171,1.6206,0.00,0.4171,1.6267,2,5,0,114,14,0,0,0,0,0,1000.000
10070,0.4171,1.6206,0.00,0.4171,1.6267,2,5,0,114,14,0,0,0,0,0,1000.000
10080,0.4171,1.6206,0.00,0.4171,1.6267,2,5,0,114,14,0,0,0,0,0,1000.000
10090,0.4171,1.6206,0.00,0.4171,1.6267,2,5,0,114,14,0,0,0,0,0,1000.000
10100,0.4171,1.6206,0.00,0.4171,1.6267,2,5,0,114,14,0,0,0,0,0,1000.000
10110,0.4171,1.6206,0.00,0.4171,1.6267,2,5,0,114,14,0,0,0,0,0,1000.000
10120,0.4171,1.6206,0.00,0.4171,1.6267,2,5,0,114,14,0,0,0,0,0,1000.000
10130,0.4171,1.6206,0.00,0.4171,1.6267,2,5,0,114,14,0,0,0,0,0,1000.000
10140,0.4171,1.6206,0.00,0.4171,1.6267,2,5,0,114,14,0,0,0,0,0,1000.000
10150,0.4171,1.6206,0.00,0.4171,1.6267,2,5,0,114,14,0,150,0,0,0,1.120
10160,0.4171,1.6207,0.00,0.4171,1.6268,2,5,0,114,14,0,150,0,0,0,1.120
10170,0.4171,1.6210,0.00,0.4171,1.6270,2,5,0,114,14,0,150,0,0,0,1.119
10180,0.4171,1.6215,0.00,0.4171,1.6275,2,5,0,114,14,0,150,0,0,0,1.119
10190,0.4171,1.6222,0.00,0.4171,1.6282,2,5,0,114,14,0,150,0,0,0,1.118
10200,0.4171,1.6230,0.00,0.4171,1.6291,2,5,0,114,14,0,150,0,0,0,1.117
10210,0.4171,1.6241,0.00,0.4171,1.6302,2,5,0,114,14,0,150,0,0,0,1.116
10220,0.4171,1.6254,0.00,0.4171,1.6315,2,5,0,114,14,0,150,0,0,0,1.115
10230,0.4171,1.6269,0.00,0.4171,1.6330,2,5,0,114,14,0,150,0,0,0,1.114
10240,0.4171,1.6286,0.00,0.4171,1.6347,2,5,0,114,14,0,150,0,0,0,1.112
10250,0.4171,1.6305,0.00,0.4171,1.6366,2,5,0,113,14,0,150,0,0,0,1.110
10260,0.4171,1.6326,0.00,0.4171,1.6387,2,5,0,113,14,0,150,0,0,0,1.108
10270,0.4171,1.6349,0.00,0.4171,1.6409,2,5,0,113,14,0,150,0,0,0,1.106
10280,0.4171,1.6374,0.00,0.4171,1.6434,2,5,0,113,14,0,150,0,0,0,1.103
10290,0.4171,1.6401,0.00,0.4171,1.6461,2,5,0,113,14,0,150,0,0,0,1.100
10300,0.4171,1.6429,0.00,0.4171,1.6490,2,5,0,112,14,0,150,0,0,0,1.097
10310,0.4171,1.6460,0.00,0.4171,1.6521,2,5,0,112,14,0,150,0,0,0,1.094
10320,0.4171,1.6493,0.00,0.4171,1.6554,2,5,0,112,14,0,150,0,0,0,1.091
10330,0.4171,1.6528,0.00,0.4171,1.6589,2,5,0,112,14,0,150,0,0,0,1.088
10340,0.4171,1.6565,0.00,0.4171,1.6626,2,5,0,112,14,0,150,0,0,0,1.084
10350,0.4171,1.6604,0.00,0.4171,1.6665,2,5,0,110,14,0,150,0,0,0,1.080
10360,0.4171,1.6645,0.00,0.4171,1.6706,2,5,0,110,14,0,150,0,0,0,1.076
10370,0.4171,1.6688,0.00,0.4171,1.6748,2,5,0,110,14,0,150,0,0,0,1.072
10380,0.4171,1.6733,0.00,0.4171,1.6793,2,5,0,110,14,0,150,0,0,0,1.067
10390,0.4171,1.6780,0.00,0.4171,1.6840,2,5,0,110,14,0,150,0,0,0,1.062
10400,0.4171,1.6828,0.00,0.4171,1.6889,2,5,0,108,14,0,150,0,0,0,1.058
10410,0.4171,1.6879,0.00,0.4171,1.6940,2,5,0,108,14,0,150,0,0,0,1.052
10420,0.4171,1.6932,0.00,0.4171,1.6993,2,5,0,108,14,0,150,0,0,0,1.047
10430,0.4171,1.6987,0.00,0.4171,1.7048,2,5,0,108,14,0,150,0,0,0,1.042
10440,0.4171,1.7044,0.00,0.4171,1.7105,2,5,0,108,14,0,150,0,0,0,1.036
10450,0.4171,1.7103,0.00,0.4171,1.7164,2,5,0,105,14,0,150,0,0,0,1.030
10460,0.4171,1.7164,0.00,0.4171,1.7225,2,5,0,105,14,0,150,0,0,0,1.024
10470,0.4171,1.7227,0.00,0.4171,1.7287,2,5,0,105,14,0,150,0,0,0,1.018
10480,0.4171,1.7292,0.00,0.4171,1.7352,2,5,0,105,14,0,150,0,0,0,1.011
10490,0.4171,1.7359,0.00,0.4171,1.7419,2,5,0,105,14,0,150,0,0,0,1.005
10500,0.4171,1.7427,0.00,0.4171,1.7488,2,5,0,102,14,0,150,0,0,0,0.998
10510,0.4171,1.7498,0.00,0.4171,1.7559,2,5,0,102,14,0,150,0,0,0,0.991
10520,0.4171,1.7571,0.00,0.4171,1.7632,2,5,0,102,14,0,150,0,0,0,0.983
10530,0.4171,1.7646,0.00,0.4171,1.7707,2,5,0,102,14,0,150,0,0,0,0.976
10540,0.4171,1.7723,0.00,0.4171,1.7784,2,5,0,102,14,0,150,0,0,0,0.968
10550,0.4171,1.7802,0.00,0.4171,1.7863,2,5,0,98,14,0,150,0,0,0,0.960
10560,0.4171,1.7883,0.00,0.4171,1.7944,2,5,0,98,14,0,150,0,0,0,0.952
10570,0.4171,1.7966,0.00,0.4171,1.8026,2,5,0,98,14,0,150,0,0,0,0.944
10580,0.4171,1.8051,0.00,0.4171,1.8111,2,5,0,98,14,0,150,0,0,0,0.935
10590,0.4171,1.8138,0.00,0.4171,1.8198,2,5,0,98,14,0,150,0,0,0,0.927
10600,0.4171,1.8226,0.00,0.4171,1.8287,2,5,0,94,14,0,150,0,0,0,0.918
10610,0.4171,1.8317,0.00,0.4171,1.8378,2,5,0,94,14,0,150,0,0,0,0.909
10620,0.4171,1.8410,0.00,0.4171,1.8471,2,5,0,94,14,0,150,0,0,0,0.899
10630,0.4171,1.8505,0.00,0.4171,1.8566,2,5,0,94,14,0,150,0,0,0,0.890
10640,0.4171,1.8602,0.00,0.4171,1.8663,2,5,0,94,14,0,150,0,0,0,0.880
10650,0.4171,1.8701,0.00,0.4171,1.8762,2,5,0,89,14,0,150,0,0,0,0.870
10660,0.4171,1.8802,0.00,0.4171,1.8863,2,5,0,89,14,0,150,0,0,0,0.860
10670,0.4171,1.8905,0.00,0.4171,1.8965,2,5,0,89,14,0,150,0,0,0,0.850
10680,0.4171,1.9010,0.00,0.4171,1.9070,2,5,0,89,14,0,150,0,0,0,0.839
10690,0.4171,1.9117,0.00,0.4171,1.9177,2,5,0,89,14,0,150,0,0,0,0.829
10700,0.4171,1.9225,0.00,0.4171,1.9286,2,5,0,84,14,0,150,0,0,0,0.818
10710,0.4171,1.9336,0.00,0.4171,1.9397,2,5,0,84,14,0,150,0,0,0,0.807
10720,0.4171,1.9449,0.00,0.4171,1.9510,2,5,0,84,14,0,150,0,0,0,0.796
10730,0.4171,1.9564,0.00,0.4171,1.9625,2,5,0,84,14,0,150,0,0,0,0.784
10740,0.4171,1.9681,0.00,0.4171,1.9742,2,5,0,84,14,0,150,0,0,0,0.772
10750,0.4171,1.9800,0.00,0.4171,1.9861,2,5,0,78,14,0,150,0,0,0,0.760
10760,0.4171,1.9919,0.00,0.4171,1.9980,2,5,0,78,14,0,150,0,0,0,0.749
10770,0.4171,2.0039,0.00,0.4171,2.0099,2,5,0,78,14,0,150,0,0,0,0.737
10780,0.4171,2.0158,0.00,0.4171,2.0219,2,5,0,78,14,0,150,0,0,0,0.725
10790,0.4171,2.0277,0.00,0.4171,2.0338,2,5,0,78,14,0,150,0,0,0,0.713
10800,0.4171,2.0397,0.00,0.4171,2.0458,2,5,0,72,14,0,150,0,0,0,0.701
10810,0.4171,2.0516,0.00,0.4171,2.0577,2,5,0,72,14,0,150,0,0,0,0.689
10820,0.4171,2.0636,0.00,0.4171,2.0696,2,5,0,72,14,0,150,0,0,0,0.677
10830,0.4171,2.0755,0.00,0.4171,2.0816,2,5,0,72,14,0,150,0,0,0,0.665
10840,0.4171,2.0874,0.00,0.4171,2.0935,2,5,0,72,14,0,150,0,0,0,0.653
10850,0.4171,2.0994,0.00,0.4171,2.1054,2,5,0,66,14,0,75,0,0,0,0.641
10860,0.4171,2.1112,0.00,0.4171,2.1173,2,5,0,66,14,0,75,0,0,0,0.629
10870,0.4171,2.1228,0.00,0.4171,2.1289,2,5,0,66,14,0,75,0,0,0,0.618
10880,0.4171,2.1343,0.00,0.4171,2.1403,2,5,0,66,14,0,75,0,0,0,0.606
10890,0.4171,2.1455,0.00,0.4171,2.1516,2,5,0,66,14,0,75,0,0,0,0.595
10900,0.4171,2.1565,0.00,0.4171,2.1626,2,5,0,61,14,0,75,0,0,0,0.584
10910,0.4171,2.1673,0.00,0.4171,2.1734,2,5,0,61,14,0,75,0,0,0,0.573
10920,0.4171,2.1780,0.00,0.4171,2.1840,2,5,0,61,14,0,75,0,0,0,0.562
10930,0.4171,2.1884,0.00,0.4171,2.1945,2,5,0,61,14,0,75,0,0,0,0.552
10940,0.4171,2.1986,0.00,0.4171,2.2047,2,5,0,61,14,0,75,0,0,0,0.542
10950,0.4171,2.2087,0.00,0.4171,2.2147,2,5,0,55,14,0,75,0,0,0,0.532
10960,0.4171,2.2185,0.00,0.4171,2.2246,2,5,0,55,14,0,75,0,0,0,0.522
10970,0.4171,2.2281,0.00,0.4171,2.2342,2,5,0,55,14,0,75,0,0,0,0.512
10980,0.4171,2.2375,0.00,0.4171,2.2436,2,5,0,55,14,0,75,0,0,0,0.503
10990,0.4171,2.2468,0.00,0.4171,2.2528,2,5,0,55,14,0,75,0,0,0,0.494
11000,0.4171,2.2558,0.00,0.4171,2.2619,2,5,0,51,14,0,75,0,0,0,0.485
11010,0.4171,2.2646,0.00,0.4171,2.2707,2,5,0,51,14,0,75,0,0,0,0.476
11020,0.4171,2.2732,0.00,0.4171,2.2793,2,5,0,51,14,0,75,0,0,0,0.467
11030,0.4171,2.2817,0.00,0.4171,2.2877,2,5,0,51,14,0,75,0,0,0,0.459
11040,0.4171,2.2899,0.00,0.4171,2.2960,2,5,0,51,14,0,75,0,0,0,0.451
11050,0.4171,2.2979,0.00,0.4171,2.3040,2,5,0,46,14,0,75,0,0,0,0.442
11060,0.4171,2.3058,0.00,0.4171,2.3118,2,5,0,46,14,0,75,0,0,0,0.435
11070,0.4171,2.3134,0.00,0.4171,2.3195,2,5,0,46,14,0,75,0,0,0,0.427
11080,0.4171,2.3208,0.00,0.4171,2.3269,2,5,0,46,14,0,75,0,0,0,0.420
11090,0.4171,2.3280,0.00,0.4171,2.3341,2,5,0,46,14,0,75,0,0,0,0.412
11100,0.4171,2.3351,0.00,0.4171,2.3411,2,5,0,43,14,0,75,0,0,0,0.405
11110,0.4171,2.3419,0.00,0.4171,2.3480,2,5,0,43,14,0,75,0,0,0,0.399
11120,0.4171,2.3485,0.00,0.4171,2.3546,2,5,0,43,14,0,75,0,0,0,0.392
11130,0.4171,2.3550,0.00,0.4171,2.3610,2,5,0,43,14,0,75,0,0,0,0.385
11140,0.4171,2.3612,0.00,0.4171,2.3673,2,5,0,43,14,0,75,0,0,0,0.379
11150,0.4171,2.3672,0.00,0.4171,2.3733,2,5,0,39,14,0,75,0,0,0,0.373
11160,0.4171,2.3732,0.00,0.4171,2.3793,2,5,0,39,14,0,75,0,0,0,0.367
11170,0.4171,2.3792,0.00,0.4171,2.3852,2,5,0,39,14,0,75,0,0,0,0.361
11180,0.4171,2.3851,0.00,0.4171,2.3912,2,5,0,39,14,0,75,0,0,0,0.355
11190,0.4171,2.3911,0.00,0.4171,2.3972,2,5,0,39,14,0,75,0,0,0,0.349
11200,0.4171,2.3971,0.00,0.4171,2.4031,2,5,0,37,14,0,75,0,0,0,0.343
11210,0.4171,2.4030,0.00,0.4171,2.4091,2,5,0,37,14,0,75,0,0,0,0.337
11220,0.4171,2.4090,0.00,0.4171,2.4151,2,5,0,37,14,0,75,0,0,0,0.331
11230,0.4171,2.4150,0.00,0.4171,2.4210,2,5,0,37,14,0,75,0,0,0,0.325
11240,0.4171,2.4209,0.00,0.4171,2.4270,2,5,0,37,14,0,75,0,0,0,0.319
11250,0.4171,2.4269,0.00,0.4171,2.4330,2,5,0,34,14,0,75,0,0,0,0.314
11260,0.4171,2.4329,0.00,0.4171,2.4389,2,5,0,34,14,0,75,0,0,0,0.308
11270,0.4171,2.4388,0.00,0.4171,2.4449,2,5,0,34,14,0,75,0,0,0,0.302
11280,0.4171,2.4448,0.00,0.4171,2.4509,2,5,0,34,14,0,75,0,0,0,0.296
11290,0.4171,2.4508,0.00,0.4171,2.4569,2,5,0,34,14,0,75,0,0,0,0.290
11300,0.4171,2.4568,0.00,0.4171,2.4628,2,5,0,31,14,0,75,0,0,0,0.284
11310,0.4171,2.4627,0.00,0.4171,2.4688,2,5,0,31,14,0,75,0,0,0,0.278
11320,0.4171,2.4687,0.00,0.4171,2.4748,2,5,0,31,14,0,75,0,0,0,0.272
11330,0.4171,2.4747,0.00,0.4171,2.4807,2,5,0,31,14,0,75,0,0,0,0.266
11340,0.4171,2.4806,0.00,0.4171,2.4867,2,5,0,31,14,0,75,0,0,0,0.260
11350,0.4171,2.4866,0.00,0.4171,2.4927,2,5,0,28,14,0,75,0,0,0,0.254
11360,0.4171,2.4926,0.00,0.4171,2.4986,2,5,0,28,14,0,75,0,0,0,0.248
11370,0.4171,2.4985,0.00,0.4171,2.5046,2,5,0,28,14,0,75,0,0,0,0.242
11380,0.4171,2.5045,0.00,0.4171,2.5106,2,5,0,28,14,0,75,0,0,0,0.236
11390,0.4171,2.5105,0.00,0.4171,2.5165,2,5,0,28,14,0,75,0,0,0,0.230
11400,0.4171,2.5164,0.00,0.4171,2.5225,2,5,0,25,14,0,72,0,1,0,0.224
11410,0.4171,2.5223,0.00,0.4171,2.5284,2,5,0,25,14,0,72,0,1,0,0.218
11420,0.4171,2.5280,0.00,0.4171,2.5341,2,5,0,25,14,0,72,0,1,0,0.212
11430,0.4171,2.5338,0.00,0.4171,2.5398,2,5,0,25,14,0,72,0,1,0,0.207
11440,0.4171,2.5395,0.00,0.4171,2.5456,2,5,0,25,14,0,72,0,1,0,0.201
11450,0.4171,2.5452,0.00,0.4171,2.5513,2,5,0,22,14,0,0,0,1,0,0.195
11460,0.4171,2.5508,0.00,0.4171,2.5569,2,5,0,22,14,0,0,0,1,0,0.190
11470,0.4171,2.5563,0.00,0.4171,2.5623,2,5,0,22,14,0,0,0,1,0,0.184
11480,0.4171,2.5615,0.00,0.4171,2.5676,2,5,0,22,14,0,61,0,1,0,0.179
11490,0.4171,2.5665,0.00,0.4171,2.5726,2,5,0,22,14,0,61,0,1,0,0.174
11500,0.4171,2.5713,0.00,0.4171,2.5774,2,5,0,19,14,0,0,0,1,0,0.169
11510,0.4171,2.5759,0.00,0.4171,2.5820,2,5,0,19,14,0,0,0,1,0,0.164
11520,0.4171,2.5804,0.00,0.4171,2.5864,2,5,0,19,14,0,0,0,1,0,0.160
11530,0.4171,2.5846,0.00,0.4171,2.5907,2,5,0,19,14,0,49,1,1,0,0.156
11540,0.4171,2.5886,0.00,0.4171,2.5947,2,5,0,19,14,0,49,1,1,0,0.152
11550,0.4171,2.5924,0.00,0.4171,2.5985,2,5,0,17,14,0,0,1,1,0,0.148
11560,0.4171,2.5960,0.00,0.4171,2.6021,3,5,0,17,14,0,0,1,1,0,0.144
11570,0.4171,2.5995,0.00,0.4171,2.6055,3,5,0,17,14,0,39,1,1,0,0.141
11580,0.4171,2.6027,0.00,0.4171,2.6088,3,5,0,17,14,0,39,1,1,0,0.138
11590,0.4171,2.6057,0.00,0.4171,2.6118,3,5,0,17,14,0,39,1,1,0,0.135
11600,0.4171,2.6085,0.00,0.4171,2.6146,3,5,0,15,14,0,0,0,0,0,1000.000
11610,0.4171,2.6111,0.00,0.4171,2.6172,3,5,0,15,14,0,0,0,0,0,1000.000
11620,0.4171,2.6136,0.00,0.4171,2.6196,3,5,0,15,14,0,0,0,0,0,1000.000
11630,0.4171,2.6158,0.00,0.4171,2.6219,3,5,0,15,14,0,0,0,0,0,1000.000
11640,0.4171,2.6178,0.00,0.4171,2.6239,3,5,0,15,14,0,0,0,0,0,1000.000
11650,0.4171,2.6196,0.00,0.4171,2.6257,3,5,0,14,14,0,0,0,0,0,1000.000
11660,0.4171,2.6212,0.00,0.4171,2.6273,3,5,0,14,14,0,0,0,0,0,1000.000
11670,0.4171,2.6227,0.00,0.4171,2.6287,3,5,0,14,14,0,0,0,0,0,1000.000
11680,0.4171,2.6239,0.00,0.4171,2.6300,3,5,0,14,14,0,0,0,0,0,1000.000
11690,0.4171,2.6249,0.00,0.4171,2.6310,3,5,0,14,14,0,0,0,0,0,1000.000
11700,0.4171,2.6257,0.00,0.4171,2.6318,3,5,0,14,14,0,0,0,0,0,1000.000
11710,0.4171,2.6264,0.00,0.4171,2.6324,3,5,0,14,14,0,0,0,0,0,1000.000
11720,0.4171,2.6268,0.00,0.4171,2.6328,3,5,0,14,14,0,0,0,0,0,1000.000
11730,0.4171,2.6270,0.00,0.4171,2.6331,3,5,0,14,14,0,0,0,0,0,1000.000
11740,0.4171,2.6270,0.00,0.4171,2.6331,3,5,0,14,14,0,0,0,0,0,1000.000
11750,0.4171,2.6270,0.00,0.4171,2.6331,3,5,0,13,14,0,0,0,0,0,1000.000
11760,0.4171,2.6270,0.00,0.4171,2.6331,3,5,0,13,14,0,0,0,0,0,1000.000
11770,0.4171,2.6270,0.00,0.4171,2.6331,3,5,0,13,14,0,0,0,0,0,1000.000
11780,0.4171,2.6270,0.00,0.4171,2.6331,3,5,0,13,14,0,0,0,0,0,1000.000
11790,0.4171,2.6270,0.00,0.4171,2.6331,3,5,0,13,14,0,0,0,0,0,1000.000
11800,0.4171,2.6270,0.00,0.4171,2.6331,3,5,0,13,14,0,0,0,0,0,1000.000
11810,0.4171,2.6270,0.00,0.4171,2.6331,3,5,0,13,14,0,0,0,0,0,1000.000
11820,0.4171,2.6270,0.00,0.4171,2.6331,3,5,0,13,14,0,0,0,0,0,1000.000
11830,0.4171,2.6270,0.00,0.4171,2.6331,3,5,0,13,14,0,0,0,0,0,1000.000
11840,0.4171,2.6270,0.00,0.4171,2.6331,3,5,0,13,14,0,0,0,0,0,1000.000
11850,0.4171,2.6270,0.00,0.4171,2.6331,3,5,0,13,14,0,0,0,0,0,1000.000
11860,0.4171,2.6270,0.00,0.4171,2.6331,3,5,0,13,14,0,0,0,0,0,1000.000
11870,0.4171,2.6270,0.00,0.4171,2.6331,3,5,0,13,14,0,0,0,0,0,1000.000
11880,0.4171,2.6270,0.00,0.4171,2.6331,3,5,0,13,14,0,0,0,0,0,1000.000
11890,0.4171,2.6270,0.00,0.4171,2.6331,3,5,0,13,14,0,0,0,0,0,1000.000
11900,0.4171,2.6270,0.00,0.4171,2.6331,3,5,0,13,14,0,0,0,0,0,1000.000
11910,0.4171,2.6270,0.00,0.4171,2.6331,3,5,0,13,14,0,0,0,0,0,1000.000
11920,0.4171,2.6270,0.00,0.4171,2.6331,3,5,0,13,14,0,0,0,0,0,1000.000
11930,0.4171,2.6270,0.00,0.4171,2.6331,3,5,0,13,14,0,0,0,0,0,1000.000
11940,0.4171,2.6270,0.00,0.4171,2.6331,3,5,0,13,14,0,0,0,0,0,1000.000
11950,0.4171,2.6270,0.00,0.4171,2.6331,3,5,0,13,14,0,0,0,0,0,1000.000
11960,0.4171,2.6270,0.00,0.4171,2.6331,3,5,0,13,14,0,0,0,0,0,1000.000
11970,0.4171,2.6270,0.00,0.4171,2.6331,3,5,0,13,14,0,0,0,0,0,1000.000
11980,0.4171,2.6270,0.00,0.4171,2.6331,3,5,0,13,14,0,0,0,0,0,1000.000
11990,0.4171,2.6270,0.00,0.4171,2.6331,3,5,0,13,14,0,0,0,0,0,1000.000
12000,0.4171,2.6270,0.00,0.4171,2.6331,3,5,0,13,14,150,0,0,0,0,2.313
12010,0.4172,2.6270,0.00,0.4172,2.6331,3,5,0,13,14,150,0,0,0,0,2.313
12020,0.4175,2.6270,0.00,0.4175,2.6331,3,5,0,13,14,150,0,0,0,0,2.312
12030,0.4180,2.6270,0.00,0.4180,2.6331,3,5,0,13,14,150,0,0,0,0,2.312
12040,0.4187,2.6270,0.00,0.4187,2.6331,3,5,0,13,14,150,0,0,0,0,2.311
12050,0.4196,2.6270,0.00,0.4196,2.6331,3,5,0,13,14,150,0,0,0,0,2.310
12060,0.4207,2.6270,0.00,0.4207,2.6331,3,5,0,13,14,150,0,0,0,0,2.309
12070,0.4220,2.6270,0.00,0.4220,2.6331,3,5,0,13,14,150,0,0,0,0,2.308
12080,0.4235,2.6270,0.00,0.4235,2.6331,3,5,0,13,14,150,0,0,0,0,2.307
12090,0.4251,2.6270,0.00,0.4251,2.6331,3,5,0,13,14,150,0,0,0,0,2.305
12100,0.4270,2.6270,0.00,0.4270,2.6331,3,5,0,13,14,150,0,0,0,0,2.303
12110,0.4291,2.6270,0.00,0.4291,2.6331,3,5,0,13,14,150,0,0,0,0,2.301
12120,0.4314,2.6270,0.00,0.4314,2.6331,3,5,0,13,14,150,0,0,0,0,2.299
12130,0.4339,2.6270,0.00,0.4339,2.6331,3,5,0,13,14,150,0,0,0,0,2.296
12140,0.4366,2.6270,0.00,0.4366,2.6331,3,5,0,13,14,150,0,0,0,0,2.293
12150,0.4395,2.6270,0.00,0.4395,2.6331,3,5,0,13,15,150,0,0,0,0,2.291
12160,0.4426,2.6270,0.00,0.4426,2.6331,3,5,0,13,15,150,0,0,0,0,2.287
12170,0.4459,2.6270,0.00,0.4459,2.6331,3,5,0,13,15,150,0,0,0,0,2.284
12180,0.4494,2.6270,0.00,0.4494,2.6331,3,5,0,13,15,150,0,0,0,0,2.281
12190,0.4530,2.6270,0.00,0.4530,2.6331,3,5,0,13,15,150,0,0,0,0,2.277
12200,0.4569,2.6270,0.00,0.4569,2.6331,3,5,0,13,15,150,0,0,0,0,2.273
12210,0.4610,2.6270,0.00,0.4610,2.6331,3,5,0,13,15,150,0,0,0,0,2.269
12220,0.4653,2.6270,0.00,0.4653,2.6331,3,5,0,13,15,150,0,0,0,0,2.265
12230,0.4698,2.6270,0.00,0.4698,2.6331,3,5,0,13,15,150,0,0,0,0,2.260
12240,0.4745,2.6270,0.00,0.4745,2.6331,3,5,0,13,15,150,0,0,0,0,2.256
12250,0.4794,2.6270,0.00,0.4794,2.6331,3,5,0,13,17,150,0,0,0,0,2.251
12260,0.4845,2.6270,0.00,0.4845,2.6331,3,5,0,13,17,150,0,0,0,0,2.246
12270,0.4898,2.6270,0.00,0.4898,2.6331,3,5,0,13,17,150,0,0,0,0,2.240
12280,0.4953,2.6270,0.00,0.4953,2.6331,3,5,0,13,17,150,0,0,0,0,2.235
12290,0.5009,2.6270,0.00,0.5009,2.6331,3,5,0,13,17,150,0,0,0,0,2.229
12300,0.5068,2.6270,0.00,0.5068,2.6331,3,5,0,13,18,150,0,0,0,0,2.223
12310,0.5129,2.6270,0.00,0.5129,2.6331,3,5,0,13,18,150,0,0,0,0,2.217
12320,0.5192,2.6270,0.00,0.5192,2.6331,3,5,0,13,18,150,0,0,0,0,2.211
12330,0.5257,2.6270,0.00,0.5257,2.6331,3,5,0,13,18,150,0,0,0,0,2.204
12340,0.5324,2.6270,0.00,0.5324,2.6331,3,5,0,13,18,150,0,0,0,0,2.198
12350,0.5393,2.6270,0.00,0.5393,2.6331,3,5,0,13,20,150,0,0,0,0,2.191
12360,0.5464,2.6270,0.00,0.5464,2.6331,3,5,0,13,20,150,0,0,0,0,2.184
12370,0.5537,2.6270,0.00,0.5537,2.6331,3,5,0,13,20,150,0,0,0,0,2.176
12380,0.5612,2.6270,0.00,0.5612,2.6331,3,5,0,13,20,150,0,0,0,0,2.169
12390,0.5688,2.6270,0.00,0.5688,2.6331,3,5,0,13,20,150,0,0,0,0,2.161
12400,0.5767,2.6270,0.00,0.5767,2.6331,3,5,0,13,23,150,0,0,0,0,2.153
12410,0.5848,2.6270,0.00,0.5848,2.6331,3,5,0,13,23,150,0,0,0,0,2.145
12420,0.5931,2.6270,0.00,0.5931,2.6331,3,5,0,13,23,150,0,0,0,0,2.137
12430,0.6016,2.6270,0.00,0.6016,2.6331,3,5,0,13,23,150,0,0,0,0,2.128
12440,0.6103,2.6270,0.00,0.6103,2.6331,3,5,0,13,23,150,0,0,0,0,2.120
12450,0.6192,2.6270,0.00,0.6192,2.6331,3,5,0,13,26,150,0,0,0,0,2.111
12460,0.6283,2.6270,0.00,0.6283,2.6331,3,5,0,13,26,150,0,0,0,0,2.102
12470,0.6376,2.6270,0.00,0.6376,2.6331,3,5,0,13,26,150,0,0,0,0,2.092
12480,0.6471,2.6270,0.00,0.6471,2.6331,3,5,0,13,26,150,0,0,0,0,2.083
12490,0.6567,2.6270,0.00,0.6567,2.6331,3,5,0,13,26,150,0,0,0,0,2.073
12500,0.6666,2.6270,0.00,0.6666,2.6331,3,5,0,13,30,150,0,0,0,0,2.063
12510,0.6767,2.6270,0.00,0.6767,2.6331,3,5,0,13,30,150,0,0,0,0,2.053
12520,0.6870,2.6270,0.00,0.6870,2.6331,3,5,0,13,30,150,0,0,0,0,2.043
12530,0.6975,2.6270,0.00,0.6975,2.6331,3,5,0,13,30,150,0,0,0,0,2.032
12540,0.7082,2.6270,0.00,0.7082,2.6331,3,5,0,13,30,150,0,0,0,0,2.022
12550,0.7191,2.6270,0.00,0.7191,2.6331,3,5,0,13,34,150,0,0,0,0,2.011
12560,0.7302,2.6270,0.00,0.7302,2.6331,3,5,0,13,34,150,0,0,0,0,2.000
12570,0.7415,2.6270,0.00,0.7415,2.6331,3,5,0,13,34,150,0,0,0,0,1.989
12580,0.7530,2.6270,0.00,0.7530,2.6331,3,5,0,13,34,150,0,0,0,0,1.977
12590,0.7646,2.6270,0.00,0.7646,2.6331,3,5,0,13,34,150,0,0,0,0,1.965
12600,0.7765,2.6270,0.00,0.7765,2.6331,3,5,0,13,39,150,0,0,0,0,1.953
12610,0.7885,2.6270,0.00,0.7885,2.6331,3,5,0,13,39,150,0,0,0,0,1.942
12620,0.8004,2.6270,0.00,0.8004,2.6331,3,5,0,13,39,150,0,0,0,0,1.930
12630,0.8123,2.6270,0.00,0.8123,2.6331,3,5,0,13,39,150,0,0,0,0,1.918
12640,0.8243,2.6270,0.00,0.8243,2.6331,3,5,0,13,39,150,0,0,0,0,1.906
12650,0.8362,2.6270,0.00,0.8362,2.6331,3,5,0,13,44,150,0,0,0,0,1.894
12660,0.8482,2.6270,0.00,0.8482,2.6331,3,5,0,13,44,150,0,0,0,0,1.882
12670,0.8601,2.6270,0.00,0.8601,2.6331,3,5,0,13,44,150,0,0,0,0,1.870
12680,0.8720,2.6270,0.00,0.8720,2.6331,3,5,0,13,44,150,0,0,0,0,1.858
12690,0.8840,2.6270,0.00,0.8840,2.6331,3,5,0,13,44,150,0,0,0,0,1.846
12700,0.8959,2.6270,0.00,0.8959,2.6331,3,5,0,13,50,150,0,0,0,0,1.834
12710,0.9078,2.6270,0.00,0.9078,2.6331,3,5,0,13,50,150,0,0,0,0,1.822
12720,0.9198,2.6270,0.00,0.9198,2.6331,3,5,0,13,50,150,0,0,0,0,1.810
12730,0.9317,2.6270,0.00,0.9317,2.6331,3,5,0,13,50,150,0,0,0,0,1.798
12740,0.9437,2.6270,0.00,0.9437,2.6331,3,5,0,13,50,150,0,0,0,0,1.786
12750,0.9556,2.6270,0.00,0.9556,2.6331,3,5,0,13,56,150,0,0,0,0,1.774
12760,0.9675,2.6270,0.00,0.9675,2.6331,3,5,0,13,56,150,0,0,0,0,1.762
12770,0.9795,2.6270,0.00,0.9795,2.6331,3,5,0,13,56,150,0,0,0,0,1.751
12780,0.9914,2.6270,0.00,0.9914,2.6331,3,5,0,13,56,150,0,0,0,0,1.739
12790,1.0033,2.6270,0.00,1.0033,2.6331,3,5,0,13,56,150,0,0,0,0,1.727
12800,1.0153,2.6270,0.00,1.0153,2.6331,3,5,0,13,62,150,0,0,0,0,1.715
12810,1.0272,2.6270,0.00,1.0272,2.6331,3,5,0,13,62,150,0,0,0,0,1.703
12820,1.0392,2.6270,0.00,1.0392,2.6331,3,5,0,13,62,150,0,0,0,0,1.691
12830,1.0511,2.6270,0.00,1.0511,2.6331,3,5,0,13,62,150,0,0,0,0,1.679
12840,1.0630,2.6270,0.00,1.0630,2.6331,3,5,0,13,62,150,0,0,0,0,1.667
12850,1.0750,2.6270,0.00,1.0750,2.6331,3,5,0,13,68,150,0,0,0,0,1.655
12860,1.0869,2.6270,0.00,1.0869,2.6331,3,5,0,13,68,150,0,0,0,0,1.643
12870,1.0989,2.6270,0.00,1.0989,2.6331,3,5,0,13,68,150,0,0,0,0,1.631
12880,1.1108,2.6270,0.00,1.1108,2.6331,3,5,0,13,68,150,0,0,0,0,1.619
12890,1.1227,2.6270,0.00,1.1227,2.6331,3,5,0,13,68,150,0,0,0,0,1.607
12900,1.1347,2.6270,0.00,1.1347,2.6331,3,5,0,13,74,150,0,0,0,0,1.595
12910,1.1466,2.6270,0.00,1.1466,2.6331,3,5,0,13,74,150,0,0,0,0,1.583
12920,1.1585,2.6270,0.00,1.1585,2.6331,3,5,0,13,74,150,0,0,0,0,1.571
12930,1.1705,2.6270,0.00,1.1705,2.6331,3,5,0,13,74,150,0,0,0,0,1.560
12940,1.1824,2.6270,0.00,1.1824,2.6331,3,5,0,13,74,150,0,0,0,0,1.548
12950,1.1944,2.6270,0.00,1.1944,2.6331,3,5,0,13,80,150,0,0,0,0,1.536
12960,1.2063,2.6270,0.00,1.2063,2.6331,3,5,0,13,80,150,0,0,0,0,1.524
12970,1.2182,2.6270,0.00,1.2182,2.6331,3,5,0,13,80,150,0,0,0,0,1.512
12980,1.2302,2.6270,0.00,1.2302,2.6331,3,5,0,13,80,150,0,0,0,0,1.500
12990,1.2421,2.6270,0.00,1.2421,2.6331,3,5,0,13,80,150,0,0,0,0,1.488
13000,1.2540,2.6270,0.00,1.2540,2.6331,3,5,0,13,86,150,0,0,0,0,1.476
13010,1.2660,2.6270,0.00,1.2660,2.6331,3,5,0,13,86,150,0,0,0,0,1.464
13020,1.2779,2.6270,0.00,1.2779,2.6331,3,5,0,13,86,150,0,0,0,0,1.452
13030,1.2899,2.6270,0.00,1.2899,2.6331,3,5,0,13,86,150,0,0,0,0,1.440
13040,1.3018,2.6270,0.00,1.3018,2.6331,3,5,0,13,86,150,0,0,0,0,1.428
13050,1.3137,2.6270,0.00,1.3137,2.6331,3,5,0,13,92,150,0,0,0,0,1.416
13060,1.3257,2.6270,0.00,1.3257,2.6331,3,5,0,13,92,150,0,0,0,0,1.404
13070,1.3376,2.6270,0.00,1.3376,2.6331,3,5,0,13,92,150,0,0,0,0,1.392
13080,1.3496,2.6270,0.00,1.3496,2.6331,3,5,0,13,92,150,0,0,0,0,1.380
13090,1.3615,2.6270,0.00,1.3615,2.6331,3,5,0,13,92,150,0,0,0,0,1.369
13100,1.3734,2.6270,0.00,1.3734,2.6331,3,5,0,13,98,150,0,0,0,0,1.357
13110,1.3854,2.6270,0.00,1.3854,2.6331,3,5,0,13,98,150,0,0,0,0,1.345
13120,1.3973,2.6270,0.00,1.3973,2.6331,3,5,0,13,98,150,0,0,0,0,1.333
13130,1.4092,2.6270,0.00,1.4092,2.6331,3,5,0,13,98,150,0,0,0,0,1.321
13140,1.4212,2.6270,0.00,1.4212,2.6331,3,5,0,13,98,150,0,0,0,0,1.309
13150,1.4331,2.6270,0.00,1.4331,2.6331,3,5,0,13,104,150,0,0,0,0,1.297
13160,1.4451,2.6270,0.00,1.4451,2.6331,3,5,0,13,104,150,0,0,0,0,1.285
13170,1.4570,2.6270,0.00,1.4570,2.6331,3,5,0,13,104,150,0,0,0,0,1.273
13180,1.4689,2.6270,0.00,1.4689,2.6331,3,5,0,13,104,150,0,0,0,0,1.261
13190,1.4809,2.6270,0.00,1.4809,2.6331,3,5,0,13,104,150,0,0,0,0,1.249
13200,1.4928,2.6270,0.00,1.4928,2.6331,3,5,0,13,110,150,0,0,0,0,1.237
13210,1.5047,2.6270,0.00,1.5047,2.6331,3,5,0,13,110,150,0,0,0,0,1.225
13220,1.5167,2.6270,0.00,1.5167,2.6331,3,5,0,13,110,150,0,0,0,0,1.213
13230,1.5286,2.6270,0.00,1.5286,2.6331,3,5,0,13,110,150,0,0,0,0,1.201
13240,1.5406,2.6270,0.00,1.5406,2.6331,3,5,0,13,110,150,0,0,0,0,1.189
13250,1.5525,2.6270,0.00,1.5525,2.6331,3,5,0,13,116,150,0,0,0,0,1.178
13260,1.5644,2.6270,0.00,1.5644,2.6331,3,5,0,13,116,150,0,0,0,0,1.166
13270,1.5764,2.6270,0.00,1.5764,2.6331,3,5,0,13,116,150,0,0,0,0,1.154
13280,1.5883,2.6270,0.00,1.5883,2.6331,3,5,0,13,116,150,0,0,0,0,1.142
13290,1.6003,2.6270,0.00,1.6003,2.6331,3,5,0,13,116,150,0,0,0,0,1.130
13300,1.6122,2.6270,0.00,1.6122,2.6331,3,5,0,13,122,150,0,0,0,0,1.118
13310,1.6241,2.6270,0.00,1.6241,2.6331,3,5,0,13,122,150,0,0,0,0,1.106
13320,1.6361,2.6270,0.00,1.6361,2.6331,3,5,0,13,122,150,0,0,0,0,1.094
13330,1.6480,2.6270,0.00,1.6480,2.6331,3,5,0,13,122,150,0,0,0,0,1.082
13340,1.6599,2.6270,0.00,1.6599,2.6331,3,5,0,13,122,150,0,0,0,0,1.070
13350,1.6719,2.6270,0.00,1.6719,2.6331,3,5,0,13,128,150,0,0,0,0,1.058
13360,1.6838,2.6270,0.00,1.6838,2.6331,3,5,0,13,128,150,0,0,0,0,1.046
13370,1.6958,2.6270,0.00,1.6958,2.6331,3,5,0,13,128,150,0,0,0,0,1.034
13380,1.7077,2.6270,0.00,1.7077,2.6331,3,5,0,13,128,150,0,0,0,0,1.022
13390,1.7196,2.6270,0.00,1.7196,2.6331,3,5,0,13,128,150,0,0,0,0,1.010
13400,1.7316,2.6270,0.00,1.7316,2.6331,3,5,0,13,134,150,0,0,0,0,0.998
13410,1.7435,2.6270,0.00,1.7435,2.6331,3,5,0,13,134,150,0,0,0,0,0.986
13420,1.7554,2.6270,0.00,1.7554,2.6331,3,5,0,13,134,150,0,0,0,0,0.975
13430,1.7674,2.6270,0.00,1.7674,2.6331,3,5,0,13,134,150,0,0,0,0,0.963
13440,1.7793,2.6270,0.00,1.7793,2.6331,3,5,0,13,134,150,0,0,0,0,0.951
13450,1.7913,2.6270,0.00,1.7913,2.6331,3,5,0,13,140,150,0,0,0,0,0.939
13460,1.8032,2.6270,0.00,1.8032,2.6331,3,5,0,13,140,150,0,0,0,0,0.927
13470,1.8151,2.6270,0.00,1.8151,2.6331,3,5,0,13,140,150,0,0,0,0,0.915
13480,1.8271,2.6270,0.00,1.8271,2.6331,3,5,0,13,140,150,0,0,0,0,0.903
13490,1.8390,2.6270,0.00,1.8390,2.6331,3,5,0,13,140,150,0,0,0,0,0.891
13500,1.8510,2.6270,0.00,1.8510,2.6331,3,5,0,13,146,150,0,0,0,0,0.879
13510,1.8629,2.6270,0.00,1.8629,2.6331,3,5,0,13,146,150,0,0,0,0,0.867
13520,1.8748,2.6270,0.00,1.8748,2.6331,3,5,0,13,146,150,0,0,0,0,0.855
13530,1.8868,2.6270,0.00,1.8868,2.6331,3,5,0,13,146,150,0,0,0,0,0.843
13540,1.8987,2.6270,0.00,1.8987,2.6331,3,5,0,13,146,150,0,0,0,0,0.831
13550,1.9106,2.6270,0.00,1.9106,2.6331,3,5,0,13,152,150,0,0,0,0,0.819
13560,1.9226,2.6270,0.00,1.9226,2.6331,3,5,0,13,152,150,0,0,0,0,0.807
13570,1.9345,2.6270,0.00,1.9345,2.6331,3,5,0,13,152,150,0,0,0,0,0.795
13580,1.9465,2.6270,0.00,1.9465,2.6331,3,5,0,13,152,150,0,0,0,0,0.784
13590,1.9584,2.6270,0.00,1.9584,2.6331,3,5,0,13,152,150,0,0,0,0,0.772
13600,1.9703,2.6270,0.00,1.9703,2.6331,3,5,0,13,158,150,0,0,0,0,0.760
13610,1.9823,2.6270,0.00,1.9823,2.6331,3,5,0,13,158,150,0,0,0,0,0.748
13620,1.9942,2.6270,0.00,1.9942,2.6331,3,5,0,13,158,150,0,0,0,0,0.736
13630,2.0061,2.6270,0.00,2.0061,2.6331,3,5,0,13,158,150,0,0,0,0,0.724
13640,2.0181,2.6270,0.00,2.0181,2.6331,3,5,0,13,158,150,0,0,0,0,0.712
13650,2.0300,2.6270,0.00,2.0300,2.6331,3,5,0,13,164,150,0,0,0,0,0.700
13660,2.0420,2.6270,0.00,2.0420,2.6331,3,5,0,13,164,150,0,0,0,0,0.688
13670,2.0539,2.6270,0.00,2.0539,2.6331,3,5,0,13,164,150,0,0,0,0,0.676
13680,2.0658,2.6270,0.00,2.0658,2.6331,3,5,0,13,164,150,0,0,0,0,0.664
13690,2.0778,2.6270,0.00,2.0778,2.6331,3,5,0,13,164,150,0,0,0,0,0.652
13700,2.0897,2.6270,0.00,2.0897,2.6331,3,5,0,140,170,150,0,0,0,0,0.640
13710,2.1016,2.6270,0.00,2.1016,2.6331,3,5,0,140,170,150,0,0,0,0,0.628
13720,2.1136,2.6270,0.00,2.1136,2.6331,3,5,0,140,170,150,0,0,0,0,0.616
13730,2.1255,2.6270,0.00,2.1255,2.6331,3,5,0,140,170,150,0,0,0,0,0.604
13740,2.1375,2.6270,0.00,2.1375,2.6331,3,5,0,140,170,150,0,0,0,0,0.593
13750,2.1494,2.6270,0.00,2.1494,2.6331,3,5,0,140,175,75,0,0,0,0,0.581
13760,2.1612,2.6270,0.00,2.1612,2.6331,3,5,0,140,175,75,0,0,0,0,0.569
13770,2.1729,2.6270,0.00,2.1729,2.6331,3,5,0,140,175,75,0,0,0,0,0.557
13780,2.1843,2.6270,0.00,2.1843,2.6331,3,5,0,140,175,75,0,0,0,0,0.546
13790,2.1955,2.6270,0.00,2.1955,2.6331,3,5,0,140,175,75,0,0,0,0,0.534
13800,2.2065,2.6270,0.00,2.2065,2.6331,3,5,0,140,181,75,0,0,0,0,0.523
13810,2.2174,2.6270,0.00,2.2174,2.6331,3,5,0,140,181,75,0,0,0,0,0.513
13820,2.2280,2.6270,0.00,2.2280,2.6331,3,5,0,140,181,75,0,0,0,0,0.502
13830,2.2384,2.6270,0.00,2.2384,2.6331,3,5,0,140,181,75,0,0,0,0,0.492
13840,2.2487,2.6270,0.00,2.2487,2.6331,3,5,0,140,181,75,0,0,0,0,0.481
13850,2.2587,2.6270,0.00,2.2587,2.6331,3,5,0,140,187,75,0,0,0,0,0.471
13860,2.2685,2.6270,0.00,2.2685,2.6331,3,5,0,140,187,75,0,0,0,0,0.461
13870,2.2781,2.6270,0.00,2.2781,2.6331,3,5,0,140,187,75,0,0,0,0,0.452
13880,2.2876,2.6270,0.00,2.2876,2.6331,3,5,0,140,187,75,0,0,0,0,0.442
13890,2.2968,2.6270,0.00,2.2968,2.6331,3,5,0,140,187,75,0,0,0,0,0.433
13900,2.3058,2.6270,0.00,2.3058,2.6331,3,5,0,140,193,75,0,0,0,0,0.424
13910,2.3147,2.6270,0.00,2.3147,2.6331,3,5,0,140,193,75,0,0,0,0,0.415
13920,2.3233,2.6270,0.00,2.3233,2.6331,3,5,0,140,193,75,0,0,0,0,0.407
13930,2.3317,2.6270,0.00,2.3317,2.6331,3,5,0,140,193,75,0,0,0,0,0.398
13940,2.3399,2.6270,0.00,2.3399,2.6331,3,5,0,140,193,75,0,0,0,0,0.390
13950,2.3480,2.6270,0.00,2.3480,2.6331,3,5,0,140,198,75,0,0,0,0,0.382
13960,2.3558,2.6270,0.00,2.3558,2.6331,3,5,0,140,198,75,0,0,0,0,0.374
13970,2.3634,2.6270,0.00,2.3634,2.6331,3,5,0,140,198,75,0,0,0,0,0.367
13980,2.3708,2.6270,0.00,2.3708,2.6331,3,5,0,140,198,75,0,0,0,0,0.359
13990,2.3781,2.6270,0.00,2.3781,2.6331,3,5,0,140,198,75,0,0,0,0,0.352
14000,2.3851,2.6270,0.00,2.3851,2.6331,3,5,0,140,203,75,0,0,0,0,0.345
14010,2.3919,2.6270,0.00,2.3919,2.6331,3,5,0,140,203,75,0,0,0,0,0.338
14020,2.3986,2.6270,0.00,2.3986,2.6331,3,5,0,140,203,75,0,0,0,0,0.331
14030,2.4050,2.6270,0.00,2.4050,2.6331,3,5,0,140,203,75,0,0,0,0,0.325
14040,2.4112,2.6270,0.00,2.4112,2.6331,3,5,0,140,203,75,0,0,0,0,0.319
14050,2.4172,2.6270,0.00,2.4172,2.6331,3,5,0,140,207,75,0,0,0,0,0.313
14060,2.4232,2.6270,0.00,2.4232,2.6331,3,5,0,140,207,75,0,0,0,0,0.307
14070,2.4292,2.6270,0.00,2.4292,2.6331,3,5,0,140,207,75,0,0,0,0,0.301
14080,2.4352,2.6270,0.00,2.4352,2.6331,3,5,0,140,207,75,0,0,0,0,0.295
14090,2.4411,2.6270,0.00,2.4411,2.6331,3,5,0,140,207,75,0,0,0,0,0.289
14100,2.4471,2.6270,0.00,2.4471,2.6331,3,5,0,140,211,75,0,0,0,0,0.283
14110,2.4531,2.6270,0.00,2.4531,2.6331,3,5,0,140,211,75,0,0,0,0,0.277
14120,2.4590,2.6270,0.00,2.4590,2.6331,3,5,0,140,211,75,0,0,0,0,0.271
14130,2.4650,2.6270,0.00,2.4650,2.6331,3,5,0,140,211,75,0,0,0,0,0.265
14140,2.4710,2.6270,0.00,2.4710,2.6331,3,5,0,140,211,75,0,0,0,0,0.259
14150,2.4769,2.6270,0.00,2.4769,2.6331,3,5,0,140,214,75,0,0,0,0,0.253
14160,2.4829,2.6270,0.00,2.4829,2.6331,3,5,0,140,214,75,0,0,0,0,0.247
14170,2.4889,2.6270,0.00,2.4889,2.6331,3,5,0,140,214,75,0,0,0,0,0.241
14180,2.4948,2.6270,0.00,2.4948,2.6331,3,5,0,140,214,75,0,0,0,0,0.235
14190,2.5008,2.6270,0.00,2.5008,2.6331,3,5,0,140,214,75,0,0,0,0,0.229
14200,2.5068,2.6270,0.00,2.5068,2.6331,3,5,0,140,217,75,0,0,0,0,0.223
14210,2.5128,2.6270,0.00,2.5128,2.6331,3,5,0,140,217,75,0,0,0,0,0.217
14220,2.5187,2.6270,0.00,2.5187,2.6331,3,5,0,140,217,75,0,0,0,0,0.211
14230,2.5247,2.6270,0.00,2.5247,2.6331,3,5,0,140,217,75,0,0,0,0,0.205
14240,2.5307,2.6270,0.00,2.5307,2.6331,3,5,0,140,217,75,0,0,0,0,0.199
14250,2.5366,2.6270,0.00,2.5366,2.6331,3,5,0,140,220,75,0,0,0,0,0.193
14260,2.5426,2.6270,0.00,2.5426,2.6331,3,5,0,140,220,75,0,0,0,0,0.187
14270,2.5486,2.6270,0.00,2.5486,2.6331,3,5,0,140,220,75,0,0,0,0,0.181
14280,2.5545,2.6270,0.00,2.5545,2.6331,3,5,0,140,220,75,0,0,0,0,0.175
14290,2.5605,2.6270,0.00,2.5605,2.6331,3,5,0,140,220,75,0,0,0,0,0.169
14300,2.5665,2.6270,0.00,2.5665,2.6331,3,5,0,140,223,75,0,0,0,0,0.164
14310,2.5724,2.6270,0.00,2.5724,2.6331,3,5,0,140,223,74,0,1,0,0,0.158
14320,2.5783,2.6270,0.00,2.5783,2.6331,3,5,0,140,223,72,0,1,0,0,0.152
14330,2.5840,2.6270,0.00,2.5840,2.6331,3,5,0,140,223,71,0,1,0,0,0.146
14340,2.5896,2.6270,0.00,2.5896,2.6331,3,5,0,140,223,69,0,1,0,0,0.140
14350,2.5951,2.6270,0.00,2.5951,2.6331,3,5,0,140,226,68,0,1,0,0,0.135
14360,2.6004,2.6270,0.00,2.6004,2.6331,3,5,0,140,226,66,0,1,0,0,0.130
14370,2.6056,2.6270,0.00,2.6056,2.6331,3,5,0,140,226,64,0,1,0,0,0.124
14380,2.6107,2.6270,0.00,2.6107,2.6331,3,5,0,140,226,63,0,1,0,0,0.119
14390,2.6157,2.6270,0.00,2.6157,2.6331,3,5,0,140,226,61,0,1,0,0,0.114
14400,2.6205,2.6270,0.00,2.6205,2.6331,3,5,0,140,229,60,0,1,0,0,0.110
14410,2.6252,2.6270,0.00,2.6252,2.6331,3,5,0,140,229,58,0,1,0,0,0.105
14420,2.6298,2.6270,0.00,2.6298,2.6331,3,5,0,140,229,56,0,1,0,0,0.100
14430,2.6342,2.6270,0.00,2.6342,2.6331,3,5,0,140,229,55,0,1,0,0,0.096
14440,2.6385,2.6270,0.00,2.6385,2.6331,3,5,0,140,229,53,0,1,0,0,0.091
14450,2.6427,2.6270,0.00,2.6427,2.6331,4,5,0,140,232,0,0,0,0,0,1000.000
14460,2.6468,2.6270,0.00,2.6468,2.6331,4,5,0,140,232,0,0,0,0,0,1000.000
14470,2.6506,2.6270,0.00,2.6506,2.6331,4,5,0,140,232,0,0,0,0,0,1000.000
14480,2.6543,2.6270,0.00,2.6543,2.6331,4,5,0,140,232,0,0,0,0,0,1000.000
14490,2.6577,2.6270,0.00,2.6577,2.6331,4,5,0,140,232,0,0,0,0,0,1000.000
14500,2.6610,2.6270,0.00,2.6610,2.6331,4,5,0,140,235,0,0,0,0,0,1000.000
14510,2.6640,2.6270,0.00,2.6640,2.6331,4,5,0,140,235,0,0,0,0,0,1000.000
14520,2.6669,2.6270,0.00,2.6669,2.6331,4,5,0,140,235,0,0,0,0,0,1000.000
14530,2.6695,2.6270,0.00,2.6695,2.6331,4,5,0,140,235,0,0,0,0,0,1000.000
14540,2.6720,2.6270,0.00,2.6720,2.6331,4,5,0,140,235,0,0,0,0,0,1000.000
14550,2.6742,2.6270,0.00,2.6742,2.6331,4,5,0,140,237,0,0,0,0,0,1000.000
14560,2.6763,2.6270,0.00,2.6763,2.6331,4,5,0,140,237,0,0,0,0,0,1000.000
14570,2.6781,2.6270,0.00,2.6781,2.6331,4,5,0,140,237,0,0,0,0,0,1000.000
14580,2.6798,2.6270,0.00,2.6798,2.6331,4,5,0,140,237,0,0,0,0,0,1000.000
14590,2.6812,2.6270,0.00,2.6812,2.6331,4,5,0,140,237,0,0,0,0,0,1000.000
14600,2.6825,2.6270,0.00,2.6825,2.6331,4,5,0,140,239,0,0,0,0,0,1000.000
14610,2.6835,2.6270,0.00,2.6835,2.6331,4,5,0,140,239,0,0,0,0,0,1000.000
14620,2.6844,2.6270,0.00,2.6844,2.6331,4,5,0,140,239,0,0,0,0,0,1000.000
14630,2.6850,2.6270,0.00,2.6850,2.6331,4,5,0,140,239,0,0,0,0,0,1000.000
14640,2.6855,2.6270,0.00,2.6855,2.6331,4,5,0,140,239,0,0,0,0,0,1000.000
14650,2.6857,2.6270,0.00,2.6857,2.6331,4,5,0,140,240,0,0,0,0,0,1000.000
14660,2.6858,2.6270,0.00,2.6858,2.6331,4,5,0,140,240,0,0,0,0,0,1000.000
14670,2.6858,2.6270,0.00,2.6858,2.6331,4,5,0,140,240,0,0,0,0,0,1000.000
14680,2.6858,2.6270,0.00,2.6858,2.6331,4,5,0,140,240,0,0,0,0,0,1000.000
14690,2.6858,2.6270,0.00,2.6858,2.6331,4,5,0,140,240,0,0,0,0,0,1000.000
14700,2.6858,2.6270,0.00,2.6858,2.6331,4,5,0,140,240,0,0,0,0,0,1000.000
14710,2.6858,2.6270,0.00,2.6858,2.6331,4,5,0,140,240,0,0,0,0,0,1000.000
14720,2.6858,2.6270,0.00,2.6858,2.6331,4,5,0,140,240,0,0,0,0,0,1000.000
14730,2.6858,2.6270,0.00,2.6858,2.6331,4,5,0,140,240,0,0,0,0,0,1000.000
14740,2.6858,2.6270,0.00,2.6858,2.6331,4,5,0,140,240,0,0,0,0,0,1000.000
14750,2.6858,2.6270,0.00,2.6858,2.6331,4,5,0,140,240,0,0,0,0,0,1000.000
14760,2.6858,2.6270,0.00,2.6858,2.6331,4,5,0,140,240,0,0,0,0,0,1000.000
14770,2.6858,2.6270,0.00,2.6858,2.6331,4,5,0,140,240,0,0,0,0,0,1000.000
14780,2.6858,2.6270,0.00,2.6858,2.6331,4,5,0,140,240,0,0,0,0,0,1000.000
14790,2.6858,2.6270,0.00,2.6858,2.6331,4,5,0,140,240,0,0,0,0,0,1000.000
14800,2.6858,2.6270,0.00,2.6858,2.6331,4,5,0,140,240,0,0,0,0,0,1000.000
14810,2.6858,2.6270,0.00,2.6858,2.6331,4,5,0,140,240,0,0,0,0,0,1000.000
14820,2.6858,2.6270,0.00,2.6858,2.6331,4,5,0,140,240,0,0,0,0,0,1000.000
14830,2.6858,2.6270,0.00,2.6858,2.6331,4,5,0,140,240,0,0,0,0,0,1000.000
14840,2.6858,2.6270,0.00,2.6858,2.6331,4,5,0,140,240,0,0,0,0,0,1000.000
14850,2.6858,2.6270,0.00,2.6858,2.6331,4,5,0,140,240,0,150,0,0,0,3.038
14860,2.6858,2.6271,0.00,2.6858,2.6332,4,5,0,140,240,0,150,0,0,0,3.038
14870,2.6858,2.6274,0.00,2.6858,2.6335,4,5,0,140,240,0,150,0,0,0,3.038
14880,2.6858,2.6279,0.00,2.6858,2.6340,4,5,0,140,240,0,150,0,0,0,3.038
14890,2.6858,2.6286,0.00,2.6858,2.6347,4,5,0,140,240,0,150,0,0,0,3.037
14900,2.6858,2.6295,0.00,2.6858,2.6355,4,5,0,140,240,0,150,0,0,0,3.036
14910,2.6858,2.6306,0.00,2.6858,2.6366,4,5,0,140,240,0,150,0,0,0,3.035
14920,2.6858,2.6319,0.00,2.6858,2.6379,4,5,0,140,240,0,150,0,0,0,3.034
14930,2.6858,2.6333,0.00,2.6858,2.6394,4,5,0,140,240,0,150,0,0,0,3.032
14940,2.6858,2.6350,0.00,2.6858,2.6411,4,5,0,140,240,0,150,0,0,0,3.030
14950,2.6858,2.6369,0.00,2.6858,2.6430,4,5,0,140,240,0,150,0,0,0,3.029
14960,2.6858,2.6390,0.00,2.6858,2.6451,4,5,0,140,240,0,150,0,0,0,3.026
14970,2.6858,2.6413,0.00,2.6858,2.6474,4,5,0,140,240,0,150,0,0,0,3.024
14980,2.6858,2.6438,0.00,2.6858,2.6499,4,5,0,140,240,0,150,0,0,0,3.022
14990,2.6858,2.6465,0.00,2.6858,2.6526,4,5,0,140,240,0,150,0,0,0,3.019
15000,2.6858,2.6494,0.00,2.6858,2.6554,4,5,0,140,240,0,150,0,0,0,3.016
15010,2.6858,2.6525,0.00,2.6858,2.6585,4,5,0,140,240,0,150,0,0,0,3.013
15020,2.6858,2.6558,0.00,2.6858,2.6618,4,5,0,140,240,0,150,0,0,0,3.010
15030,2.6858,2.6592,0.00,2.6858,2.6653,4,5,0,140,240,0,150,0,0,0,3.006
15040,2.6858,2.6629,0.00,2.6858,2.6690,4,5,0,140,240,0,150,0,0,0,3.002
15050,2.6858,2.6668,0.00,2.6858,2.6729,4,5,0,140,240,0,150,0,0,0,2.999
15060,2.6858,2.6709,0.00,2.6858,2.6770,4,5,0,140,240,0,150,0,0,0,2.995
15070,2.6858,2.6752,0.00,2.6858,2.6813,4,5,0,140,240,0,150,0,0,0,2.990
15080,2.6858,2.6797,0.00,2.6858,2.6858,4,5,0,140,240,0,150,0,0,0,2.986
15090,2.6858,2.6844,0.00,2.6858,2.6905,4,5,0,140,240,0,150,0,0,0,2.981
15100,2.6858,2.6893,0.00,2.6858,2.6953,4,5,0,140,240,0,150,0,0,0,2.976
15110,2.6858,2.6944,0.00,2.6858,2.7004,4,5,0,140,240,0,150,0,0,0,2.971
15120,2.6858,2.6997,0.00,2.6858,2.7057,4,5,0,140,240,0,150,0,0,0,2.966
15130,2.6858,2.7051,0.00,2.6858,2.7112,4,5,0,140,240,0,150,0,0,0,2.960
15140,2.6858,2.7108,0.00,2.6858,2.7169,4,5,0,140,240,0,150,0,0,0,2.955
15150,2.6858,2.7167,0.00,2.6858,2.7228,4,5,0,140,240,0,150,0,0,0,2.949
15160,2.6858,2.7228,0.00,2.6858,2.7289,4,5,0,140,240,0,150,0,0,0,2.943
15170,2.6858,2.7291,0.00,2.6858,2.7352,4,5,0,140,240,0,150,0,0,0,2.936
15180,2.6858,2.7356,0.00,2.6858,2.7417,4,5,0,140,240,0,150,0,0,0,2.930
15190,2.6858,2.7423,0.00,2.6858,2.7484,4,5,0,140,240,0,150,0,0,0,2.923
15200,2.6858,2.7492,0.00,2.6858,2.7552,4,5,0,140,240,0,150,0,0,0,2.916
15210,2.6858,2.7563,0.00,2.6858,2.7623,4,5,0,140,240,0,150,0,0,0,2.909
15220,2.6858,2.7636,0.00,2.6858,2.7696,4,5,0,140,240,0,150,0,0,0,2.902
15230,2.6858,2.7710,0.00,2.6858,2.7771,4,5,0,140,240,0,150,0,0,0,2.894
15240,2.6858,2.7787,0.00,2.6858,2.7848,4,5,0,140,240,0,150,0,0,0,2.887
15250,2.6858,2.7866,0.00,2.6858,2.7927,4,5,0,140,240,0,150,0,0,0,2.879
15260,2.6858,2.7947,0.00,2.6858,2.8008,4,5,0,140,240,0,150,0,0,0,2.871
15270,2.6858,2.8030,0.00,2.6858,2.8091,4,5,0,140,240,0,150,0,0,0,2.862
15280,2.6858,2.8115,0.00,2.6858,2.8176,4,5,0,140,240,0,150,0,0,0,2.854
15290,2.6858,2.8202,0.00,2.6858,2.8263,4,5,0,140,240,0,150,0,0,0,2.845
15300,2.6858,2.8291,0.00,2.6858,2.8351,4,5,0,140,240,0,150,0,0,0,2.836
15310,2.6858,2.8382,0.00,2.6858,2.8442,4,5,0,140,240,0,150,0,0,0,2.827
15320,2.6858,2.8475,0.00,2.6858,2.8535,4,5,0,140,240,0,150,0,0,0,2.818
15330,2.6858,2.8569,0.00,2.6858,2.8630,4,5,0,140,240,0,150,0,0,0,2.808
15340,2.6858,2.8666,0.00,2.6858,2.8727,4,5,0,140,240,0,150,0,0,0,2.799
15350,2.6858,2.8765,0.00,2.6858,2.8826,4,5,0,140,240,0,150,0,0,0,2.789
15360,2.6858,2.8866,0.00,2.6858,2.8927,4,5,0,140,240,0,150,0,0,0,2.779
15370,2.6858,2.8969,0.00,2.6858,2.9030,4,5,0,140,240,0,150,0,0,0,2.769
15380,2.6858,2.9074,0.00,2.6858,2.9135,4,5,0,140,240,0,150,0,0,0,2.758
15390,2.6858,2.9181,0.00,2.6858,2.9242,4,5,0,140,240,0,150,0,0,0,2.747
15400,2.6858,2.9290,0.00,2.6858,2.9350,4,5,0,140,240,0,150,0,0,0,2.736
15410,2.6858,2.9401,0.00,2.6858,2.9461,4,5,0,140,240,0,150,0,0,0,2.725
15420,2.6858,2.9514,0.00,2.6858,2.9574,4,5,0,140,240,0,150,0,0,0,2.714
15430,2.6858,2.9628,0.00,2.6858,2.9689,4,5,0,140,240,0,150,0,0,0,2.703
15440,2.6858,2.9745,0.00,2.6858,2.9806,4,5,0,140,240,0,150,0,0,0,2.691
15450,2.6858,2.9864,0.00,2.6858,2.9925,4,5,0,140,240,0,150,0,0,0,2.679
15460,2.6858,2.9984,0.00,2.6858,3.0044,4,5,0,140,240,0,150,0,0,0,2.667
15470,2.6858,3.0103,0.00,2.6858,3.0164,4,5,0,140,240,0,150,0,0,0,2.655
15480,2.6858,3.0222,0.00,2.6858,3.0283,4,5,0,140,240,0,150,0,0,0,2.643
15490,2.6858,3.0342,0.00,2.6858,3.0402,4,5,0,140,240,0,150,0,0,0,2.631
15500,2.6858,3.0461,0.00,2.6858,3.0522,4,5,0,140,240,0,150,0,0,0,2.619
15510,2.6858,3.0580,0.00,2.6858,3.0641,4,5,0,140,240,0,150,0,0,0,2.607
15520,2.6858,3.0700,0.00,2.6858,3.0761,4,5,0,140,240,0,150,0,0,0,2.595
15530,2.6858,3.0819,0.00,2.6858,3.0880,4,5,0,140,240,0,150,0,0,0,2.584
15540,2.6858,3.0939,0.00,2.6858,3.0999,4,5,0,140,240,0,150,0,0,0,2.572
15550,2.6858,3.1058,0.00,2.6858,3.1119,4,5,0,140,51,0,150,0,0,0,2.560
15560,2.6858,3.1177,0.00,2.6858,3.1238,4,5,0,140,51,0,150,0,0,0,2.548
15570,2.6858,3.1297,0.00,2.6858,3.1357,4,5,0,140,51,0,150,0,0,0,2.536
15580,2.6858,3.1416,0.00,2.6858,3.1477,4,5,0,140,51,0,150,0,0,0,2.524
15590,2.6858,3.1536,0.00,2.6858,3.1596,4,5,0,140,51,0,150,0,0,0,2.512
15600,2.6858,3.1655,0.00,2.6858,3.1716,4,5,0,140,51,0,150,0,0,0,2.500
15610,2.6858,3.1774,0.00,2.6858,3.1835,4,5,0,140,51,0,150,0,0,0,2.488
15620,2.6858,3.1894,0.00,2.6858,3.1954,4,5,0,140,51,0,150,0,0,0,2.476
15630,2.6858,3.2013,0.00,2.6858,3.2074,4,5,0,140,51,0,150,0,0,0,2.464
15640,2.6858,3.2132,0.00,2.6858,3.2193,4,5,0,140,51,0,150,0,0,0,2.452
15650,2.6858,3.2252,0.00,2.6858,3.2313,4,5,0,140,51,0,75,0,0,0,2.440
15660,2.6858,3.2370,0.00,2.6858,3.2431,4,5,0,140,51,0,75,0,0,0,2.428
15670,2.6858,3.2486,0.00,2.6858,3.2547,4,5,0,140,51,0,75,0,0,0,2.417
15680,2.6858,3.2601,0.00,2.6858,3.2661,4,5,0,140,51,0,75,0,0,0,2.405
15690,2.6858,3.2713,0.00,2.6858,3.2774,4,5,0,140,51,0,75,0,0,0,2.394
15700,2.6858,3.2823,0.00,2.6858,3.2884,4,5,0,140,240,0,75,0,0,0,2.383
15710,2.6858,3.2932,0.00,2.6858,3.2992,4,5,0,140,240,0,75,0,0,0,2.372
15720,2.6858,3.3038,0.00,2.6858,3.3098,4,5,0,140,240,0,75,0,0,0,2.362
15730,2.6858,3.3142,0.00,2.6858,3.3203,4,5,0,140,240,0,75,0,0,0,2.351
15740,2.6858,3.3244,0.00,2.6858,3.3305,4,5,0,140,240,0,75,0,0,0,2.341
15750,2.6858,3.3345,0.00,2.6858,3.3405,4,5,0,140,240,0,75,0,0,0,2.331
15760,2.6858,3.3443,0.00,2.6858,3.3504,4,5,0,140,240,0,75,0,0,0,2.321
15770,2.6858,3.3539,0.00,2.6858,3.3600,4,5,0,140,240,0,75,0,0,0,2.312
15780,2.6858,3.3633,0.00,2.6858,3.3694,4,5,0,140,240,0,75,0,0,0,2.302
15790,2.6858,3.3726,0.00,2.6858,3.3786,4,5,0,140,240,0,75,0,0,0,2.293
15800,2.6858,3.3816,0.00,2.6858,3.3877,4,5,0,140,240,0,75,0,0,0,2.284
15810,2.6858,3.3904,0.00,2.6858,3.3965,4,5,0,140,240,0,75,0,0,0,2.275
15820,2.6858,3.3991,0.00,2.6858,3.4051,4,5,0,140,240,0,75,0,0,0,2.266
15830,2.6858,3.4075,0.00,2.6858,3.4136,4,5,0,140,240,0,75,0,0,0,2.258
15840,2.6858,3.4157,0.00,2.6858,3.4218,4,5,0,140,240,0,75,0,0,0,2.250
15850,2.6858,3.4237,0.00,2.6858,3.4298,4,5,0,140,240,0,75,0,0,0,2.242
15860,2.6858,3.4316,0.00,2.6858,3.4376,4,5,0,140,240,0,75,0,0,0,2.234
15870,2.6858,3.4392,0.00,2.6858,3.4453,4,5,0,140,240,0,75,0,0,0,2.226
15880,2.6858,3.4466,0.00,2.6858,3.4527,4,5,0,140,240,0,75,0,0,0,2.219
15890,2.6858,3.4539,0.00,2.6858,3.4599,4,5,0,140,240,0,75,0,0,0,2.212
15900,2.6858,3.4609,0.00,2.6858,3.4670,4,5,0,140,240,0,75,0,0,0,2.205
15910,2.6858,3.4677,0.00,2.6858,3.4738,4,5,0,140,240,0,75,0,0,0,2.198
15920,2.6858,3.4743,0.00,2.6858,3.4804,4,5,0,140,240,0,75,0,0,0,2.191
15930,2.6858,3.4808,0.00,2.6858,3.4868,4,5,0,140,240,0,75,0,0,0,2.185
15940,2.6858,3.4870,0.00,2.6858,3.4931,4,5,0,140,240,0,75,0,0,0,2.178
15950,2.6858,3.4930,0.00,2.6858,3.4991,4,5,0,140,240,0,75,0,0,0,2.172
15960,2.6858,3.4990,0.00,2.6858,3.5051,4,5,0,140,240,0,75,0,0,0,2.166
15970,2.6858,3.5050,0.00,2.6858,3.5110,4,5,0,140,240,0,75,0,0,0,2.160
15980,2.6858,3.5109,0.00,2.6858,3.5170,4,5,0,140,240,0,75,0,0,0,2.154
15990,2.6858,3.5169,0.00,2.6858,3.5230,4,5,0,140,240,0,75,0,0,0,2.149
16000,2.6858,3.5229,0.00,2.6858,3.5289,4,5,0,140,240,0,75,0,0,0,2.143
16010,2.6858,3.5288,0.00,2.6858,3.5349,4,5,0,140,240,0,75,0,0,0,2.137
16020,2.6858,3.5348,0.00,2.6858,3.5409,4,5,0,140,240,0,75,0,0,0,2.131
16030,2.6858,3.5408,0.00,2.6858,3.5469,4,5,0,140,240,0,75,0,0,0,2.125
16040,2.6858,3.5467,0.00,2.6858,3.5528,4,5,0,140,240,0,75,0,0,0,2.119
16050,2.6858,3.5527,0.00,2.6858,3.5588,4,5,0,140,240,0,75,0,0,0,2.113
16060,2.6858,3.5587,0.00,2.6858,3.5648,4,5,0,140,240,0,75,0,0,0,2.107
16070,2.6858,3.5647,0.00,2.6858,3.5707,4,5,0,140,240,0,75,0,0,0,2.101
16080,2.6858,3.5706,0.00,2.6858,3.5767,4,5,0,140,240,0,75,0,0,0,2.095
16090,2.6858,3.5766,0.00,2.6858,3.5827,4,5,0,140,240,0,75,0,0,0,2.089
16100,2.6858,3.5826,0.00,2.6858,3.5886,4,5,0,140,240,0,75,0,0,0,2.083
16110,2.6858,3.5885,0.00,2.6858,3.5946,4,5,0,140,240,0,75,0,0,0,2.077
16120,2.6858,3.5945,0.00,2.6858,3.6006,4,5,0,140,240,0,75,0,0,0,2.071
16130,2.6858,3.6005,0.00,2.6858,3.6065,4,5,0,140,240,0,75,0,0,0,2.065
16140,2.6858,3.6064,0.00,2.6858,3.6125,4,5,0,140,240,0,75,0,0,0,2.059
16150,2.6858,3.6124,0.00,2.6858,3.6185,4,5,0,140,240,0,75,0,0,0,2.053
16160,2.6858,3.6184,0.00,2.6858,3.6244,4,5,0,140,240,0,75,0,0,0,2.047
16170,2.6858,3.6243,0.00,2.6858,3.6304,4,5,0,140,240,0,75,0,0,0,2.041
16180,2.6858,3.6303,0.00,2.6858,3.6364,4,5,0,140,240,0,75,0,0,0,2.035
16190,2.6858,3.6363,0.00,2.6858,3.6424,4,5,0,140,240,0,75,0,0,0,2.029
16200,2.6858,3.6423,0.00,2.6858,3.6483,4,5,0,140,240,0,75,0,0,0,2.023
16210,2.6858,3.6482,0.00,2.6858,3.6543,4,5,0,140,240,0,75,0,0,0,2.017
16220,2.6858,3.6542,0.00,2.6858,3.6603,4,5,0,140,240,0,75,0,0,0,2.011
16230,2.6858,3.6602,0.00,2.6858,3.6662,4,5,0,140,240,0,75,0,0,0,2.005
16240,2.6858,3.6661,0.00,2.6858,3.6722,4,5,0,140,240,0,75,0,0,0,1.999
16250,2.6858,3.6721,0.00,2.6858,3.6782,4,5,0,140,240,0,75,0,0,0,1.993
16260,2.6858,3.6781,0.00,2.6858,3.6841,4,5,0,140,240,0,75,0,0,0,1.987
16270,2.6858,3.6840,0.00,2.6858,3.6901,4,5,0,140,240,0,75,0,0,0,1.981
16280,2.6858,3.6900,0.00,2.6858,3.6961,4,5,0,140,240,0,75,0,0,0,1.975
16290,2.6858,3.6960,0.00,2.6858,3.7020,5,5,0,140,240,0,75,0,0,0,1.969
16300,2.6858,3.7019,0.00,2.6858,3.7080,5,5,0,140,240,0,0,0,0,0,1000.000
16310,2.6858,3.7078,0.00,2.6858,3.7139,5,5,0,140,240,0,0,0,0,0,1000.000
16320,2.6858,3.7135,0.00,2.6858,3.7196,5,5,0,140,240,0,0,0,0,0,1000.000
16330,2.6858,3.7190,0.00,2.6858,3.7251,5,5,0,140,240,0,0,0,0,0,1000.000
16340,2.6858,3.7243,0.00,2.6858,3.7303,5,5,0,140,240,0,0,0,0,0,1000.000
16350,2.6858,3.7293,0.00,2.6858,3.7354,5,5,0,140,240,0,0,0,0,0,1000.000
16360,2.6858,3.7342,0.00,2.6858,3.7403,5,5,0,140,240,0,0,0,0,0,1000.000
16370,2.6858,3.7389,0.00,2.6858,3.7450,5,5,0,140,240,0,0,0,0,0,1000.000
16380,2.6858,3.7434,0.00,2.6858,3.7494,5,5,0,140,240,0,0,0,0,0,1000.000
16390,2.6858,3.7477,0.00,2.6858,3.7537,5,5,0,140,240,0,0,0,0,0,1000.000
16400,2.6858,3.7517,0.00,2.6858,3.7578,5,5,0,140,240,0,0,0,0,0,1000.000
16410,2.6858,3.7556,0.00,2.6858,3.7617,5,5,0,140,240,0,0,0,0,0,1000.000
16420,2.6858,3.7593,0.00,2.6858,3.7654,5,5,0,140,240,0,0,0,0,0,1000.000
16430,2.6858,3.7628,0.00,2.6858,3.7688,5,5,0,140,240,0,0,0,0,0,1000.000
16440,2.6858,3.7660,0.00,2.6858,3.7721,5,5,0,140,240,0,0,0,0,0,1000.000
16450,2.6858,3.7691,0.00,2.6858,3.7752,5,5,0,140,240,0,0,0,0,0,1000.000
16460,2.6858,3.7720,0.00,2.6858,3.7781,5,5,0,140,240,0,0,0,0,0,1000.000
16470,2.6858,3.7747,0.00,2.6858,3.7808,5,5,0,140,240,0,0,0,0,0,1000.000
16480,2.6858,3.7772,0.00,2.6858,3.7832,5,5,0,140,240,0,0,0,0,0,1000.000
16490,2.6858,3.7794,0.00,2.6858,3.7855,5,5,0,140,240,0,0,0,0,0,1000.000
16500,2.6858,3.7815,0.00,2.6858,3.7876,5,5,0,140,240,0,0,0,0,0,1000.000
16510,2.6858,3.7834,0.00,2.6858,3.7895,5,5,0,140,240,0,0,0,0,0,1000.000
16520,2.6858,3.7851,0.00,2.6858,3.7912,5,5,0,140,240,0,0,0,0,0,1000.000
16530,2.6858,3.7866,0.00,2.6858,3.7926,5,5,0,140,240,0,0,0,0,0,1000.000
16540,2.6858,3.7878,0.00,2.6858,3.7939,5,5,0,140,240,0,0,0,0,0,1000.000
16550,2.6858,3.7889,0.00,2.6858,3.7950,5,5,0,140,240,0,0,0,0,0,1000.000
16560,2.6858,3.7898,0.00,2.6858,3.7959,5,5,0,140,240,0,0,0,0,0,1000.000
16570,2.6858,3.7905,0.00,2.6858,3.7965,5,5,0,140,240,0,0,0,0,0,1000.000
16580,2.6858,3.7910,0.00,2.6858,3.7970,5,5,0,140,240,0,0,0,0,0,1000.000
16590,2.6858,3.7912,0.00,2.6858,3.7973,5,5,0,140,240,0,0,0,0,0,1000.000
16600,2.6858,3.7913,0.00,2.6858,3.7974,5,5,0,140,240,0,0,0,0,0,1000.000
16610,2.6858,3.7913,0.00,2.6858,3.7974,5,5,0,140,240,0,0,0,0,0,1000.000
16620,2.6858,3.7913,0.00,2.6858,3.7974,5,5,0,140,240,0,0,0,0,0,1000.000
16630,2.6858,3.7913,0.00,2.6858,3.7974,5,5,0,140,240,0,0,0,0,0,1000.000
16640,2.6858,3.7913,0.00,2.6858,3.7974,5,5,0,140,240,0,0,0,0,0,1000.000
16650,2.6858,3.7913,0.00,2.6858,3.7974,5,5,0,140,240,0,0,0,0,0,1000.000
16660,2.6858,3.7913,0.00,2.6858,3.7974,5,5,0,140,240,0,0,0,0,0,1000.000
16670,2.6858,3.7913,0.00,2.6858,3.7974,5,5,0,140,240,0,0,0,0,0,1000.000
16680,2.6858,3.7913,0.00,2.6858,3.7974,5,5,0,140,240,0,0,0,0,0,1000.000
16690,2.6858,3.7913,0.00,2.6858,3.7974,5,5,0,140,240,0,0,0,0,0,1000.000
16700,2.6858,3.7913,0.00,2.6858,3.7974,5,5,0,140,240,-75,0,0,0,0,2.416
16710,2.6857,3.7913,0.00,2.6857,3.7974,5,5,0,140,240,-75,0,0,0,0,2.416
16720,2.6854,3.7913,0.00,2.6854,3.7974,5,5,0,140,240,-75,0,0,0,0,2.415
16730,2.6849,3.7913,0.00,2.6849,3.7974,5,5,0,140,240,-75,0,0,0,0,2.415
16740,2.6842,3.7913,0.00,2.6842,3.7974,5,5,0,140,240,-75,0,0,0,0,2.414
16750,2.6833,3.7913,0.00,2.6833,3.7974,5,5,0,140,240,-75,0,0,0,0,2.413
16760,2.6822,3.7913,0.00,2.6822,3.7974,5,5,0,140,240,-75,0,0,0,0,2.412
16770,2.6810,3.7913,0.00,2.6810,3.7974,5,5,0,140,240,-75,0,0,0,0,2.411
16780,2.6795,3.7913,0.00,2.6795,3.7974,5,5,0,140,240,-75,0,0,0,0,2.409
16790,2.6778,3.7913,0.00,2.6778,3.7974,5,5,0,140,240,-75,0,0,0,0,2.408
16800,2.6759,3.7913,0.00,2.6759,3.7974,5,5,0,140,240,-75,0,0,0,0,2.406
16810,2.6738,3.7913,0.00,2.6738,3.7974,5,5,0,140,240,-75,0,0,0,0,2.404
16820,2.6716,3.7913,0.00,2.6716,3.7974,5,5,0,140,240,-75,0,0,0,0,2.402
16830,2.6691,3.7913,0.00,2.6691,3.7974,5,5,0,140,240,-75,0,0,0,0,2.399
16840,2.6664,3.7913,0.00,2.6664,3.7974,5,5,0,140,240,-75,0,0,0,0,2.396
16850,2.6635,3.7913,0.00,2.6635,3.7974,5,5,0,140,239,-75,0,0,0,0,2.394
16860,2.6605,3.7913,0.00,2.6605,3.7974,5,5,0,140,239,-75,0,0,0,0,2.390
16870,2.6572,3.7913,0.00,2.6572,3.7974,5,5,0,140,239,-75,0,0,0,0,2.387
16880,2.6537,3.7913,0.00,2.6537,3.7974,5,5,0,140,239,-75,0,0,0,0,2.384
16890,2.6500,3.7913,0.00,2.6500,3.7974,5,5,0,140,239,-75,0,0,0,0,2.380
16900,2.6462,3.7913,0.00,2.6462,3.7974,5,5,0,140,237,-75,0,0,0,0,2.376
16910,2.6421,3.7913,0.00,2.6421,3.7974,5,5,0,140,237,-75,0,0,0,0,2.372
16920,2.6378,3.7913,0.00,2.6378,3.7974,5,5,0,140,237,-75,0,0,0,0,2.368
16930,2.6334,3.7913,0.00,2.6334,3.7974,5,5,0,140,237,-75,0,0,0,0,2.363
16940,2.6287,3.7913,0.00,2.6287,3.7974,5,5,0,140,237,-75,0,0,0,0,2.359
16950,2.6238,3.7913,0.00,2.6238,3.7974,5,5,0,140,235,-75,0,0,0,0,2.354
16960,2.6188,3.7913,0.00,2.6188,3.7974,5,5,0,140,235,-75,0,0,0,0,2.349
16970,2.6135,3.7913,0.00,2.6135,3.7974,5,5,0,140,235,-75,0,0,0,0,2.344
16980,2.6080,3.7913,0.00,2.6080,3.7974,5,5,0,140,235,-75,0,0,0,0,2.338
16990,2.6024,3.7913,0.00,2.6024,3.7974,5,5,0,140,235,-75,0,0,0,0,2.332
17000,2.5965,3.7913,0.00,2.5965,3.7974,5,5,0,140,232,-75,0,0,0,0,2.327
17010,2.5906,3.7913,0.00,2.5906,3.7974,5,5,0,140,232,-75,0,0,0,0,2.321
17020,2.5846,3.7913,0.00,2.5846,3.7974,5,5,0,140,232,-75,0,0,0,0,2.315
17030,2.5786,3.7913,0.00,2.5786,3.7974,5,5,0,140,232,-75,0,0,0,0,2.309
17040,2.5726,3.7913,0.00,2.5726,3.7974,5,5,0,140,232,-75,0,0,0,0,2.303
17050,2.5667,3.7913,0.00,2.5667,3.7974,5,5,0,140,229,-75,0,0,0,0,2.297
17060,2.5607,3.7913,0.00,2.5607,3.7974,5,5,0,140,229,-75,0,0,0,0,2.291
17070,2.5547,3.7913,0.00,2.5547,3.7974,5,5,0,140,229,-75,0,0,0,0,2.285
17080,2.5488,3.7913,0.00,2.5488,3.7974,5,5,0,140,229,-75,0,0,0,0,2.279
17090,2.5428,3.7913,0.00,2.5428,3.7974,5,5,0,140,229,-75,0,0,0,0,2.273
17100,2.5368,3.7913,0.00,2.5368,3.7974,5,5,0,140,226,-75,0,0,0,0,2.267
17110,2.5309,3.7913,0.00,2.5309,3.7974,5,5,0,140,226,-75,0,0,0,0,2.261
17120,2.5249,3.7913,0.00,2.5249,3.7974,5,5,0,140,226,-75,0,0,0,0,2.255
17130,2.5189,3.7913,0.00,2.5189,3.7974,5,5,0,140,226,-75,0,0,0,0,2.249
17140,2.5130,3.7913,0.00,2.5130,3.7974,5,5,0,140,226,-75,0,0,0,0,2.243
17150,2.5070,3.7913,0.00,2.5070,3.7974,5,5,0,140,223,-75,0,0,0,0,2.237
17160,2.5010,3.7913,0.00,2.5010,3.7974,5,5,0,140,223,-75,0,0,0,0,2.231
17170,2.4951,3.7913,0.00,2.4951,3.7974,6,5,1,140,223,-75,0,0,0,0,2.225
17180,2.4891,3.7913,0.00,2.4891,3.7974,6,5,1,140,223,-75,0,0,0,0,2.219
17190,2.4831,3.7913,0.00,2.4831,3.7974,6,5,1,140,223,-75,0,0,0,0,2.213
17200,2.4771,3.7913,0.00,2.4771,3.7974,6,5,1,140,220,0,0,0,0,0,1000.000
17210,2.4713,3.7913,0.00,2.4713,3.7974,6,5,1,140,220,0,0,0,0,0,1000.000
17220,2.4656,3.7913,0.00,2.4656,3.7974,6,5,1,140,220,0,0,0,0,0,1000.000
17230,2.4601,3.7913,0.00,2.4601,3.7974,6,5,1,140,220,0,0,0,0,0,1000.000
17240,2.4548,3.7913,0.00,2.4548,3.7974,6,5,1,140,220,0,0,0,0,0,1000.000
17250,2.4497,3.7913,0.00,2.4497,3.7974,6,5,1,140,218,0,0,0,0,0,1000.000
17260,2.4449,3.7913,0.00,2.4449,3.7974,6,5,1,140,218,0,0,0,0,0,1000.000
17270,2.4402,3.7913,0.00,2.4402,3.7974,6,5,1,140,218,0,0,0,0,0,1000.000
17280,2.4357,3.7913,0.00,2.4357,3.7974,6,5,1,140,218,0,0,0,0,0,1000.000
17290,2.4314,3.7913,0.00,2.4314,3.7974,6,5,1,140,218,0,0,0,0,0,1000.000
17300,2.4274,3.7913,0.00,2.4274,3.7974,6,5,1,140,215,0,0,0,0,0,1000.000
17310,2.4235,3.7913,0.00,2.4235,3.7974,6,5,1,140,215,0,0,0,0,0,1000.000
17320,2.4198,3.7913,0.00,2.4198,3.7974,6,5,1,140,215,0,0,0,0,0,1000.000
17330,2.4163,3.7913,0.00,2.4163,3.7974,6,5,1,140,215,0,0,0,0,0,1000.000
17340,2.4130,3.7913,0.00,2.4130,3.7974,6,5,1,140,215,0,0,0,0,0,1000.000
17350,2.4100,3.7913,0.00,2.4100,3.7974,6,5,1,140,214,0,0,0,0,0,1000.000
17360,2.4071,3.7913,0.00,2.4071,3.7974,6,5,1,140,214,0,0,0,0,0,1000.000
17370,2.4044,3.7913,0.00,2.4044,3.7974,6,5,1,140,214,0,0,0,0,0,1000.000
17380,2.4019,3.7913,0.00,2.4019,3.7974,6,5,1,140,214,0,0,0,0,0,1000.000
17390,2.3996,3.7913,0.00,2.3996,3.7974,6,5,1,140,214,0,0,0,0,0,1000.000
17400,2.3976,3.7913,0.00,2.3976,3.7974,6,5,1,140,212,0,0,0,0,0,1000.000
17410,2.3957,3.7913,0.00,2.3957,3.7974,6,5,1,140,212,0,0,0,0,0,1000.000
17420,2.3940,3.7913,0.00,2.3940,3.7974,6,5,1,140,212,0,0,0,0,0,1000.000
17430,2.3925,3.7913,0.00,2.3925,3.7974,6,5,1,140,212,0,0,0,0,0,1000.000
17440,2.3912,3.7913,0.00,2.3912,3.7974,6,5,1,140,212,0,0,0,0,0,1000.000
17450,2.3902,3.7913,0.00,2.3902,3.7974,6,5,1,140,212,0,0,0,0,0,1000.000
17460,2.3893,3.7913,0.00,2.3893,3.7974,6,5,1,140,212,0,0,0,0,0,1000.000
17470,2.3886,3.7913,0.00,2.3886,3.7974,6,5,1,140,212,0,0,0,0,0,1000.000
17480,2.3881,3.7913,0.00,2.3881,3.7974,6,5,1,140,212,0,0,0,0,0,1000.000
17490,2.3879,3.7913,0.00,2.3879,3.7974,6,5,1,140,212,0,0,0,0,0,1000.000
17500,2.3878,3.7913,0.00,2.3878,3.7974,6,5,1,140,211,0,0,0,0,0,1000.000
17510,2.3878,3.7913,0.00,2.3878,3.7974,6,5,1,140,211,0,0,0,0,0,1000.000
17520,2.3878,3.7913,0.00,2.3878,3.7974,6,5,1,140,211,0,0,0,0,0,1000.000
17530,2.3878,3.7913,0.00,2.3878,3.7974,6,5,1,140,211,0,0,0,0,0,1000.000
17540,2.3878,3.7913,0.00,2.3878,3.7974,6,5,1,140,211,0,0,0,0,0,1000.000
17550,2.3878,3.7913,0.00,2.3878,3.7974,6,5,1,140,211,0,0,0,0,0,1000.000
17560,2.3878,3.7913,0.00,2.3878,3.7974,6,5,1,140,211,0,0,0,0,0,1000.000
17570,2.3878,3.7913,0.00,2.3878,3.7974,6,5,1,140,211,0,0,0,0,0,1000.000
17580,2.3878,3.7913,0.00,2.3878,3.7974,6,5,1,140,211,0,0,0,0,0,1000.000
17590,2.3878,3.7913,0.00,2.3878,3.7974,6,5,1,140,211,0,0,0,0,0,1000.000
17600,2.3878,3.7913,0.00,2.3878,3.7974,6,5,1,140,211,0,0,0,0,0,1000.000
17610,2.3878,3.7913,0.00,2.3878,3.7974,6,5,1,140,211,0,0,0,0,0,1000.000
17620,2.3878,3.7913,0.00,2.3878,3.7974,6,5,1,140,211,0,0,0,0,0,1000.000
17630,2.3878,3.7913,0.00,2.3878,3.7974,6,5,1,140,211,0,0,0,0,0,1000.000
17640,2.3878,3.7913,0.00,2.3878,3.7974,6,5,1,140,211,0,0,0,0,0,1000.000
17650,2.3878,3.7913,0.00,2.3878,3.7974,6,5,1,140,211,0,0,0,0,0,1000.000
17660,2.3878,3.7913,0.00,2.3878,3.7974,6,5,1,140,211,0,0,0,0,0,1000.000
17670,2.3878,3.7913,0.00,2.3878,3.7974,6,5,1,140,211,0,0,0,0,0,1000.000
17680,2.3878,3.7913,0.00,2.3878,3.7974,6,5,1,140,211,0,0,0,0,0,1000.000
17690,2.3878,3.7913,0.00,2.3878,3.7974,6,5,1,140,211,0,0,0,0,0,1000.000
17700,2.3878,3.7913,0.00,2.3878,3.7974,6,5,1,140,211,0,0,0,0,0,1000.000
17710,2.3878,3.7913,0.00,2.3878,3.7974,6,5,1,140,211,0,0,0,0,0,1000.000
17720,2.3878,3.7913,0.00,2.3878,3.7974,6,5,1,140,211,0,0,0,0,0,1000.000
17730,2.3878,3.7913,0.00,2.3878,3.7974,6,5,1,140,211,0,0,0,0,0,1000.000
17740,2.3878,3.7913,0.00,2.3878,3.7974,6,5,1,140,211,0,0,0,0,0,1000.000
17750,2.3878,3.7913,0.00,2.3878,3.7974,6,5,1,140,211,0,0,0,0,0,1000.000
17760,2.3878,3.7913,0.00,2.3878,3.7974,6,5,1,140,211,0,0,0,0,0,1000.000
17770,2.3878,3.7913,0.00,2.3878,3.7974,6,5,1,140,211,0,0,0,0,0,1000.000
17780,2.3878,3.7913,0.00,2.3878,3.7974,6,5,1,140,211,0,0,0,0,0,1000.000
17790,2.3878,3.7913,0.00,2.3878,3.7974,6,5,1,140,211,0,0,0,0,0,1000.000
17800,2.3878,3.7913,0.00,2.3878,3.7974,6,5,1,140,211,0,0,0,0,0,1000.000
17810,2.3878,3.7913,0.00,2.3878,3.7974,6,5,1,140,211,0,0,0,0,0,1000.000
17820,2.3878,3.7913,0.00,2.3878,3.7974,6,5,1,140,211,0,0,0,0,0,1000.000
17830,2.3878,3.7913,0.00,2.3878,3.7974,6,5,1,140,211,0,0,0,0,0,1000.000
17840,2.3878,3.7913,0.00,2.3878,3.7974,6,5,1,140,211,0,0,0,0,0,1000.000
17850,2.3878,3.7913,0.00,2.3878,3.7974,6,5,1,140,211,0,0,0,0,0,1000.000
17860,2.3878,3.7913,0.00,2.3878,3.7974,6,5,1,140,211,0,0,0,0,0,1000.000
17870,2.3878,3.7913,0.00,2.3878,3.7974,6,5,1,140,211,0,0,0,0,0,1000.000
17880,2.3878,3.7913,0.00,2.3878,3.7974,6,5,1,140,211,0,0,0,0,0,1000.000
17890,2.3878,3.7913,0.00,2.3878,3.7974,6,5,1,140,211,0,0,0,0,0,1000.000
17900,2.3878,3.7913,0.00,2.3878,3.7974,6,5,1,140,211,0,0,0,0,0,1000.000
17910,2.3878,3.7913,0.00,2.3878,3.7974,6,5,1,140,211,0,0,0,0,0,1000.000
17920,2.3878,3.7913,0.00,2.3878,3.7974,6,5,1,140,211,0,0,0,0,0,1000.000
17930,2.3878,3.7913,0.00,2.3878,3.7974,6,5,1,140,211,0,0,0,0,0,1000.000
17940,2.3878,3.7913,0.00,2.3878,3.7974,6,5,1,140,211,0,0,0,0,0,1000.000
17950,2.3878,3.7913,0.00,2.3878,3.7974,6,5,1,140,211,0,0,0,0,0,1000.000
17960,2.3878,3.7913,0.00,2.3878,3.7974,6,5,1,140,211,0,0,0,0,0,1000.000
17970,2.3878,3.7913,0.00,2.3878,3.7974,6,5,1,140,211,0,0,0,0,0,1000.000
17980,2.3878,3.7913,0.00,2.3878,3.7974,6,5,1,140,211,0,0,0,0,0,1000.000
17990,2.3878,3.7913,0.00,2.3878,3.7974,6,5,1,140,211,0,0,0,0,0,1000.000
18000,2.3878,3.7913,0.00,2.3878,3.7974,6,5,1,140,211,0,0,0,0,0,1000.000
18010,2.3878,3.7913,0.00,2.3878,3.7974,6,5,1,140,211,0,0,0,0,0,1000.000
18020,2.3878,3.7913,0.00,2.3878,3.7974,6,5,1,140,211,0,0,0,0,0,1000.000
18030,2.3878,3.7913,0.00,2.3878,3.7974,6,5,1,140,211,0,0,0,0,0,1000.000
18040,2.3878,3.7913,0.00,2.3878,3.7974,6,5,1,140,211,0,0,0,0,0,1000.000
18050,2.3878,3.7913,0.00,2.3878,3.7974,6,5,1,140,211,0,0,0,0,0,1000.000
18060,2.3878,3.7913,0.00,2.3878,3.7974,6,5,1,140,211,0,0,0,0,0,1000.000
18070,2.3878,3.7913,0.00,2.3878,3.7974,6,5,1,140,211,0,0,0,0,0,1000.000
18080,2.3878,3.7913,0.00,2.3878,3.7974,6,5,1,140,211,0,0,0,0,0,1000.000
18090,2.3878,3.7913,0.00,2.3878,3.7974,6,5,1,140,211,0,0,0,0,0,1000.000
18100,2.3878,3.7913,0.00,2.3878,3.7974,6,5,1,140,211,0,0,0,0,0,1000.000
18110,2.3878,3.7913,0.00,2.3878,3.7974,6,5,1,140,211,0,0,0,0,0,1000.000
18120,2.3878,3.7913,0.00,2.3878,3.7974,6,5,1,140,211,0,0,0,0,0,1000.000
18130,2.3878,3.7913,0.00,2.3878,3.7974,6,5,1,140,211,0,0,0,0,0,1000.000
18140,2.3878,3.7913,0.00,2.3878,3.7974,6,5,1,140,211,0,0,0,0,0,1000.000
18150,2.3878,3.7913,0.00,2.3878,3.7974,6,5,1,140,211,0,0,0,0,0,1000.000
18160,2.3878,3.7913,0.00,2.3878,3.7974,6,5,1,140,211,0,0,0,0,0,1000.000
18170,2.3878,3.7913,0.00,2.3878,3.7974,6,5,1,140,211,0,0,0,0,0,1000.000
18180,2.3878,3.7913,0.00,2.3878,3.7974,6,5,1,140,211,0,0,0,0,0,1000.000
18190,2.3878,3.7913,0.00,2.3878,3.7974,6,5,1,140,211,0,0,0,0,0,1000.000
18200,2.3878,3.7913,0.00,2.3878,3.7974,6,5,1,140,211,0,0,0,0,0,1000.000
