t_ms,true_x,true_y,yaw_deg,map_x,map_y,seg,auto_state,route_complete,front_cm,left_cm,out_vx,out_vy,map_lim,front_lim,left_lim,clearance
0,0.3740,0.3085,0.00,0.0000,0.0000,0,0,0,140,10,0,0,0,0,0,1000.000
10,0.3740,0.3085,0.00,0.0000,0.0000,0,0,0,140,10,0,0,0,0,0,1000.000
20,0.3740,0.3085,0.00,0.0000,0.0000,0,0,0,140,10,0,0,0,0,0,1000.000
30,0.3740,0.3085,0.00,0.0000,0.0000,0,0,0,140,10,0,0,0,0,0,1000.000
40,0.3740,0.3085,0.00,0.0000,0.0000,0,0,0,140,10,0,0,0,0,0,1000.000
50,0.3740,0.3085,0.00,0.0000,0.0000,0,0,0,140,10,0,0,0,0,0,1000.000
60,0.3740,0.3085,0.00,0.0000,0.0000,0,0,0,140,10,0,0,0,0,0,1000.000
70,0.3740,0.3085,0.00,0.0000,0.0000,0,0,0,140,10,0,0,0,0,0,1000.000
80,0.3740,0.3085,0.00,0.0000,0.0000,0,0,0,140,10,0,0,0,0,0,1000.000
90,0.3740,0.3085,0.00,0.0000,0.0000,0,0,0,140,10,0,0,0,0,0,1000.000
100,0.3740,0.3085,0.00,0.0000,0.0000,0,0,0,140,10,0,0,0,0,0,1000.000
110,0.3740,0.3085,0.00,0.0000,0.0000,0,0,0,140,10,0,0,0,0,0,1000.000
120,0.3740,0.3085,0.00,0.0000,0.0000,0,0,0,140,10,0,0,0,0,0,1000.000
130,0.3740,0.3085,0.00,0.0000,0.0000,0,0,0,140,10,0,0,0,0,0,1000.000
140,0.3740,0.3085,0.00,0.0000,0.0000,0,0,0,140,10,0,0,0,0,0,1000.000
150,0.3740,0.3085,0.00,0.0000,0.0000,0,0,0,140,10,0,0,0,0,0,1000.000
160,0.3740,0.3085,0.00,0.0000,0.0000,0,0,0,140,10,0,0,0,0,0,1000.000
170,0.3740,0.3085,0.00,0.0000,0.0000,0,0,0,140,10,0,0,0,0,0,1000.000
180,0.3740,0.3085,0.00,0.0000,0.0000,0,0,0,140,10,0,0,0,0,0,1000.000
190,0.3740,0.3085,0.00,0.0000,0.0000,0,0,0,140,10,0,0,0,0,0,1000.000
200,0.3740,0.3085,0.00,0.0000,0.0000,0,0,0,140,10,0,0,0,0,0,1000.000
210,0.3740,0.3085,0.00,0.0000,0.0000,0,0,0,140,10,0,0,0,0,0,1000.000
220,0.3740,0.3085,0.00,0.0000,0.0000,0,0,0,140,10,0,0,0,0,0,1000.000
230,0.3740,0.3085,0.00,0.0000,0.0000,0,0,0,140,10,0,0,0,0,0,1000.000
240,0.3740,0.3085,0.00,0.0000,0.0000,0,0,0,140,10,0,0,0,0,0,1000.000
250,0.3740,0.3085,0.00,0.0000,0.0000,0,0,0,140,10,0,0,0,0,0,1000.000
260,0.3740,0.3085,0.00,0.0000,0.0000,0,0,0,140,10,0,0,0,0,0,1000.000
270,0.3740,0.3085,0.00,0.0000,0.0000,0,0,0,140,10,0,0,0,0,0,1000.000
280,0.3740,0.3085,0.00,0.0000,0.0000,0,0,0,140,10,0,0,0,0,0,1000.000
290,0.3740,0.3085,0.00,0.0000,0.0000,0,0,0,140,10,0,0,0,0,0,1000.000
300,0.3740,0.3085,0.00,0.0000,0.0000,0,0,0,140,10,0,0,0,0,0,1000.000
310,0.3740,0.3085,0.00,0.0000,0.0000,0,0,0,140,10,0,0,0,0,0,1000.000
320,0.3740,0.3085,0.00,0.0000,0.0000,0,0,0,140,10,0,0,0,0,0,1000.000
330,0.3740,0.3085,0.00,0.0000,0.0000,0,0,0,140,10,0,0,0,0,0,1000.000
340,0.3740,0.3085,0.00,0.0000,0.0000,0,0,0,140,10,0,0,0,0,0,1000.000
350,0.3740,0.3085,0.00,0.0000,0.0000,0,0,0,140,10,0,0,0,0,0,1000.000
360,0.3740,0.3085,0.00,0.0000,0.0000,0,0,0,140,10,0,0,0,0,0,1000.000
370,0.3740,0.3085,0.00,0.0000,0.0000,0,0,0,140,10,0,0,0,0,0,1000.000
380,0.3740,0.3085,0.00,0.0000,0.0000,0,0,0,140,10,0,0,0,0,0,1000.000
390,0.3740,0.3085,0.00,0.0000,0.0000,0,0,0,140,10,0,0,0,0,0,1000.000
400,0.3740,0.3085,0.00,0.0000,0.0000,0,0,0,140,10,0,0,0,0,0,1000.000
410,0.3740,0.3085,0.00,0.0000,0.0000,0,0,0,140,10,0,0,0,0,0,1000.000
420,0.3740,0.3085,0.00,0.0000,0.0000,0,0,0,140,10,0,0,0,0,0,1000.000
430,0.3740,0.3085,0.00,0.0000,0.0000,0,0,0,140,10,0,0,0,0,0,1000.000
440,0.3740,0.3085,0.00,0.0000,0.0000,0,0,0,140,10,0,0,0,0,0,1000.000
450,0.3740,0.3085,0.00,0.0000,0.0000,0,0,0,140,10,0,0,0,0,0,1000.000
460,0.3740,0.3085,0.00,0.0000,0.0000,0,0,0,140,10,0,0,0,0,0,1000.000
470,0.3740,0.3085,0.00,0.0000,0.0000,0,0,0,140,10,0,0,0,0,0,1000.000
480,0.3740,0.3085,0.00,0.0000,0.0000,0,0,0,140,10,0,0,0,0,0,1000.000
490,0.3740,0.3085,0.00,0.0000,0.0000,0,0,0,140,10,0,0,0,0,0,1000.000
500,0.3740,0.3085,0.00,0.0000,0.0000,0,0,0,140,10,0,0,0,0,0,1000.000
510,0.3740,0.3085,0.00,0.0000,0.0000,0,0,0,140,10,0,0,0,0,0,1000.000
520,0.3740,0.3085,0.00,0.0000,0.0000,0,0,0,140,10,0,0,0,0,0,1000.000
530,0.3740,0.3085,0.00,0.0000,0.0000,0,0,0,140,10,0,0,0,0,0,1000.000
540,0.3740,0.3085,0.00,0.0000,0.0000,0,0,0,140,10,0,0,0,0,0,1000.000
550,0.3740,0.3085,0.00,0.0000,0.0000,0,0,0,140,10,0,0,0,0,0,1000.000
560,0.3740,0.3085,0.00,0.0000,0.0000,0,0,0,140,10,0,0,0,0,0,1000.000
570,0.3740,0.3085,0.00,0.0000,0.0000,0,0,0,140,10,0,0,0,0,0,1000.000
580,0.3740,0.3085,0.00,0.0000,0.0000,0,0,0,140,10,0,0,0,0,0,1000.000
590,0.3740,0.3085,0.00,0.0000,0.0000,0,0,0,140,10,0,0,0,0,0,1000.000
600,0.3740,0.3085,0.00,0.0000,0.0000,0,0,0,140,10,0,0,0,0,0,1000.000
610,0.3740,0.3085,0.00,0.0000,0.0000,0,0,0,140,10,0,0,0,0,0,1000.000
620,0.3740,0.3085,0.00,0.0000,0.0000,0,0,0,140,10,0,0,0,0,0,1000.000
630,0.3740,0.3085,0.00,0.0000,0.0000,0,0,0,140,10,0,0,0,0,0,1000.000
640,0.3740,0.3085,0.00,0.0000,0.0000,0,0,0,140,10,0,0,0,0,0,1000.000
650,0.3740,0.3085,0.00,0.0000,0.0000,0,0,0,140,10,0,0,0,0,0,1000.000
660,0.3740,0.3085,0.00,0.0000,0.0000,0,0,0,140,10,0,0,0,0,0,1000.000
670,0.3740,0.3085,0.00,0.0000,0.0000,0,0,0,140,10,0,0,0,0,0,1000.000
680,0.3740,0.3085,0.00,0.0000,0.0000,0,0,0,140,10,0,0,0,0,0,1000.000
690,0.3740,0.3085,0.00,0.0000,0.0000,0,0,0,140,10,0,0,0,0,0,1000.000
700,0.3740,0.3085,0.00,0.0000,0.0000,0,0,0,140,10,0,0,0,0,0,1000.000
710,0.3740,0.3085,0.00,0.0000,0.0000,0,0,0,140,10,0,0,0,0,0,1000.000
720,0.3740,0.3085,0.00,0.0000,0.0000,0,0,0,140,10,0,0,0,0,0,1000.000
730,0.3740,0.3085,0.00,0.0000,0.0000,0,0,0,140,10,0,0,0,0,0,1000.000
740,0.3740,0.3085,0.00,0.0000,0.0000,0,0,0,140,10,0,0,0,0,0,1000.000
750,0.3740,0.3085,0.00,0.0000,0.0000,0,0,0,140,10,0,0,0,0,0,1000.000
760,0.3740,0.3085,0.00,0.0000,0.0000,0,0,0,140,10,0,0,0,0,0,1000.000
770,0.3740,0.3085,0.00,0.0000,0.0000,0,0,0,140,10,0,0,0,0,0,1000.000
780,0.3740,0.3085,0.00,0.0000,0.0000,0,0,0,140,10,0,0,0,0,0,1000.000
790,0.3740,0.3085,0.00,0.0000,0.0000,0,0,0,140,10,0,0,0,0,0,1000.000
800,0.3740,0.3085,0.00,0.0000,0.0000,0,0,0,140,10,0,0,0,0,0,1000.000
810,0.3740,0.3085,0.00,0.0000,0.0000,0,0,0,140,10,0,0,0,0,0,1000.000
820,0.3740,0.3085,0.00,0.0000,0.0000,0,0,0,140,10,0,0,0,0,0,1000.000
830,0.3740,0.3085,0.00,0.0000,0.0000,0,0,0,140,10,0,0,0,0,0,1000.000
840,0.3740,0.3085,0.00,0.0000,0.0000,0,0,0,140,10,0,0,0,0,0,1000.000
850,0.3740,0.3085,0.00,0.0000,0.0000,0,0,0,140,10,0,0,0,0,0,1000.000
860,0.3740,0.3085,0.00,0.0000,0.0000,0,0,0,140,10,0,0,0,0,0,1000.000
870,0.3740,0.3085,0.00,0.0000,0.0000,0,0,0,140,10,0,0,0,0,0,1000.000
880,0.3740,0.3085,0.00,0.0000,0.0000,0,0,0,140,10,0,0,0,0,0,1000.000
890,0.3740,0.3085,0.00,0.0000,0.0000,0,0,0,140,10,0,0,0,0,0,1000.000
900,0.3740,0.3085,0.00,0.0000,0.0000,0,0,0,140,10,0,0,0,0,0,1000.000
910,0.3740,0.3085,0.00,0.0000,0.0000,0,0,0,140,10,0,0,0,0,0,1000.000
920,0.3740,0.3085,0.00,0.0000,0.0000,0,0,0,140,10,0,0,0,0,0,1000.000
930,0.3740,0.3085,0.00,0.0000,0.0000,0,0,0,140,10,0,0,0,0,0,1000.000
940,0.3740,0.3085,0.00,0.0000,0.0000,0,0,0,140,10,0,0,0,0,0,1000.000
950,0.3740,0.3085,0.00,0.0000,0.0000,0,0,0,140,10,0,0,0,0,0,1000.000
960,0.3740,0.3085,0.00,0.0000,0.0000,0,0,0,140,10,0,0,0,0,0,1000.000
970,0.3740,0.3085,0.00,0.0000,0.0000,0,0,0,140,10,0,0,0,0,0,1000.000
980,0.3740,0.3085,0.00,0.0000,0.0000,0,0,0,140,10,0,0,0,0,0,1000.000
990,0.3740,0.3085,0.00,0.0000,0.0000,0,0,0,140,10,0,0,0,0,0,1000.000
1000,0.3740,0.3085,0.00,0.0000,0.0000,0,0,0,140,10,0,0,0,0,0,1000.000
1010,0.3740,0.3085,0.00,0.0000,0.0000,0,0,0,140,10,0,0,0,0,0,1000.000
1020,0.3740,0.3085,0.00,0.0000,0.0000,0,0,0,140,10,0,0,0,0,0,1000.000
1030,0.3740,0.3085,0.00,0.0000,0.0000,0,0,0,140,10,0,0,0,0,0,1000.000
1040,0.3740,0.3085,0.00,0.0000,0.0000,0,0,0,140,10,0,0,0,0,0,1000.000
1050,0.3740,0.3085,0.00,0.0000,0.0000,0,0,0,140,10,0,0,0,0,0,1000.000
1060,0.3740,0.3085,0.00,0.0000,0.0000,0,0,0,140,10,0,0,0,0,0,1000.000
1070,0.3740,0.3085,0.00,0.0000,0.0000,0,0,0,140,10,0,0,0,0,0,1000.000
1080,0.3740,0.3085,0.00,0.0000,0.0000,0,0,0,140,10,0,0,0,0,0,1000.000
1090,0.3740,0.3085,0.00,0.0000,0.0000,0,0,0,140,10,0,0,0,0,0,1000.000
1100,0.3740,0.3085,0.00,0.0000,0.0000,0,0,0,140,10,0,0,0,0,0,1000.000
1110,0.3740,0.3085,0.00,0.0000,0.0000,0,0,0,140,10,0,0,0,0,0,1000.000
1120,0.3740,0.3085,0.00,0.0000,0.0000,0,0,0,140,10,0,0,0,0,0,1000.000
1130,0.3740,0.3085,0.00,0.0000,0.0000,0,0,0,140,10,0,0,0,0,0,1000.000
1140,0.3740,0.3085,0.00,0.0000,0.0000,0,0,0,140,10,0,0,0,0,0,1000.000
1150,0.3740,0.3085,0.00,0.0000,0.0000,0,0,0,140,10,0,0,0,0,0,1000.000
1160,0.3740,0.3085,0.00,0.0000,0.0000,0,0,0,140,10,0,0,0,0,0,1000.000
1170,0.3740,0.3085,0.00,0.0000,0.0000,0,0,0,140,10,0,0,0,0,0,1000.000
1180,0.3740,0.3085,0.00,0.0000,0.0000,0,0,0,140,10,0,0,0,0,0,1000.000
1190,0.3740,0.3085,0.00,0.0000,0.0000,0,0,0,140,10,0,0,0,0,0,1000.000
1200,0.3740,0.3085,0.00,0.0000,0.0000,0,0,0,140,10,0,0,0,0,0,1000.000
1210,0.3740,0.3085,0.00,0.0000,0.0000,0,0,0,140,10,0,0,0,0,0,1000.000
1220,0.3740,0.3085,0.00,0.0000,0.0000,0,0,0,140,10,0,0,0,0,0,1000.000
1230,0.3740,0.3085,0.00,0.0000,0.0000,0,0,0,140,10,0,0,0,0,0,1000.000
1240,0.3740,0.3085,0.00,0.0000,0.0000,0,0,0,140,10,0,0,0,0,0,1000.000
1250,0.3740,0.3085,0.00,0.0000,0.0000,0,0,0,140,10,0,0,0,0,0,1000.000
1260,0.3740,0.3085,0.00,0.0000,0.0000,0,0,0,140,10,0,0,0,0,0,1000.000
1270,0.3740,0.3085,0.00,0.0000,0.0000,0,0,0,140,10,0,0,0,0,0,1000.000
1280,0.3740,0.3085,0.00,0.0000,0.0000,0,0,0,140,10,0,0,0,0,0,1000.000
1290,0.3740,0.3085,0.00,0.0000,0.0000,0,0,0,140,10,0,0,0,0,0,1000.000
1300,0.3740,0.3085,0.00,0.0000,0.0000,0,0,0,140,10,0,0,0,0,0,1000.000
1310,0.3740,0.3085,0.00,0.0000,0.0000,0,0,0,140,10,0,0,0,0,0,1000.000
1320,0.3740,0.3085,0.00,0.0000,0.0000,0,0,0,140,10,0,0,0,0,0,1000.000
1330,0.3740,0.3085,0.00,0.0000,0.0000,0,0,0,140,10,0,0,0,0,0,1000.000
1340,0.3740,0.3085,0.00,0.0000,0.0000,0,0,0,140,10,0,0,0,0,0,1000.000
1350,0.3740,0.3085,0.00,0.0000,0.0000,0,0,0,140,10,0,0,0,0,0,1000.000
1360,0.3740,0.3085,0.00,0.0000,0.0000,0,0,0,140,10,0,0,0,0,0,1000.000
1370,0.3740,0.3085,0.00,0.0000,0.0000,0,0,0,140,10,0,0,0,0,0,1000.000
1380,0.3740,0.3085,0.00,0.0000,0.0000,0,0,0,140,10,0,0,0,0,0,1000.000
1390,0.3740,0.3085,0.00,0.0000,0.0000,0,0,0,140,10,0,0,0,0,0,1000.000
1400,0.3740,0.3085,0.00,0.0000,0.0000,0,0,0,140,10,0,0,0,0,0,1000.000
1410,0.3740,0.3085,0.00,0.0000,0.0000,0,0,0,140,10,0,0,0,0,0,1000.000
1420,0.3740,0.3085,0.00,0.0000,0.0000,0,0,0,140,10,0,0,0,0,0,1000.000
1430,0.3740,0.3085,0.00,0.0000,0.0000,0,0,0,140,10,0,0,0,0,0,1000.000
1440,0.3740,0.3085,0.00,0.0000,0.0000,0,0,0,140,10,0,0,0,0,0,1000.000
1450,0.3740,0.3085,0.00,0.0000,0.0000,0,0,0,140,10,0,0,0,0,0,1000.000
1460,0.3740,0.3085,0.00,0.0000,0.0000,0,0,0,140,10,0,0,0,0,0,1000.000
1470,0.3740,0.3085,0.00,0.0000,0.0000,0,0,0,140,10,0,0,0,0,0,1000.000
1480,0.3740,0.3085,0.00,0.0000,0.0000,0,0,0,140,10,0,0,0,0,0,1000.000
1490,0.3740,0.3085,0.00,0.0000,0.0000,0,0,0,140,10,0,0,0,0,0,1000.000
1500,0.3740,0.3085,0.00,0.0000,0.0000,0,0,0,140,10,0,0,0,0,0,1000.000
1510,0.3740,0.3085,0.00,0.0000,0.0000,0,0,0,140,10,0,0,0,0,0,1000.000
1520,0.3740,0.3085,0.00,0.0000,0.0000,0,0,0,140,10,0,0,0,0,0,1000.000
1530,0.3740,0.3085,0.00,0.0000,0.0000,0,0,0,140,10,0,0,0,0,0,1000.000
1540,0.3740,0.3085,0.00,0.0000,0.0000,0,0,0,140,10,0,0,0,0,0,1000.000
1550,0.3740,0.3085,0.00,0.0000,0.0000,0,0,0,140,10,0,0,0,0,0,1000.000
1560,0.3740,0.3085,0.00,0.0000,0.0000,0,0,0,140,10,0,0,0,0,0,1000.000
1570,0.3740,0.3085,0.00,0.0000,0.0000,0,0,0,140,10,0,0,0,0,0,1000.000
1580,0.3740,0.3085,0.00,0.0000,0.0000,0,0,0,140,10,0,0,0,0,0,1000.000
1590,0.3740,0.3085,0.00,0.0000,0.0000,0,0,0,140,10,0,0,0,0,0,1000.000
1600,0.3740,0.3085,0.00,0.0000,0.0000,0,0,0,140,10,0,0,0,0,0,1000.000
1610,0.3740,0.3085,0.00,0.0000,0.0000,0,0,0,140,10,0,0,0,0,0,1000.000
1620,0.3740,0.3085,0.00,0.0000,0.0000,0,0,0,140,10,0,0,0,0,0,1000.000
1630,0.3740,0.3085,0.00,0.0000,0.0000,0,0,0,140,10,0,0,0,0,0,1000.000
1640,0.3740,0.3085,0.00,0.0000,0.0000,0,0,0,140,10,0,0,0,0,0,1000.000
1650,0.3740,0.3085,0.00,0.0000,0.0000,0,0,0,140,10,0,0,0,0,0,1000.000
1660,0.3740,0.3085,0.00,0.0000,0.0000,0,0,0,140,10,0,0,0,0,0,1000.000
1670,0.3740,0.3085,0.00,0.0000,0.0000,0,0,0,140,10,0,0,0,0,0,1000.000
1680,0.3740,0.3085,0.00,0.0000,0.0000,0,0,0,140,10,0,0,0,0,0,1000.000
1690,0.3740,0.3085,0.00,0.0000,0.0000,0,0,0,140,10,0,0,0,0,0,1000.000
1700,0.3740,0.3085,0.00,0.0000,0.0000,0,0,0,140,10,0,0,0,0,0,1000.000
1710,0.3740,0.3085,0.00,0.0000,0.0000,0,0,0,140,10,0,0,0,0,0,1000.000
1720,0.3740,0.3085,0.00,0.0000,0.0000,0,0,0,140,10,0,0,0,0,0,1000.000
1730,0.3740,0.3085,0.00,0.0000,0.0000,0,0,0,140,10,0,0,0,0,0,1000.000
1740,0.3740,0.3085,0.00,0.0000,0.0000,0,0,0,140,10,0,0,0,0,0,1000.000
1750,0.3740,0.3085,0.00,0.0000,0.0000,0,0,0,140,10,0,0,0,0,0,1000.000
1760,0.3740,0.3085,0.00,0.0000,0.0000,0,0,0,140,10,0,0,0,0,0,1000.000
1770,0.3740,0.3085,0.00,0.0000,0.0000,0,0,0,140,10,0,0,0,0,0,1000.000
1780,0.3740,0.3085,0.00,0.0000,0.0000,0,0,0,140,10,0,0,0,0,0,1000.000
1790,0.3740,0.3085,0.00,0.0000,0.0000,0,0,0,140,10,0,0,0,0,0,1000.000
1800,0.3740,0.3085,0.00,0.0000,0.0000,0,0,0,140,10,0,0,0,0,0,1000.000
1810,0.3740,0.3085,0.00,0.0000,0.0000,0,0,0,140,10,0,0,0,0,0,1000.000
1820,0.3740,0.3085,0.00,0.0000,0.0000,0,0,0,140,10,0,0,0,0,0,1000.000
1830,0.3740,0.3085,0.00,0.0000,0.0000,0,0,0,140,10,0,0,0,0,0,1000.000
1840,0.3740,0.3085,0.00,0.0000,0.0000,0,0,0,140,10,0,0,0,0,0,1000.000
1850,0.3740,0.3085,0.00,0.0000,0.0000,0,0,0,140,10,0,0,0,0,0,1000.000
1860,0.3740,0.3085,0.00,0.0000,0.0000,0,0,0,140,10,0,0,0,0,0,1000.000
1870,0.3740,0.3085,0.00,0.0000,0.0000,0,0,0,140,10,0,0,0,0,0,1000.000
1880,0.3740,0.3085,0.00,0.0000,0.0000,0,0,0,140,10,0,0,0,0,0,1000.000
1890,0.3740,0.3085,0.00,0.0000,0.0000,0,0,0,140,10,0,0,0,0,0,1000.000
1900,0.3740,0.3085,0.00,0.0000,0.0000,0,0,0,140,10,0,0,0,0,0,1000.000
1910,0.3740,0.3085,0.00,0.0000,0.0000,0,0,0,140,10,0,0,0,0,0,1000.000
1920,0.3740,0.3085,0.00,0.0000,0.0000,0,0,0,140,10,0,0,0,0,0,1000.000
1930,0.3740,0.3085,0.00,0.0000,0.0000,0,0,0,140,10,0,0,0,0,0,1000.000
1940,0.3740,0.3085,0.00,0.0000,0.0000,0,0,0,140,10,0,0,0,0,0,1000.000
1950,0.3740,0.3085,0.00,0.0000,0.0000,0,0,0,140,10,0,0,0,0,0,1000.000
1960,0.3740,0.3085,0.00,0.0000,0.0000,0,0,0,140,10,0,0,0,0,0,1000.000
1970,0.3740,0.3085,0.00,0.0000,0.0000,0,0,0,140,10,0,0,0,0,0,1000.000
1980,0.3740,0.3085,0.00,0.0000,0.0000,0,0,0,140,10,0,0,0,0,0,1000.000
1990,0.3740,0.3085,0.00,0.0000,0.0000,0,0,0,140,10,0,0,0,0,0,1000.000
2000,0.3740,0.3085,0.00,0.0000,0.0000,0,0,0,140,10,0,0,0,0,0,1000.000
2010,0.3740,0.3085,0.00,0.0000,0.0000,0,0,0,140,10,0,0,0,0,0,1000.000
2020,0.3740,0.3085,0.00,0.0000,0.0000,0,0,0,140,10,0,0,0,0,0,1000.000
2030,0.3740,0.3085,0.00,0.0000,0.0000,0,0,0,140,10,0,0,0,0,0,1000.000
2040,0.3740,0.3085,0.00,0.0000,0.0000,0,0,0,140,10,0,0,0,0,0,1000.000
2050,0.3740,0.3085,0.00,0.0000,0.0000,0,0,0,140,10,0,0,0,0,0,1000.000
2060,0.3740,0.3085,0.00,0.0000,0.0000,0,0,0,140,10,0,0,0,0,0,1000.000
2070,0.3740,0.3085,0.00,0.0000,0.0000,0,0,0,140,10,0,0,0,0,0,1000.000
2080,0.3740,0.3085,0.00,0.0000,0.0000,0,0,0,140,10,0,0,0,0,0,1000.000
2090,0.3740,0.3085,0.00,0.0000,0.0000,0,0,0,140,10,0,0,0,0,0,1000.000
2100,0.3740,0.3085,0.00,0.0000,0.0000,0,0,0,140,10,0,0,0,0,0,1000.000
2110,0.3740,0.3085,0.00,0.0000,0.0000,0,0,0,140,10,0,0,0,0,0,1000.000
2120,0.3740,0.3085,0.00,0.0000,0.0000,0,0,0,140,10,0,0,0,0,0,1000.000
2130,0.3740,0.3085,0.00,0.0000,0.0000,0,0,0,140,10,0,0,0,0,0,1000.000
2140,0.3740,0.3085,0.00,0.0000,0.0000,0,0,0,140,10,0,0,0,0,0,1000.000
2150,0.3740,0.3085,0.00,0.0000,0.0000,0,0,0,140,10,0,0,0,0,0,1000.000
2160,0.3740,0.3085,0.00,0.0000,0.0000,0,0,0,140,10,0,0,0,0,0,1000.000
2170,0.3740,0.3085,0.00,0.0000,0.0000,0,0,0,140,10,0,0,0,0,0,1000.000
2180,0.3740,0.3085,0.00,0.0000,0.0000,0,0,0,140,10,0,0,0,0,0,1000.000
2190,0.3740,0.3085,0.00,0.0000,0.0000,0,0,0,140,10,0,0,0,0,0,1000.000
2200,0.3740,0.3085,0.00,0.0000,0.0000,0,0,0,140,10,0,0,0,0,0,1000.000
2210,0.3740,0.3085,0.00,0.0000,0.0000,0,0,0,140,10,0,0,0,0,0,1000.000
2220,0.3740,0.3085,0.00,0.0000,0.0000,0,0,0,140,10,0,0,0,0,0,1000.000
2230,0.3740,0.3085,0.00,0.0000,0.0000,0,0,0,140,10,0,0,0,0,0,1000.000
2240,0.3740,0.3085,0.00,0.0000,0.0000,0,0,0,140,10,0,0,0,0,0,1000.000
2250,0.3740,0.3085,0.00,0.0000,0.0000,0,0,0,140,10,0,0,0,0,0,1000.000
2260,0.3740,0.3085,0.00,0.0000,0.0000,0,0,0,140,10,0,0,0,0,0,1000.000
2270,0.3740,0.3085,0.00,0.0000,0.0000,0,0,0,140,10,0,0,0,0,0,1000.000
2280,0.3740,0.3085,0.00,0.0000,0.0000,0,0,0,140,10,0,0,0,0,0,1000.000
2290,0.3740,0.3085,0.00,0.0000,0.0000,0,0,0,140,10,0,0,0,0,0,1000.000
2300,0.3740,0.3085,0.00,0.0000,0.0000,0,0,0,140,10,0,0,0,0,0,1000.000
2310,0.3740,0.3085,0.00,0.0000,0.0000,0,0,0,140,10,0,0,0,0,0,1000.000
2320,0.3740,0.3085,0.00,0.0000,0.0000,0,0,0,140,10,0,0,0,0,0,1000.000
2330,0.3740,0.3085,0.00,0.0000,0.0000,0,0,0,140,10,0,0,0,0,0,1000.000
2340,0.3740,0.3085,0.00,0.0000,0.0000,0,0,0,140,10,0,0,0,0,0,1000.000
2350,0.3740,0.3085,0.00,0.0000,0.0000,0,0,0,140,10,0,0,0,0,0,1000.000
2360,0.3740,0.3085,0.00,0.0000,0.0000,0,0,0,140,10,0,0,0,0,0,1000.000
2370,0.3740,0.3085,0.00,0.0000,0.0000,0,0,0,140,10,0,0,0,0,0,1000.000
2380,0.3740,0.3085,0.00,0.0000,0.0000,0,0,0,140,10,0,0,0,0,0,1000.000
2390,0.3740,0.3085,0.00,0.0000,0.0000,0,0,0,140,10,0,0,0,0,0,1000.000
2400,0.3740,0.3085,0.00,0.0000,0.0000,0,0,0,140,10,0,0,0,0,0,1000.000
2410,0.3740,0.3085,0.00,0.0000,0.0000,0,0,0,140,10,0,0,0,0,0,1000.000
2420,0.3740,0.3085,0.00,0.0000,0.0000,0,0,0,140,10,0,0,0,0,0,1000.000
2430,0.3740,0.3085,0.00,0.0000,0.0000,0,0,0,140,10,0,0,0,0,0,1000.000
2440,0.3740,0.3085,0.00,0.0000,0.0000,0,0,0,140,10,0,0,0,0,0,1000.000
2450,0.3740,0.3085,0.00,0.0000,0.0000,0,0,0,140,10,0,0,0,0,0,1000.000
2460,0.3740,0.3085,0.00,0.0000,0.0000,0,0,0,140,10,0,0,0,0,0,1000.000
2470,0.3740,0.3085,0.00,0.0000,0.0000,0,0,0,140,10,0,0,0,0,0,1000.000
2480,0.3740,0.3085,0.00,0.0000,0.0000,0,0,0,140,10,0,0,0,0,0,1000.000
2490,0.3740,0.3085,0.00,0.0000,0.0000,0,0,0,140,10,0,0,0,0,0,1000.000
2500,0.3740,0.3085,0.00,0.0000,0.0000,0,0,0,140,10,0,0,0,0,0,1000.000
2510,0.3740,0.3085,0.00,0.0000,0.0000,0,0,0,140,10,0,0,0,0,0,1000.000
2520,0.3740,0.3085,0.00,0.0000,0.0000,0,0,0,140,10,0,0,0,0,0,1000.000
2530,0.3740,0.3085,0.00,0.0000,0.0000,0,0,0,140,10,0,0,0,0,0,1000.000
2540,0.3740,0.3085,0.00,0.0000,0.0000,0,0,0,140,10,0,0,0,0,0,1000.000
2550,0.3740,0.3085,0.00,0.0000,0.0000,0,0,0,140,10,0,0,0,0,0,1000.000
2560,0.3740,0.3085,0.00,0.0000,0.0000,0,0,0,140,10,0,0,0,0,0,1000.000
2570,0.3740,0.3085,0.00,0.0000,0.0000,0,0,0,140,10,0,0,0,0,0,1000.000
2580,0.3740,0.3085,0.00,0.0000,0.0000,0,0,0,140,10,0,0,0,0,0,1000.000
2590,0.3740,0.3085,0.00,0.0000,0.0000,0,0,0,140,10,0,0,0,0,0,1000.000
2600,0.3740,0.3085,0.00,0.0000,0.0000,0,0,0,140,10,0,0,0,0,0,1000.000
2610,0.3740,0.3085,0.00,0.0000,0.0000,0,0,0,140,10,0,0,0,0,0,1000.000
2620,0.3740,0.3085,0.00,0.0000,0.0000,0,0,0,140,10,0,0,0,0,0,1000.000
2630,0.3740,0.3085,0.00,0.0000,0.0000,0,0,0,140,10,0,0,0,0,0,1000.000
2640,0.3740,0.3085,0.00,0.0000,0.0000,0,0,0,140,10,0,0,0,0,0,1000.000
2650,0.3740,0.3085,0.00,0.0000,0.0000,0,0,0,140,10,0,0,0,0,0,1000.000
2660,0.3740,0.3085,0.00,0.0000,0.0000,0,0,0,140,10,0,0,0,0,0,1000.000
2670,0.3740,0.3085,0.00,0.0000,0.0000,0,0,0,140,10,0,0,0,0,0,1000.000
2680,0.3740,0.3085,0.00,0.0000,0.0000,0,0,0,140,10,0,0,0,0,0,1000.000
2690,0.3740,0.3085,0.00,0.0000,0.0000,0,0,0,140,10,0,0,0,0,0,1000.000
2700,0.3740,0.3085,0.00,0.0000,0.0000,0,0,0,140,10,0,0,0,0,0,1000.000
2710,0.3740,0.3085,0.00,0.0000,0.0000,0,0,0,140,10,0,0,0,0,0,1000.000
2720,0.3740,0.3085,0.00,0.0000,0.0000,0,0,0,140,10,0,0,0,0,0,1000.000
2730,0.3740,0.3085,0.00,0.0000,0.0000,0,0,0,140,10,0,0,0,0,0,1000.000
2740,0.3740,0.3085,0.00,0.0000,0.0000,0,0,0,140,10,0,0,0,0,0,1000.000
2750,0.3740,0.3085,0.00,0.0000,0.0000,0,0,0,140,10,0,0,0,0,0,1000.000
2760,0.3740,0.3085,0.00,0.0000,0.0000,0,0,0,140,10,0,0,0,0,0,1000.000
2770,0.3740,0.3085,0.00,0.0000,0.0000,0,0,0,140,10,0,0,0,0,0,1000.000
2780,0.3740,0.3085,0.00,0.0000,0.0000,0,0,0,140,10,0,0,0,0,0,1000.000
2790,0.3740,0.3085,0.00,0.0000,0.0000,0,0,0,140,10,0,0,0,0,0,1000.000
2800,0.3740,0.3085,0.00,0.0000,0.0000,0,0,0,140,10,0,0,0,0,0,1000.000
2810,0.3740,0.3085,0.00,0.0000,0.0000,0,0,0,140,10,0,0,0,0,0,1000.000
2820,0.3740,0.3085,0.00,0.0000,0.0000,0,0,0,140,10,0,0,0,0,0,1000.000
2830,0.3740,0.3085,0.00,0.0000,0.0000,0,0,0,140,10,0,0,0,0,0,1000.000
2840,0.3740,0.3085,0.00,0.0000,0.0000,0,0,0,140,10,0,0,0,0,0,1000.000
2850,0.3740,0.3085,0.00,0.0000,0.0000,0,0,0,140,10,0,0,0,0,0,1000.000
2860,0.3740,0.3085,0.00,0.0000,0.0000,0,0,0,140,10,0,0,0,0,0,1000.000
2870,0.3740,0.3085,0.00,0.0000,0.0000,0,0,0,140,10,0,0,0,0,0,1000.000
2880,0.3740,0.3085,0.00,0.0000,0.0000,0,0,0,140,10,0,0,0,0,0,1000.000
2890,0.3740,0.3085,0.00,0.0000,0.0000,0,0,0,140,10,0,0,0,0,0,1000.000
2900,0.3740,0.3085,0.00,0.0000,0.0000,0,0,0,140,10,0,0,0,0,0,1000.000
2910,0.3740,0.3085,0.00,0.0000,0.0000,0,0,0,140,10,0,0,0,0,0,1000.000
2920,0.3740,0.3085,0.00,0.0000,0.0000,0,0,0,140,10,0,0,0,0,0,1000.000
2930,0.3740,0.3085,0.00,0.0000,0.0000,0,0,0,140,10,0,0,0,0,0,1000.000
2940,0.3740,0.3085,0.00,0.0000,0.0000,0,0,0,140,10,0,0,0,0,0,1000.000
2950,0.3740,0.3085,0.00,0.0000,0.0000,0,0,0,140,10,0,0,0,0,0,1000.000
2960,0.3740,0.3085,0.00,0.0000,0.0000,0,0,0,140,10,0,0,0,0,0,1000.000
2970,0.3740,0.3085,0.00,0.0000,0.0000,0,0,0,140,10,0,0,0,0,0,1000.000
2980,0.3740,0.3085,0.00,0.0000,0.0000,0,0,0,140,10,0,0,0,0,0,1000.000
2990,0.3740,0.3085,0.00,0.0000,0.0000,0,0,0,140,10,0,0,0,0,0,1000.000
3000,0.3740,0.3085,0.00,0.0000,0.0000,0,0,0,140,10,0,0,0,0,0,1000.000
3010,0.3740,0.3085,0.00,0.0000,0.0000,0,0,0,140,10,0,0,0,0,0,1000.000
3020,0.3740,0.3085,0.00,0.0000,0.0000,0,0,0,140,10,0,0,0,0,0,1000.000
3030,0.3740,0.3085,0.00,0.0000,0.0000,0,0,0,140,10,0,0,0,0,0,1000.000
3040,0.3740,0.3085,0.00,0.0000,0.0000,0,0,0,140,10,0,0,0,0,0,1000.000
3050,0.3740,0.3085,0.00,0.0000,0.0000,0,0,0,140,10,0,0,0,0,0,1000.000
3060,0.3740,0.3085,0.00,0.0000,0.0000,0,0,0,140,10,0,0,0,0,0,1000.000
3070,0.3740,0.3085,0.00,0.0000,0.0000,0,0,0,140,10,0,0,0,0,0,1000.000
3080,0.3740,0.3085,0.00,0.0000,0.0000,0,0,0,140,10,0,0,0,0,0,1000.000
3090,0.3740,0.3085,0.00,0.0000,0.0000,0,0,0,140,10,0,0,0,0,0,1000.000
3100,0.3740,0.3085,0.00,0.0000,0.0000,0,0,0,140,10,0,0,0,0,0,1000.000
3110,0.3740,0.3085,0.00,0.0000,0.0000,0,0,0,140,10,0,0,0,0,0,1000.000
3120,0.3740,0.3085,0.00,0.0000,0.0000,0,0,0,140,10,0,0,0,0,0,1000.000
3130,0.3740,0.3085,0.00,0.0000,0.0000,0,0,0,140,10,0,0,0,0,0,1000.000
3140,0.3740,0.3085,0.00,0.0000,0.0000,0,0,0,140,10,0,0,0,0,0,1000.000
3150,0.3740,0.3085,0.00,0.0000,0.0000,0,0,0,140,10,0,0,0,0,0,1000.000
3160,0.3740,0.3085,0.00,0.0000,0.0000,0,0,0,140,10,0,0,0,0,0,1000.000
3170,0.3740,0.3085,0.00,0.0000,0.0000,0,0,0,140,10,0,0,0,0,0,1000.000
3180,0.3740,0.3085,0.00,0.0000,0.0000,0,0,0,140,10,0,0,0,0,0,1000.000
3190,0.3740,0.3085,0.00,0.0000,0.0000,0,0,0,140,10,0,0,0,0,0,1000.000
3200,0.3740,0.3085,0.00,0.0000,0.0000,0,0,0,140,10,0,0,0,0,0,1000.000
3210,0.3740,0.3085,0.00,0.0000,0.0000,0,0,0,140,10,0,0,0,0,0,1000.000
3220,0.3740,0.3085,0.00,0.0000,0.0000,0,0,0,140,10,0,0,0,0,0,1000.000
3230,0.3740,0.3085,0.00,0.0000,0.0000,0,0,0,140,10,0,0,0,0,0,1000.000
3240,0.3740,0.3085,0.00,0.0000,0.0000,0,0,0,140,10,0,0,0,0,0,1000.000
3250,0.3740,0.3085,0.00,0.0000,0.0000,0,0,0,140,10,0,0,0,0,0,1000.000
3260,0.3740,0.3085,0.00,0.0000,0.0000,0,0,0,140,10,0,0,0,0,0,1000.000
3270,0.3740,0.3085,0.00,0.0000,0.0000,0,0,0,140,10,0,0,0,0,0,1000.000
3280,0.3740,0.3085,0.00,0.0000,0.0000,0,0,0,140,10,0,0,0,0,0,1000.000
3290,0.3740,0.3085,0.00,0.0000,0.0000,0,0,0,140,10,0,0,0,0,0,1000.000
3300,0.3740,0.3085,0.00,0.0000,0.0000,0,0,0,140,10,0,0,0,0,0,1000.000
3310,0.3740,0.3085,0.00,0.0000,0.0000,0,0,0,140,10,0,0,0,0,0,1000.000
3320,0.3740,0.3085,0.00,0.0000,0.0000,0,0,0,140,10,0,0,0,0,0,1000.000
3330,0.3740,0.3085,0.00,0.0000,0.0000,0,0,0,140,10,0,0,0,0,0,1000.000
3340,0.3740,0.3085,0.00,0.0000,0.0000,0,0,0,140,10,0,0,0,0,0,1000.000
3350,0.3740,0.3085,0.00,0.0000,0.0000,0,0,0,140,10,0,0,0,0,0,1000.000
3360,0.3740,0.3085,0.00,0.0000,0.0000,0,0,0,140,10,0,0,0,0,0,1000.000
3370,0.3740,0.3085,0.00,0.0000,0.0000,0,0,0,140,10,0,0,0,0,0,1000.000
3380,0.3740,0.3085,0.00,0.0000,0.0000,0,0,0,140,10,0,0,0,0,0,1000.000
3390,0.3740,0.3085,0.00,0.0000,0.0000,0,0,0,140,10,0,0,0,0,0,1000.000
3400,0.3740,0.3085,0.00,0.0000,0.0000,0,0,0,140,10,0,0,0,0,0,1000.000
3410,0.3740,0.3085,0.00,0.0000,0.0000,0,0,0,140,10,0,0,0,0,0,1000.000
3420,0.3740,0.3085,0.00,0.0000,0.0000,0,0,0,140,10,0,0,0,0,0,1000.000
3430,0.3740,0.3085,0.00,0.0000,0.0000,0,0,0,140,10,0,0,0,0,0,1000.000
3440,0.3740,0.3085,0.00,0.0000,0.0000,0,0,0,140,10,0,0,0,0,0,1000.000
3450,0.3740,0.3085,0.00,0.0000,0.0000,0,0,0,140,10,0,0,0,0,0,1000.000
3460,0.3740,0.3085,0.00,0.0000,0.0000,0,0,0,140,10,0,0,0,0,0,1000.000
3470,0.3740,0.3085,0.00,0.0000,0.0000,0,0,0,140,10,0,0,0,0,0,1000.000
3480,0.3740,0.3085,0.00,0.0000,0.0000,0,0,0,140,10,0,0,0,0,0,1000.000
3490,0.3740,0.3085,0.00,0.0000,0.0000,0,0,0,140,10,0,0,0,0,0,1000.000
3500,0.3740,0.3085,0.00,0.0000,0.0000,0,0,0,140,10,0,0,0,0,0,1000.000
3510,0.3740,0.3085,0.00,0.0000,0.0000,0,0,0,140,10,0,0,0,0,0,1000.000
3520,0.3740,0.3085,0.00,0.0000,0.0000,0,0,0,140,10,0,0,0,0,0,1000.000
3530,0.3740,0.3085,0.00,0.0000,0.0000,0,0,0,140,10,0,0,0,0,0,1000.000
3540,0.3740,0.3085,0.00,0.0000,0.0000,0,0,0,140,10,0,0,0,0,0,1000.000
3550,0.3740,0.3085,0.00,0.0000,0.0000,0,0,0,140,10,0,0,0,0,0,1000.000
3560,0.3740,0.3085,0.00,0.0000,0.0000,0,0,0,140,10,0,0,0,0,0,1000.000
3570,0.3740,0.3085,0.00,0.0000,0.0000,0,0,0,140,10,0,0,0,0,0,1000.000
3580,0.3740,0.3085,0.00,0.0000,0.0000,0,0,0,140,10,0,0,0,0,0,1000.000
3590,0.3740,0.3085,0.00,0.0000,0.0000,0,0,0,140,10,0,0,0,0,0,1000.000
3600,0.3740,0.3085,0.00,0.0000,0.0000,0,0,0,140,10,0,0,0,0,0,1000.000
3610,0.3740,0.3085,0.00,0.0000,0.0000,0,0,0,140,10,0,0,0,0,0,1000.000
3620,0.3740,0.3085,0.00,0.0000,0.0000,0,0,0,140,10,0,0,0,0,0,1000.000
3630,0.3740,0.3085,0.00,0.0000,0.0000,0,0,0,140,10,0,0,0,0,0,1000.000
3640,0.3740,0.3085,0.00,0.0000,0.0000,0,0,0,140,10,0,0,0,0,0,1000.000
3650,0.3740,0.3085,0.00,0.0000,0.0000,0,0,0,140,10,0,0,0,0,0,1000.000
3660,0.3740,0.3085,0.00,0.0000,0.0000,0,0,0,140,10,0,0,0,0,0,1000.000
3670,0.3740,0.3085,0.00,0.0000,0.0000,0,0,0,140,10,0,0,0,0,0,1000.000
3680,0.3740,0.3085,0.00,0.0000,0.0000,0,0,0,140,10,0,0,0,0,0,1000.000
3690,0.3740,0.3085,0.00,0.0000,0.0000,0,0,0,140,10,0,0,0,0,0,1000.000
3700,0.3740,0.3085,0.00,0.0000,0.0000,0,0,0,140,10,0,0,0,0,0,1000.000
3710,0.3740,0.3085,0.00,0.0000,0.0000,0,0,0,140,10,0,0,0,0,0,1000.000
3720,0.3740,0.3085,0.00,0.0000,0.0000,0,0,0,140,10,0,0,0,0,0,1000.000
3730,0.3740,0.3085,0.00,0.0000,0.0000,0,0,0,140,10,0,0,0,0,0,1000.000
3740,0.3740,0.3085,0.00,0.0000,0.0000,0,0,0,140,10,0,0,0,0,0,1000.000
3750,0.3740,0.3085,0.00,0.0000,0.0000,0,0,0,140,10,0,0,0,0,0,1000.000
3760,0.3740,0.3085,0.00,0.0000,0.0000,0,0,0,140,10,0,0,0,0,0,1000.000
3770,0.3740,0.3085,0.00,0.0000,0.0000,0,0,0,140,10,0,0,0,0,0,1000.000
3780,0.3740,0.3085,0.00,0.0000,0.0000,0,0,0,140,10,0,0,0,0,0,1000.000
3790,0.3740,0.3085,0.00,0.0000,0.0000,0,0,0,140,10,0,0,0,0,0,1000.000
3800,0.3740,0.3085,0.00,0.0000,0.0000,0,0,0,140,10,0,0,0,0,0,1000.000
3810,0.3740,0.3085,0.00,0.0000,0.0000,0,0,0,140,10,0,0,0,0,0,1000.000
3820,0.3740,0.3085,0.00,0.0000,0.0000,0,0,0,140,10,0,0,0,0,0,1000.000
3830,0.3740,0.3085,0.00,0.0000,0.0000,0,0,0,140,10,0,0,0,0,0,1000.000
3840,0.3740,0.3085,0.00,0.0000,0.0000,0,0,0,140,10,0,0,0,0,0,1000.000
3850,0.3740,0.3085,0.00,0.0000,0.0000,0,0,0,140,10,0,0,0,0,0,1000.000
3860,0.3740,0.3085,0.00,0.0000,0.0000,0,0,0,140,10,0,0,0,0,0,1000.000
3870,0.3740,0.3085,0.00,0.0000,0.0000,0,0,0,140,10,0,0,0,0,0,1000.000
3880,0.3740,0.3085,0.00,0.0000,0.0000,0,0,0,140,10,0,0,0,0,0,1000.000
3890,0.3740,0.3085,0.00,0.0000,0.0000,0,0,0,140,10,0,0,0,0,0,1000.000
3900,0.3740,0.3085,0.00,0.0000,0.0000,0,0,0,140,10,0,0,0,0,0,1000.000
3910,0.3740,0.3085,0.00,0.0000,0.0000,0,0,0,140,10,0,0,0,0,0,1000.000
3920,0.3740,0.3085,0.00,0.0000,0.0000,0,0,0,140,10,0,0,0,0,0,1000.000
3930,0.3740,0.3085,0.00,0.0000,0.0000,0,0,0,140,10,0,0,0,0,0,1000.000
3940,0.3740,0.3085,0.00,0.0000,0.0000,0,0,0,140,10,0,0,0,0,0,1000.000
3950,0.3740,0.3085,0.00,0.0000,0.0000,0,0,0,140,10,0,0,0,0,0,1000.000
3960,0.3740,0.3085,0.00,0.0000,0.0000,0,0,0,140,10,0,0,0,0,0,1000.000
3970,0.3740,0.3085,0.00,0.0000,0.0000,0,0,0,140,10,0,0,0,0,0,1000.000
3980,0.3740,0.3085,0.00,0.0000,0.0000,0,0,0,140,10,0,0,0,0,0,1000.000
3990,0.3740,0.3085,0.00,0.0000,0.0000,0,0,0,140,10,0,0,0,0,0,1000.000
4000,0.3740,0.3085,0.00,0.0000,0.0000,0,0,0,140,10,0,0,0,0,0,1000.000
4010,0.3740,0.3085,0.00,0.0000,0.0000,0,0,0,140,10,0,0,0,0,0,1000.000
4020,0.3740,0.3085,0.00,0.0000,0.0000,0,0,0,140,10,0,0,0,0,0,1000.000
4030,0.3740,0.3085,0.00,0.0000,0.0000,0,0,0,140,10,0,0,0,0,0,1000.000
4040,0.3740,0.3085,0.00,0.0000,0.0000,0,0,0,140,10,0,0,0,0,0,1000.000
4050,0.3740,0.3085,0.00,0.0000,0.0000,0,0,0,140,10,0,0,0,0,0,1000.000
4060,0.3740,0.3085,0.00,0.0000,0.0000,0,0,0,140,10,0,0,0,0,0,1000.000
4070,0.3740,0.3085,0.00,0.0000,0.0000,0,0,0,140,10,0,0,0,0,0,1000.000
4080,0.3740,0.3085,0.00,0.0000,0.0000,0,0,0,140,10,0,0,0,0,0,1000.000
4090,0.3740,0.3085,0.00,0.0000,0.0000,0,0,0,140,10,0,0,0,0,0,1000.000
4100,0.3740,0.3085,0.00,0.0000,0.0000,0,0,0,140,10,0,0,0,0,0,1000.000
4110,0.3740,0.3085,0.00,0.0000,0.0000,0,0,0,140,10,0,0,0,0,0,1000.000
4120,0.3740,0.3085,0.00,0.0000,0.0000,0,0,0,140,10,0,0,0,0,0,1000.000
4130,0.3740,0.3085,0.00,0.0000,0.0000,0,0,0,140,10,0,0,0,0,0,1000.000
4140,0.3740,0.3085,0.00,0.0000,0.0000,0,0,0,140,10,0,0,0,0,0,1000.000
4150,0.3740,0.3085,0.00,0.0000,0.0000,0,0,0,140,10,0,0,0,0,0,1000.000
4160,0.3740,0.3085,0.00,0.0000,0.0000,0,0,0,140,10,0,0,0,0,0,1000.000
4170,0.3740,0.3085,0.00,0.0000,0.0000,0,0,0,140,10,0,0,0,0,0,1000.000
4180,0.3740,0.3085,0.00,0.0000,0.0000,0,0,0,140,10,0,0,0,0,0,1000.000
4190,0.3740,0.3085,0.00,0.0000,0.0000,0,0,0,140,10,0,0,0,0,0,1000.000
4200,0.3740,0.3085,0.00,0.0000,0.0000,0,0,0,140,10,0,0,0,0,0,1000.000
4210,0.3740,0.3085,0.00,0.0000,0.0000,0,0,0,140,10,0,0,0,0,0,1000.000
4220,0.3740,0.3085,0.00,0.0000,0.0000,0,0,0,140,10,0,0,0,0,0,1000.000
4230,0.3740,0.3085,0.00,0.0000,0.0000,0,0,0,140,10,0,0,0,0,0,1000.000
4240,0.3740,0.3085,0.00,0.0000,0.0000,0,0,0,140,10,0,0,0,0,0,1000.000
4250,0.3740,0.3085,0.00,0.0000,0.0000,0,0,0,140,10,0,0,0,0,0,1000.000
4260,0.3740,0.3085,0.00,0.0000,0.0000,0,0,0,140,10,0,0,0,0,0,1000.000
4270,0.3740,0.3085,0.00,0.0000,0.0000,0,0,0,140,10,0,0,0,0,0,1000.000
4280,0.3740,0.3085,0.00,0.0000,0.0000,0,0,0,140,10,0,0,0,0,0,1000.000
4290,0.3740,0.3085,0.00,0.0000,0.0000,0,0,0,140,10,0,0,0,0,0,1000.000
4300,0.3740,0.3085,0.00,0.0000,0.0000,0,0,0,140,10,0,0,0,0,0,1000.000
4310,0.3740,0.3085,0.00,0.0000,0.0000,0,0,0,140,10,0,0,0,0,0,1000.000
4320,0.3740,0.3085,0.00,0.0000,0.0000,0,0,0,140,10,0,0,0,0,0,1000.000
4330,0.3740,0.3085,0.00,0.0000,0.0000,0,0,0,140,10,0,0,0,0,0,1000.000
4340,0.3740,0.3085,0.00,0.0000,0.0000,0,0,0,140,10,0,0,0,0,0,1000.000
4350,0.3740,0.3085,0.00,0.0000,0.0000,0,0,0,140,10,0,0,0,0,0,1000.000
4360,0.3740,0.3085,0.00,0.0000,0.0000,0,0,0,140,10,0,0,0,0,0,1000.000
4370,0.3740,0.3085,0.00,0.0000,0.0000,0,0,0,140,10,0,0,0,0,0,1000.000
4380,0.3740,0.3085,0.00,0.0000,0.0000,0,0,0,140,10,0,0,0,0,0,1000.000
4390,0.3740,0.3085,0.00,0.0000,0.0000,0,0,0,140,10,0,0,0,0,0,1000.000
4400,0.3740,0.3085,0.00,0.0000,0.0000,0,0,0,140,10,0,0,0,0,0,1000.000
4410,0.3740,0.3085,0.00,0.0000,0.0000,0,0,0,140,10,0,0,0,0,0,1000.000
4420,0.3740,0.3085,0.00,0.0000,0.0000,0,0,0,140,10,0,0,0,0,0,1000.000
4430,0.3740,0.3085,0.00,0.0000,0.0000,0,0,0,140,10,0,0,0,0,0,1000.000
4440,0.3740,0.3085,0.00,0.0000,0.0000,0,0,0,140,10,0,0,0,0,0,1000.000
4450,0.3740,0.3085,0.00,0.0000,0.0000,0,0,0,140,10,0,0,0,0,0,1000.000
4460,0.3740,0.3085,0.00,0.0000,0.0000,0,0,0,140,10,0,0,0,0,0,1000.000
4470,0.3740,0.3085,0.00,0.0000,0.0000,0,0,0,140,10,0,0,0,0,0,1000.000
4480,0.3740,0.3085,0.00,0.0000,0.0000,0,0,0,140,10,0,0,0,0,0,1000.000
4490,0.3740,0.3085,0.00,0.0000,0.0000,0,0,0,140,10,0,0,0,0,0,1000.000
4500,0.3740,0.3085,0.00,0.0000,0.0000,0,0,0,140,10,0,0,0,0,0,1000.000
4510,0.3740,0.3085,0.00,0.0000,0.0000,0,0,0,140,10,0,0,0,0,0,1000.000
4520,0.3740,0.3085,0.00,0.0000,0.0000,0,0,0,140,10,0,0,0,0,0,1000.000
4530,0.3740,0.3085,0.00,0.0000,0.0000,0,0,0,140,10,0,0,0,0,0,1000.000
4540,0.3740,0.3085,0.00,0.0000,0.0000,0,0,0,140,10,0,0,0,0,0,1000.000
4550,0.3740,0.3085,0.00,0.0000,0.0000,0,0,0,140,10,0,0,0,0,0,1000.000
4560,0.3740,0.3085,0.00,0.0000,0.0000,0,0,0,140,10,0,0,0,0,0,1000.000
4570,0.3740,0.3085,0.00,0.0000,0.0000,0,0,0,140,10,0,0,0,0,0,1000.000
4580,0.3740,0.3085,0.00,0.0000,0.0000,0,0,0,140,10,0,0,0,0,0,1000.000
4590,0.3740,0.3085,0.00,0.0000,0.0000,0,0,0,140,10,0,0,0,0,0,1000.000
4600,0.3740,0.3085,0.00,0.0000,0.0000,0,0,0,140,10,0,0,0,0,0,1000.000
4610,0.3740,0.3085,0.00,0.0000,0.0000,0,0,0,140,10,0,0,0,0,0,1000.000
4620,0.3740,0.3085,0.00,0.0000,0.0000,0,0,0,140,10,0,0,0,0,0,1000.000
4630,0.3740,0.3085,0.00,0.0000,0.0000,0,0,0,140,10,0,0,0,0,0,1000.000
4640,0.3740,0.3085,0.00,0.0000,0.0000,0,0,0,140,10,0,0,0,0,0,1000.000
4650,0.3740,0.3085,0.00,0.0000,0.0000,0,0,0,140,10,0,0,0,0,0,1000.000
4660,0.3740,0.3085,0.00,0.0000,0.0000,0,0,0,140,10,0,0,0,0,0,1000.000
4670,0.3740,0.3085,0.00,0.0000,0.0000,0,0,0,140,10,0,0,0,0,0,1000.000
4680,0.3740,0.3085,0.00,0.0000,0.0000,0,0,0,140,10,0,0,0,0,0,1000.000
4690,0.3740,0.3085,0.00,0.0000,0.0000,0,0,0,140,10,0,0,0,0,0,1000.000
4700,0.3740,0.3085,0.00,0.0000,0.0000,0,0,0,140,10,0,0,0,0,0,1000.000
4710,0.3740,0.3085,0.00,0.0000,0.0000,0,0,0,140,10,0,0,0,0,0,1000.000
4720,0.3740,0.3085,0.00,0.0000,0.0000,0,0,0,140,10,0,0,0,0,0,1000.000
4730,0.3740,0.3085,0.00,0.0000,0.0000,0,0,0,140,10,0,0,0,0,0,1000.000
4740,0.3740,0.3085,0.00,0.0000,0.0000,0,0,0,140,10,0,0,0,0,0,1000.000
4750,0.3740,0.3085,0.00,0.0000,0.0000,0,0,0,140,10,0,0,0,0,0,1000.000
4760,0.3740,0.3085,0.00,0.0000,0.0000,0,0,0,140,10,0,0,0,0,0,1000.000
4770,0.3740,0.3085,0.00,0.0000,0.0000,0,0,0,140,10,0,0,0,0,0,1000.000
4780,0.3740,0.3085,0.00,0.0000,0.0000,0,0,0,140,10,0,0,0,0,0,1000.000
4790,0.3740,0.3085,0.00,0.0000,0.0000,0,0,0,140,10,0,0,0,0,0,1000.000
4800,0.3740,0.3085,0.00,0.0000,0.0000,0,0,0,140,10,0,0,0,0,0,1000.000
4810,0.3740,0.3085,0.00,0.0000,0.0000,0,0,0,140,10,0,0,0,0,0,1000.000
4820,0.3740,0.3085,0.00,0.0000,0.0000,0,0,0,140,10,0,0,0,0,0,1000.000
4830,0.3740,0.3085,0.00,0.0000,0.0000,0,0,0,140,10,0,0,0,0,0,1000.000
4840,0.3740,0.3085,0.00,0.0000,0.0000,0,0,0,140,10,0,0,0,0,0,1000.000
4850,0.3740,0.3085,0.00,0.0000,0.0000,0,0,0,140,10,0,0,0,0,0,1000.000
4860,0.3740,0.3085,0.00,0.0000,0.0000,0,0,0,140,10,0,0,0,0,0,1000.000
4870,0.3740,0.3085,0.00,0.0000,0.0000,0,0,0,140,10,0,0,0,0,0,1000.000
4880,0.3740,0.3085,0.00,0.0000,0.0000,0,0,0,140,10,0,0,0,0,0,1000.000
4890,0.3740,0.3085,0.00,0.0000,0.0000,0,0,0,140,10,0,0,0,0,0,1000.000
4900,0.3740,0.3085,0.00,0.0000,0.0000,0,0,0,140,10,0,0,0,0,0,1000.000
4910,0.3740,0.3085,0.00,0.0000,0.0000,0,0,0,140,10,0,0,0,0,0,1000.000
4920,0.3740,0.3085,0.00,0.0000,0.0000,0,0,0,140,10,0,0,0,0,0,1000.000
4930,0.3740,0.3085,0.00,0.0000,0.0000,0,0,0,140,10,0,0,0,0,0,1000.000
4940,0.3740,0.3085,0.00,0.0000,0.0000,0,0,0,140,10,0,0,0,0,0,1000.000
4950,0.3740,0.3085,0.00,0.0000,0.0000,0,0,0,140,10,0,0,0,0,0,1000.000
4960,0.3740,0.3085,0.00,0.0000,0.0000,0,0,0,140,10,0,0,0,0,0,1000.000
4970,0.3740,0.3085,0.00,0.0000,0.0000,0,0,0,140,10,0,0,0,0,0,1000.000
4980,0.3740,0.3085,0.00,0.0000,0.0000,0,0,0,140,10,0,0,0,0,0,1000.000
4990,0.3740,0.3085,0.00,0.0000,0.0000,0,0,0,140,10,0,0,0,0,0,1000.000
5000,0.3740,0.3085,0.00,0.0000,0.0000,0,1,0,140,10,0,0,0,0,0,1000.000
5010,0.3740,0.3085,0.00,0.0000,0.0000,0,1,0,140,10,0,0,0,0,0,1000.000
5020,0.3740,0.3085,0.00,0.0000,0.0000,0,1,0,140,10,0,0,0,0,0,1000.000
5030,0.3740,0.3085,0.00,0.0000,0.0000,0,1,0,140,10,0,0,0,0,0,1000.000
5040,0.3740,0.3085,0.00,0.0000,0.0000,0,1,0,140,10,0,0,0,0,0,1000.000
5050,0.3740,0.3085,0.00,0.0000,0.0000,0,1,0,140,10,0,0,0,0,0,1000.000
5060,0.3740,0.3085,0.00,0.0000,0.0000,0,1,0,140,10,0,0,0,0,0,1000.000
5070,0.3740,0.3085,0.00,0.0000,0.0000,0,1,0,140,10,0,0,0,0,0,1000.000
5080,0.3740,0.3085,0.00,0.0000,0.0000,0,1,0,140,10,0,0,0,0,0,1000.000
5090,0.3740,0.3085,0.00,0.0000,0.0000,0,1,0,140,10,0,0,0,0,0,1000.000
5100,0.3740,0.3085,0.00,0.0000,0.0000,0,1,0,140,10,0,0,0,0,0,1000.000
5110,0.3740,0.3085,0.00,0.0000,0.0000,0,1,0,140,10,0,0,0,0,0,1000.000
5120,0.3740,0.3085,0.00,0.0000,0.0000,0,1,0,140,10,0,0,0,0,0,1000.000
5130,0.3740,0.3085,0.00,0.0000,0.0000,0,1,0,140,10,0,0,0,0,0,1000.000
5140,0.3740,0.3085,0.00,0.0000,0.0000,0,1,0,140,10,0,0,0,0,0,1000.000
5150,0.3740,0.3085,0.00,0.0000,0.0000,0,1,0,140,10,0,0,0,0,0,1000.000
5160,0.3740,0.3085,0.00,0.0000,0.0000,0,1,0,140,10,0,0,0,0,0,1000.000
5170,0.3740,0.3085,0.00,0.0000,0.0000,0,1,0,140,10,0,0,0,0,0,1000.000
5180,0.3740,0.3085,0.00,0.0000,0.0000,0,1,0,140,10,0,0,0,0,0,1000.000
5190,0.3740,0.3085,0.00,0.0000,0.0000,0,1,0,140,10,0,0,0,0,0,1000.000
5200,0.3740,0.3085,0.00,0.0000,0.0000,0,1,0,140,10,0,0,0,0,0,1000.000
5210,0.3740,0.3085,0.00,0.0000,0.0000,0,1,0,140,10,0,0,0,0,0,1000.000
5220,0.3740,0.3085,0.00,0.0000,0.0000,0,1,0,140,10,0,0,0,0,0,1000.000
5230,0.3740,0.3085,0.00,0.0000,0.0000,0,1,0,140,10,0,0,0,0,0,1000.000
5240,0.3740,0.3085,0.00,0.0000,0.0000,0,1,0,140,10,0,0,0,0,0,1000.000
5250,0.3740,0.3085,0.00,0.0000,0.0000,0,1,0,140,10,0,0,0,0,0,1000.000
5260,0.3740,0.3085,0.00,0.0000,0.0000,0,1,0,140,10,0,0,0,0,0,1000.000
5270,0.3740,0.3085,0.00,0.0000,0.0000,0,1,0,140,10,0,0,0,0,0,1000.000
5280,0.3740,0.3085,0.00,0.0000,0.0000,0,1,0,140,10,0,0,0,0,0,1000.000
5290,0.3740,0.3085,0.00,0.0000,0.0000,0,1,0,140,10,0,0,0,0,0,1000.000
5300,0.3740,0.3085,0.00,0.0000,0.0000,0,1,0,140,10,0,0,0,0,0,1000.000
5310,0.3740,0.3085,0.00,0.0000,0.0000,0,1,0,140,10,0,0,0,0,0,1000.000
5320,0.3740,0.3085,0.00,0.0000,0.0000,0,1,0,140,10,0,0,0,0,0,1000.000
5330,0.3740,0.3085,0.00,0.0000,0.0000,0,1,0,140,10,0,0,0,0,0,1000.000
5340,0.3740,0.3085,0.00,0.0000,0.0000,0,1,0,140,10,0,0,0,0,0,1000.000
5350,0.3740,0.3085,0.00,0.3690,0.3085,0,3,0,140,10,0,150,0,0,0,1.438
5360,0.3740,0.3086,0.00,0.3690,0.3086,0,3,0,140,10,0,150,0,0,0,1.438
5370,0.3740,0.3089,0.00,0.3690,0.3089,0,3,0,140,10,0,150,0,0,0,1.438
5380,0.3740,0.3094,0.00,0.3690,0.3094,0,3,0,140,10,0,150,0,0,0,1.437
5390,0.3740,0.3101,0.00,0.3690,0.3101,0,3,0,140,10,0,150,0,0,0,1.436
5400,0.3740,0.3110,0.00,0.3690,0.3109,0,3,0,140,10,0,150,0,0,0,1.436
5410,0.3740,0.3120,0.00,0.3690,0.3120,0,3,0,140,10,0,150,0,0,0,1.434
5420,0.3740,0.3133,0.00,0.3690,0.3133,0,3,0,140,10,0,150,0,0,0,1.433
5430,0.3740,0.3148,0.00,0.3690,0.3148,0,3,0,140,10,0,150,0,0,0,1.432
5440,0.3740,0.3165,0.00,0.3690,0.3165,0,3,0,140,10,0,150,0,0,0,1.430
5450,0.3740,0.3184,0.00,0.3690,0.3184,0,5,0,140,10,0,150,0,0,0,1.428
5460,0.3740,0.3205,0.00,0.3690,0.3205,0,5,0,140,10,0,150,0,0,0,1.426
5470,0.3740,0.3228,0.00,0.3690,0.3228,0,5,0,140,10,0,150,0,0,0,1.424
5480,0.3740,0.3253,0.00,0.3690,0.3253,0,5,0,140,10,0,150,0,0,0,1.421
5490,0.3740,0.3280,0.00,0.3690,0.3280,0,5,0,140,10,0,150,0,0,0,1.419
5500,0.3740,0.3309,0.00,0.3690,0.3309,0,5,0,140,10,0,150,0,0,0,1.416
5510,0.3740,0.3339,0.00,0.3690,0.3339,0,5,0,140,10,0,150,0,0,0,1.413
5520,0.3740,0.3372,0.00,0.3690,0.3372,0,5,0,140,10,0,150,0,0,0,1.409
5530,0.3740,0.3407,0.00,0.3690,0.3407,0,5,0,140,10,0,150,0,0,0,1.406
5540,0.3740,0.3444,0.00,0.3690,0.3444,0,5,0,140,10,0,150,0,0,0,1.402
5550,0.3740,0.3483,0.00,0.3690,0.3483,0,5,0,140,10,0,150,0,0,0,1.398
5560,0.3740,0.3524,0.00,0.3690,0.3524,0,5,0,140,10,0,150,0,0,0,1.394
5570,0.3740,0.3567,0.00,0.3690,0.3567,0,5,0,140,10,0,150,0,0,0,1.390
5580,0.3740,0.3612,0.00,0.3690,0.3612,0,5,0,140,10,0,150,0,0,0,1.385
5590,0.3740,0.3659,0.00,0.3690,0.3659,0,5,0,140,10,0,150,0,0,0,1.381
5600,0.3740,0.3707,0.00,0.3690,0.3707,0,5,0,139,10,0,150,0,0,0,1.376
5610,0.3740,0.3758,0.00,0.3690,0.3758,0,5,0,139,10,0,150,0,0,0,1.371
5620,0.3740,0.3811,0.00,0.3690,0.3811,0,5,0,139,10,0,150,0,0,0,1.365
5630,0.3740,0.3866,0.00,0.3690,0.3866,0,5,0,139,10,0,150,0,0,0,1.360
5640,0.3740,0.3923,0.00,0.3690,0.3923,0,5,0,139,10,0,150,0,0,0,1.354
5650,0.3740,0.3982,0.00,0.3690,0.3982,0,5,0,136,10,0,150,0,0,0,1.348
5660,0.3740,0.4043,0.00,0.3690,0.4043,0,5,0,136,10,0,150,0,0,0,1.342
5670,0.3740,0.4106,0.00,0.3690,0.4106,0,5,0,136,10,0,150,0,0,0,1.336
5680,0.3740,0.4171,0.00,0.3690,0.4171,0,5,0,136,10,0,150,0,0,0,1.329
5690,0.3740,0.4238,0.00,0.3690,0.4238,0,5,0,136,10,0,150,0,0,0,1.323
5700,0.3740,0.4306,0.00,0.3690,0.4306,0,5,0,133,10,0,150,0,0,0,1.316
5710,0.3740,0.4377,0.00,0.3690,0.4377,0,5,0,133,10,0,150,0,0,0,1.309
5720,0.3740,0.4450,0.00,0.3690,0.4450,0,5,0,133,10,0,150,0,0,0,1.301
5730,0.3740,0.4525,0.00,0.3690,0.4525,0,5,0,133,10,0,150,0,0,0,1.294
5740,0.3740,0.4602,0.00,0.3690,0.4602,0,5,0,133,10,0,150,0,0,0,1.286
5750,0.3740,0.4681,0.00,0.3690,0.4681,0,5,0,129,10,0,150,0,0,0,1.278
5760,0.3740,0.4762,0.00,0.3690,0.4762,0,5,0,129,10,0,150,0,0,0,1.270
5770,0.3740,0.4845,0.00,0.3690,0.4845,0,5,0,129,10,0,150,0,0,0,1.262
5780,0.3740,0.4930,0.00,0.3690,0.4930,0,5,0,129,10,0,150,0,0,0,1.254
5790,0.3740,0.5017,0.00,0.3690,0.5017,0,5,0,129,10,0,150,0,0,0,1.245
5800,0.3740,0.5106,0.00,0.3690,0.5106,0,5,0,125,10,0,150,0,0,0,1.236
5810,0.3740,0.5196,0.00,0.3690,0.5196,0,5,0,125,10,0,150,0,0,0,1.227
5820,0.3740,0.5289,0.00,0.3690,0.5289,0,5,0,125,10,0,150,0,0,0,1.218
5830,0.3740,0.5384,0.00,0.3690,0.5384,0,5,0,125,10,0,150,0,0,0,1.208
5840,0.3740,0.5481,0.00,0.3690,0.5481,0,5,0,125,10,0,150,0,0,0,1.198
5850,0.3740,0.5580,0.00,0.3690,0.5580,0,5,0,120,10,0,150,0,0,0,1.189
5860,0.3740,0.5681,0.00,0.3690,0.5681,0,5,0,120,10,0,150,0,0,0,1.178
5870,0.3740,0.5784,0.00,0.3690,0.5784,0,5,0,120,10,0,150,0,0,0,1.168
5880,0.3740,0.5889,0.00,0.3690,0.5889,0,5,0,120,10,0,150,0,0,0,1.158
5890,0.3740,0.5996,0.00,0.3690,0.5996,0,5,0,120,10,0,150,0,0,0,1.147
5900,0.3740,0.6105,0.00,0.3690,0.6105,0,5,0,115,10,0,150,0,0,0,1.136
5910,0.3740,0.6215,0.00,0.3690,0.6215,0,5,0,115,10,0,150,0,0,0,1.125
5920,0.3740,0.6328,0.00,0.3690,0.6328,0,5,0,115,10,0,150,0,0,0,1.114
5930,0.3740,0.6443,0.00,0.3690,0.6443,0,5,0,115,10,0,150,0,0,0,1.102
5940,0.3740,0.6560,0.00,0.3690,0.6560,0,5,0,115,10,0,150,0,0,0,1.090
5950,0.3740,0.6679,0.00,0.3690,0.6679,0,5,0,109,10,0,150,0,0,0,1.079
5960,0.3740,0.6798,0.00,0.3690,0.6798,0,5,0,109,10,0,150,0,0,0,1.067
5970,0.3740,0.6918,0.00,0.3690,0.6918,0,5,0,109,10,0,150,0,0,0,1.055
5980,0.3740,0.7037,0.00,0.3690,0.7037,0,5,0,109,10,0,150,0,0,0,1.043
5990,0.3740,0.7156,0.00,0.3690,0.7156,0,5,0,109,10,0,150,0,0,0,1.031
6000,0.3740,0.7276,0.00,0.3690,0.7276,0,5,0,104,10,0,150,0,0,0,1.019
6010,0.3740,0.7395,0.00,0.3690,0.7395,0,5,0,104,10,0,150,0,0,0,1.007
6020,0.3740,0.7515,0.00,0.3690,0.7515,0,5,0,104,10,0,150,0,0,0,0.995
6030,0.3740,0.7634,0.00,0.3690,0.7634,0,5,0,104,10,0,150,0,0,0,0.983
6040,0.3740,0.7753,0.00,0.3690,0.7753,0,5,0,104,10,0,150,0,0,0,0.971
6050,0.3740,0.7873,0.00,0.3690,0.7873,0,5,0,98,10,0,150,0,0,0,0.959
6060,0.3740,0.7992,0.00,0.3690,0.7992,0,5,0,98,10,0,150,0,0,0,0.947
6070,0.3740,0.8112,0.00,0.3690,0.8112,0,5,0,98,10,0,150,0,0,0,0.935
6080,0.3740,0.8231,0.00,0.3690,0.8231,0,5,0,98,10,0,150,0,0,0,0.923
6090,0.3740,0.8350,0.00,0.3690,0.8350,0,5,0,98,10,0,150,0,0,0,0.911
6100,0.3740,0.8470,0.00,0.3690,0.8470,0,5,0,92,10,0,150,0,0,0,0.900
6110,0.3740,0.8589,0.00,0.3690,0.8589,0,5,0,92,10,0,150,0,0,0,0.888
6120,0.3740,0.8708,0.00,0.3690,0.8708,0,5,0,92,10,0,150,0,0,0,0.876
6130,0.3740,0.8828,0.00,0.3690,0.8828,0,5,0,92,10,0,150,0,0,0,0.864
6140,0.3740,0.8947,0.00,0.3690,0.8947,0,5,0,92,10,0,150,0,0,0,0.852
6150,0.3740,0.9067,0.00,0.3690,0.9067,0,5,0,86,10,0,150,0,0,0,0.840
6160,0.3740,0.9186,0.00,0.3690,0.9186,0,5,0,86,10,0,150,0,0,0,0.828
6170,0.3740,0.9305,0.00,0.3690,0.9305,0,5,0,86,10,0,150,0,0,0,0.816
6180,0.3740,0.9425,0.00,0.3690,0.9425,0,5,0,86,10,0,150,0,0,0,0.804
6190,0.3740,0.9544,0.00,0.3690,0.9544,0,5,0,86,10,0,150,0,0,0,0.792
6200,0.3740,0.9663,0.00,0.3690,0.9663,0,5,0,80,10,0,150,0,0,0,0.780
6210,0.3740,0.9783,0.00,0.3690,0.9783,0,5,0,80,10,0,150,0,0,0,0.768
6220,0.3740,0.9902,0.00,0.3690,0.9902,0,5,0,80,10,0,150,0,0,0,0.756
6230,0.3740,1.0022,0.00,0.3690,1.0022,0,5,0,80,10,0,150,0,0,0,0.744
6240,0.3740,1.0141,0.00,0.3690,1.0141,0,5,0,80,10,0,150,0,0,0,0.732
6250,0.3740,1.0260,0.00,0.3690,1.0260,0,5,0,74,10,0,150,0,0,0,0.720
6260,0.3740,1.0380,0.00,0.3690,1.0380,0,5,0,74,10,0,150,0,0,0,0.709
6270,0.3740,1.0499,0.00,0.3690,1.0499,0,5,0,74,10,0,150,0,0,0,0.697
6280,0.3740,1.0618,0.00,0.3690,1.0618,0,5,0,74,10,0,150,0,0,0,0.685
6290,0.3740,1.0738,0.00,0.3690,1.0738,0,5,0,74,10,0,150,0,0,0,0.673
6300,0.3740,1.0857,0.00,0.3690,1.0857,0,5,0,68,10,0,150,0,0,0,0.661
6310,0.3740,1.0977,0.00,0.3690,1.0977,0,5,0,68,10,0,150,0,0,0,0.649
6320,0.3740,1.1096,0.00,0.3690,1.1096,0,5,0,68,10,0,150,0,0,0,0.637
6330,0.3740,1.1215,0.00,0.3690,1.1215,0,5,0,68,10,0,150,0,0,0,0.625
6340,0.3740,1.1335,0.00,0.3690,1.1335,0,5,0,68,10,0,150,0,0,0,0.613
6350,0.3740,1.1454,0.00,0.3690,1.1454,0,5,0,62,10,0,150,0,0,0,0.601
6360,0.3740,1.1574,0.00,0.3690,1.1574,0,5,0,62,10,0,150,0,0,0,0.589
6370,0.3740,1.1693,0.00,0.3690,1.1693,0,5,0,62,10,0,150,0,0,0,0.577
6380,0.3740,1.1812,0.00,0.3690,1.1812,0,5,0,62,10,0,150,0,0,0,0.565
6390,0.3740,1.1932,0.00,0.3690,1.1932,0,5,0,62,10,0,150,0,0,0,0.553
6400,0.3740,1.2051,0.00,0.3690,1.2051,0,5,0,56,10,0,147,0,1,0,0.541
6410,0.3740,1.2169,0.00,0.3690,1.2169,0,5,0,56,10,0,147,1,1,0,0.530
6420,0.3740,1.2286,0.00,0.3690,1.2286,0,5,0,56,10,0,146,1,0,0,0.518
6430,0.3740,1.2402,0.00,0.3690,1.2402,0,5,0,56,10,0,144,1,0,0,0.506
6440,0.3740,1.2516,0.00,0.3690,1.2516,0,5,0,56,10,0,142,1,0,0,0.495
6450,0.3740,1.2629,0.00,0.3690,1.2629,0,5,0,50,10,0,0,1,1,0,0.484
6460,0.3740,1.2740,0.00,0.3690,1.2740,0,5,0,50,10,0,136,1,1,0,0.472
6470,0.3740,1.2849,0.00,0.3690,1.2849,0,5,0,50,10,0,136,1,1,0,0.462
6480,0.3740,1.2957,0.00,0.3690,1.2957,0,5,0,50,10,0,135,1,0,0,0.451
6490,0.3740,1.3062,0.00,0.3690,1.3062,0,5,0,50,10,0,133,1,0,0,0.440
6500,0.3740,1.3165,0.00,0.3690,1.3165,0,5,0,45,10,0,125,1,1,0,0.430
6510,0.3740,1.3266,0.00,0.3690,1.3266,0,5,0,45,10,0,125,1,1,0,0.420
6520,0.3740,1.3365,0.00,0.3690,1.3365,0,5,0,45,10,0,125,1,1,0,0.410
6530,0.3740,1.3462,0.00,0.3690,1.3462,0,5,0,45,10,0,125,1,1,0,0.400
6540,0.3740,1.3557,0.00,0.3690,1.3557,0,5,0,45,10,0,125,1,0,0,0.391
6550,0.3740,1.3650,0.00,0.3690,1.3650,0,5,0,40,10,0,114,1,1,0,0.381
6560,0.3740,1.3742,0.00,0.3690,1.3742,0,5,0,40,10,0,114,1,1,0,0.372
6570,0.3740,1.3831,0.00,0.3690,1.3831,0,5,0,40,10,0,114,1,1,0,0.363
6580,0.3740,1.3918,0.00,0.3690,1.3918,0,5,0,40,10,0,114,1,1,0,0.355
6590,0.3740,1.4003,0.00,0.3690,1.4003,0,5,0,40,10,0,114,1,1,0,0.346
6600,0.3740,1.4086,0.00,0.3690,1.4086,0,5,0,35,10,0,102,1,1,0,0.338
6610,0.3740,1.4167,0.00,0.3690,1.4167,0,5,0,35,10,0,102,1,1,0,0.330
6620,0.3740,1.4246,0.00,0.3690,1.4246,0,5,0,35,10,0,102,1,1,0,0.322
6630,0.3740,1.4323,0.00,0.3690,1.4323,0,5,0,35,10,0,102,1,1,0,0.314
6640,0.3740,1.4398,0.00,0.3690,1.4398,0,5,0,35,10,0,102,1,1,0,0.307
6650,0.3740,1.4472,0.00,0.3690,1.4472,0,5,0,32,10,0,94,1,1,0,0.299
6660,0.3740,1.4543,0.00,0.3690,1.4543,0,5,0,32,10,0,94,1,1,0,0.292
6670,0.3740,1.4612,0.00,0.3690,1.4612,0,5,0,32,10,0,94,1,1,0,0.285
6680,0.3740,1.4679,0.00,0.3690,1.4679,0,5,0,32,10,0,94,1,1,0,0.279
6690,0.3740,1.4744,0.00,0.3690,1.4744,0,5,0,32,10,0,94,1,1,0,0.272
6700,0.3740,1.4807,0.00,0.3690,1.4807,0,5,0,28,10,0,82,1,1,0,0.266
6710,0.3740,1.4868,0.00,0.3690,1.4868,0,5,0,28,10,0,82,1,1,0,0.260
6720,0.3740,1.4927,0.00,0.3690,1.4927,0,5,0,28,10,0,82,1,1,0,0.254
6730,0.3740,1.4986,0.00,0.3690,1.4986,0,5,0,28,10,0,82,1,1,0,0.248
6740,0.3740,1.5047,0.00,0.3690,1.5047,0,5,0,28,10,0,82,1,1,0,0.242
6750,0.3740,1.5109,0.00,0.3690,1.5109,0,5,0,25,10,0,0,1,1,0,0.236
6760,0.3740,1.5171,0.00,0.3690,1.5171,0,5,0,25,10,0,0,1,1,0,0.229
6770,0.3740,1.5232,0.00,0.3690,1.5232,0,5,0,25,10,0,72,1,1,0,0.223
6780,0.3740,1.5290,0.00,0.3690,1.5290,0,5,0,25,10,0,72,1,1,0,0.217
6790,0.3740,1.5347,0.00,0.3690,1.5347,0,5,0,25,10,0,72,1,1,0,0.212
6800,0.3740,1.5401,0.00,0.3690,1.5401,0,5,0,22,10,0,0,1,1,0,0.206
6810,0.3740,1.5453,0.00,0.3690,1.5453,0,5,0,22,10,0,61,1,1,0,0.201
6820,0.3740,1.5504,0.00,0.3690,1.5504,0,5,0,22,10,0,61,1,1,0,0.196
6830,0.3740,1.5552,0.00,0.3690,1.5552,0,5,0,22,10,0,61,1,1,0,0.191
6840,0.3740,1.5598,0.00,0.3690,1.5598,0,5,0,22,10,0,61,1,1,0,0.187
6850,0.3740,1.5643,0.00,0.3690,1.5643,0,5,0,20,10,0,53,1,1,0,0.182
6860,0.3740,1.5685,0.00,0.3690,1.5685,0,5,0,20,10,0,53,1,1,0,0.178
6870,0.3740,1.5725,0.00,0.3690,1.5725,0,5,0,20,10,0,53,1,1,0,0.174
6880,0.3740,1.5764,0.00,0.3690,1.5764,0,5,0,20,10,0,53,1,1,0,0.170
6890,0.3740,1.5800,0.00,0.3690,1.5800,0,5,0,20,10,0,53,1,1,0,0.166
6900,0.3740,1.5835,0.00,0.3690,1.5835,0,5,0,18,10,0,44,1,1,0,0.163
6910,0.3740,1.5867,0.00,0.3690,1.5867,0,5,0,18,10,0,44,1,1,0,0.160
6920,0.3740,1.5897,0.00,0.3690,1.5897,0,5,0,18,10,0,44,1,1,0,0.157
6930,0.3740,1.5926,0.00,0.3690,1.5926,0,5,0,18,10,0,44,1,1,0,0.154
6940,0.3740,1.5952,0.00,0.3690,1.5952,0,5,0,18,10,0,44,1,1,0,0.151
6950,0.3740,1.5976,0.00,0.3690,1.5976,0,5,0,16,10,0,34,1,1,0,0.149
6960,0.3740,1.5999,0.00,0.3690,1.5999,0,5,0,16,10,0,34,1,1,0,0.147
6970,0.3740,1.6019,0.00,0.3690,1.6019,1,5,0,16,10,0,34,1,1,0,0.145
6980,0.3740,1.6038,0.00,0.3690,1.6038,1,5,0,16,10,0,34,1,1,0,0.143
6990,0.3740,1.6054,0.00,0.3690,1.6054,1,5,0,16,10,0,34,1,1,0,0.141
7000,0.3740,1.6071,0.00,0.3690,1.6071,1,5,0,15,10,0,0,0,0,0,1000.000
7010,0.3740,1.6088,0.00,0.3690,1.6088,1,5,0,15,10,0,0,0,0,0,1000.000
7020,0.3740,1.6104,0.00,0.3690,1.6104,1,5,0,15,10,0,0,0,0,0,1000.000
7030,0.3740,1.6119,0.00,0.3690,1.6119,1,5,0,15,10,0,0,0,0,0,1000.000
7040,0.3740,1.6134,0.00,0.3690,1.6134,1,5,0,15,10,0,0,0,0,0,1000.000
7050,0.3740,1.6147,0.00,0.3690,1.6147,1,5,0,15,10,0,0,0,0,0,1000.000
7060,0.3740,1.6160,0.00,0.3690,1.6160,1,5,0,15,10,0,0,0,0,0,1000.000
7070,0.3740,1.6171,0.00,0.3690,1.6171,1,5,0,15,10,0,0,0,0,0,1000.000
7080,0.3740,1.6182,0.00,0.3690,1.6182,1,5,0,15,10,0,0,0,0,0,1000.000
7090,0.3740,1.6192,0.00,0.3690,1.6192,1,5,0,15,10,0,0,0,0,0,1000.000
7100,0.3740,1.6201,0.00,0.3690,1.6201,1,5,0,14,10,0,0,0,0,0,1000.000
7110,0.3740,1.6210,0.00,0.3690,1.6210,1,5,0,14,10,0,0,0,0,0,1000.000
7120,0.3740,1.6217,0.00,0.3690,1.6217,1,5,0,14,10,0,0,0,0,0,1000.000
7130,0.3740,1.6224,0.00,0.3690,1.6224,1,5,0,14,10,0,0,0,0,0,1000.000
7140,0.3740,1.6229,0.00,0.3690,1.6229,1,5,0,14,10,0,0,0,0,0,1000.000
7150,0.3740,1.6234,0.00,0.3690,1.6234,1,5,0,14,10,0,0,0,0,0,1000.000
7160,0.3740,1.6238,0.00,0.3690,1.6238,1,5,0,14,10,0,0,0,0,0,1000.000
7170,0.3740,1.6241,0.00,0.3690,1.6241,1,5,0,14,10,0,0,0,0,0,1000.000
7180,0.3740,1.6243,0.00,0.3690,1.6243,1,5,0,14,10,0,0,0,0,0,1000.000
7190,0.3740,1.6245,0.00,0.3690,1.6245,1,5,0,14,10,0,0,0,0,0,1000.000
7200,0.3740,1.6245,0.00,0.3690,1.6245,1,5,0,14,10,0,0,0,0,0,1000.000
7210,0.3740,1.6245,0.00,0.3690,1.6245,1,5,0,14,10,0,0,0,0,0,1000.000
7220,0.3740,1.6245,0.00,0.3690,1.6245,1,5,0,14,10,0,0,0,0,0,1000.000
7230,0.3740,1.6245,0.00,0.3690,1.6245,1,5,0,14,10,0,0,0,0,0,1000.000
7240,0.3740,1.6245,0.00,0.3690,1.6245,1,5,0,14,10,0,0,0,0,0,1000.000
7250,0.3740,1.6245,0.00,0.3690,1.6245,1,5,0,14,10,0,0,0,0,0,1000.000
7260,0.3740,1.6245,0.00,0.3690,1.6245,1,5,0,14,10,0,0,0,0,0,1000.000
7270,0.3740,1.6245,0.00,0.3690,1.6245,1,5,0,14,10,0,0,0,0,0,1000.000
7280,0.3740,1.6245,0.00,0.3690,1.6245,1,5,0,14,10,0,0,0,0,0,1000.000
7290,0.3740,1.6245,0.00,0.3690,1.6245,1,5,0,14,10,0,0,0,0,0,1000.000
7300,0.3740,1.6245,0.00,0.3690,1.6245,1,5,0,14,10,0,0,0,0,0,1000.000
7310,0.3740,1.6245,0.00,0.3690,1.6245,1,5,0,14,10,0,0,0,0,0,1000.000
7320,0.3740,1.6245,0.00,0.3690,1.6245,1,5,0,14,10,0,0,0,0,0,1000.000
7330,0.3740,1.6245,0.00,0.3690,1.6245,1,5,0,14,10,0,0,0,0,0,1000.000
7340,0.3740,1.6245,0.00,0.3690,1.6245,1,5,0,14,10,0,0,0,0,0,1000.000
7350,0.3740,1.6245,0.00,0.3690,1.6245,1,5,0,14,10,0,0,0,0,0,1000.000
7360,0.3740,1.6245,0.00,0.3690,1.6245,1,5,0,14,10,0,0,0,0,0,1000.000
7370,0.3740,1.6245,0.00,0.3690,1.6245,1,5,0,14,10,0,0,0,0,0,1000.000
7380,0.3740,1.6245,0.00,0.3690,1.6245,1,5,0,14,10,0,0,0,0,0,1000.000
7390,0.3740,1.6245,0.00,0.3690,1.6245,1,5,0,14,10,0,0,0,0,0,1000.000
7400,0.3740,1.6245,0.00,0.3690,1.6245,1,5,0,14,10,150,0,0,0,0,2.361
7410,0.3741,1.6245,0.00,0.3691,1.6245,1,5,0,14,10,150,0,0,0,0,2.361
7420,0.3744,1.6245,0.00,0.3694,1.6245,1,5,0,14,10,150,0,0,0,0,2.361
7430,0.3749,1.6245,0.00,0.3699,1.6245,1,5,0,14,10,150,0,0,0,0,2.360
7440,0.3756,1.6245,0.00,0.3706,1.6245,1,5,0,14,10,150,0,0,0,0,2.359
7450,0.3765,1.6245,0.00,0.3714,1.6245,1,5,0,14,10,150,0,0,0,0,2.359
7460,0.3775,1.6245,0.00,0.3725,1.6245,1,5,0,14,10,150,0,0,0,0,2.357
7470,0.3788,1.6245,0.00,0.3738,1.6245,1,5,0,14,10,150,0,0,0,0,2.356
7480,0.3803,1.6245,0.00,0.3753,1.6245,1,5,0,14,10,150,0,0,0,0,2.355
7490,0.3820,1.6245,0.00,0.3770,1.6245,1,5,0,14,10,150,0,0,0,0,2.353
7500,0.3839,1.6245,0.00,0.3789,1.6245,1,5,0,14,10,150,0,0,0,0,2.351
7510,0.3860,1.6245,0.00,0.3810,1.6245,1,5,0,14,10,150,0,0,0,0,2.349
7520,0.3883,1.6245,0.00,0.3833,1.6245,1,5,0,14,10,150,0,0,0,0,2.347
7530,0.3908,1.6245,0.00,0.3858,1.6245,1,5,0,14,10,150,0,0,0,0,2.344
7540,0.3935,1.6245,0.00,0.3885,1.6245,1,5,0,14,10,150,0,0,0,0,2.342
7550,0.3964,1.6245,0.00,0.3914,1.6245,1,5,0,14,10,150,0,0,0,0,2.339
7560,0.3994,1.6245,0.00,0.3944,1.6245,1,5,0,14,10,150,0,0,0,0,2.336
7570,0.4027,1.6245,0.00,0.3977,1.6245,1,5,0,14,10,150,0,0,0,0,2.332
7580,0.4062,1.6245,0.00,0.4012,1.6245,1,5,0,14,10,150,0,0,0,0,2.329
7590,0.4099,1.6245,0.00,0.4049,1.6245,1,5,0,14,10,150,0,0,0,0,2.325
7600,0.4138,1.6245,0.00,0.4088,1.6245,1,5,0,14,11,150,0,0,0,0,2.321
7610,0.4179,1.6245,0.00,0.4129,1.6245,1,5,0,14,11,150,0,0,0,0,2.317
7620,0.4222,1.6245,0.00,0.4172,1.6245,1,5,0,14,11,150,0,0,0,0,2.313
7630,0.4267,1.6245,0.00,0.4217,1.6245,1,5,0,14,11,150,0,0,0,0,2.308
7640,0.4314,1.6245,0.00,0.4264,1.6245,1,5,0,14,11,150,0,0,0,0,2.304
7650,0.4362,1.6245,0.00,0.4312,1.6245,1,5,0,14,12,150,0,0,0,0,2.299
7660,0.4413,1.6245,0.00,0.4363,1.6245,1,5,0,14,12,150,0,0,0,0,2.294
7670,0.4466,1.6245,0.00,0.4416,1.6245,1,5,0,14,12,150,0,0,0,0,2.288
7680,0.4521,1.6245,0.00,0.4471,1.6245,1,5,0,14,12,150,0,0,0,0,2.283
7690,0.4578,1.6245,0.00,0.4528,1.6245,1,5,0,14,12,150,0,0,0,0,2.277
7700,0.4637,1.6245,0.00,0.4587,1.6245,1,5,0,14,14,150,0,0,0,0,2.271
7710,0.4698,1.6245,0.00,0.4648,1.6245,1,5,0,14,14,150,0,0,0,0,2.265
7720,0.4761,1.6245,0.00,0.4711,1.6245,1,5,0,14,14,150,0,0,0,0,2.259
7730,0.4826,1.6245,0.00,0.4776,1.6245,1,5,0,14,14,150,0,0,0,0,2.252
7740,0.4893,1.6245,0.00,0.4843,1.6245,1,5,0,14,14,150,0,0,0,0,2.246
7750,0.4961,1.6245,0.00,0.4911,1.6245,1,5,0,14,16,150,0,0,0,0,2.239
7760,0.5032,1.6245,0.00,0.4982,1.6245,1,5,0,14,16,150,0,0,0,0,2.232
7770,0.5105,1.6245,0.00,0.5055,1.6245,1,5,0,14,16,150,0,0,0,0,2.224
7780,0.5180,1.6245,0.00,0.5130,1.6245,1,5,0,14,16,150,0,0,0,0,2.217
7790,0.5257,1.6245,0.00,0.5207,1.6245,1,5,0,14,16,150,0,0,0,0,2.209
7800,0.5336,1.6245,0.00,0.5286,1.6245,1,5,0,14,19,150,0,0,0,0,2.201
7810,0.5417,1.6245,0.00,0.5367,1.6245,1,5,0,14,19,150,0,0,0,0,2.193
7820,0.5500,1.6245,0.00,0.5450,1.6245,1,5,0,14,19,150,0,0,0,0,2.185
7830,0.5585,1.6245,0.00,0.5535,1.6245,1,5,0,14,19,150,0,0,0,0,2.177
7840,0.5672,1.6245,0.00,0.5622,1.6245,1,5,0,14,19,150,0,0,0,0,2.168
7850,0.5761,1.6245,0.00,0.5710,1.6245,1,5,0,14,22,150,0,0,0,0,2.159
7860,0.5851,1.6245,0.00,0.5801,1.6245,1,5,0,14,22,150,0,0,0,0,2.150
7870,0.5944,1.6245,0.00,0.5894,1.6245,1,5,0,14,22,150,0,0,0,0,2.141
7880,0.6039,1.6245,0.00,0.5989,1.6245,1,5,0,14,22,150,0,0,0,0,2.131
7890,0.6136,1.6245,0.00,0.6086,1.6245,1,5,0,14,22,150,0,0,0,0,2.121
7900,0.6235,1.6245,0.00,0.6185,1.6245,1,5,0,14,26,150,0,0,0,0,2.112
7910,0.6336,1.6245,0.00,0.6286,1.6245,1,5,0,14,26,150,0,0,0,0,2.101
7920,0.6439,1.6245,0.00,0.6389,1.6245,1,5,0,14,26,150,0,0,0,0,2.091
7930,0.6544,1.6245,0.00,0.6494,1.6245,1,5,0,14,26,150,0,0,0,0,2.081
7940,0.6651,1.6245,0.00,0.6601,1.6245,1,5,0,14,26,150,0,0,0,0,2.070
7950,0.6760,1.6245,0.00,0.6709,1.6245,1,5,0,14,30,150,0,0,0,0,2.059
7960,0.6870,1.6245,0.00,0.6820,1.6245,1,5,0,14,30,150,0,0,0,0,2.048
7970,0.6983,1.6245,0.00,0.6933,1.6245,1,5,0,14,30,150,0,0,0,0,2.037
7980,0.7098,1.6245,0.00,0.7048,1.6245,1,5,0,14,30,150,0,0,0,0,2.025
7990,0.7215,1.6245,0.00,0.7165,1.6245,1,5,0,14,30,150,0,0,0,0,2.013
8000,0.7334,1.6245,0.00,0.7284,1.6245,1,5,0,14,35,150,0,0,0,0,2.002
8010,0.7453,1.6245,0.00,0.7403,1.6245,1,5,0,14,35,150,0,0,0,0,1.990
8020,0.7573,1.6245,0.00,0.7523,1.6245,1,5,0,14,35,150,0,0,0,0,1.978
8030,0.7692,1.6245,0.00,0.7642,1.6245,1,5,0,14,35,150,0,0,0,0,1.966
8040,0.7811,1.6245,0.00,0.7761,1.6245,1,5,0,14,35,150,0,0,0,0,1.954
8050,0.7931,1.6245,0.00,0.7881,1.6245,1,5,0,14,40,150,0,0,0,0,1.942
8060,0.8050,1.6245,0.00,0.8000,1.6245,1,5,0,14,40,150,0,0,0,0,1.930
8070,0.8170,1.6245,0.00,0.8120,1.6245,1,5,0,14,40,150,0,0,0,0,1.918
8080,0.8289,1.6245,0.00,0.8239,1.6245,1,5,0,14,40,150,0,0,0,0,1.906
8090,0.8408,1.6245,0.00,0.8358,1.6245,1,5,0,14,40,150,0,0,0,0,1.894
8100,0.8528,1.6245,0.00,0.8478,1.6245,1,5,0,14,46,150,0,0,0,0,1.882
8110,0.8647,1.6245,0.00,0.8597,1.6245,1,5,0,14,46,150,0,0,0,0,1.870
8120,0.8767,1.6245,0.00,0.8716,1.6245,1,5,0,14,46,150,0,0,0,0,1.858
8130,0.8886,1.6245,0.00,0.8836,1.6245,1,5,0,14,46,150,0,0,0,0,1.846
8140,0.9005,1.6245,0.00,0.8955,1.6245,1,5,0,14,46,150,0,0,0,0,1.834
8150,0.9125,1.6245,0.00,0.9075,1.6245,1,5,0,14,52,150,0,0,0,0,1.823
8160,0.9244,1.6245,0.00,0.9194,1.6245,1,5,0,14,52,150,0,0,0,0,1.811
8170,0.9363,1.6245,0.00,0.9313,1.6245,1,5,0,14,52,150,0,0,0,0,1.799
8180,0.9483,1.6245,0.00,0.9433,1.6245,1,5,0,14,52,150,0,0,0,0,1.787
8190,0.9602,1.6245,0.00,0.9552,1.6245,1,5,0,14,52,150,0,0,0,0,1.775
8200,0.9722,1.6245,0.00,0.9672,1.6245,1,5,0,14,58,150,0,0,0,0,1.763
8210,0.9841,1.6245,0.00,0.9791,1.6245,1,5,0,14,58,150,0,0,0,0,1.751
8220,0.9960,1.6245,0.00,0.9910,1.6245,1,5,0,14,58,150,0,0,0,0,1.739
8230,1.0080,1.6245,0.00,1.0030,1.6245,1,5,0,14,58,150,0,0,0,0,1.727
8240,1.0199,1.6245,0.00,1.0149,1.6245,1,5,0,14,58,150,0,0,0,0,1.715
8250,1.0318,1.6245,0.00,1.0268,1.6245,1,5,0,14,64,150,0,0,0,0,1.703
8260,1.0438,1.6245,0.00,1.0388,1.6245,1,5,0,14,64,150,0,0,0,0,1.691
8270,1.0557,1.6245,0.00,1.0507,1.6245,1,5,0,14,64,150,0,0,0,0,1.679
8280,1.0677,1.6245,0.00,1.0627,1.6245,1,5,0,14,64,150,0,0,0,0,1.667
8290,1.0796,1.6245,0.00,1.0746,1.6245,1,5,0,14,64,150,0,0,0,0,1.655
8300,1.0915,1.6245,0.00,1.0865,1.6245,1,5,0,14,70,150,0,0,0,0,1.643
8310,1.1035,1.6245,0.00,1.0985,1.6245,1,5,0,14,70,150,0,0,0,0,1.632
8320,1.1154,1.6245,0.00,1.1104,1.6245,1,5,0,14,70,150,0,0,0,0,1.620
8330,1.1273,1.6245,0.00,1.1223,1.6245,1,5,0,14,70,150,0,0,0,0,1.608
8340,1.1393,1.6245,0.00,1.1343,1.6245,1,5,0,14,70,150,0,0,0,0,1.596
8350,1.1512,1.6245,0.00,1.1462,1.6245,1,5,0,14,76,150,0,0,0,0,1.584
8360,1.1632,1.6245,0.00,1.1582,1.6245,1,5,0,14,76,150,0,0,0,0,1.572
8370,1.1751,1.6245,0.00,1.1701,1.6245,1,5,0,14,76,150,0,0,0,0,1.560
8380,1.1870,1.6245,0.00,1.1820,1.6245,1,5,0,14,76,150,0,0,0,0,1.548
8390,1.1990,1.6245,0.00,1.1940,1.6245,1,5,0,14,76,150,0,0,0,0,1.536
8400,1.2109,1.6245,0.00,1.2059,1.6245,1,5,0,14,82,150,0,0,0,0,1.524
8410,1.2229,1.6245,0.00,1.2179,1.6245,1,5,0,14,82,150,0,0,0,0,1.512
8420,1.2348,1.6245,0.00,1.2298,1.6245,1,5,0,14,82,150,0,0,0,0,1.500
8430,1.2467,1.6245,0.00,1.2417,1.6245,1,5,0,14,82,150,0,0,0,0,1.488
8440,1.2587,1.6245,0.00,1.2537,1.6245,1,5,0,14,82,150,0,0,0,0,1.476
8450,1.2706,1.6245,0.00,1.2656,1.6245,1,5,0,14,88,150,0,0,0,0,1.464
8460,1.2825,1.6245,0.00,1.2775,1.6245,1,5,0,14,88,150,0,0,0,0,1.452
8470,1.2945,1.6245,0.00,1.2895,1.6245,1,5,0,14,88,150,0,0,0,0,1.441
8480,1.3064,1.6245,0.00,1.3014,1.6245,1,5,0,14,88,150,0,0,0,0,1.429
8490,1.3184,1.6245,0.00,1.3134,1.6245,1,5,0,14,88,150,0,0,0,0,1.417
8500,1.3303,1.6245,0.00,1.3253,1.6245,1,5,0,14,94,150,0,0,0,0,1.405
8510,1.3422,1.6245,0.00,1.3372,1.6245,1,5,0,14,94,150,0,0,0,0,1.393
8520,1.3542,1.6245,0.00,1.3492,1.6245,1,5,0,14,94,150,0,0,0,0,1.381
8530,1.3661,1.6245,0.00,1.3611,1.6245,1,5,0,14,94,150,0,0,0,0,1.369
8540,1.3780,1.6245,0.00,1.3730,1.6245,1,5,0,14,94,150,0,0,0,0,1.357
8550,1.3900,1.6245,0.00,1.3850,1.6245,1,5,0,14,100,150,0,0,0,0,1.345
8560,1.4019,1.6245,0.00,1.3969,1.6245,1,5,0,14,100,150,0,0,0,0,1.333
8570,1.4139,1.6245,0.00,1.4089,1.6245,1,5,0,14,100,150,0,0,0,0,1.321
8580,1.4258,1.6245,0.00,1.4208,1.6245,1,5,0,14,100,150,0,0,0,0,1.309
8590,1.4377,1.6245,0.00,1.4327,1.6245,1,5,0,14,100,150,0,0,0,0,1.297
8600,1.4497,1.6245,0.00,1.4447,1.6245,1,5,0,14,106,150,0,0,0,0,1.285
8610,1.4616,1.6245,0.00,1.4566,1.6245,1,5,0,14,106,150,0,0,0,0,1.273
8620,1.4736,1.6245,0.00,1.4686,1.6245,1,5,0,14,106,150,0,0,0,0,1.261
8630,1.4855,1.6245,0.00,1.4805,1.6245,1,5,0,14,106,150,0,0,0,0,1.250
8640,1.4974,1.6245,0.00,1.4924,1.6245,1,5,0,14,106,150,0,0,0,0,1.238
8650,1.5094,1.6245,0.00,1.5044,1.6245,1,5,0,14,111,150,0,0,0,0,1.226
8660,1.5213,1.6245,0.00,1.5163,1.6245,1,5,0,14,111,150,0,0,0,0,1.214
8670,1.5332,1.6245,0.00,1.5282,1.6245,1,5,0,14,111,150,0,0,0,0,1.202
8680,1.5452,1.6245,0.00,1.5402,1.6245,1,5,0,14,111,150,0,0,0,0,1.190
8690,1.5571,1.6245,0.00,1.5521,1.6245,1,5,0,14,111,150,0,0,0,0,1.178
8700,1.5691,1.6245,0.00,1.5641,1.6245,1,5,0,14,117,150,0,0,0,0,1.166
8710,1.5810,1.6245,0.00,1.5760,1.6245,1,5,0,14,117,150,0,0,0,0,1.154
8720,1.5929,1.6245,0.00,1.5879,1.6245,1,5,0,14,117,150,0,0,0,0,1.142
8730,1.6049,1.6245,0.00,1.5999,1.6245,1,5,0,14,117,150,0,0,0,0,1.130
8740,1.6168,1.6245,0.00,1.6118,1.6245,1,5,0,14,117,150,0,0,0,0,1.118
8750,1.6287,1.6245,0.00,1.6237,1.6245,1,5,0,14,123,150,0,0,0,0,1.106
8760,1.6407,1.6245,0.00,1.6357,1.6245,1,5,0,14,123,150,0,0,0,0,1.094
8770,1.6526,1.6245,0.00,1.6476,1.6245,1,5,0,14,123,150,0,0,0,0,1.082
8780,1.6646,1.6245,0.00,1.6596,1.6245,1,5,0,14,123,150,0,0,0,0,1.070
8790,1.6765,1.6245,0.00,1.6715,1.6245,1,5,0,14,123,150,0,0,0,0,1.059
8800,1.6884,1.6245,0.00,1.6834,1.6245,1,5,0,14,129,150,0,0,0,0,1.047
8810,1.7004,1.6245,0.00,1.6954,1.6245,1,5,0,14,129,150,0,0,0,0,1.035
8820,1.7123,1.6245,0.00,1.7073,1.6245,1,5,0,14,129,150,0,0,0,0,1.023
8830,1.7243,1.6245,0.00,1.7193,1.6245,1,5,0,14,129,150,0,0,0,0,1.011
8840,1.7362,1.6245,0.00,1.7312,1.6245,1,5,0,14,129,150,0,0,0,0,0.999
8850,1.7481,1.6245,0.00,1.7431,1.6245,1,5,0,14,135,150,0,0,0,0,0.987
8860,1.7601,1.6245,0.00,1.7551,1.6245,1,5,0,14,135,150,0,0,0,0,0.975
8870,1.7720,1.6245,0.00,1.7670,1.6245,1,5,0,14,135,150,0,0,0,0,0.963
8880,1.7839,1.6245,0.00,1.7789,1.6245,1,5,0,14,135,150,0,0,0,0,0.951
8890,1.7959,1.6245,0.00,1.7909,1.6245,1,5,0,14,135,150,0,0,0,0,0.939
8900,1.8078,1.6245,0.00,1.8028,1.6245,1,5,0,14,141,150,0,0,0,0,0.927
8910,1.8198,1.6245,0.00,1.8148,1.6245,1,5,0,14,141,150,0,0,0,0,0.915
8920,1.8317,1.6245,0.00,1.8267,1.6245,1,5,0,14,141,150,0,0,0,0,0.903
8930,1.8436,1.6245,0.00,1.8386,1.6245,1,5,0,14,141,150,0,0,0,0,0.891
8940,1.8556,1.6245,0.00,1.8506,1.6245,1,5,0,14,141,150,0,0,0,0,0.879
8950,1.8675,1.6245,0.00,1.8625,1.6245,1,5,0,14,147,150,0,0,0,0,0.867
8960,1.8794,1.6245,0.00,1.8744,1.6245,1,5,0,14,147,150,0,0,0,0,0.856
8970,1.8914,1.6245,0.00,1.8864,1.6245,1,5,0,14,147,150,0,0,0,0,0.844
8980,1.9033,1.6245,0.00,1.8983,1.6245,1,5,0,14,147,150,0,0,0,0,0.832
8990,1.9153,1.6245,0.00,1.9103,1.6245,1,5,0,14,147,150,0,0,0,0,0.820
9000,1.9272,1.6245,0.00,1.9222,1.6245,1,5,0,14,153,150,0,0,0,0,0.808
9010,1.9391,1.6245,0.00,1.9341,1.6245,1,5,0,14,153,150,0,0,0,0,0.796
9020,1.9511,1.6245,0.00,1.9461,1.6245,1,5,0,14,153,150,0,0,0,0,0.784
9030,1.9630,1.6245,0.00,1.9580,1.6245,1,5,0,14,153,150,0,0,0,0,0.772
9040,1.9750,1.6245,0.00,1.9700,1.6245,1,5,0,14,153,150,0,0,0,0,0.760
9050,1.9869,1.6245,0.00,1.9819,1.6245,1,5,0,14,159,150,0,0,0,0,0.748
9060,1.9988,1.6245,0.00,1.9938,1.6245,1,5,0,14,159,150,0,0,0,0,0.736
9070,2.0108,1.6245,0.00,2.0058,1.6245,1,5,0,14,159,150,0,0,0,0,0.724
9080,2.0227,1.6245,0.00,2.0177,1.6245,1,5,0,14,159,150,0,0,0,0,0.712
9090,2.0346,1.6245,0.00,2.0296,1.6245,1,5,0,14,159,150,0,0,0,0,0.700
9100,2.0466,1.6245,0.00,2.0416,1.6245,1,5,0,14,165,150,0,0,0,0,0.688
9110,2.0585,1.6245,0.00,2.0535,1.6245,1,5,0,14,165,150,0,0,0,0,0.676
9120,2.0705,1.6245,0.00,2.0655,1.6245,1,5,0,14,165,150,0,0,0,0,0.665
9130,2.0824,1.6245,0.00,2.0774,1.6245,1,5,0,14,165,150,0,0,0,0,0.653
9140,2.0943,1.6245,0.00,2.0893,1.6245,1,5,0,14,165,150,0,0,0,0,0.641
9150,2.1063,1.6245,0.00,2.1013,1.6245,1,5,0,14,171,150,0,0,0,0,0.629
9160,2.1182,1.6245,0.00,2.1132,1.6245,1,5,0,14,171,150,0,0,0,0,0.617
9170,2.1301,1.6245,0.00,2.1251,1.6245,1,5,0,14,171,150,0,0,0,0,0.605
9180,2.1421,1.6245,0.00,2.1371,1.6245,1,5,0,14,171,150,0,0,0,0,0.593
9190,2.1540,1.6245,0.00,2.1490,1.6245,1,5,0,14,171,150,0,0,0,0,0.581
9200,2.1660,1.6245,0.00,2.1610,1.6245,1,5,0,114,177,150,0,0,0,0,0.569
9210,2.1779,1.6245,0.00,2.1729,1.6245,1,5,0,114,177,150,0,0,0,0,0.557
9220,2.1898,1.6245,0.00,2.1848,1.6245,1,5,0,114,177,150,0,0,0,0,0.545
9230,2.2017,1.6245,0.00,2.1967,1.6245,1,5,0,114,177,148,0,1,0,0,0.533
9240,2.2135,1.6245,0.00,2.2085,1.6245,1,5,0,114,177,147,0,1,0,0,0.521
9250,2.2251,1.6245,0.00,2.2201,1.6245,1,5,0,114,183,145,0,1,0,0,0.510
9260,2.2366,1.6245,0.00,2.2316,1.6245,1,5,0,114,183,143,0,1,0,0,0.498
9270,2.2479,1.6245,0.00,2.2429,1.6245,1,5,0,114,183,141,0,1,0,0,0.487
9280,2.2591,1.6245,0.00,2.2541,1.6245,1,5,0,114,183,139,0,1,0,0,0.476
9290,2.2702,1.6245,0.00,2.2652,1.6245,1,5,0,114,183,138,0,1,0,0,0.465
9300,2.2811,1.6245,0.00,2.2761,1.6245,1,5,0,114,189,136,0,1,0,0,0.454
9310,2.2918,1.6245,0.00,2.2868,1.6245,1,5,0,114,189,134,0,1,0,0,0.443
9320,2.3024,1.6245,0.00,2.2974,1.6245,1,5,0,114,189,132,0,1,0,0,0.433
9330,2.3129,1.6245,0.00,2.3079,1.6245,1,5,0,114,189,130,0,1,0,0,0.422
9340,2.3232,1.6245,0.00,2.3182,1.6245,1,5,0,114,189,129,0,1,0,0,0.412
9350,2.3334,1.6245,0.00,2.3284,1.6245,1,5,0,114,195,127,0,1,0,0,0.402
9360,2.3435,1.6245,0.00,2.3385,1.6245,1,5,0,114,195,125,0,1,0,0,0.392
9370,2.3534,1.6245,0.00,2.3484,1.6245,1,5,0,114,195,123,0,1,0,0,0.382
9380,2.3631,1.6245,0.00,2.3581,1.6245,1,5,0,114,195,121,0,1,0,0,0.372
9390,2.3728,1.6245,0.00,2.3678,1.6245,1,5,0,114,195,120,0,1,0,0,0.362
9400,2.3822,1.6245,0.00,2.3772,1.6245,1,5,0,114,201,118,0,1,0,0,0.353
9410,2.3916,1.6245,0.00,2.3866,1.6245,1,5,0,114,201,116,0,1,0,0,0.343
9420,2.4008,1.6245,0.00,2.3958,1.6245,1,5,0,114,201,114,0,1,0,0,0.334
9430,2.4098,1.6245,0.00,2.4048,1.6245,1,5,0,114,201,113,0,1,0,0,0.325
9440,2.4188,1.6245,0.00,2.4138,1.6245,1,5,0,114,201,111,0,1,0,0,0.316
9450,2.4275,1.6245,0.00,2.4225,1.6245,1,5,0,114,206,109,0,1,0,0,0.307
9460,2.4362,1.6245,0.00,2.4312,1.6245,1,5,0,114,206,107,0,1,0,0,0.299
9470,2.4447,1.6245,0.00,2.4397,1.6245,1,5,0,114,206,106,0,1,0,0,0.290
9480,2.4530,1.6245,0.00,2.4480,1.6245,1,5,0,114,206,104,0,1,0,0,0.282
9490,2.4613,1.6245,0.00,2.4563,1.6245,1,5,0,114,206,102,0,1,0,0,0.274
9500,2.4693,1.6245,0.00,2.4643,1.6245,1,5,0,114,211,100,0,1,0,0,0.266
9510,2.4773,1.6245,0.00,2.4723,1.6245,1,5,0,114,211,99,0,1,0,0,0.258
9520,2.4851,1.6245,0.00,2.4801,1.6245,2,5,0,114,211,97,0,1,0,0,0.250
9530,2.4928,1.6245,0.00,2.4878,1.6245,2,5,0,114,211,95,0,1,0,0,0.242
9540,2.5003,1.6245,0.00,2.4953,1.6245,2,5,0,114,211,93,0,1,0,0,0.235
9550,2.5077,1.6245,0.00,2.5027,1.6245,2,5,0,114,215,0,0,0,0,0,1000.000
9560,2.5149,1.6245,0.00,2.5099,1.6245,2,5,0,114,215,0,0,0,0,0,1000.000
9570,2.5220,1.6245,0.00,2.5170,1.6245,2,5,0,114,215,0,0,0,0,0,1000.000
9580,2.5288,1.6245,0.00,2.5238,1.6245,2,5,0,114,215,0,0,0,0,0,1000.000
9590,2.5354,1.6245,0.00,2.5304,1.6245,2,5,0,114,215,0,0,0,0,0,1000.000
9600,2.5419,1.6245,0.00,2.5369,1.6245,2,5,0,114,219,0,0,0,0,0,1000.000
9610,2.5481,1.6245,0.00,2.5431,1.6245,2,5,0,114,219,0,0,0,0,0,1000.000
9620,2.5541,1.6245,0.00,2.5491,1.6245,2,5,0,114,219,0,0,0,0,0,1000.000
9630,2.5600,1.6245,0.00,2.5550,1.6245,2,5,0,114,219,0,0,0,0,0,1000.000
9640,2.5656,1.6245,0.00,2.5606,1.6245,2,5,0,114,219,0,0,0,0,0,1000.000
9650,2.5710,1.6245,0.00,2.5660,1.6245,2,5,0,114,223,0,0,0,0,0,1000.000
9660,2.5763,1.6245,0.00,2.5713,1.6245,2,5,0,114,223,0,0,0,0,0,1000.000
9670,2.5813,1.6245,0.00,2.5763,1.6245,2,5,0,114,223,0,0,0,0,0,1000.000
9680,2.5861,1.6245,0.00,2.5811,1.6245,2,5,0,114,223,0,0,0,0,0,1000.000
9690,2.5908,1.6245,0.00,2.5858,1.6245,2,5,0,114,223,0,0,0,0,0,1000.000
9700,2.5952,1.6245,0.00,2.5902,1.6245,2,5,0,114,227,0,0,0,0,0,1000.000
9710,2.5994,1.6245,0.00,2.5944,1.6245,2,5,0,114,227,0,0,0,0,0,1000.000
9720,2.6035,1.6245,0.00,2.5985,1.6245,2,5,0,114,227,0,0,0,0,0,1000.000
9730,2.6073,1.6245,0.00,2.6023,1.6245,2,5,0,114,227,0,0,0,0,0,1000.000
9740,2.6109,1.6245,0.00,2.6059,1.6245,2,5,0,114,227,0,0,0,0,0,1000.000
9750,2.6144,1.6245,0.00,2.6094,1.6245,2,5,0,114,230,0,0,0,0,0,1000.000
9760,2.6176,1.6245,0.00,2.6126,1.6245,2,5,0,114,230,0,0,0,0,0,1000.000
9770,2.6206,1.6245,0.00,2.6156,1.6245,2,5,0,114,230,0,0,0,0,0,1000.000
9780,2.6234,1.6245,0.00,2.6184,1.6245,2,5,0,114,230,0,0,0,0,0,1000.000
9790,2.6261,1.6245,0.00,2.6211,1.6245,2,5,0,114,230,0,0,0,0,0,1000.000
9800,2.6285,1.6245,0.00,2.6235,1.6245,2,5,0,114,232,0,0,0,0,0,1000.000
9810,2.6307,1.6245,0.00,2.6257,1.6245,2,5,0,114,232,0,0,0,0,0,1000.000
9820,2.6328,1.6245,0.00,2.6278,1.6245,2,5,0,114,232,0,0,0,0,0,1000.000
9830,2.6346,1.6245,0.00,2.6296,1.6245,2,5,0,114,232,0,0,0,0,0,1000.000
9840,2.6362,1.6245,0.00,2.6312,1.6245,2,5,0,114,232,0,0,0,0,0,1000.000
9850,2.6377,1.6245,0.00,2.6327,1.6245,2,5,0,114,234,0,0,0,0,0,1000.000
9860,2.6389,1.6245,0.00,2.6339,1.6245,2,5,0,114,234,0,0,0,0,0,1000.000
9870,2.6399,1.6245,0.00,2.6349,1.6245,2,5,0,114,234,0,0,0,0,0,1000.000
9880,2.6408,1.6245,0.00,2.6358,1.6245,2,5,0,114,234,0,0,0,0,0,1000.000
9890,2.6414,1.6245,0.00,2.6364,1.6245,2,5,0,114,234,0,0,0,0,0,1000.000
9900,2.6418,1.6245,0.00,2.6368,1.6245,2,5,0,114,235,0,0,0,0,0,1000.000
9910,2.6421,1.6245,0.00,2.6371,1.6245,2,5,0,114,235,0,0,0,0,0,1000.000
9920,2.6421,1.6245,0.00,2.6371,1.6245,2,5,0,114,235,0,0,0,0,0,1000.000
9930,2.6421,1.6245,0.00,2.6371,1.6245,2,5,0,114,235,0,0,0,0,0,1000.000
9940,2.6421,1.6245,0.00,2.6371,1.6245,2,5,0,114,235,0,0,0,0,0,1000.000
9950,2.6421,1.6245,0.00,2.6371,1.6245,2,5,0,114,236,0,150,0,0,0,1.122
9960,2.6421,1.6246,0.00,2.6371,1.6246,2,5,0,114,236,0,150,0,0,0,1.122
9970,2.6421,1.6249,0.00,2.6371,1.6249,2,5,0,114,236,0,150,0,0,0,1.122
9980,2.6421,1.6254,0.00,2.6371,1.6254,2,5,0,114,236,0,150,0,0,0,1.121
9990,2.6421,1.6261,0.00,2.6371,1.6261,2,5,0,114,236,0,150,0,0,0,1.120
10000,2.6421,1.6270,0.00,2.6371,1.6270,2,5,0,113,237,0,150,0,0,0,1.120
10010,2.6421,1.6280,0.00,2.6371,1.6280,2,5,0,113,237,0,150,0,0,0,1.118
10020,2.6421,1.6293,0.00,2.6371,1.6293,2,5,0,113,237,0,150,0,0,0,1.117
10030,2.6421,1.6308,0.00,2.6371,1.6308,2,5,0,113,237,0,150,0,0,0,1.116
10040,2.6421,1.6325,0.00,2.6371,1.6325,2,5,0,113,237,0,150,0,0,0,1.114
10050,2.6421,1.6344,0.00,2.6371,1.6344,2,5,0,113,237,0,150,0,0,0,1.112
10060,2.6421,1.6365,0.00,2.6371,1.6365,2,5,0,113,237,0,150,0,0,0,1.110
10070,2.6421,1.6388,0.00,2.6371,1.6388,2,5,0,113,237,0,150,0,0,0,1.108
10080,2.6421,1.6413,0.00,2.6371,1.6413,2,5,0,113,237,0,150,0,0,0,1.105
10090,2.6421,1.6440,0.00,2.6371,1.6440,2,5,0,113,237,0,150,0,0,0,1.103
10100,2.6421,1.6469,0.00,2.6371,1.6469,2,5,0,111,237,0,150,0,0,0,1.100
10110,2.6421,1.6499,0.00,2.6371,1.6499,2,5,0,111,237,0,150,0,0,0,1.097
10120,2.6421,1.6532,0.00,2.6371,1.6532,2,5,0,111,237,0,150,0,0,0,1.093
10130,2.6421,1.6567,0.00,2.6371,1.6567,2,5,0,111,237,0,150,0,0,0,1.090
10140,2.6421,1.6604,0.00,2.6371,1.6604,2,5,0,111,237,0,150,0,0,0,1.086
10150,2.6421,1.6643,0.00,2.6371,1.6643,2,5,0,110,237,0,150,0,0,0,1.082
10160,2.6421,1.6684,0.00,2.6371,1.6684,2,5,0,110,237,0,150,0,0,0,1.078
10170,2.6421,1.6727,0.00,2.6371,1.6727,2,5,0,110,237,0,150,0,0,0,1.074
10180,2.6421,1.6772,0.00,2.6371,1.6772,2,5,0,110,237,0,150,0,0,0,1.069
10190,2.6421,1.6819,0.00,2.6371,1.6819,2,5,0,110,237,0,150,0,0,0,1.065
10200,2.6421,1.6868,0.00,2.6371,1.6868,2,5,0,108,237,0,150,0,0,0,1.060
10210,2.6421,1.6918,0.00,2.6371,1.6918,2,5,0,108,237,0,150,0,0,0,1.055
10220,2.6421,1.6971,0.00,2.6371,1.6971,2,5,0,108,237,0,150,0,0,0,1.049
10230,2.6421,1.7026,0.00,2.6371,1.7026,2,5,0,108,237,0,150,0,0,0,1.044
10240,2.6421,1.7083,0.00,2.6371,1.7083,2,5,0,108,237,0,150,0,0,0,1.038
10250,2.6421,1.7142,0.00,2.6371,1.7142,2,5,0,105,237,0,150,0,0,0,1.032
10260,2.6421,1.7203,0.00,2.6371,1.7203,2,5,0,105,237,0,150,0,0,0,1.026
10270,2.6421,1.7266,0.00,2.6371,1.7266,2,5,0,105,237,0,150,0,0,0,1.020
10280,2.6421,1.7331,0.00,2.6371,1.7331,2,5,0,105,237,0,150,0,0,0,1.013
10290,2.6421,1.7398,0.00,2.6371,1.7398,2,5,0,105,237,0,150,0,0,0,1.007
10300,2.6421,1.7467,0.00,2.6371,1.7467,2,5,0,102,237,0,150,0,0,0,1.000
10310,2.6421,1.7537,0.00,2.6371,1.7537,2,5,0,102,237,0,150,0,0,0,0.993
10320,2.6421,1.7610,0.00,2.6371,1.7610,2,5,0,102,237,0,150,0,0,0,0.985
10330,2.6421,1.7685,0.00,2.6371,1.7685,2,5,0,102,237,0,150,0,0,0,0.978
10340,2.6421,1.7762,0.00,2.6371,1.7762,2,5,0,102,237,0,150,0,0,0,0.970
10350,2.6421,1.7841,0.00,2.6371,1.7841,2,5,0,98,237,0,150,0,0,0,0.962
10360,2.6421,1.7922,0.00,2.6371,1.7922,2,5,0,98,237,0,150,0,0,0,0.954
10370,2.6421,1.8005,0.00,2.6371,1.8005,2,5,0,98,237,0,150,0,0,0,0.946
10380,2.6421,1.8090,0.00,2.6371,1.8090,2,5,0,98,237,0,150,0,0,0,0.938
10390,2.6421,1.8177,0.00,2.6371,1.8177,2,5,0,98,237,0,150,0,0,0,0.929
10400,2.6421,1.8266,0.00,2.6371,1.8266,2,5,0,94,237,0,150,0,0,0,0.920
10410,2.6421,1.8356,0.00,2.6371,1.8356,2,5,0,94,237,0,150,0,0,0,0.911
10420,2.6421,1.8449,0.00,2.6371,1.8449,2,5,0,94,237,0,150,0,0,0,0.902
10430,2.6421,1.8544,0.00,2.6371,1.8544,2,5,0,94,237,0,150,0,0,0,0.892
10440,2.6421,1.8641,0.00,2.6371,1.8641,2,5,0,94,237,0,150,0,0,0,0.882
10450,2.6421,1.8740,0.00,2.6371,1.8740,2,5,0,89,237,0,150,0,0,0,0.872
10460,2.6421,1.8841,0.00,2.6371,1.8841,2,5,0,89,237,0,150,0,0,0,0.862
10470,2.6421,1.8944,0.00,2.6371,1.8944,2,5,0,89,237,0,150,0,0,0,0.852
10480,2.6421,1.9049,0.00,2.6371,1.9049,2,5,0,89,237,0,150,0,0,0,0.842
10490,2.6421,1.9156,0.00,2.6371,1.9156,2,5,0,89,237,0,150,0,0,0,0.831
10500,2.6421,1.9265,0.00,2.6371,1.9265,2,5,0,84,237,0,150,0,0,0,0.820
10510,2.6421,1.9375,0.00,2.6371,1.9375,2,5,0,84,237,0,150,0,0,0,0.809
10520,2.6421,1.9488,0.00,2.6371,1.9488,2,5,0,84,237,0,150,0,0,0,0.798
10530,2.6421,1.9603,0.00,2.6371,1.9603,2,5,0,84,237,0,150,0,0,0,0.786
10540,2.6421,1.9720,0.00,2.6371,1.9720,2,5,0,84,237,0,150,0,0,0,0.774
10550,2.6421,1.9839,0.00,2.6371,1.9839,2,5,0,78,237,0,150,0,0,0,0.763
10560,2.6421,1.9958,0.00,2.6371,1.9958,2,5,0,78,237,0,150,0,0,0,0.751
10570,2.6421,2.0078,0.00,2.6371,2.0078,2,5,0,78,237,0,150,0,0,0,0.739
10580,2.6421,2.0197,0.00,2.6371,2.0197,2,5,0,78,237,0,150,0,0,0,0.727
10590,2.6421,2.0316,0.00,2.6371,2.0316,2,5,0,78,237,0,150,0,0,0,0.715
10600,2.6421,2.0436,0.00,2.6371,2.0436,2,5,0,72,237,0,150,0,0,0,0.703
10610,2.6421,2.0555,0.00,2.6371,2.0555,2,5,0,72,237,0,150,0,0,0,0.691
10620,2.6421,2.0675,0.00,2.6371,2.0675,2,5,0,72,237,0,150,0,0,0,0.679
10630,2.6421,2.0794,0.00,2.6371,2.0794,2,5,0,72,237,0,150,0,0,0,0.667
10640,2.6421,2.0913,0.00,2.6371,2.0913,2,5,0,72,237,0,150,0,0,0,0.655
10650,2.6421,2.1033,0.00,2.6371,2.1033,2,5,0,66,42,0,150,0,0,0,0.643
10660,2.6421,2.1152,0.00,2.6371,2.1152,2,5,0,66,42,0,150,0,0,0,0.631
10670,2.6421,2.1272,0.00,2.6371,2.1272,2,5,0,66,42,0,150,0,0,0,0.619
10680,2.6421,2.1391,0.00,2.6371,2.1391,2,5,0,66,42,0,150,0,0,0,0.607
10690,2.6421,2.1510,0.00,2.6371,2.1510,2,5,0,66,42,0,150,0,0,0,0.595
10700,2.6421,2.1630,0.00,2.6371,2.1630,2,5,0,60,42,0,150,0,0,0,0.584
10710,2.6421,2.1749,0.00,2.6371,2.1749,2,5,0,60,42,0,150,0,0,0,0.572
10720,2.6421,2.1868,0.00,2.6371,2.1868,2,5,0,60,42,0,150,0,0,0,0.560
10730,2.6421,2.1988,0.00,2.6371,2.1988,2,5,0,60,42,0,150,0,0,0,0.548
10740,2.6421,2.2107,0.00,2.6371,2.2107,2,5,0,60,42,0,149,1,0,0,0.536
10750,2.6421,2.2225,0.00,2.6371,2.2225,2,5,0,54,42,0,143,1,1,0,0.524
10760,2.6421,2.2341,0.00,2.6371,2.2341,2,5,0,54,42,0,143,1,1,0,0.512
10770,2.6421,2.2455,0.00,2.6371,2.2455,2,5,0,54,42,0,143,1,0,0,0.501
10780,2.6421,2.2569,0.00,2.6371,2.2569,2,5,0,54,42,0,142,1,0,0,0.490
10790,2.6421,2.2681,0.00,2.6371,2.2681,2,5,0,54,42,0,140,1,0,0,0.478
10800,2.6421,2.2792,0.00,2.6371,2.2792,2,5,0,48,237,0,0,1,1,0,0.467
10810,2.6421,2.2901,0.00,2.6371,2.2901,2,5,0,48,237,0,132,1,1,0,0.456
10820,2.6421,2.3008,0.00,2.6371,2.3008,2,5,0,48,237,0,132,1,1,0,0.446
10830,2.6421,2.3113,0.00,2.6371,2.3113,2,5,0,48,237,0,132,1,1,0,0.435
10840,2.6421,2.3215,0.00,2.6371,2.3215,2,5,0,48,237,0,131,1,0,0,0.425
10850,2.6421,2.3316,0.00,2.6371,2.3316,2,5,0,43,237,0,0,1,1,0,0.415
10860,2.6421,2.3415,0.00,2.6371,2.3415,2,5,0,43,237,0,121,1,1,0,0.405
10870,2.6421,2.3512,0.00,2.6371,2.3512,2,5,0,43,237,0,121,1,1,0,0.395
10880,2.6421,2.3607,0.00,2.6371,2.3607,2,5,0,43,237,0,121,1,1,0,0.386
10890,2.6421,2.3700,0.00,2.6371,2.3700,2,5,0,43,237,0,121,1,1,0,0.376
10900,2.6421,2.3791,0.00,2.6371,2.3791,2,5,0,38,237,0,109,1,1,0,0.367
10910,2.6421,2.3880,0.00,2.6371,2.3880,2,5,0,38,237,0,109,1,1,0,0.359
10920,2.6421,2.3967,0.00,2.6371,2.3967,2,5,0,38,237,0,109,1,1,0,0.350
10930,2.6421,2.4052,0.00,2.6371,2.4052,2,5,0,38,237,0,109,1,1,0,0.341
10940,2.6421,2.4135,0.00,2.6371,2.4135,2,5,0,38,237,0,109,1,1,0,0.333
10950,2.6421,2.4216,0.00,2.6371,2.4216,2,5,0,34,237,0,99,1,1,0,0.325
10960,2.6421,2.4295,0.00,2.6371,2.4295,2,5,0,34,237,0,99,1,1,0,0.317
10970,2.6421,2.4372,0.00,2.6371,2.4372,2,5,0,34,237,0,99,1,1,0,0.309
10980,2.6421,2.4446,0.00,2.6371,2.4446,2,5,0,34,237,0,99,1,1,0,0.302
10990,2.6421,2.4519,0.00,2.6371,2.4519,2,5,0,34,237,0,99,1,1,0,0.295
11000,2.6421,2.4590,0.00,2.6371,2.4590,2,5,0,30,237,0,88,1,1,0,0.287
11010,2.6421,2.4659,0.00,2.6371,2.4659,2,5,0,30,237,0,88,1,1,0,0.281
11020,2.6421,2.4726,0.00,2.6371,2.4726,2,5,0,30,237,0,88,1,1,0,0.274
11030,2.6421,2.4791,0.00,2.6371,2.4791,2,5,0,30,237,0,88,1,1,0,0.267
11040,2.6421,2.4854,0.00,2.6371,2.4854,2,5,0,30,237,0,88,1,1,0,0.261
11050,2.6421,2.4915,0.00,2.6371,2.4915,2,5,0,27,237,0,79,1,1,0,0.255
11060,2.6421,2.4974,0.00,2.6371,2.4974,2,5,0,27,237,0,79,1,1,0,0.249
11070,2.6421,2.5031,0.00,2.6371,2.5031,2,5,0,27,237,0,79,1,1,0,0.243
11080,2.6421,2.5086,0.00,2.6371,2.5086,2,5,0,27,237,0,79,1,1,0,0.238
11090,2.6421,2.5139,0.00,2.6371,2.5139,2,5,0,27,237,0,79,1,1,0,0.233
11100,2.6421,2.5190,0.00,2.6371,2.5190,2,5,0,24,237,0,69,1,1,0,0.228
11110,2.6421,2.5240,0.00,2.6371,2.5240,2,5,0,24,237,0,69,1,1,0,0.222
11120,2.6421,2.5289,0.00,2.6371,2.5289,2,5,0,24,237,0,69,1,1,0,0.218
11130,2.6421,2.5339,0.00,2.6371,2.5339,2,5,0,24,237,0,69,1,1,0,0.213
11140,2.6421,2.5390,0.00,2.6371,2.5390,2,5,0,24,237,0,69,1,1,0,0.207
11150,2.6421,2.5444,0.00,2.6371,2.5444,2,5,0,22,237,0,0,1,1,0,0.202
11160,2.6421,2.5497,0.00,2.6371,2.5497,2,5,0,22,237,0,61,1,1,0,0.197
11170,2.6421,2.5548,0.00,2.6371,2.5548,2,5,0,22,237,0,61,1,1,0,0.192
11180,2.6421,2.5597,0.00,2.6371,2.5597,2,5,0,22,237,0,61,1,1,0,0.187
11190,2.6421,2.5644,0.00,2.6371,2.5644,2,5,0,22,237,0,61,1,1,0,0.182
11200,2.6421,2.5689,0.00,2.6371,2.5689,2,5,0,19,237,0,0,1,1,0,0.178
11210,2.6421,2.5732,0.00,2.6371,2.5732,2,5,0,19,237,0,49,1,1,0,0.173
11220,2.6421,2.5773,0.00,2.6371,2.5773,2,5,0,19,237,0,49,1,1,0,0.169
11230,2.6421,2.5812,0.00,2.6371,2.5812,2,5,0,19,237,0,49,1,1,0,0.165
11240,2.6421,2.5849,0.00,2.6371,2.5849,2,5,0,19,237,0,49,1,1,0,0.162
11250,2.6421,2.5884,0.00,2.6371,2.5884,2,5,0,17,237,0,39,1,1,0,0.158
11260,2.6421,2.5918,0.00,2.6371,2.5918,2,5,0,17,237,0,39,1,1,0,0.155
11270,2.6421,2.5949,0.00,2.6371,2.5949,2,5,0,17,237,0,39,1,1,0,0.152
11280,2.6421,2.5978,0.00,2.6371,2.5978,2,5,0,17,237,0,39,1,1,0,0.149
11290,2.6421,2.6005,0.00,2.6371,2.6005,3,5,0,17,237,0,39,1,1,0,0.146
11300,2.6421,2.6030,0.00,2.6371,2.6030,3,5,0,16,237,0,0,0,0,0,1000.000
11310,2.6421,2.6053,0.00,2.6371,2.6053,3,5,0,16,237,0,0,0,0,0,1000.000
11320,2.6421,2.6074,0.00,2.6371,2.6074,3,5,0,16,237,0,0,0,0,0,1000.000
11330,2.6421,2.6093,0.00,2.6371,2.6093,3,5,0,16,237,0,0,0,0,0,1000.000
11340,2.6421,2.6110,0.00,2.6371,2.6110,3,5,0,16,237,0,0,0,0,0,1000.000
11350,2.6421,2.6125,0.00,2.6371,2.6125,3,5,0,15,237,0,0,0,0,0,1000.000
11360,2.6421,2.6138,0.00,2.6371,2.6138,3,5,0,15,237,0,0,0,0,0,1000.000
11370,2.6421,2.6149,0.00,2.6371,2.6149,3,5,0,15,237,0,0,0,0,0,1000.000
11380,2.6421,2.6159,0.00,2.6371,2.6159,3,5,0,15,237,0,0,0,0,0,1000.000
11390,2.6421,2.6166,0.00,2.6371,2.6166,3,5,0,15,237,0,0,0,0,0,1000.000
11400,2.6421,2.6171,0.00,2.6371,2.6171,3,5,0,14,237,0,0,0,0,0,1000.000
11410,2.6421,2.6175,0.00,2.6371,2.6175,3,5,0,14,237,0,0,0,0,0,1000.000
11420,2.6421,2.6179,0.00,2.6371,2.6179,3,5,0,14,237,0,0,0,0,0,1000.000
11430,2.6421,2.6183,0.00,2.6371,2.6183,3,5,0,14,237,0,0,0,0,0,1000.000
11440,2.6421,2.6186,0.00,2.6371,2.6186,3,5,0,14,237,0,0,0,0,0,1000.000
11450,2.6421,2.6188,0.00,2.6371,2.6188,3,5,0,14,237,0,0,0,0,0,1000.000
11460,2.6421,2.6190,0.00,2.6371,2.6190,3,5,0,14,237,0,0,0,0,0,1000.000
11470,2.6421,2.6192,0.00,2.6371,2.6192,3,5,0,14,237,0,0,0,0,0,1000.000
11480,2.6421,2.6193,0.00,2.6371,2.6193,3,5,0,14,237,0,0,0,0,0,1000.000
11490,2.6421,2.6194,0.00,2.6371,2.6194,3,5,0,14,237,0,0,0,0,0,1000.000
11500,2.6421,2.6194,0.00,2.6371,2.6194,3,5,0,14,237,0,0,0,0,0,1000.000
11510,2.6421,2.6194,0.00,2.6371,2.6194,3,5,0,14,237,0,0,0,0,0,1000.000
11520,2.6421,2.6194,0.00,2.6371,2.6194,3,5,0,14,237,0,0,0,0,0,1000.000
11530,2.6421,2.6194,0.00,2.6371,2.6194,3,5,0,14,237,0,0,0,0,0,1000.000
11540,2.6421,2.6194,0.00,2.6371,2.6194,3,5,0,14,237,0,0,0,0,0,1000.000
11550,2.6421,2.6194,0.00,2.6371,2.6194,3,5,0,14,237,0,0,0,0,0,1000.000
11560,2.6421,2.6194,0.00,2.6371,2.6194,3,5,0,14,237,0,0,0,0,0,1000.000
11570,2.6421,2.6194,0.00,2.6371,2.6194,3,5,0,14,237,0,0,0,0,0,1000.000
11580,2.6421,2.6194,0.00,2.6371,2.6194,3,5,0,14,237,0,0,0,0,0,1000.000
11590,2.6421,2.6194,0.00,2.6371,2.6194,3,5,0,14,237,0,0,0,0,0,1000.000
11600,2.6421,2.6194,0.00,2.6371,2.6194,3,5,0,14,237,0,0,0,0,0,1000.000
11610,2.6421,2.6194,0.00,2.6371,2.6194,3,5,0,14,237,0,0,0,0,0,1000.000
11620,2.6421,2.6194,0.00,2.6371,2.6194,3,5,0,14,237,0,0,0,0,0,1000.000
11630,2.6421,2.6194,0.00,2.6371,2.6194,3,5,0,14,237,0,0,0,0,0,1000.000
11640,2.6421,2.6194,0.00,2.6371,2.6194,3,5,0,14,237,0,0,0,0,0,1000.000
11650,2.6421,2.6194,0.00,2.6371,2.6194,3,5,0,14,237,0,0,0,0,0,1000.000
11660,2.6421,2.6194,0.00,2.6371,2.6194,3,5,0,14,237,0,0,0,0,0,1000.000
11670,2.6421,2.6194,0.00,2.6371,2.6194,3,5,0,14,237,0,0,0,0,0,1000.000
11680,2.6421,2.6194,0.00,2.6371,2.6194,3,5,0,14,237,0,0,0,0,0,1000.000
11690,2.6421,2.6194,0.00,2.6371,2.6194,3,5,0,14,237,0,0,0,0,0,1000.000
11700,2.6421,2.6194,0.00,2.6371,2.6194,3,5,0,14,237,-150,0,0,0,0,2.367
11710,2.6420,2.6194,0.00,2.6370,2.6194,3,5,0,14,237,-150,0,0,0,0,2.367
11720,2.6417,2.6194,0.00,2.6367,2.6194,3,5,0,14,237,-150,0,0,0,0,2.367
11730,2.6412,2.6194,0.00,2.6362,2.6194,3,5,0,14,237,-150,0,0,0,0,2.366
11740,2.6405,2.6194,0.00,2.6355,2.6194,3,5,0,14,237,-150,0,0,0,0,2.366
11750,2.6397,2.6194,0.00,2.6347,2.6194,3,5,0,14,237,-150,0,0,0,0,2.365
11760,2.6386,2.6194,0.00,2.6336,2.6194,3,5,0,14,237,-150,0,0,0,0,2.364
11770,2.6373,2.6194,0.00,2.6323,2.6194,3,5,0,14,237,-150,0,0,0,0,2.362
11780,2.6358,2.6194,0.00,2.6308,2.6194,3,5,0,14,237,-150,0,0,0,0,2.361
11790,2.6341,2.6194,0.00,2.6291,2.6194,3,5,0,14,237,-150,0,0,0,0,2.359
11800,2.6322,2.6194,0.00,2.6272,2.6194,3,5,0,14,236,-150,0,0,0,0,2.357
11810,2.6301,2.6194,0.00,2.6251,2.6194,3,5,0,14,236,-150,0,0,0,0,2.355
11820,2.6278,2.6194,0.00,2.6228,2.6194,3,5,0,14,236,-150,0,0,0,0,2.353
11830,2.6253,2.6194,0.00,2.6203,2.6194,3,5,0,14,236,-150,0,0,0,0,2.350
11840,2.6226,2.6194,0.00,2.6176,2.6194,3,5,0,14,236,-150,0,0,0,0,2.348
11850,2.6198,2.6194,0.00,2.6148,2.6194,3,5,0,14,235,-150,0,0,0,0,2.345
11860,2.6167,2.6194,0.00,2.6117,2.6194,3,5,0,14,235,-150,0,0,0,0,2.342
11870,2.6134,2.6194,0.00,2.6084,2.6194,3,5,0,14,235,-150,0,0,0,0,2.338
11880,2.6099,2.6194,0.00,2.6049,2.6194,3,5,0,14,235,-150,0,0,0,0,2.335
11890,2.6062,2.6194,0.00,2.6012,2.6194,3,5,0,14,235,-150,0,0,0,0,2.331
11900,2.6023,2.6194,0.00,2.5973,2.6194,3,5,0,14,233,-150,0,0,0,0,2.327
11910,2.5982,2.6194,0.00,2.5932,2.6194,3,5,0,14,233,-150,0,0,0,0,2.323
11920,2.5939,2.6194,0.00,2.5889,2.6194,3,5,0,14,233,-150,0,0,0,0,2.319
11930,2.5894,2.6194,0.00,2.5844,2.6194,3,5,0,14,233,-150,0,0,0,0,2.314
11940,2.5847,2.6194,0.00,2.5797,2.6194,3,5,0,14,233,-150,0,0,0,0,2.310
11950,2.5799,2.6194,0.00,2.5749,2.6194,3,5,0,14,231,-150,0,0,0,0,2.305
11960,2.5748,2.6194,0.00,2.5698,2.6194,3,5,0,14,231,-150,0,0,0,0,2.300
11970,2.5695,2.6194,0.00,2.5645,2.6194,3,5,0,14,231,-150,0,0,0,0,2.294
11980,2.5640,2.6194,0.00,2.5590,2.6194,3,5,0,14,231,-150,0,0,0,0,2.289
11990,2.5583,2.6194,0.00,2.5533,2.6194,3,5,0,14,231,-150,0,0,0,0,2.283
12000,2.5524,2.6194,0.00,2.5474,2.6194,3,5,0,14,228,-150,0,0,0,0,2.277
12010,2.5463,2.6194,0.00,2.5413,2.6194,3,5,0,14,228,-150,0,0,0,0,2.271
12020,2.5400,2.6194,0.00,2.5350,2.6194,3,5,0,14,228,-150,0,0,0,0,2.265
12030,2.5335,2.6194,0.00,2.5285,2.6194,3,5,0,14,228,-150,0,0,0,0,2.259
12040,2.5268,2.6194,0.00,2.5218,2.6194,3,5,0,14,228,-150,0,0,0,0,2.252
12050,2.5200,2.6194,0.00,2.5150,2.6194,3,5,0,14,225,-150,0,0,0,0,2.245
12060,2.5129,2.6194,0.00,2.5079,2.6194,3,5,0,14,225,-150,0,0,0,0,2.238
12070,2.5056,2.6194,0.00,2.5006,2.6194,3,5,0,14,225,-150,0,0,0,0,2.231
12080,2.4981,2.6194,0.00,2.4931,2.6194,3,5,0,14,225,-150,0,0,0,0,2.223
12090,2.4904,2.6194,0.00,2.4854,2.6194,3,5,0,14,225,-150,0,0,0,0,2.215
12100,2.4825,2.6194,0.00,2.4775,2.6194,3,5,0,14,221,-150,0,0,0,0,2.208
12110,2.4744,2.6194,0.00,2.4694,2.6194,3,5,0,14,221,-150,0,0,0,0,2.199
12120,2.4661,2.6194,0.00,2.4611,2.6194,3,5,0,14,221,-150,0,0,0,0,2.191
12130,2.4576,2.6194,0.00,2.4526,2.6194,3,5,0,14,221,-150,0,0,0,0,2.183
12140,2.4489,2.6194,0.00,2.4439,2.6194,3,5,0,14,221,-150,0,0,0,0,2.174
12150,2.4401,2.6194,0.00,2.4351,2.6194,3,5,0,14,217,-150,0,0,0,0,2.165
12160,2.4310,2.6194,0.00,2.4260,2.6194,3,5,0,14,217,-150,0,0,0,0,2.156
12170,2.4217,2.6194,0.00,2.4167,2.6194,3,5,0,14,217,-150,0,0,0,0,2.147
12180,2.4122,2.6194,0.00,2.4072,2.6194,3,5,0,14,217,-150,0,0,0,0,2.137
12190,2.4025,2.6194,0.00,2.3975,2.6194,3,5,0,14,217,-150,0,0,0,0,2.127
12200,2.3926,2.6194,0.00,2.3876,2.6194,3,5,0,14,212,-150,0,0,0,0,2.118
12210,2.3825,2.6194,0.00,2.3775,2.6194,3,5,0,14,212,-150,0,0,0,0,2.108
12220,2.3722,2.6194,0.00,2.3672,2.6194,3,5,0,14,212,-150,0,0,0,0,2.097
12230,2.3617,2.6194,0.00,2.3567,2.6194,3,5,0,14,212,-150,0,0,0,0,2.087
12240,2.3510,2.6194,0.00,2.3460,2.6194,3,5,0,14,212,-150,0,0,0,0,2.076
12250,2.3402,2.6194,0.00,2.3352,2.6194,3,5,0,14,207,-150,0,0,0,0,2.065
12260,2.3291,2.6194,0.00,2.3241,2.6194,3,5,0,14,207,-150,0,0,0,0,2.054
12270,2.3178,2.6194,0.00,2.3128,2.6194,3,5,0,14,207,-150,0,0,0,0,2.043
12280,2.3063,2.6194,0.00,2.3013,2.6194,3,5,0,14,207,-150,0,0,0,0,2.031
12290,2.2946,2.6194,0.00,2.2896,2.6194,3,5,0,14,207,-150,0,0,0,0,2.020
12300,2.2827,2.6194,0.00,2.2777,2.6194,3,5,0,14,201,-150,0,0,0,0,2.008
12310,2.2708,2.6194,0.00,2.2658,2.6194,3,5,0,14,201,-150,0,0,0,0,1.996
12320,2.2588,2.6194,0.00,2.2538,2.6194,3,5,0,14,201,-150,0,0,0,0,1.984
12330,2.2469,2.6194,0.00,2.2419,2.6194,3,5,0,14,201,-150,0,0,0,0,1.972
12340,2.2350,2.6194,0.00,2.2300,2.6194,3,5,0,14,201,-150,0,0,0,0,1.960
12350,2.2230,2.6194,0.00,2.2180,2.6194,3,5,0,14,195,-150,0,0,0,0,1.948
12360,2.2111,2.6194,0.00,2.2061,2.6194,3,5,0,14,195,-150,0,0,0,0,1.936
12370,2.1991,2.6194,0.00,2.1941,2.6194,3,5,0,14,195,-150,0,0,0,0,1.924
12380,2.1872,2.6194,0.00,2.1822,2.6194,3,5,0,14,195,-150,0,0,0,0,1.912
12390,2.1753,2.6194,0.00,2.1703,2.6194,3,5,0,14,195,-150,0,0,0,0,1.900
12400,2.1633,2.6194,0.00,2.1583,2.6194,3,5,0,14,189,-150,0,0,0,0,1.888
12410,2.1514,2.6194,0.00,2.1464,2.6194,3,5,0,14,189,-150,0,0,0,0,1.876
12420,2.1395,2.6194,0.00,2.1345,2.6194,3,5,0,14,189,-150,0,0,0,0,1.864
12430,2.1275,2.6194,0.00,2.1225,2.6194,3,5,0,14,189,-150,0,0,0,0,1.853
12440,2.1156,2.6194,0.00,2.1106,2.6194,3,5,0,14,189,-150,0,0,0,0,1.841
12450,2.1036,2.6194,0.00,2.0986,2.6194,3,5,0,14,183,-150,0,0,0,0,1.829
12460,2.0917,2.6194,0.00,2.0867,2.6194,3,5,0,14,183,-150,0,0,0,0,1.817
12470,2.0798,2.6194,0.00,2.0748,2.6194,3,5,0,14,183,-150,0,0,0,0,1.805
12480,2.0678,2.6194,0.00,2.0628,2.6194,3,5,0,14,183,-150,0,0,0,0,1.793
12490,2.0559,2.6194,0.00,2.0509,2.6194,3,5,0,14,183,-150,0,0,0,0,1.781
12500,2.0440,2.6194,0.00,2.0390,2.6194,3,5,0,14,177,-150,0,0,0,0,1.769
12510,2.0320,2.6194,0.00,2.0270,2.6194,3,5,0,14,177,-150,0,0,0,0,1.757
12520,2.0201,2.6194,0.00,2.0151,2.6194,3,5,0,14,177,-150,0,0,0,0,1.745
12530,2.0081,2.6194,0.00,2.0031,2.6194,3,5,0,14,177,-150,0,0,0,0,1.733
12540,1.9962,2.6194,0.00,1.9912,2.6194,3,5,0,14,177,-150,0,0,0,0,1.721
12550,1.9843,2.6194,0.00,1.9793,2.6194,3,5,0,14,171,-150,0,0,0,0,1.709
12560,1.9723,2.6194,0.00,1.9673,2.6194,3,5,0,14,171,-150,0,0,0,0,1.697
12570,1.9604,2.6194,0.00,1.9554,2.6194,3,5,0,14,171,-150,0,0,0,0,1.685
12580,1.9484,2.6194,0.00,1.9434,2.6194,3,5,0,14,171,-150,0,0,0,0,1.673
12590,1.9365,2.6194,0.00,1.9315,2.6194,3,5,0,14,171,-150,0,0,0,0,1.662
12600,1.9246,2.6194,0.00,1.9196,2.6194,3,5,0,14,165,-150,0,0,0,0,1.650
12610,1.9126,2.6194,0.00,1.9076,2.6194,3,5,0,14,165,-150,0,0,0,0,1.638
12620,1.9007,2.6194,0.00,1.8957,2.6194,3,5,0,14,165,-150,0,0,0,0,1.626
12630,1.8888,2.6194,0.00,1.8838,2.6194,3,5,0,14,165,-150,0,0,0,0,1.614
12640,1.8768,2.6194,0.00,1.8718,2.6194,3,5,0,14,165,-150,0,0,0,0,1.602
12650,1.8649,2.6194,0.00,1.8599,2.6194,3,5,0,14,159,-150,0,0,0,0,1.590
12660,1.8529,2.6194,0.00,1.8479,2.6194,3,5,0,14,159,-150,0,0,0,0,1.578
12670,1.8410,2.6194,0.00,1.8360,2.6194,3,5,0,14,159,-150,0,0,0,0,1.566
12680,1.8291,2.6194,0.00,1.8241,2.6194,3,5,0,14,159,-150,0,0,0,0,1.554
12690,1.8171,2.6194,0.00,1.8121,2.6194,3,5,0,14,159,-150,0,0,0,0,1.542
12700,1.8052,2.6194,0.00,1.8002,2.6194,3,5,0,14,153,-150,0,0,0,0,1.530
12710,1.7933,2.6194,0.00,1.7883,2.6194,3,5,0,14,153,-150,0,0,0,0,1.518
12720,1.7813,2.6194,0.00,1.7763,2.6194,3,5,0,14,153,-150,0,0,0,0,1.506
12730,1.7694,2.6194,0.00,1.7644,2.6194,3,5,0,14,153,-150,0,0,0,0,1.494
12740,1.7574,2.6194,0.00,1.7524,2.6194,3,5,0,14,153,-150,0,0,0,0,1.482
12750,1.7455,2.6194,0.00,1.7405,2.6194,3,5,0,14,147,-150,0,0,0,0,1.471
12760,1.7336,2.6194,0.00,1.7286,2.6194,3,5,0,14,147,-150,0,0,0,0,1.459
12770,1.7216,2.6194,0.00,1.7166,2.6194,3,5,0,14,147,-150,0,0,0,0,1.447
12780,1.7097,2.6194,0.00,1.7047,2.6194,3,5,0,14,147,-150,0,0,0,0,1.435
12790,1.6977,2.6194,0.00,1.6927,2.6194,3,5,0,14,147,-150,0,0,0,0,1.423
12800,1.6858,2.6194,0.00,1.6808,2.6194,3,5,0,14,141,-150,0,0,0,0,1.411
12810,1.6739,2.6194,0.00,1.6689,2.6194,3,5,0,14,141,-150,0,0,0,0,1.399
12820,1.6619,2.6194,0.00,1.6569,2.6194,3,5,0,14,141,-150,0,0,0,0,1.387
12830,1.6500,2.6194,0.00,1.6450,2.6194,3,5,0,14,141,-150,0,0,0,0,1.375
12840,1.6381,2.6194,0.00,1.6331,2.6194,3,5,0,14,141,-150,0,0,0,0,1.363
12850,1.6261,2.6194,0.00,1.6211,2.6194,3,5,0,14,135,-150,0,0,0,0,1.351
12860,1.6142,2.6194,0.00,1.6092,2.6194,3,5,0,14,135,-150,0,0,0,0,1.339
12870,1.6022,2.6194,0.00,1.5972,2.6194,3,5,0,14,135,-150,0,0,0,0,1.327
12880,1.5903,2.6194,0.00,1.5853,2.6194,3,5,0,14,135,-150,0,0,0,0,1.315
12890,1.5784,2.6194,0.00,1.5734,2.6194,3,5,0,14,135,-150,0,0,0,0,1.303
12900,1.5664,2.6194,0.00,1.5614,2.6194,3,5,0,14,129,-150,0,0,0,0,1.291
12910,1.5545,2.6194,0.00,1.5495,2.6194,3,5,0,14,129,-150,0,0,0,0,1.279
12920,1.5426,2.6194,0.00,1.5376,2.6194,3,5,0,14,129,-150,0,0,0,0,1.268
12930,1.5306,2.6194,0.00,1.5256,2.6194,3,5,0,14,129,-150,0,0,0,0,1.256
12940,1.5187,2.6194,0.00,1.5137,2.6194,3,5,0,14,129,-150,0,0,0,0,1.244
12950,1.5067,2.6194,0.00,1.5017,2.6194,3,5,0,14,123,-150,0,0,0,0,1.232
12960,1.4948,2.6194,0.00,1.4898,2.6194,3,5,0,14,123,-150,0,0,0,0,1.220
12970,1.4829,2.6194,0.00,1.4779,2.6194,3,5,0,14,123,-150,0,0,0,0,1.208
12980,1.4709,2.6194,0.00,1.4659,2.6194,3,5,0,14,123,-150,0,0,0,0,1.196
12990,1.4590,2.6194,0.00,1.4540,2.6194,3,5,0,14,123,-150,0,0,0,0,1.184
13000,1.4470,2.6194,0.00,1.4420,2.6194,3,5,0,14,117,-150,0,0,0,0,1.172
13010,1.4351,2.6194,0.00,1.4301,2.6194,3,5,0,14,117,-150,0,0,0,0,1.160
13020,1.4232,2.6194,0.00,1.4182,2.6194,3,5,0,14,117,-150,0,0,0,0,1.148
13030,1.4112,2.6194,0.00,1.4062,2.6194,3,5,0,14,117,-150,0,0,0,0,1.136
13040,1.3993,2.6194,0.00,1.3943,2.6194,3,5,0,14,117,-150,0,0,0,0,1.124
13050,1.3874,2.6194,0.00,1.3824,2.6194,3,5,0,14,111,-150,0,0,0,0,1.112
13060,1.3754,2.6194,0.00,1.3704,2.6194,3,5,0,14,111,-150,0,0,0,0,1.100
13070,1.3635,2.6194,0.00,1.3585,2.6194,3,5,0,14,111,-150,0,0,0,0,1.088
13080,1.3515,2.6194,0.00,1.3465,2.6194,3,5,0,14,111,-150,0,0,0,0,1.077
13090,1.3396,2.6194,0.00,1.3346,2.6194,3,5,0,14,111,-150,0,0,0,0,1.065
13100,1.3277,2.6194,0.00,1.3227,2.6194,3,5,0,14,105,-150,0,0,0,0,1.053
13110,1.3157,2.6194,0.00,1.3107,2.6194,3,5,0,14,105,-150,0,0,0,0,1.041
13120,1.3038,2.6194,0.00,1.2988,2.6194,3,5,0,14,105,-150,0,0,0,0,1.029
13130,1.2919,2.6194,0.00,1.2869,2.6194,3,5,0,14,105,-150,0,0,0,0,1.017
13140,1.2799,2.6194,0.00,1.2749,2.6194,3,5,0,14,105,-150,0,0,0,0,1.005
13150,1.2680,2.6194,0.00,1.2630,2.6194,3,5,0,14,100,-150,0,0,0,0,0.993
13160,1.2560,2.6194,0.00,1.2510,2.6194,3,5,0,14,100,-150,0,0,0,0,0.981
13170,1.2441,2.6194,0.00,1.2391,2.6194,3,5,0,14,100,-150,0,0,0,0,0.969
13180,1.2322,2.6194,0.00,1.2272,2.6194,3,5,0,14,100,-150,0,0,0,0,0.957
13190,1.2202,2.6194,0.00,1.2152,2.6194,3,5,0,14,100,-150,0,0,0,0,0.945
13200,1.2083,2.6194,0.00,1.2033,2.6194,3,5,0,14,94,-150,0,0,0,0,0.933
13210,1.1964,2.6194,0.00,1.1914,2.6194,3,5,0,14,94,-150,0,0,0,0,0.921
13220,1.1844,2.6194,0.00,1.1794,2.6194,3,5,0,14,94,-150,0,0,0,0,0.909
13230,1.1725,2.6194,0.00,1.1675,2.6194,3,5,0,14,94,-150,0,0,0,0,0.897
13240,1.1605,2.6194,0.00,1.1555,2.6194,3,5,0,14,94,-150,0,0,0,0,0.886
13250,1.1486,2.6194,0.00,1.1436,2.6194,3,5,0,14,88,-150,0,0,0,0,0.874
13260,1.1367,2.6194,0.00,1.1317,2.6194,3,5,0,14,88,-150,0,0,0,0,0.862
13270,1.1247,2.6194,0.00,1.1197,2.6194,3,5,0,14,88,-150,0,0,0,0,0.850
13280,1.1128,2.6194,0.00,1.1078,2.6194,3,5,0,14,88,-150,0,0,0,0,0.838
13290,1.1008,2.6194,0.00,1.0958,2.6194,3,5,0,14,88,-150,0,0,0,0,0.826
13300,1.0889,2.6194,0.00,1.0839,2.6194,3,5,0,14,82,-150,0,0,0,0,0.814
13310,1.0770,2.6194,0.00,1.0720,2.6194,3,5,0,14,82,-150,0,0,0,0,0.802
13320,1.0650,2.6194,0.00,1.0600,2.6194,3,5,0,14,82,-150,0,0,0,0,0.790
13330,1.0531,2.6194,0.00,1.0481,2.6194,3,5,0,14,82,-150,0,0,0,0,0.778
13340,1.0412,2.6194,0.00,1.0362,2.6194,3,5,0,14,82,-150,0,0,0,0,0.766
13350,1.0292,2.6194,0.00,1.0242,2.6194,3,5,0,14,76,-150,0,0,0,0,0.754
13360,1.0173,2.6194,0.00,1.0123,2.6194,3,5,0,14,76,-150,0,0,0,0,0.742
13370,1.0053,2.6194,0.00,1.0003,2.6194,3,5,0,14,76,-150,0,0,0,0,0.730
13380,0.9934,2.6194,0.00,0.9884,2.6194,3,5,0,14,76,-150,0,0,0,0,0.718
13390,0.9815,2.6194,0.00,0.9765,2.6194,3,5,0,14,76,-150,0,0,0,0,0.706
13400,0.9695,2.6194,0.00,0.9645,2.6194,3,5,0,14,70,-150,0,0,0,0,0.695
13410,0.9576,2.6194,0.00,0.9526,2.6194,3,5,0,14,70,-150,0,0,0,0,0.683
13420,0.9457,2.6194,0.00,0.9407,2.6194,3,5,0,14,70,-150,0,0,0,0,0.671
13430,0.9337,2.6194,0.00,0.9287,2.6194,3,5,0,14,70,-150,0,0,0,0,0.659
13440,0.9218,2.6194,0.00,0.9168,2.6194,3,5,0,14,70,-150,0,0,0,0,0.647
13450,0.9098,2.6194,0.00,0.9048,2.6194,3,5,0,140,64,-150,0,0,0,0,0.635
13460,0.8979,2.6194,0.00,0.8929,2.6194,3,5,0,140,64,-150,0,0,0,0,0.623
13470,0.8860,2.6194,0.00,0.8810,2.6194,3,5,0,140,64,-150,0,0,0,0,0.611
13480,0.8740,2.6194,0.00,0.8690,2.6194,3,5,0,140,64,-150,0,0,0,0,0.599
13490,0.8621,2.6194,0.00,0.8571,2.6194,3,5,0,140,64,-150,0,0,0,0,0.587
13500,0.8501,2.6194,0.00,0.8451,2.6194,3,5,0,140,58,-150,0,0,0,0,0.575
13510,0.8382,2.6194,0.00,0.8332,2.6194,3,5,0,140,58,-150,0,0,0,0,0.563
13520,0.8263,2.6194,0.00,0.8213,2.6194,3,5,0,140,58,-150,0,0,0,0,0.551
13530,0.8143,2.6194,0.00,0.8093,2.6194,3,5,0,140,58,-149,0,1,0,0,0.539
13540,0.8025,2.6194,0.00,0.7975,2.6194,3,5,0,140,58,-147,0,1,0,0,0.527
13550,0.7908,2.6194,0.00,0.7858,2.6194,3,5,0,140,52,-146,0,1,0,0,0.516
13560,0.7793,2.6194,0.00,0.7743,2.6194,3,5,0,140,52,-144,0,1,0,0,0.504
13570,0.7679,2.6194,0.00,0.7629,2.6194,3,5,0,140,52,-142,0,1,0,0,0.493
13580,0.7566,2.6194,0.00,0.7516,2.6194,3,5,0,140,52,-140,0,1,0,0,0.482
13590,0.7455,2.6194,0.00,0.7405,2.6194,3,5,0,140,52,-138,0,1,0,0,0.470
13600,0.7345,2.6194,0.00,0.7295,2.6194,3,5,0,140,46,-137,0,1,0,0,0.460
13610,0.7237,2.6194,0.00,0.7187,2.6194,3,5,0,140,46,-135,0,1,0,0,0.449
13620,0.7130,2.6194,0.00,0.7080,2.6194,3,5,0,140,46,-133,0,1,0,0,0.438
13630,0.7024,2.6194,0.00,0.6974,2.6194,3,5,0,140,46,-131,0,1,0,0,0.427
13640,0.6920,2.6194,0.00,0.6870,2.6194,3,5,0,140,46,-129,0,1,0,0,0.417
13650,0.6818,2.6194,0.00,0.6768,2.6194,3,5,0,140,41,-128,0,1,0,0,0.407
13660,0.6717,2.6194,0.00,0.6667,2.6194,3,5,0,140,41,-126,0,1,0,0,0.397
13670,0.6617,2.6194,0.00,0.6567,2.6194,3,5,0,140,41,-124,0,1,0,0,0.387
13680,0.6519,2.6194,0.00,0.6469,2.6194,3,5,0,140,41,-122,0,1,0,0,0.377
13690,0.6422,2.6194,0.00,0.6372,2.6194,3,5,0,140,41,-121,0,1,0,0,0.367
13700,0.6326,2.6194,0.00,0.6276,2.6194,3,5,0,140,36,-119,0,1,0,0,0.358
13710,0.6232,2.6194,0.00,0.6182,2.6194,3,5,0,140,36,-117,0,1,0,0,0.348
13720,0.6139,2.6194,0.00,0.6089,2.6194,3,5,0,140,36,-115,0,1,0,0,0.339
13730,0.6048,2.6194,0.00,0.5998,2.6194,3,5,0,140,36,-113,0,1,0,0,0.330
13740,0.5958,2.6194,0.00,0.5908,2.6194,3,5,0,140,36,-112,0,1,0,0,0.321
13750,0.5870,2.6194,0.00,0.5820,2.6194,3,5,0,140,31,-108,0,1,0,1,0.312
13760,0.5783,2.6194,0.00,0.5733,2.6194,3,5,0,140,31,-108,0,1,0,0,0.303
13770,0.5697,2.6194,0.00,0.5647,2.6194,3,5,0,140,31,-106,0,1,0,0,0.295
13780,0.5613,2.6194,0.00,0.5563,2.6194,3,5,0,140,31,-105,0,1,0,0,0.286
13790,0.5530,2.6194,0.00,0.5480,2.6194,3,5,0,140,31,-103,0,1,0,0,0.278
13800,0.5448,2.6194,0.00,0.5398,2.6194,3,5,0,140,27,-98,0,1,0,1,0.270
13810,0.5368,2.6194,0.00,0.5318,2.6194,3,5,0,140,27,-98,0,1,0,1,0.262
13820,0.5290,2.6194,0.00,0.5240,2.6194,3,5,0,140,27,-98,0,1,0,0,0.254
13830,0.5213,2.6194,0.00,0.5163,2.6194,3,5,0,140,27,-96,0,1,0,0,0.246
13840,0.5137,2.6194,0.00,0.5087,2.6194,3,5,0,140,27,-94,0,1,0,0,0.239
13850,0.5062,2.6194,0.00,0.5012,2.6194,3,5,0,140,23,0,0,1,0,1,0.231
13860,0.4989,2.6194,0.00,0.4939,2.6194,3,5,0,140,23,-86,0,1,0,1,0.224
13870,0.4918,2.6194,0.00,0.4868,2.6194,3,5,0,140,23,-86,0,1,0,1,0.217
13880,0.4849,2.6194,0.00,0.4799,2.6194,3,5,0,140,23,-86,0,1,0,1,0.210
13890,0.4782,2.6194,0.00,0.4732,2.6194,3,5,0,140,23,-86,0,1,0,0,0.203
13900,0.4717,2.6194,0.00,0.4667,2.6194,3,5,0,140,20,-77,0,1,0,1,0.197
13910,0.4654,2.6194,0.00,0.4604,2.6194,3,5,0,140,20,-77,0,1,0,1,0.190
13920,0.4594,2.6194,0.00,0.4544,2.6194,3,5,0,140,20,-77,0,1,0,1,0.184
13930,0.4535,2.6194,0.00,0.4485,2.6194,3,5,0,140,20,-77,0,1,0,1,0.178
13940,0.4478,2.6194,0.00,0.4428,2.6194,3,5,0,140,20,-77,0,1,0,1,0.173
13950,0.4423,2.6194,0.00,0.4373,2.6194,3,5,0,140,17,-67,0,1,0,1,0.167
13960,0.4370,2.6194,0.00,0.4320,2.6194,3,5,0,140,17,-67,0,1,0,1,0.162
13970,0.4319,2.6194,0.00,0.4269,2.6194,3,5,0,140,17,-67,0,1,0,1,0.157
13980,0.4270,2.6194,0.00,0.4220,2.6194,3,5,0,140,17,-67,0,1,0,1,0.152
13990,0.4223,2.6194,0.00,0.4173,2.6194,3,5,0,140,17,-67,0,1,0,1,0.147
14000,0.4178,2.6194,0.00,0.4128,2.6194,3,5,0,140,14,-55,0,1,0,1,0.143
14010,0.4135,2.6194,0.00,0.4085,2.6194,3,5,0,140,14,-55,0,1,0,1,0.139
14020,0.4094,2.6194,0.00,0.4044,2.6194,3,5,0,140,14,-55,0,1,0,1,0.134
14030,0.4055,2.6194,0.00,0.4005,2.6194,3,5,0,140,14,-55,0,1,0,1,0.131
14040,0.4019,2.6194,0.00,0.3969,2.6194,3,5,0,140,14,-55,0,1,0,1,0.127
14050,0.3984,2.6194,0.00,0.3934,2.6194,3,5,0,140,12,-47,0,1,0,1,0.123
14060,0.3951,2.6194,0.00,0.3901,2.6194,3,5,0,140,12,-47,0,1,0,1,0.120
14070,0.3920,2.6194,0.00,0.3870,2.6194,3,5,0,140,12,-47,0,1,0,1,0.117
14080,0.3891,2.6194,0.00,0.3841,2.6194,3,5,0,140,12,-47,0,1,0,1,0.114
14090,0.3863,2.6194,0.00,0.3813,2.6194,3,5,0,140,12,-47,0,1,0,1,0.111
14100,0.3834,2.6194,0.00,0.3784,2.6194,3,5,0,140,11,-42,0,1,0,1,0.108
14110,0.3805,2.6194,0.00,0.3755,2.6194,3,5,0,140,11,-42,0,1,0,1,0.105
14120,0.3777,2.6194,0.00,0.3727,2.6194,3,5,0,140,11,-42,0,1,0,1,0.103
14130,0.3747,2.6194,0.00,0.3697,2.6194,3,5,0,140,11,-42,0,1,0,1,0.100
14140,0.3717,2.6194,0.00,0.3667,2.6194,3,5,0,140,11,-42,0,1,0,1,0.097
14150,0.3685,2.6194,0.00,0.3635,2.6194,3,5,0,140,9,0,0,1,0,1,0.093
14160,0.3654,2.6194,0.00,0.3604,2.6194,3,5,0,140,9,0,0,1,0,1,0.090
14170,0.3625,2.6194,0.00,0.3575,2.6194,4,5,0,140,9,0,0,1,0,1,0.087
14180,0.3598,2.6194,0.00,0.3548,2.6194,4,5,0,140,9,-31,0,1,0,1,0.085
14190,0.3572,2.6194,0.00,0.3522,2.6194,4,5,0,140,9,-31,0,1,0,1,0.082
14200,0.3549,2.6194,0.00,0.3499,2.6194,4,5,0,140,8,0,0,0,0,0,1000.000
14210,0.3528,2.6194,0.00,0.3478,2.6194,4,5,0,140,8,0,0,0,0,0,1000.000
14220,0.3509,2.6194,0.00,0.3459,2.6194,4,5,0,140,8,0,0,0,0,0,1000.000
14230,0.3492,2.6194,0.00,0.3442,2.6194,4,5,0,140,8,0,0,0,0,0,1000.000
14240,0.3477,2.6194,0.00,0.3427,2.6194,4,5,0,140,8,0,0,0,0,0,1000.000
14250,0.3464,2.6194,0.00,0.3414,2.6194,4,5,0,140,7,0,0,0,0,0,1000.000
14260,0.3453,2.6194,0.00,0.3403,2.6194,4,5,0,140,7,0,0,0,0,0,1000.000
14270,0.3444,2.6194,0.00,0.3394,2.6194,4,5,0,140,7,0,0,0,0,0,1000.000
14280,0.3436,2.6194,0.00,0.3386,2.6194,4,5,0,140,7,0,0,0,0,0,1000.000
14290,0.3431,2.6194,0.00,0.3381,2.6194,4,5,0,140,7,0,0,0,0,0,1000.000
14300,0.3428,2.6194,0.00,0.3378,2.6194,4,5,0,140,7,0,0,0,0,0,1000.000
14310,0.3427,2.6194,0.00,0.3377,2.6194,4,5,0,140,7,0,0,0,0,0,1000.000
14320,0.3426,2.6194,0.00,0.3376,2.6194,4,5,0,140,7,0,0,0,0,0,1000.000
14330,0.3425,2.6194,0.00,0.3375,2.6194,4,5,0,140,7,0,0,0,0,0,1000.000
14340,0.3425,2.6194,0.00,0.3375,2.6194,4,5,0,140,7,0,0,0,0,0,1000.000
14350,0.3424,2.6194,0.00,0.3374,2.6194,4,5,0,140,7,0,0,0,0,0,1000.000
14360,0.3423,2.6194,0.00,0.3373,2.6194,4,5,0,140,7,0,0,0,0,0,1000.000
14370,0.3423,2.6194,0.00,0.3373,2.6194,4,5,0,140,7,0,0,0,0,0,1000.000
14380,0.3423,2.6194,0.00,0.3373,2.6194,4,5,0,140,7,0,0,0,0,0,1000.000
14390,0.3423,2.6194,0.00,0.3373,2.6194,4,5,0,140,7,0,0,0,0,0,1000.000
14400,0.3423,2.6194,0.00,0.3373,2.6194,4,5,0,140,7,0,0,0,0,0,1000.000
14410,0.3423,2.6194,0.00,0.3373,2.6194,4,5,0,140,7,0,0,0,0,0,1000.000
14420,0.3423,2.6194,0.00,0.3373,2.6194,4,5,0,140,7,0,0,0,0,0,1000.000
14430,0.3423,2.6194,0.00,0.3373,2.6194,4,5,0,140,7,0,0,0,0,0,1000.000
14440,0.3423,2.6194,0.00,0.3373,2.6194,4,5,0,140,7,0,0,0,0,0,1000.000
14450,0.3423,2.6194,0.00,0.3373,2.6194,4,5,0,140,7,0,0,0,0,0,1000.000
14460,0.3423,2.6194,0.00,0.3373,2.6194,4,5,0,140,7,0,0,0,0,0,1000.000
14470,0.3423,2.6194,0.00,0.3373,2.6194,4,5,0,140,7,0,0,0,0,0,1000.000
14480,0.3423,2.6194,0.00,0.3373,2.6194,4,5,0,140,7,0,0,0,0,0,1000.000
14490,0.3423,2.6194,0.00,0.3373,2.6194,4,5,0,140,7,0,0,0,0,0,1000.000
14500,0.3423,2.6194,0.00,0.3373,2.6194,4,5,0,140,7,0,0,0,0,0,1000.000
14510,0.3423,2.6194,0.00,0.3373,2.6194,4,5,0,140,7,0,0,0,0,0,1000.000
14520,0.3423,2.6194,0.00,0.3373,2.6194,4,5,0,140,7,0,0,0,0,0,1000.000
14530,0.3423,2.6194,0.00,0.3373,2.6194,4,5,0,140,7,0,0,0,0,0,1000.000
14540,0.3423,2.6194,0.00,0.3373,2.6194,4,5,0,140,7,0,0,0,0,0,1000.000
14550,0.3423,2.6194,0.00,0.3373,2.6194,4,5,0,140,7,0,0,0,0,0,1000.000
14560,0.3423,2.6194,0.00,0.3373,2.6194,4,5,0,140,7,0,0,0,0,0,1000.000
14570,0.3423,2.6194,0.00,0.3373,2.6194,4,5,0,140,7,0,0,0,0,0,1000.000
14580,0.3423,2.6194,0.00,0.3373,2.6194,4,5,0,140,7,0,0,0,0,0,1000.000
14590,0.3423,2.6194,0.00,0.3373,2.6194,4,5,0,140,7,0,0,0,0,0,1000.000
14600,0.3423,2.6194,0.00,0.3373,2.6194,4,5,0,140,7,0,150,0,0,0,3.052
14610,0.3423,2.6195,0.00,0.3373,2.6195,4,5,0,140,7,0,150,0,0,0,3.052
14620,0.3423,2.6198,0.00,0.3373,2.6198,4,5,0,140,7,0,150,0,0,0,3.052
14630,0.3423,2.6203,0.00,0.3373,2.6203,4,5,0,140,7,0,150,0,0,0,3.051
14640,0.3423,2.6210,0.00,0.3373,2.6210,4,5,0,140,7,0,150,0,0,0,3.051
14650,0.3423,2.6219,0.00,0.3373,2.6219,4,5,0,140,7,0,150,0,0,0,3.050
14660,0.3423,2.6229,0.00,0.3373,2.6229,4,5,0,140,7,0,150,0,0,0,3.049
14670,0.3423,2.6242,0.00,0.3373,2.6242,4,5,0,140,7,0,150,0,0,0,3.047
14680,0.3423,2.6257,0.00,0.3373,2.6257,4,5,0,140,7,0,150,0,0,0,3.046
14690,0.3423,2.6274,0.00,0.3373,2.6274,4,5,0,140,7,0,150,0,0,0,3.044
14700,0.3423,2.6293,0.00,0.3373,2.6293,4,5,0,140,7,0,150,0,0,0,3.042
14710,0.3423,2.6314,0.00,0.3373,2.6314,4,5,0,140,7,0,150,0,0,0,3.040
14720,0.3423,2.6337,0.00,0.3373,2.6337,4,5,0,140,7,0,150,0,0,0,3.038
14730,0.3423,2.6362,0.00,0.3373,2.6362,4,5,0,140,7,0,150,0,0,0,3.035
14740,0.3423,2.6389,0.00,0.3373,2.6389,4,5,0,140,7,0,150,0,0,0,3.033
14750,0.3423,2.6418,0.00,0.3373,2.6418,4,5,0,140,7,0,150,0,0,0,3.030
14760,0.3423,2.6448,0.00,0.3373,2.6448,4,5,0,140,7,0,150,0,0,0,3.027
14770,0.3423,2.6481,0.00,0.3373,2.6481,4,5,0,140,7,0,150,0,0,0,3.023
14780,0.3423,2.6516,0.00,0.3373,2.6516,4,5,0,140,7,0,150,0,0,0,3.020
14790,0.3423,2.6553,0.00,0.3373,2.6553,4,5,0,140,7,0,150,0,0,0,3.016
14800,0.3423,2.6592,0.00,0.3373,2.6592,4,5,0,140,7,0,150,0,0,0,3.012
14810,0.3423,2.6633,0.00,0.3373,2.6633,4,5,0,140,7,0,150,0,0,0,3.008
14820,0.3423,2.6676,0.00,0.3373,2.6676,4,5,0,140,7,0,150,0,0,0,3.004
14830,0.3423,2.6721,0.00,0.3373,2.6721,4,5,0,140,7,0,150,0,0,0,2.999
14840,0.3423,2.6768,0.00,0.3373,2.6768,4,5,0,140,7,0,150,0,0,0,2.995
14850,0.3423,2.6817,0.00,0.3373,2.6817,4,5,0,140,7,0,150,0,0,0,2.990
14860,0.3423,2.6867,0.00,0.3373,2.6867,4,5,0,140,7,0,150,0,0,0,2.985
14870,0.3423,2.6920,0.00,0.3373,2.6920,4,5,0,140,7,0,150,0,0,0,2.979
14880,0.3423,2.6975,0.00,0.3373,2.6975,4,5,0,140,7,0,150,0,0,0,2.974
14890,0.3423,2.7032,0.00,0.3373,2.7032,4,5,0,140,7,0,150,0,0,0,2.968
14900,0.3423,2.7091,0.00,0.3373,2.7091,4,5,0,140,7,0,150,0,0,0,2.962
14910,0.3423,2.7152,0.00,0.3373,2.7152,4,5,0,140,7,0,150,0,0,0,2.956
14920,0.3423,2.7215,0.00,0.3373,2.7215,4,5,0,140,7,0,150,0,0,0,2.950
14930,0.3423,2.7280,0.00,0.3373,2.7280,4,5,0,140,7,0,150,0,0,0,2.944
14940,0.3423,2.7347,0.00,0.3373,2.7347,4,5,0,140,7,0,150,0,0,0,2.937
14950,0.3423,2.7416,0.00,0.3373,2.7416,4,5,0,140,7,0,150,0,0,0,2.930
14960,0.3423,2.7486,0.00,0.3373,2.7486,4,5,0,140,7,0,150,0,0,0,2.923
14970,0.3423,2.7559,0.00,0.3373,2.7559,4,5,0,140,7,0,150,0,0,0,2.916
14980,0.3423,2.7634,0.00,0.3373,2.7634,4,5,0,140,7,0,150,0,0,0,2.908
14990,0.3423,2.7711,0.00,0.3373,2.7711,4,5,0,140,7,0,150,0,0,0,2.900
15000,0.3423,2.7790,0.00,0.3373,2.7790,4,5,0,140,7,0,150,0,0,0,2.892
15010,0.3423,2.7871,0.00,0.3373,2.7871,4,5,0,140,7,0,150,0,0,0,2.884
15020,0.3423,2.7954,0.00,0.3373,2.7954,4,5,0,140,7,0,150,0,0,0,2.876
15030,0.3423,2.8039,0.00,0.3373,2.8039,4,5,0,140,7,0,150,0,0,0,2.868
15040,0.3423,2.8126,0.00,0.3373,2.8126,4,5,0,140,7,0,150,0,0,0,2.859
15050,0.3423,2.8215,0.00,0.3373,2.8215,4,5,0,140,7,0,150,0,0,0,2.850
15060,0.3423,2.8305,0.00,0.3373,2.8305,4,5,0,140,7,0,150,0,0,0,2.841
15070,0.3423,2.8398,0.00,0.3373,2.8398,4,5,0,140,7,0,150,0,0,0,2.832
15080,0.3423,2.8493,0.00,0.3373,2.8493,4,5,0,140,7,0,150,0,0,0,2.822
15090,0.3423,2.8590,0.00,0.3373,2.8590,4,5,0,140,7,0,150,0,0,0,2.812
15100,0.3423,2.8689,0.00,0.3373,2.8689,4,5,0,140,7,0,150,0,0,0,2.803
15110,0.3423,2.8790,0.00,0.3373,2.8790,4,5,0,140,7,0,150,0,0,0,2.793
15120,0.3423,2.8893,0.00,0.3373,2.8893,4,5,0,140,7,0,150,0,0,0,2.782
15130,0.3423,2.8998,0.00,0.3373,2.8998,4,5,0,140,7,0,150,0,0,0,2.772
15140,0.3423,2.9105,0.00,0.3373,2.9105,4,5,0,140,7,0,150,0,0,0,2.761
15150,0.3423,2.9214,0.00,0.3373,2.9214,4,5,0,140,7,0,150,0,0,0,2.750
15160,0.3423,2.9324,0.00,0.3373,2.9324,4,5,0,140,7,0,150,0,0,0,2.739
15170,0.3423,2.9437,0.00,0.3373,2.9437,4,5,0,140,7,0,150,0,0,0,2.728
15180,0.3423,2.9552,0.00,0.3373,2.9552,4,5,0,140,7,0,150,0,0,0,2.716
15190,0.3423,2.9669,0.00,0.3373,2.9669,4,5,0,140,7,0,150,0,0,0,2.705
15200,0.3423,2.9788,0.00,0.3373,2.9788,4,5,0,140,7,0,150,0,0,0,2.693
15210,0.3423,2.9907,0.00,0.3373,2.9907,4,5,0,140,7,0,150,0,0,0,2.681
15220,0.3423,3.0027,0.00,0.3373,3.0027,4,5,0,140,7,0,150,0,0,0,2.669
15230,0.3423,3.0146,0.00,0.3373,3.0146,4,5,0,140,7,0,150,0,0,0,2.657
15240,0.3423,3.0265,0.00,0.3373,3.0265,4,5,0,140,7,0,150,0,0,0,2.645
15250,0.3423,3.0385,0.00,0.3373,3.0385,4,5,0,140,7,0,150,0,0,0,2.633
15260,0.3423,3.0504,0.00,0.3373,3.0504,4,5,0,140,7,0,150,0,0,0,2.621
15270,0.3423,3.0624,0.00,0.3373,3.0624,4,5,0,140,7,0,150,0,0,0,2.609
15280,0.3423,3.0743,0.00,0.3373,3.0743,4,5,0,140,7,0,150,0,0,0,2.597
15290,0.3423,3.0862,0.00,0.3373,3.0862,4,5,0,140,7,0,150,0,0,0,2.585
15300,0.3423,3.0982,0.00,0.3373,3.0982,4,5,0,140,7,0,150,0,0,0,2.573
15310,0.3423,3.1101,0.00,0.3373,3.1101,4,5,0,140,7,0,150,0,0,0,2.561
15320,0.3423,3.1221,0.00,0.3373,3.1221,4,5,0,140,7,0,150,0,0,0,2.549
15330,0.3423,3.1340,0.00,0.3373,3.1340,4,5,0,140,7,0,150,0,0,0,2.538
15340,0.3423,3.1459,0.00,0.3373,3.1459,4,5,0,140,7,0,150,0,0,0,2.526
15350,0.3423,3.1579,0.00,0.3373,3.1579,4,5,0,140,7,0,150,0,0,0,2.514
15360,0.3423,3.1698,0.00,0.3373,3.1698,4,5,0,140,7,0,150,0,0,0,2.502
15370,0.3423,3.1817,0.00,0.3373,3.1817,4,5,0,140,7,0,150,0,0,0,2.490
15380,0.3423,3.1937,0.00,0.3373,3.1937,4,5,0,140,7,0,150,0,0,0,2.478
15390,0.3423,3.2056,0.00,0.3373,3.2056,4,5,0,140,7,0,150,0,0,0,2.466
15400,0.3423,3.2176,0.00,0.3373,3.2176,4,5,0,140,7,0,150,0,0,0,2.454
15410,0.3423,3.2295,0.00,0.3373,3.2295,4,5,0,140,7,0,150,0,0,0,2.442
15420,0.3423,3.2414,0.00,0.3373,3.2414,4,5,0,140,7,0,150,0,0,0,2.430
15430,0.3423,3.2534,0.00,0.3373,3.2534,4,5,0,140,7,0,150,0,0,0,2.418
15440,0.3423,3.2653,0.00,0.3373,3.2653,4,5,0,140,7,0,150,0,0,0,2.406
15450,0.3423,3.2772,0.00,0.3373,3.2772,4,5,0,140,7,0,150,0,0,0,2.394
15460,0.3423,3.2892,0.00,0.3373,3.2892,4,5,0,140,7,0,150,0,0,0,2.382
15470,0.3423,3.3011,0.00,0.3373,3.3011,4,5,0,140,7,0,150,0,0,0,2.370
15480,0.3423,3.3131,0.00,0.3373,3.3131,4,5,0,140,7,0,150,0,0,0,2.358
15490,0.3423,3.3250,0.00,0.3373,3.3250,4,5,0,140,7,0,150,0,0,0,2.347
15500,0.3423,3.3369,0.00,0.3373,3.3369,4,5,0,140,7,0,150,0,0,0,2.335
15510,0.3423,3.3489,0.00,0.3373,3.3489,4,5,0,140,7,0,150,0,0,0,2.323
15520,0.3423,3.3608,0.00,0.3373,3.3608,4,5,0,140,7,0,150,0,0,0,2.311
15530,0.3423,3.3728,0.00,0.3373,3.3728,4,5,0,140,7,0,150,0,0,0,2.299
15540,0.3423,3.3847,0.00,0.3373,3.3847,4,5,0,140,7,0,150,0,0,0,2.287
15550,0.3423,3.3966,0.00,0.3373,3.3966,4,5,0,140,7,0,150,0,0,0,2.275
15560,0.3423,3.4086,0.00,0.3373,3.4086,4,5,0,140,7,0,150,0,0,0,2.263
15570,0.3423,3.4205,0.00,0.3373,3.4205,4,5,0,140,7,0,150,0,0,0,2.251
15580,0.3423,3.4324,0.00,0.3373,3.4324,4,5,0,140,7,0,150,0,0,0,2.239
15590,0.3423,3.4444,0.00,0.3373,3.4444,4,5,0,140,7,0,150,0,0,0,2.227
15600,0.3423,3.4563,0.00,0.3373,3.4563,4,5,0,140,7,0,150,0,0,0,2.215
15610,0.3423,3.4683,0.00,0.3373,3.4683,4,5,0,140,7,0,150,0,0,0,2.203
15620,0.3423,3.4802,0.00,0.3373,3.4802,4,5,0,140,7,0,150,0,0,0,2.191
15630,0.3423,3.4921,0.00,0.3373,3.4921,4,5,0,140,7,0,150,0,0,0,2.179
15640,0.3423,3.5041,0.00,0.3373,3.5041,4,5,0,140,7,0,150,0,0,0,2.167
15650,0.3423,3.5160,0.00,0.3373,3.5160,4,5,0,140,7,0,150,0,0,0,2.155
15660,0.3423,3.5279,0.00,0.3373,3.5279,4,5,0,140,7,0,150,0,0,0,2.144
15670,0.3423,3.5399,0.00,0.3373,3.5399,4,5,0,140,7,0,150,0,0,0,2.132
15680,0.3423,3.5518,0.00,0.3373,3.5518,4,5,0,140,7,0,150,0,0,0,2.120
15690,0.3423,3.5638,0.00,0.3373,3.5638,4,5,0,140,7,0,150,0,0,0,2.108
15700,0.3423,3.5757,0.00,0.3373,3.5757,4,5,0,140,7,0,150,0,0,0,2.096
15710,0.3423,3.5876,0.00,0.3373,3.5876,4,5,0,140,7,0,150,0,0,0,2.084
15720,0.3423,3.5996,0.00,0.3373,3.5996,4,5,0,140,7,0,150,0,0,0,2.072
15730,0.3423,3.6115,0.00,0.3373,3.6115,4,5,0,140,7,0,150,0,0,0,2.060
15740,0.3423,3.6235,0.00,0.3373,3.6235,4,5,0,140,7,0,150,0,0,0,2.048
15750,0.3423,3.6354,0.00,0.3373,3.6354,4,5,0,140,7,0,150,0,0,0,2.036
15760,0.3423,3.6473,0.00,0.3373,3.6473,4,5,0,140,7,0,150,0,0,0,2.024
15770,0.3423,3.6593,0.00,0.3373,3.6593,4,5,0,140,7,0,150,0,0,0,2.012
15780,0.3423,3.6712,0.00,0.3373,3.6712,4,5,0,140,7,0,150,0,0,0,2.000
15790,0.3423,3.6831,0.00,0.3373,3.6831,4,5,0,140,7,0,150,0,0,0,1.988
15800,0.3423,3.6951,0.00,0.3373,3.6951,4,5,0,140,7,0,150,0,0,0,1.976
15810,0.3423,3.7070,0.00,0.3373,3.7070,5,5,0,140,7,0,150,0,0,0,1.964
15820,0.3423,3.7190,0.00,0.3373,3.7190,5,5,0,140,7,0,150,0,0,0,1.953
15830,0.3423,3.7309,0.00,0.3373,3.7309,5,5,0,140,7,0,150,0,0,0,1.941
15840,0.3423,3.7428,0.00,0.3373,3.7428,5,5,0,140,7,0,150,0,0,0,1.929
15850,0.3423,3.7548,0.00,0.3373,3.7548,5,5,0,140,7,0,0,0,0,0,1000.000
15860,0.3423,3.7666,0.00,0.3373,3.7666,5,5,0,140,7,0,0,0,0,0,1000.000
15870,0.3423,3.7783,0.00,0.3373,3.7783,5,5,0,140,7,0,0,0,0,0,1000.000
15880,0.3423,3.7897,0.00,0.3373,3.7897,5,5,0,140,7,0,0,0,0,0,1000.000
15890,0.3423,3.8010,0.00,0.3373,3.8010,5,5,0,140,7,0,0,0,0,0,1000.000
15900,0.3423,3.8120,0.00,0.3373,3.8120,5,5,0,140,7,0,0,0,0,0,1000.000
15910,0.3423,3.8229,0.00,0.3373,3.8229,5,5,0,140,7,0,0,0,0,0,1000.000
15920,0.3423,3.8335,0.00,0.3373,3.8335,5,5,0,140,7,0,0,0,0,0,1000.000
15930,0.3423,3.8440,0.00,0.3373,3.8440,5,5,0,140,7,0,0,0,0,0,1000.000
15940,0.3423,3.8542,0.00,0.3373,3.8542,5,5,0,140,7,0,0,0,0,0,1000.000
15950,0.3423,3.8642,0.00,0.3373,3.8642,5,5,0,140,7,0,0,0,0,0,1000.000
15960,0.3423,3.8741,0.00,0.3373,3.8741,5,5,0,140,7,0,0,0,0,0,1000.000
15970,0.3423,3.8837,0.00,0.3373,3.8837,5,5,0,140,7,0,0,0,0,0,1000.000
15980,0.3423,3.8932,0.00,0.3373,3.8932,5,5,0,140,7,0,0,0,0,0,1000.000
15990,0.3423,3.9024,0.00,0.3373,3.9024,5,5,0,140,7,0,0,0,0,0,1000.000
16000,0.3423,3.9115,0.00,0.3373,3.9115,5,5,0,140,7,0,0,0,0,0,1000.000
16010,0.3423,3.9203,0.00,0.3373,3.9203,5,5,0,140,7,0,0,0,0,0,1000.000
16020,0.3423,3.9290,0.00,0.3373,3.9290,5,5,0,140,7,0,0,0,0,0,1000.000
16030,0.3423,3.9374,0.00,0.3373,3.9374,5,5,0,140,7,0,0,0,0,0,1000.000
16040,0.3423,3.9457,0.00,0.3373,3.9457,5,5,0,140,7,0,0,0,0,0,1000.000
16050,0.3423,3.9537,0.00,0.3373,3.9537,5,5,0,140,7,0,0,0,0,0,1000.000
16060,0.3423,3.9616,0.00,0.3373,3.9616,5,5,0,140,7,0,0,0,0,0,1000.000
16070,0.3423,3.9692,0.00,0.3373,3.9692,5,5,0,140,7,0,0,0,0,0,1000.000
16080,0.3423,3.9767,0.00,0.3373,3.9767,5,5,0,140,7,0,0,0,0,0,1000.000
16090,0.3423,3.9839,0.00,0.3373,3.9839,5,5,0,140,7,0,0,0,0,0,1000.000
16100,0.3423,3.9910,0.00,0.3373,3.9910,5,5,0,140,7,0,0,0,0,0,1000.000
16110,0.3423,3.9978,0.00,0.3373,3.9978,5,5,0,140,7,0,0,0,0,0,1000.000
16120,0.3423,4.0045,0.00,0.3373,4.0045,5,5,0,140,7,0,0,0,0,0,1000.000
16130,0.3423,4.0109,0.00,0.3373,4.0109,5,5,0,140,7,0,0,0,0,0,1000.000
16140,0.3423,4.0172,0.00,0.3373,4.0172,5,5,0,140,7,0,0,0,0,0,1000.000
16150,0.3423,4.0232,0.00,0.3373,4.0232,5,5,0,140,7,0,0,0,0,0,1000.000
16160,0.3423,4.0291,0.00,0.3373,4.0291,5,5,0,140,7,0,0,0,0,0,1000.000
16170,0.3423,4.0347,0.00,0.3373,4.0347,5,5,0,140,7,0,0,0,0,0,1000.000
16180,0.3423,4.0402,0.00,0.3373,4.0402,5,5,0,140,7,0,0,0,0,0,1000.000
16190,0.3423,4.0454,0.00,0.3373,4.0454,5,5,0,140,7,0,0,0,0,0,1000.000
16200,0.3423,4.0505,0.00,0.3373,4.0505,5,5,0,140,7,0,0,0,0,0,1000.000
16210,0.3423,4.0553,0.00,0.3373,4.0553,5,5,0,140,7,0,0,0,0,0,1000.000
16220,0.3423,4.0599,0.00,0.3373,4.0599,5,5,0,140,7,0,0,0,0,0,1000.000
16230,0.3423,4.0644,0.00,0.3373,4.0644,5,5,0,140,7,0,0,0,0,0,1000.000
16240,0.3423,4.0686,0.00,0.3373,4.0686,5,5,0,140,7,0,0,0,0,0,1000.000
16250,0.3423,4.0727,0.00,0.3373,4.0727,5,5,0,140,7,150,0,0,0,0,2.393
16260,0.3423,4.0765,0.00,0.3373,4.0765,5,5,0,140,7,150,0,0,0,0,2.393
16270,0.3423,4.0802,0.00,0.3373,4.0802,5,5,0,140,7,150,0,0,0,0,2.393
16280,0.3423,4.0836,0.00,0.3373,4.0836,5,5,0,140,7,150,0,0,0,0,2.393
16290,0.3423,4.0869,0.00,0.3373,4.0869,5,5,0,140,7,150,0,0,0,0,2.393
16300,0.3423,4.0899,0.00,0.3373,4.0899,5,5,0,140,7,150,0,0,0,0,2.393
16310,0.3423,4.0928,0.00,0.3373,4.0928,5,5,0,140,7,150,0,0,0,0,2.393
16320,0.3423,4.0954,0.00,0.3373,4.0954,5,5,0,140,7,150,0,0,0,0,2.393
16330,0.3424,4.0981,0.00,0.3374,4.0981,5,5,0,140,7,150,0,0,0,0,2.393
16340,0.3428,4.1007,0.00,0.3378,4.1007,5,5,0,140,7,150,0,0,0,0,2.392
16350,0.3434,4.1033,0.00,0.3384,4.1033,5,5,0,140,7,150,0,0,0,0,2.392
16360,0.3442,4.1059,0.00,0.3392,4.1059,5,5,0,140,7,150,0,0,0,0,2.391
16370,0.3451,4.1086,0.00,0.3401,4.1086,5,5,0,140,7,150,0,0,0,0,2.390
16380,0.3463,4.1112,0.00,0.3413,4.1112,5,5,0,140,7,150,0,0,0,0,2.389
16390,0.3477,4.1138,-0.00,0.3427,4.1138,5,5,0,140,7,150,0,0,0,0,2.387
16400,0.3493,4.1164,-0.00,0.3443,4.1164,5,5,0,140,7,150,0,0,0,0,2.386
16410,0.3510,4.1190,-0.00,0.3460,4.1190,5,5,0,140,7,150,0,0,0,0,2.384
16420,0.3530,4.1217,-0.00,0.3480,4.1217,5,5,0,140,7,150,0,0,0,0,2.382
16430,0.3552,4.1243,-0.00,0.3502,4.1243,5,5,0,140,7,150,0,0,0,0,2.380
16440,0.3576,4.1269,-0.00,0.3526,4.1269,5,5,0,140,7,150,0,0,0,0,2.377
16450,0.3601,4.1295,-0.00,0.3551,4.1295,5,5,0,140,7,150,0,0,0,0,2.375
16460,0.3629,4.1322,-0.00,0.3579,4.1322,5,5,0,140,7,150,0,0,0,0,2.372
16470,0.3659,4.1348,-0.00,0.3609,4.1348,5,5,0,140,7,150,0,0,0,0,2.369
16480,0.3691,4.1374,-0.00,0.3641,4.1374,5,5,0,140,7,150,0,0,0,0,2.366
16490,0.3724,4.1400,0.00,0.3674,4.1400,5,5,0,140,7,150,0,0,0,0,2.363
16500,0.3760,4.1426,0.00,0.3710,4.1426,5,5,0,140,8,150,0,0,0,0,2.359
16510,0.3798,4.1453,0.00,0.3748,4.1453,5,5,0,140,8,150,0,0,0,0,2.355
16520,0.3838,4.1479,0.00,0.3788,4.1479,5,5,0,140,8,150,0,0,0,0,2.351
16530,0.3879,4.1505,0.00,0.3829,4.1505,5,5,0,140,8,150,0,0,0,0,2.347
16540,0.3923,4.1531,0.00,0.3873,4.1531,5,5,0,140,8,150,0,0,0,0,2.343
16550,0.3969,4.1558,0.00,0.3919,4.1558,5,5,0,140,9,150,0,0,0,0,2.338
16560,0.4017,4.1584,0.00,0.3967,4.1584,5,5,0,140,9,150,0,0,0,0,2.333
16570,0.4066,4.1610,0.00,0.4016,4.1610,5,5,0,140,9,150,0,0,0,0,2.328
16580,0.4118,4.1636,0.00,0.4068,4.1636,5,5,0,140,9,150,0,0,0,0,2.323
16590,0.4172,4.1662,0.00,0.4122,4.1662,5,5,0,140,9,150,0,0,0,0,2.318
16600,0.4228,4.1689,0.00,0.4178,4.1689,5,5,0,140,10,150,0,0,0,0,2.312
16610,0.4285,4.1715,0.00,0.4235,4.1715,5,5,0,140,10,150,0,0,0,0,2.306
16620,0.4345,4.1741,0.00,0.4295,4.1741,5,5,0,140,10,150,0,0,0,0,2.300
16630,0.4407,4.1767,0.00,0.4357,4.1767,5,5,0,140,10,150,0,0,0,0,2.294
16640,0.4470,4.1794,0.00,0.4420,4.1794,5,5,0,140,10,150,0,0,0,0,2.288
16650,0.4536,4.1820,0.00,0.4486,4.1820,5,5,0,140,12,150,0,0,0,0,2.281
16660,0.4604,4.1846,0.00,0.4554,4.1846,5,5,0,140,12,150,0,0,0,0,2.275
16670,0.4674,4.1872,0.00,0.4624,4.1872,5,5,0,140,12,150,0,0,0,0,2.268
16680,0.4745,4.1898,0.00,0.4695,4.1898,5,5,0,140,12,150,0,0,0,0,2.260
16690,0.4819,4.1925,0.00,0.4769,4.1925,5,5,0,140,12,150,0,0,0,0,2.253
16700,0.4895,4.1951,0.00,0.4845,4.1951,5,5,0,140,15,150,0,0,0,0,2.246
16710,0.4973,4.1977,0.00,0.4923,4.1977,5,5,0,140,15,150,0,0,0,0,2.238
16720,0.5052,4.2003,0.00,0.5002,4.2003,6,5,1,140,15,150,0,0,0,0,2.230
16730,0.5134,4.2030,0.00,0.5084,4.2030,6,5,1,140,15,150,0,0,0,0,2.222
16740,0.5218,4.2056,0.00,0.5168,4.2056,6,5,1,140,15,150,0,0,0,0,2.213
16750,0.5304,4.2082,0.00,0.5254,4.2082,6,5,1,140,18,0,0,0,0,0,1000.000
16760,0.5391,4.2108,0.00,0.5341,4.2108,6,5,1,140,18,0,0,0,0,0,1000.000
16770,0.5480,4.2133,0.00,0.5430,4.2133,6,5,1,140,18,0,0,0,0,0,1000.000
16780,0.5568,4.2156,0.00,0.5518,4.2156,6,5,1,140,18,0,0,0,0,0,1000.000
16790,0.5657,4.2177,0.00,0.5607,4.2177,6,5,1,140,18,0,0,0,0,0,1000.000
16800,0.5745,4.2196,0.00,0.5695,4.2196,6,5,1,140,21,0,0,0,0,0,1000.000
16810,0.5833,4.2213,0.00,0.5783,4.2213,6,5,1,140,21,0,0,0,0,0,1000.000
16820,0.5922,4.2228,0.00,0.5872,4.2228,6,5,1,140,21,0,0,0,0,0,1000.000
16830,0.6010,4.2241,0.00,0.5960,4.2241,6,5,1,140,21,0,0,0,0,0,1000.000
16840,0.6096,4.2254,0.00,0.6046,4.2254,6,5,1,140,21,0,0,0,0,0,1000.000
16850,0.6180,4.2267,0.00,0.6130,4.2267,6,5,1,140,26,0,0,0,0,0,1000.000
16860,0.6263,4.2280,0.00,0.6213,4.2280,6,5,1,140,26,0,0,0,0,0,1000.000
16870,0.6343,4.2293,0.00,0.6293,4.2293,6,5,1,140,26,0,0,0,0,0,1000.000
16880,0.6421,4.2306,0.00,0.6371,4.2306,6,5,1,140,26,0,0,0,0,0,1000.000
16890,0.6497,4.2319,0.00,0.6447,4.2319,6,5,1,140,26,0,0,0,0,0,1000.000
16900,0.6571,4.2332,0.00,0.6521,4.2332,6,5,1,140,30,0,0,0,0,0,1000.000
16910,0.6644,4.2346,0.00,0.6594,4.2346,6,5,1,140,30,0,0,0,0,0,1000.000
16920,0.6714,4.2359,0.00,0.6664,4.2359,6,5,1,140,30,0,0,0,0,0,1000.000
16930,0.6782,4.2372,0.00,0.6732,4.2372,6,5,1,140,30,0,0,0,0,0,1000.000
16940,0.6848,4.2385,0.00,0.6798,4.2385,6,5,1,140,30,0,0,0,0,0,1000.000
16950,0.6912,4.2398,0.00,0.6862,4.2398,6,5,1,140,34,0,0,0,0,0,1000.000
16960,0.6975,4.2411,0.00,0.6925,4.2411,6,5,1,140,34,0,0,0,0,0,1000.000
16970,0.7035,4.2424,0.00,0.6985,4.2424,6,5,1,140,34,0,0,0,0,0,1000.000
16980,0.7093,4.2437,0.00,0.7043,4.2437,6,5,1,140,34,0,0,0,0,0,1000.000
16990,0.7149,4.2450,0.00,0.7099,4.2450,6,5,1,140,34,0,0,0,0,0,1000.000
17000,0.7203,4.2463,0.00,0.7153,4.2463,6,5,1,139,38,0,0,0,0,0,1000.000
17010,0.7256,4.2477,0.00,0.7206,4.2477,6,5,1,139,38,0,0,0,0,0,1000.000
17020,0.7306,4.2490,0.00,0.7256,4.2490,6,5,1,139,38,0,0,0,0,0,1000.000
17030,0.7354,4.2503,0.00,0.7304,4.2503,6,5,1,139,38,0,0,0,0,0,1000.000
17040,0.7400,4.2516,0.00,0.7350,4.2516,6,5,1,139,38,0,0,0,0,0,1000.000
17050,0.7444,4.2529,0.00,0.7394,4.2529,6,5,1,138,42,0,0,0,0,0,1000.000
17060,0.7487,4.2542,0.00,0.7437,4.2542,6,5,1,138,42,0,0,0,0,0,1000.000
17070,0.7527,4.2555,0.00,0.7477,4.2555,6,5,1,138,42,0,0,0,0,0,1000.000
17080,0.7565,4.2568,0.00,0.7515,4.2568,6,5,1,138,42,0,0,0,0,0,1000.000
17090,0.7601,4.2581,0.00,0.7551,4.2581,6,5,1,138,42,0,0,0,0,0,1000.000
17100,0.7635,4.2594,0.00,0.7585,4.2594,6,5,1,138,45,0,0,0,0,0,1000.000
17110,0.7668,4.2608,0.00,0.7618,4.2608,6,5,1,138,45,0,0,0,0,0,1000.000
17120,0.7698,4.2621,0.00,0.7648,4.2621,6,5,1,138,45,0,0,0,0,0,1000.000
17130,0.7726,4.2634,0.00,0.7676,4.2634,6,5,1,138,45,0,0,0,0,0,1000.000
17140,0.7752,4.2647,0.00,0.7702,4.2647,6,5,1,138,45,0,0,0,0,0,1000.000
17150,0.7777,4.2660,0.00,0.7727,4.2660,6,5,1,137,47,0,0,0,0,0,1000.000
17160,0.7799,4.2673,0.00,0.7749,4.2673,6,5,1,137,47,0,0,0,0,0,1000.000
17170,0.7819,4.2686,0.00,0.7769,4.2686,6,5,1,137,47,0,0,0,0,0,1000.000
17180,0.7837,4.2699,0.00,0.7787,4.2699,6,5,1,137,47,0,0,0,0,0,1000.000
17190,0.7853,4.2712,0.00,0.7803,4.2712,6,5,1,137,47,0,0,0,0,0,1000.000
17200,0.7868,4.2725,0.00,0.7818,4.2725,6,5,1,137,49,0,0,0,0,0,1000.000
17210,0.7880,4.2738,0.00,0.7830,4.2738,6,5,1,137,49,0,0,0,0,0,1000.000
17220,0.7892,4.2750,0.00,0.7842,4.2750,6,5,1,137,49,0,0,0,0,0,1000.000
17230,0.7903,4.2760,0.00,0.7853,4.2760,6,5,1,137,49,0,0,0,0,0,1000.000
17240,0.7912,4.2770,0.00,0.7862,4.2770,6,5,1,137,49,0,0,0,0,0,1000.000
17250,0.7921,4.2779,0.00,0.7871,4.2779,6,5,1,136,50,0,0,0,0,0,1000.000
17260,0.7928,4.2786,0.00,0.7878,4.2786,6,5,1,136,50,0,0,0,0,0,1000.000
17270,0.7935,4.2793,0.00,0.7885,4.2793,6,5,1,136,50,0,0,0,0,0,1000.000
17280,0.7941,4.2799,0.00,0.7891,4.2799,6,5,1,136,50,0,0,0,0,0,1000.000
17290,0.7945,4.2803,0.00,0.7895,4.2803,6,5,1,136,50,0,0,0,0,0,1000.000
17300,0.7949,4.2807,0.00,0.7899,4.2807,6,5,1,136,51,0,0,0,0,0,1000.000
17310,0.7952,4.2810,0.00,0.7902,4.2810,6,5,1,136,51,0,0,0,0,0,1000.000
17320,0.7953,4.2811,0.00,0.7903,4.2811,6,5,1,136,51,0,0,0,0,0,1000.000
17330,0.7954,4.2812,0.00,0.7904,4.2812,6,5,1,136,51,0,0,0,0,0,1000.000
17340,0.7954,4.2812,0.00,0.7904,4.2812,6,5,1,136,51,0,0,0,0,0,1000.000
17350,0.7954,4.2812,0.00,0.7904,4.2812,6,5,1,136,52,0,0,0,0,0,1000.000
17360,0.7954,4.2812,0.00,0.7904,4.2812,6,5,1,136,52,0,0,0,0,0,1000.000
17370,0.7954,4.2812,0.00,0.7904,4.2812,6,5,1,136,52,0,0,0,0,0,1000.000
17380,0.7954,4.2812,0.00,0.7904,4.2812,6,5,1,136,52,0,0,0,0,0,1000.000
17390,0.7954,4.2812,0.00,0.7904,4.2812,6,5,1,136,52,0,0,0,0,0,1000.000
17400,0.7954,4.2812,0.00,0.7904,4.2812,6,5,1,136,52,0,0,0,0,0,1000.000
17410,0.7954,4.2812,0.00,0.7904,4.2812,6,5,1,136,52,0,0,0,0,0,1000.000
17420,0.7954,4.2812,0.00,0.7904,4.2812,6,5,1,136,52,0,0,0,0,0,1000.000
17430,0.7954,4.2812,0.00,0.7904,4.2812,6,5,1,136,52,0,0,0,0,0,1000.000
17440,0.7954,4.2812,0.00,0.7904,4.2812,6,5,1,136,52,0,0,0,0,0,1000.000
17450,0.7954,4.2812,0.00,0.7904,4.2812,6,5,1,136,52,0,0,0,0,0,1000.000
17460,0.7954,4.2812,0.00,0.7904,4.2812,6,5,1,136,52,0,0,0,0,0,1000.000
17470,0.7954,4.2812,0.00,0.7904,4.2812,6,5,1,136,52,0,0,0,0,0,1000.000
17480,0.7954,4.2812,0.00,0.7904,4.2812,6,5,1,136,52,0,0,0,0,0,1000.000
17490,0.7954,4.2812,0.00,0.7904,4.2812,6,5,1,136,52,0,0,0,0,0,1000.000
17500,0.7954,4.2812,0.00,0.7904,4.2812,6,5,1,136,52,0,0,0,0,0,1000.000
17510,0.7954,4.2812,0.00,0.7904,4.2812,6,5,1,136,52,0,0,0,0,0,1000.000
17520,0.7954,4.2812,0.00,0.7904,4.2812,6,5,1,136,52,0,0,0,0,0,1000.000
17530,0.7954,4.2812,0.00,0.7904,4.2812,6,5,1,136,52,0,0,0,0,0,1000.000
17540,0.7954,4.2812,0.00,0.7904,4.2812,6,5,1,136,52,0,0,0,0,0,1000.000
17550,0.7954,4.2812,0.00,0.7904,4.2812,6,5,1,136,52,0,0,0,0,0,1000.000
17560,0.7954,4.2812,0.00,0.7904,4.2812,6,5,1,136,52,0,0,0,0,0,1000.000
17570,0.7954,4.2812,0.00,0.7904,4.2812,6,5,1,136,52,0,0,0,0,0,1000.000
17580,0.7954,4.2812,0.00,0.7904,4.2812,6,5,1,136,52,0,0,0,0,0,1000.000
17590,0.7954,4.2812,0.00,0.7904,4.2812,6,5,1,136,52,0,0,0,0,0,1000.000
17600,0.7954,4.2812,0.00,0.7904,4.2812,6,5,1,136,52,0,0,0,0,0,1000.000
17610,0.7954,4.2812,0.00,0.7904,4.2812,6,5,1,136,52,0,0,0,0,0,1000.000
17620,0.7954,4.2812,0.00,0.7904,4.2812,6,5,1,136,52,0,0,0,0,0,1000.000
17630,0.7954,4.2812,0.00,0.7904,4.2812,6,5,1,136,52,0,0,0,0,0,1000.000
17640,0.7954,4.2812,0.00,0.7904,4.2812,6,5,1,136,52,0,0,0,0,0,1000.000
17650,0.7954,4.2812,0.00,0.7904,4.2812,6,5,1,136,52,0,0,0,0,0,1000.000
17660,0.7954,4.2812,0.00,0.7904,4.2812,6,5,1,136,52,0,0,0,0,0,1000.000
17670,0.7954,4.2812,0.00,0.7904,4.2812,6,5,1,136,52,0,0,0,0,0,1000.000
17680,0.7954,4.2812,0.00,0.7904,4.2812,6,5,1,136,52,0,0,0,0,0,1000.000
17690,0.7954,4.2812,0.00,0.7904,4.2812,6,5,1,136,52,0,0,0,0,0,1000.000
17700,0.7954,4.2812,0.00,0.7904,4.2812,6,5,1,136,52,0,0,0,0,0,1000.000
17710,0.7954,4.2812,0.00,0.7904,4.2812,6,5,1,136,52,0,0,0,0,0,1000.000
17720,0.7954,4.2812,0.00,0.7904,4.2812,6,5,1,136,52,0,0,0,0,0,1000.000
17730,0.7954,4.2812,0.00,0.7904,4.2812,6,5,1,136,52,0,0,0,0,0,1000.000
17740,0.7954,4.2812,0.00,0.7904,4.2812,6,5,1,136,52,0,0,0,0,0,1000.000
17750,0.7954,4.2812,0.00,0.7904,4.2812,6,5,1,136,52,0,0,0,0,0,1000.000
