t_ms,true_x,true_y,yaw_deg,map_x,map_y,seg,auto_state,route_complete,front_cm,left_cm,out_vx,out_vy,map_lim,front_lim,left_lim,clearance
0,0.3740,0.3085,0.00,0.0000,0.0000,0,0,0,140,10,0,0,0,0,0,1000.000
10,0.3740,0.3085,0.00,0.0000,0.0000,0,0,0,140,10,0,0,0,0,0,1000.000
20,0.3740,0.3085,0.00,0.0000,0.0000,0,0,0,140,10,0,0,0,0,0,1000.000
30,0.3740,0.3085,0.00,0.0000,0.0000,0,0,0,140,10,0,0,0,0,0,1000.000
40,0.3740,0.3085,0.00,0.0000,0.0000,0,0,0,140,10,0,0,0,0,0,1000.000
50,0.3740,0.3085,0.00,0.0000,0.0000,0,0,0,140,10,0,0,0,0,0,1000.000
60,0.3740,0.3085,0.00,0.0000,0.0000,0,0,0,140,10,0,0,0,0,0,1000.000
70,0.3740,0.3085,0.00,0.0000,0.0000,0,0,0,140,10,0,0,0,0,0,1000.000
80,0.3740,0.3085,0.00,0.0000,0.0000,0,0,0,140,10,0,0,0,0,0,1000.000
90,0.3740,0.3085,0.00,0.0000,0.0000,0,0,0,140,10,0,0,0,0,0,1000.000
100,0.3740,0.3085,0.00,0.0000,0.0000,0,0,0,140,10,0,0,0,0,0,1000.000
110,0.3740,0.3085,0.00,0.0000,0.0000,0,0,0,140,10,0,0,0,0,0,1000.000
120,0.3740,0.3085,0.00,0.0000,0.0000,0,0,0,140,10,0,0,0,0,0,1000.000
130,0.3740,0.3085,0.00,0.0000,0.0000,0,0,0,140,10,0,0,0,0,0,1000.000
140,0.3740,0.3085,0.00,0.0000,0.0000,0,0,0,140,10,0,0,0,0,0,1000.000
150,0.3740,0.3085,0.00,0.0000,0.0000,0,0,0,140,10,0,0,0,0,0,1000.000
160,0.3740,0.3085,0.00,0.0000,0.0000,0,0,0,140,10,0,0,0,0,0,1000.000
170,0.3740,0.3085,0.00,0.0000,0.0000,0,0,0,140,10,0,0,0,0,0,1000.000
180,0.3740,0.3085,0.00,0.0000,0.0000,0,0,0,140,10,0,0,0,0,0,1000.000
190,0.3740,0.3085,0.00,0.0000,0.0000,0,0,0,140,10,0,0,0,0,0,1000.000
200,0.3740,0.3085,0.00,0.0000,0.0000,0,0,0,140,10,0,0,0,0,0,1000.000
210,0.3740,0.3085,0.00,0.0000,0.0000,0,0,0,140,10,0,0,0,0,0,1000.000
220,0.3740,0.3085,0.00,0.0000,0.0000,0,0,0,140,10,0,0,0,0,0,1000.000
230,0.3740,0.3085,0.00,0.0000,0.0000,0,0,0,140,10,0,0,0,0,0,1000.000
240,0.3740,0.3085,0.00,0.0000,0.0000,0,0,0,140,10,0,0,0,0,0,1000.000
250,0.3740,0.3085,0.00,0.0000,0.0000,0,0,0,140,10,0,0,0,0,0,1000.000
260,0.3740,0.3085,0.00,0.0000,0.0000,0,0,0,140,10,0,0,0,0,0,1000.000
270,0.3740,0.3085,0.00,0.0000,0.0000,0,0,0,140,10,0,0,0,0,0,1000.000
280,0.3740,0.3085,0.00,0.0000,0.0000,0,0,0,140,10,0,0,0,0,0,1000.000
290,0.3740,0.3085,0.00,0.0000,0.0000,0,0,0,140,10,0,0,0,0,0,1000.000
300,0.3740,0.3085,0.00,0.0000,0.0000,0,0,0,140,10,0,0,0,0,0,1000.000
310,0.3740,0.3085,0.00,0.0000,0.0000,0,0,0,140,10,0,0,0,0,0,1000.000
320,0.3740,0.3085,0.00,0.0000,0.0000,0,0,0,140,10,0,0,0,0,0,1000.000
330,0.3740,0.3085,0.00,0.0000,0.0000,0,0,0,140,10,0,0,0,0,0,1000.000
340,0.3740,0.3085,0.00,0.0000,0.0000,0,0,0,140,10,0,0,0,0,0,1000.000
350,0.3740,0.3085,0.00,0.0000,0.0000,0,0,0,140,10,0,0,0,0,0,1000.000
360,0.3740,0.3085,0.00,0.0000,0.0000,0,0,0,140,10,0,0,0,0,0,1000.000
370,0.3740,0.3085,0.00,0.0000,0.0000,0,0,0,140,10,0,0,0,0,0,1000.000
380,0.3740,0.3085,0.00,0.0000,0.0000,0,0,0,140,10,0,0,0,0,0,1000.000
390,0.3740,0.3085,0.00,0.0000,0.0000,0,0,0,140,10,0,0,0,0,0,1000.000
400,0.3740,0.3085,0.00,0.0000,0.0000,0,0,0,140,10,0,0,0,0,0,1000.000
410,0.3740,0.3085,0.00,0.0000,0.0000,0,0,0,140,10,0,0,0,0,0,1000.000
420,0.3740,0.3085,0.00,0.0000,0.0000,0,0,0,140,10,0,0,0,0,0,1000.000
430,0.3740,0.3085,0.00,0.0000,0.0000,0,0,0,140,10,0,0,0,0,0,1000.000
440,0.3740,0.3085,0.00,0.0000,0.0000,0,0,0,140,10,0,0,0,0,0,1000.000
450,0.3740,0.3085,0.00,0.0000,0.0000,0,0,0,140,10,0,0,0,0,0,1000.000
460,0.3740,0.3085,0.00,0.0000,0.0000,0,0,0,140,10,0,0,0,0,0,1000.000
470,0.3740,0.3085,0.00,0.0000,0.0000,0,0,0,140,10,0,0,0,0,0,1000.000
480,0.3740,0.3085,0.00,0.0000,0.0000,0,0,0,140,10,0,0,0,0,0,1000.000
490,0.3740,0.3085,0.00,0.0000,0.0000,0,0,0,140,10,0,0,0,0,0,1000.000
500,0.3740,0.3085,0.00,0.0000,0.0000,0,0,0,140,10,0,0,0,0,0,1000.000
510,0.3740,0.3085,0.00,0.0000,0.0000,0,0,0,140,10,0,0,0,0,0,1000.000
520,0.3740,0.3085,0.00,0.0000,0.0000,0,0,0,140,10,0,0,0,0,0,1000.000
530,0.3740,0.3085,0.00,0.0000,0.0000,0,0,0,140,10,0,0,0,0,0,1000.000
540,0.3740,0.3085,0.00,0.0000,0.0000,0,0,0,140,10,0,0,0,0,0,1000.000
550,0.3740,0.3085,0.00,0.0000,0.0000,0,0,0,140,10,0,0,0,0,0,1000.000
560,0.3740,0.3085,0.00,0.0000,0.0000,0,0,0,140,10,0,0,0,0,0,1000.000
570,0.3740,0.3085,0.00,0.0000,0.0000,0,0,0,140,10,0,0,0,0,0,1000.000
580,0.3740,0.3085,0.00,0.0000,0.0000,0,0,0,140,10,0,0,0,0,0,1000.000
590,0.3740,0.3085,0.00,0.0000,0.0000,0,0,0,140,10,0,0,0,0,0,1000.000
600,0.3740,0.3085,0.00,0.0000,0.0000,0,0,0,140,10,0,0,0,0,0,1000.000
610,0.3740,0.3085,0.00,0.0000,0.0000,0,0,0,140,10,0,0,0,0,0,1000.000
620,0.3740,0.3085,0.00,0.0000,0.0000,0,0,0,140,10,0,0,0,0,0,1000.000
630,0.3740,0.3085,0.00,0.0000,0.0000,0,0,0,140,10,0,0,0,0,0,1000.000
640,0.3740,0.3085,0.00,0.0000,0.0000,0,0,0,140,10,0,0,0,0,0,1000.000
650,0.3740,0.3085,0.00,0.0000,0.0000,0,0,0,140,10,0,0,0,0,0,1000.000
660,0.3740,0.3085,0.00,0.0000,0.0000,0,0,0,140,10,0,0,0,0,0,1000.000
670,0.3740,0.3085,0.00,0.0000,0.0000,0,0,0,140,10,0,0,0,0,0,1000.000
680,0.3740,0.3085,0.00,0.0000,0.0000,0,0,0,140,10,0,0,0,0,0,1000.000
690,0.3740,0.3085,0.00,0.0000,0.0000,0,0,0,140,10,0,0,0,0,0,1000.000
700,0.3740,0.3085,0.00,0.0000,0.0000,0,0,0,140,10,0,0,0,0,0,1000.000
710,0.3740,0.3085,0.00,0.0000,0.0000,0,0,0,140,10,0,0,0,0,0,1000.000
720,0.3740,0.3085,0.00,0.0000,0.0000,0,0,0,140,10,0,0,0,0,0,1000.000
730,0.3740,0.3085,0.00,0.0000,0.0000,0,0,0,140,10,0,0,0,0,0,1000.000
740,0.3740,0.3085,0.00,0.0000,0.0000,0,0,0,140,10,0,0,0,0,0,1000.000
750,0.3740,0.3085,0.00,0.0000,0.0000,0,0,0,140,10,0,0,0,0,0,1000.000
760,0.3740,0.3085,0.00,0.0000,0.0000,0,0,0,140,10,0,0,0,0,0,1000.000
770,0.3740,0.3085,0.00,0.0000,0.0000,0,0,0,140,10,0,0,0,0,0,1000.000
780,0.3740,0.3085,0.00,0.0000,0.0000,0,0,0,140,10,0,0,0,0,0,1000.000
790,0.3740,0.3085,0.00,0.0000,0.0000,0,0,0,140,10,0,0,0,0,0,1000.000
800,0.3740,0.3085,0.00,0.0000,0.0000,0,0,0,140,10,0,0,0,0,0,1000.000
810,0.3740,0.3085,0.00,0.0000,0.0000,0,0,0,140,10,0,0,0,0,0,1000.000
820,0.3740,0.3085,0.00,0.0000,0.0000,0,0,0,140,10,0,0,0,0,0,1000.000
830,0.3740,0.3085,0.00,0.0000,0.0000,0,0,0,140,10,0,0,0,0,0,1000.000
840,0.3740,0.3085,0.00,0.0000,0.0000,0,0,0,140,10,0,0,0,0,0,1000.000
850,0.3740,0.3085,0.00,0.0000,0.0000,0,0,0,140,10,0,0,0,0,0,1000.000
860,0.3740,0.3085,0.00,0.0000,0.0000,0,0,0,140,10,0,0,0,0,0,1000.000
870,0.3740,0.3085,0.00,0.0000,0.0000,0,0,0,140,10,0,0,0,0,0,1000.000
880,0.3740,0.3085,0.00,0.0000,0.0000,0,0,0,140,10,0,0,0,0,0,1000.000
890,0.3740,0.3085,0.00,0.0000,0.0000,0,0,0,140,10,0,0,0,0,0,1000.000
900,0.3740,0.3085,0.00,0.0000,0.0000,0,0,0,140,10,0,0,0,0,0,1000.000
910,0.3740,0.3085,0.00,0.0000,0.0000,0,0,0,140,10,0,0,0,0,0,1000.000
920,0.3740,0.3085,0.00,0.0000,0.0000,0,0,0,140,10,0,0,0,0,0,1000.000
930,0.3740,0.3085,0.00,0.0000,0.0000,0,0,0,140,10,0,0,0,0,0,1000.000
940,0.3740,0.3085,0.00,0.0000,0.0000,0,0,0,140,10,0,0,0,0,0,1000.000
950,0.3740,0.3085,0.00,0.0000,0.0000,0,0,0,140,10,0,0,0,0,0,1000.000
960,0.3740,0.3085,0.00,0.0000,0.0000,0,0,0,140,10,0,0,0,0,0,1000.000
970,0.3740,0.3085,0.00,0.0000,0.0000,0,0,0,140,10,0,0,0,0,0,1000.000
980,0.3740,0.3085,0.00,0.0000,0.0000,0,0,0,140,10,0,0,0,0,0,1000.000
990,0.3740,0.3085,0.00,0.0000,0.0000,0,0,0,140,10,0,0,0,0,0,1000.000
1000,0.3740,0.3085,0.00,0.0000,0.0000,0,0,0,140,10,0,0,0,0,0,1000.000
1010,0.3740,0.3085,0.00,0.0000,0.0000,0,0,0,140,10,0,0,0,0,0,1000.000
1020,0.3740,0.3085,0.00,0.0000,0.0000,0,0,0,140,10,0,0,0,0,0,1000.000
1030,0.3740,0.3085,0.00,0.0000,0.0000,0,0,0,140,10,0,0,0,0,0,1000.000
1040,0.3740,0.3085,0.00,0.0000,0.0000,0,0,0,140,10,0,0,0,0,0,1000.000
1050,0.3740,0.3085,0.00,0.0000,0.0000,0,0,0,140,10,0,0,0,0,0,1000.000
1060,0.3740,0.3085,0.00,0.0000,0.0000,0,0,0,140,10,0,0,0,0,0,1000.000
1070,0.3740,0.3085,0.00,0.0000,0.0000,0,0,0,140,10,0,0,0,0,0,1000.000
1080,0.3740,0.3085,0.00,0.0000,0.0000,0,0,0,140,10,0,0,0,0,0,1000.000
1090,0.3740,0.3085,0.00,0.0000,0.0000,0,0,0,140,10,0,0,0,0,0,1000.000
1100,0.3740,0.3085,0.00,0.0000,0.0000,0,0,0,140,10,0,0,0,0,0,1000.000
1110,0.3740,0.3085,0.00,0.0000,0.0000,0,0,0,140,10,0,0,0,0,0,1000.000
1120,0.3740,0.3085,0.00,0.0000,0.0000,0,0,0,140,10,0,0,0,0,0,1000.000
1130,0.3740,0.3085,0.00,0.0000,0.0000,0,0,0,140,10,0,0,0,0,0,1000.000
1140,0.3740,0.3085,0.00,0.0000,0.0000,0,0,0,140,10,0,0,0,0,0,1000.000
1150,0.3740,0.3085,0.00,0.0000,0.0000,0,0,0,140,10,0,0,0,0,0,1000.000
1160,0.3740,0.3085,0.00,0.0000,0.0000,0,0,0,140,10,0,0,0,0,0,1000.000
1170,0.3740,0.3085,0.00,0.0000,0.0000,0,0,0,140,10,0,0,0,0,0,1000.000
1180,0.3740,0.3085,0.00,0.0000,0.0000,0,0,0,140,10,0,0,0,0,0,1000.000
1190,0.3740,0.3085,0.00,0.0000,0.0000,0,0,0,140,10,0,0,0,0,0,1000.000
1200,0.3740,0.3085,0.00,0.0000,0.0000,0,0,0,140,10,0,0,0,0,0,1000.000
1210,0.3740,0.3085,0.00,0.0000,0.0000,0,0,0,140,10,0,0,0,0,0,1000.000
1220,0.3740,0.3085,0.00,0.0000,0.0000,0,0,0,140,10,0,0,0,0,0,1000.000
1230,0.3740,0.3085,0.00,0.0000,0.0000,0,0,0,140,10,0,0,0,0,0,1000.000
1240,0.3740,0.3085,0.00,0.0000,0.0000,0,0,0,140,10,0,0,0,0,0,1000.000
1250,0.3740,0.3085,0.00,0.0000,0.0000,0,0,0,140,10,0,0,0,0,0,1000.000
1260,0.3740,0.3085,0.00,0.0000,0.0000,0,0,0,140,10,0,0,0,0,0,1000.000
1270,0.3740,0.3085,0.00,0.0000,0.0000,0,0,0,140,10,0,0,0,0,0,1000.000
1280,0.3740,0.3085,0.00,0.0000,0.0000,0,0,0,140,10,0,0,0,0,0,1000.000
1290,0.3740,0.3085,0.00,0.0000,0.0000,0,0,0,140,10,0,0,0,0,0,1000.000
1300,0.3740,0.3085,0.00,0.0000,0.0000,0,0,0,140,10,0,0,0,0,0,1000.000
1310,0.3740,0.3085,0.00,0.0000,0.0000,0,0,0,140,10,0,0,0,0,0,1000.000
1320,0.3740,0.3085,0.00,0.0000,0.0000,0,0,0,140,10,0,0,0,0,0,1000.000
1330,0.3740,0.3085,0.00,0.0000,0.0000,0,0,0,140,10,0,0,0,0,0,1000.000
1340,0.3740,0.3085,0.00,0.0000,0.0000,0,0,0,140,10,0,0,0,0,0,1000.000
1350,0.3740,0.3085,0.00,0.0000,0.0000,0,0,0,140,10,0,0,0,0,0,1000.000
1360,0.3740,0.3085,0.00,0.0000,0.0000,0,0,0,140,10,0,0,0,0,0,1000.000
1370,0.3740,0.3085,0.00,0.0000,0.0000,0,0,0,140,10,0,0,0,0,0,1000.000
1380,0.3740,0.3085,0.00,0.0000,0.0000,0,0,0,140,10,0,0,0,0,0,1000.000
1390,0.3740,0.3085,0.00,0.0000,0.0000,0,0,0,140,10,0,0,0,0,0,1000.000
1400,0.3740,0.3085,0.00,0.0000,0.0000,0,0,0,140,10,0,0,0,0,0,1000.000
1410,0.3740,0.3085,0.00,0.0000,0.0000,0,0,0,140,10,0,0,0,0,0,1000.000
1420,0.3740,0.3085,0.00,0.0000,0.0000,0,0,0,140,10,0,0,0,0,0,1000.000
1430,0.3740,0.3085,0.00,0.0000,0.0000,0,0,0,140,10,0,0,0,0,0,1000.000
1440,0.3740,0.3085,0.00,0.0000,0.0000,0,0,0,140,10,0,0,0,0,0,1000.000
1450,0.3740,0.3085,0.00,0.0000,0.0000,0,0,0,140,10,0,0,0,0,0,1000.000
1460,0.3740,0.3085,0.00,0.0000,0.0000,0,0,0,140,10,0,0,0,0,0,1000.000
1470,0.3740,0.3085,0.00,0.0000,0.0000,0,0,0,140,10,0,0,0,0,0,1000.000
1480,0.3740,0.3085,0.00,0.0000,0.0000,0,0,0,140,10,0,0,0,0,0,1000.000
1490,0.3740,0.3085,0.00,0.0000,0.0000,0,0,0,140,10,0,0,0,0,0,1000.000
1500,0.3740,0.3085,0.00,0.0000,0.0000,0,0,0,140,10,0,0,0,0,0,1000.000
1510,0.3740,0.3085,0.00,0.0000,0.0000,0,0,0,140,10,0,0,0,0,0,1000.000
1520,0.3740,0.3085,0.00,0.0000,0.0000,0,0,0,140,10,0,0,0,0,0,1000.000
1530,0.3740,0.3085,0.00,0.0000,0.0000,0,0,0,140,10,0,0,0,0,0,1000.000
1540,0.3740,0.3085,0.00,0.0000,0.0000,0,0,0,140,10,0,0,0,0,0,1000.000
1550,0.3740,0.3085,0.00,0.0000,0.0000,0,0,0,140,10,0,0,0,0,0,1000.000
1560,0.3740,0.3085,0.00,0.0000,0.0000,0,0,0,140,10,0,0,0,0,0,1000.000
1570,0.3740,0.3085,0.00,0.0000,0.0000,0,0,0,140,10,0,0,0,0,0,1000.000
1580,0.3740,0.3085,0.00,0.0000,0.0000,0,0,0,140,10,0,0,0,0,0,1000.000
1590,0.3740,0.3085,0.00,0.0000,0.0000,0,0,0,140,10,0,0,0,0,0,1000.000
1600,0.3740,0.3085,0.00,0.0000,0.0000,0,0,0,140,10,0,0,0,0,0,1000.000
1610,0.3740,0.3085,0.00,0.0000,0.0000,0,0,0,140,10,0,0,0,0,0,1000.000
1620,0.3740,0.3085,0.00,0.0000,0.0000,0,0,0,140,10,0,0,0,0,0,1000.000
1630,0.3740,0.3085,0.00,0.0000,0.0000,0,0,0,140,10,0,0,0,0,0,1000.000
1640,0.3740,0.3085,0.00,0.0000,0.0000,0,0,0,140,10,0,0,0,0,0,1000.000
1650,0.3740,0.3085,0.00,0.0000,0.0000,0,0,0,140,10,0,0,0,0,0,1000.000
1660,0.3740,0.3085,0.00,0.0000,0.0000,0,0,0,140,10,0,0,0,0,0,1000.000
1670,0.3740,0.3085,0.00,0.0000,0.0000,0,0,0,140,10,0,0,0,0,0,1000.000
1680,0.3740,0.3085,0.00,0.0000,0.0000,0,0,0,140,10,0,0,0,0,0,1000.000
1690,0.3740,0.3085,0.00,0.0000,0.0000,0,0,0,140,10,0,0,0,0,0,1000.000
1700,0.3740,0.3085,0.00,0.0000,0.0000,0,0,0,140,10,0,0,0,0,0,1000.000
1710,0.3740,0.3085,0.00,0.0000,0.0000,0,0,0,140,10,0,0,0,0,0,1000.000
1720,0.3740,0.3085,0.00,0.0000,0.0000,0,0,0,140,10,0,0,0,0,0,1000.000
1730,0.3740,0.3085,0.00,0.0000,0.0000,0,0,0,140,10,0,0,0,0,0,1000.000
1740,0.3740,0.3085,0.00,0.0000,0.0000,0,0,0,140,10,0,0,0,0,0,1000.000
1750,0.3740,0.3085,0.00,0.0000,0.0000,0,0,0,140,10,0,0,0,0,0,1000.000
1760,0.3740,0.3085,0.00,0.0000,0.0000,0,0,0,140,10,0,0,0,0,0,1000.000
1770,0.3740,0.3085,0.00,0.0000,0.0000,0,0,0,140,10,0,0,0,0,0,1000.000
1780,0.3740,0.3085,0.00,0.0000,0.0000,0,0,0,140,10,0,0,0,0,0,1000.000
1790,0.3740,0.3085,0.00,0.0000,0.0000,0,0,0,140,10,0,0,0,0,0,1000.000
1800,0.3740,0.3085,0.00,0.0000,0.0000,0,0,0,140,10,0,0,0,0,0,1000.000
1810,0.3740,0.3085,0.00,0.0000,0.0000,0,0,0,140,10,0,0,0,0,0,1000.000
1820,0.3740,0.3085,0.00,0.0000,0.0000,0,0,0,140,10,0,0,0,0,0,1000.000
1830,0.3740,0.3085,0.00,0.0000,0.0000,0,0,0,140,10,0,0,0,0,0,1000.000
1840,0.3740,0.3085,0.00,0.0000,0.0000,0,0,0,140,10,0,0,0,0,0,1000.000
1850,0.3740,0.3085,0.00,0.0000,0.0000,0,0,0,140,10,0,0,0,0,0,1000.000
1860,0.3740,0.3085,0.00,0.0000,0.0000,0,0,0,140,10,0,0,0,0,0,1000.000
1870,0.3740,0.3085,0.00,0.0000,0.0000,0,0,0,140,10,0,0,0,0,0,1000.000
1880,0.3740,0.3085,0.00,0.0000,0.0000,0,0,0,140,10,0,0,0,0,0,1000.000
1890,0.3740,0.3085,0.00,0.0000,0.0000,0,0,0,140,10,0,0,0,0,0,1000.000
1900,0.3740,0.3085,0.00,0.0000,0.0000,0,0,0,140,10,0,0,0,0,0,1000.000
1910,0.3740,0.3085,0.00,0.0000,0.0000,0,0,0,140,10,0,0,0,0,0,1000.000
1920,0.3740,0.3085,0.00,0.0000,0.0000,0,0,0,140,10,0,0,0,0,0,1000.000
1930,0.3740,0.3085,0.00,0.0000,0.0000,0,0,0,140,10,0,0,0,0,0,1000.000
1940,0.3740,0.3085,0.00,0.0000,0.0000,0,0,0,140,10,0,0,0,0,0,1000.000
1950,0.3740,0.3085,0.00,0.0000,0.0000,0,0,0,140,10,0,0,0,0,0,1000.000
1960,0.3740,0.3085,0.00,0.0000,0.0000,0,0,0,140,10,0,0,0,0,0,1000.000
1970,0.3740,0.3085,0.00,0.0000,0.0000,0,0,0,140,10,0,0,0,0,0,1000.000
1980,0.3740,0.3085,0.00,0.0000,0.0000,0,0,0,140,10,0,0,0,0,0,1000.000
1990,0.3740,0.3085,0.00,0.0000,0.0000,0,0,0,140,10,0,0,0,0,0,1000.000
2000,0.3740,0.3085,0.00,0.0000,0.0000,0,0,0,140,10,0,0,0,0,0,1000.000
2010,0.3740,0.3085,0.00,0.0000,0.0000,0,0,0,140,10,0,0,0,0,0,1000.000
2020,0.3740,0.3085,0.00,0.0000,0.0000,0,0,0,140,10,0,0,0,0,0,1000.000
2030,0.3740,0.3085,0.00,0.0000,0.0000,0,0,0,140,10,0,0,0,0,0,1000.000
2040,0.3740,0.3085,0.00,0.0000,0.0000,0,0,0,140,10,0,0,0,0,0,1000.000
2050,0.3740,0.3085,0.00,0.0000,0.0000,0,0,0,140,10,0,0,0,0,0,1000.000
2060,0.3740,0.3085,0.00,0.0000,0.0000,0,0,0,140,10,0,0,0,0,0,1000.000
2070,0.3740,0.3085,0.00,0.0000,0.0000,0,0,0,140,10,0,0,0,0,0,1000.000
2080,0.3740,0.3085,0.00,0.0000,0.0000,0,0,0,140,10,0,0,0,0,0,1000.000
2090,0.3740,0.3085,0.00,0.0000,0.0000,0,0,0,140,10,0,0,0,0,0,1000.000
2100,0.3740,0.3085,0.00,0.0000,0.0000,0,0,0,140,10,0,0,0,0,0,1000.000
2110,0.3740,0.3085,0.00,0.0000,0.0000,0,0,0,140,10,0,0,0,0,0,1000.000
2120,0.3740,0.3085,0.00,0.0000,0.0000,0,0,0,140,10,0,0,0,0,0,1000.000
2130,0.3740,0.3085,0.00,0.0000,0.0000,0,0,0,140,10,0,0,0,0,0,1000.000
2140,0.3740,0.3085,0.00,0.0000,0.0000,0,0,0,140,10,0,0,0,0,0,1000.000
2150,0.3740,0.3085,0.00,0.0000,0.0000,0,0,0,140,10,0,0,0,0,0,1000.000
2160,0.3740,0.3085,0.00,0.0000,0.0000,0,0,0,140,10,0,0,0,0,0,1000.000
2170,0.3740,0.3085,0.00,0.0000,0.0000,0,0,0,140,10,0,0,0,0,0,1000.000
2180,0.3740,0.3085,0.00,0.0000,0.0000,0,0,0,140,10,0,0,0,0,0,1000.000
2190,0.3740,0.3085,0.00,0.0000,0.0000,0,0,0,140,10,0,0,0,0,0,1000.000
2200,0.3740,0.3085,0.00,0.0000,0.0000,0,0,0,140,10,0,0,0,0,0,1000.000
2210,0.3740,0.3085,0.00,0.0000,0.0000,0,0,0,140,10,0,0,0,0,0,1000.000
2220,0.3740,0.3085,0.00,0.0000,0.0000,0,0,0,140,10,0,0,0,0,0,1000.000
2230,0.3740,0.3085,0.00,0.0000,0.0000,0,0,0,140,10,0,0,0,0,0,1000.000
2240,0.3740,0.3085,0.00,0.0000,0.0000,0,0,0,140,10,0,0,0,0,0,1000.000
2250,0.3740,0.3085,0.00,0.0000,0.0000,0,0,0,140,10,0,0,0,0,0,1000.000
2260,0.3740,0.3085,0.00,0.0000,0.0000,0,0,0,140,10,0,0,0,0,0,1000.000
2270,0.3740,0.3085,0.00,0.0000,0.0000,0,0,0,140,10,0,0,0,0,0,1000.000
2280,0.3740,0.3085,0.00,0.0000,0.0000,0,0,0,140,10,0,0,0,0,0,1000.000
2290,0.3740,0.3085,0.00,0.0000,0.0000,0,0,0,140,10,0,0,0,0,0,1000.000
2300,0.3740,0.3085,0.00,0.0000,0.0000,0,0,0,140,10,0,0,0,0,0,1000.000
2310,0.3740,0.3085,0.00,0.0000,0.0000,0,0,0,140,10,0,0,0,0,0,1000.000
2320,0.3740,0.3085,0.00,0.0000,0.0000,0,0,0,140,10,0,0,0,0,0,1000.000
2330,0.3740,0.3085,0.00,0.0000,0.0000,0,0,0,140,10,0,0,0,0,0,1000.000
2340,0.3740,0.3085,0.00,0.0000,0.0000,0,0,0,140,10,0,0,0,0,0,1000.000
2350,0.3740,0.3085,0.00,0.0000,0.0000,0,0,0,140,10,0,0,0,0,0,1000.000
2360,0.3740,0.3085,0.00,0.0000,0.0000,0,0,0,140,10,0,0,0,0,0,1000.000
2370,0.3740,0.3085,0.00,0.0000,0.0000,0,0,0,140,10,0,0,0,0,0,1000.000
2380,0.3740,0.3085,0.00,0.0000,0.0000,0,0,0,140,10,0,0,0,0,0,1000.000
2390,0.3740,0.3085,0.00,0.0000,0.0000,0,0,0,140,10,0,0,0,0,0,1000.000
2400,0.3740,0.3085,0.00,0.0000,0.0000,0,0,0,140,10,0,0,0,0,0,1000.000
2410,0.3740,0.3085,0.00,0.0000,0.0000,0,0,0,140,10,0,0,0,0,0,1000.000
2420,0.3740,0.3085,0.00,0.0000,0.0000,0,0,0,140,10,0,0,0,0,0,1000.000
2430,0.3740,0.3085,0.00,0.0000,0.0000,0,0,0,140,10,0,0,0,0,0,1000.000
2440,0.3740,0.3085,0.00,0.0000,0.0000,0,0,0,140,10,0,0,0,0,0,1000.000
2450,0.3740,0.3085,0.00,0.0000,0.0000,0,0,0,140,10,0,0,0,0,0,1000.000
2460,0.3740,0.3085,0.00,0.0000,0.0000,0,0,0,140,10,0,0,0,0,0,1000.000
2470,0.3740,0.3085,0.00,0.0000,0.0000,0,0,0,140,10,0,0,0,0,0,1000.000
2480,0.3740,0.3085,0.00,0.0000,0.0000,0,0,0,140,10,0,0,0,0,0,1000.000
2490,0.3740,0.3085,0.00,0.0000,0.0000,0,0,0,140,10,0,0,0,0,0,1000.000
2500,0.3740,0.3085,0.00,0.0000,0.0000,0,0,0,140,10,0,0,0,0,0,1000.000
2510,0.3740,0.3085,0.00,0.0000,0.0000,0,0,0,140,10,0,0,0,0,0,1000.000
2520,0.3740,0.3085,0.00,0.0000,0.0000,0,0,0,140,10,0,0,0,0,0,1000.000
2530,0.3740,0.3085,0.00,0.0000,0.0000,0,0,0,140,10,0,0,0,0,0,1000.000
2540,0.3740,0.3085,0.00,0.0000,0.0000,0,0,0,140,10,0,0,0,0,0,1000.000
2550,0.3740,0.3085,0.00,0.0000,0.0000,0,0,0,140,10,0,0,0,0,0,1000.000
2560,0.3740,0.3085,0.00,0.0000,0.0000,0,0,0,140,10,0,0,0,0,0,1000.000
2570,0.3740,0.3085,0.00,0.0000,0.0000,0,0,0,140,10,0,0,0,0,0,1000.000
2580,0.3740,0.3085,0.00,0.0000,0.0000,0,0,0,140,10,0,0,0,0,0,1000.000
2590,0.3740,0.3085,0.00,0.0000,0.0000,0,0,0,140,10,0,0,0,0,0,1000.000
2600,0.3740,0.3085,0.00,0.0000,0.0000,0,0,0,140,10,0,0,0,0,0,1000.000
2610,0.3740,0.3085,0.00,0.0000,0.0000,0,0,0,140,10,0,0,0,0,0,1000.000
2620,0.3740,0.3085,0.00,0.0000,0.0000,0,0,0,140,10,0,0,0,0,0,1000.000
2630,0.3740,0.3085,0.00,0.0000,0.0000,0,0,0,140,10,0,0,0,0,0,1000.000
2640,0.3740,0.3085,0.00,0.0000,0.0000,0,0,0,140,10,0,0,0,0,0,1000.000
2650,0.3740,0.3085,0.00,0.0000,0.0000,0,0,0,140,10,0,0,0,0,0,1000.000
2660,0.3740,0.3085,0.00,0.0000,0.0000,0,0,0,140,10,0,0,0,0,0,1000.000
2670,0.3740,0.3085,0.00,0.0000,0.0000,0,0,0,140,10,0,0,0,0,0,1000.000
2680,0.3740,0.3085,0.00,0.0000,0.0000,0,0,0,140,10,0,0,0,0,0,1000.000
2690,0.3740,0.3085,0.00,0.0000,0.0000,0,0,0,140,10,0,0,0,0,0,1000.000
2700,0.3740,0.3085,0.00,0.0000,0.0000,0,0,0,140,10,0,0,0,0,0,1000.000
2710,0.3740,0.3085,0.00,0.0000,0.0000,0,0,0,140,10,0,0,0,0,0,1000.000
2720,0.3740,0.3085,0.00,0.0000,0.0000,0,0,0,140,10,0,0,0,0,0,1000.000
2730,0.3740,0.3085,0.00,0.0000,0.0000,0,0,0,140,10,0,0,0,0,0,1000.000
2740,0.3740,0.3085,0.00,0.0000,0.0000,0,0,0,140,10,0,0,0,0,0,1000.000
2750,0.3740,0.3085,0.00,0.0000,0.0000,0,0,0,140,10,0,0,0,0,0,1000.000
2760,0.3740,0.3085,0.00,0.0000,0.0000,0,0,0,140,10,0,0,0,0,0,1000.000
2770,0.3740,0.3085,0.00,0.0000,0.0000,0,0,0,140,10,0,0,0,0,0,1000.000
2780,0.3740,0.3085,0.00,0.0000,0.0000,0,0,0,140,10,0,0,0,0,0,1000.000
2790,0.3740,0.3085,0.00,0.0000,0.0000,0,0,0,140,10,0,0,0,0,0,1000.000
2800,0.3740,0.3085,0.00,0.0000,0.0000,0,0,0,140,10,0,0,0,0,0,1000.000
2810,0.3740,0.3085,0.00,0.0000,0.0000,0,0,0,140,10,0,0,0,0,0,1000.000
2820,0.3740,0.3085,0.00,0.0000,0.0000,0,0,0,140,10,0,0,0,0,0,1000.000
2830,0.3740,0.3085,0.00,0.0000,0.0000,0,0,0,140,10,0,0,0,0,0,1000.000
2840,0.3740,0.3085,0.00,0.0000,0.0000,0,0,0,140,10,0,0,0,0,0,1000.000
2850,0.3740,0.3085,0.00,0.0000,0.0000,0,0,0,140,10,0,0,0,0,0,1000.000
2860,0.3740,0.3085,0.00,0.0000,0.0000,0,0,0,140,10,0,0,0,0,0,1000.000
2870,0.3740,0.3085,0.00,0.0000,0.0000,0,0,0,140,10,0,0,0,0,0,1000.000
2880,0.3740,0.3085,0.00,0.0000,0.0000,0,0,0,140,10,0,0,0,0,0,1000.000
2890,0.3740,0.3085,0.00,0.0000,0.0000,0,0,0,140,10,0,0,0,0,0,1000.000
2900,0.3740,0.3085,0.00,0.0000,0.0000,0,0,0,140,10,0,0,0,0,0,1000.000
2910,0.3740,0.3085,0.00,0.0000,0.0000,0,0,0,140,10,0,0,0,0,0,1000.000
2920,0.3740,0.3085,0.00,0.0000,0.0000,0,0,0,140,10,0,0,0,0,0,1000.000
2930,0.3740,0.3085,0.00,0.0000,0.0000,0,0,0,140,10,0,0,0,0,0,1000.000
2940,0.3740,0.3085,0.00,0.0000,0.0000,0,0,0,140,10,0,0,0,0,0,1000.000
2950,0.3740,0.3085,0.00,0.0000,0.0000,0,0,0,140,10,0,0,0,0,0,1000.000
2960,0.3740,0.3085,0.00,0.0000,0.0000,0,0,0,140,10,0,0,0,0,0,1000.000
2970,0.3740,0.3085,0.00,0.0000,0.0000,0,0,0,140,10,0,0,0,0,0,1000.000
2980,0.3740,0.3085,0.00,0.0000,0.0000,0,0,0,140,10,0,0,0,0,0,1000.000
2990,0.3740,0.3085,0.00,0.0000,0.0000,0,0,0,140,10,0,0,0,0,0,1000.000
3000,0.3740,0.3085,0.00,0.0000,0.0000,0,0,0,140,10,0,0,0,0,0,1000.000
3010,0.3740,0.3085,0.00,0.0000,0.0000,0,0,0,140,10,0,0,0,0,0,1000.000
3020,0.3740,0.3085,0.00,0.0000,0.0000,0,0,0,140,10,0,0,0,0,0,1000.000
3030,0.3740,0.3085,0.00,0.0000,0.0000,0,0,0,140,10,0,0,0,0,0,1000.000
3040,0.3740,0.3085,0.00,0.0000,0.0000,0,0,0,140,10,0,0,0,0,0,1000.000
3050,0.3740,0.3085,0.00,0.0000,0.0000,0,0,0,140,10,0,0,0,0,0,1000.000
3060,0.3740,0.3085,0.00,0.0000,0.0000,0,0,0,140,10,0,0,0,0,0,1000.000
3070,0.3740,0.3085,0.00,0.0000,0.0000,0,0,0,140,10,0,0,0,0,0,1000.000
3080,0.3740,0.3085,0.00,0.0000,0.0000,0,0,0,140,10,0,0,0,0,0,1000.000
3090,0.3740,0.3085,0.00,0.0000,0.0000,0,0,0,140,10,0,0,0,0,0,1000.000
3100,0.3740,0.3085,0.00,0.0000,0.0000,0,0,0,140,10,0,0,0,0,0,1000.000
3110,0.3740,0.3085,0.00,0.0000,0.0000,0,0,0,140,10,0,0,0,0,0,1000.000
3120,0.3740,0.3085,0.00,0.0000,0.0000,0,0,0,140,10,0,0,0,0,0,1000.000
3130,0.3740,0.3085,0.00,0.0000,0.0000,0,0,0,140,10,0,0,0,0,0,1000.000
3140,0.3740,0.3085,0.00,0.0000,0.0000,0,0,0,140,10,0,0,0,0,0,1000.000
3150,0.3740,0.3085,0.00,0.0000,0.0000,0,0,0,140,10,0,0,0,0,0,1000.000
3160,0.3740,0.3085,0.00,0.0000,0.0000,0,0,0,140,10,0,0,0,0,0,1000.000
3170,0.3740,0.3085,0.00,0.0000,0.0000,0,0,0,140,10,0,0,0,0,0,1000.000
3180,0.3740,0.3085,0.00,0.0000,0.0000,0,0,0,140,10,0,0,0,0,0,1000.000
3190,0.3740,0.3085,0.00,0.0000,0.0000,0,0,0,140,10,0,0,0,0,0,1000.000
3200,0.3740,0.3085,0.00,0.0000,0.0000,0,0,0,140,10,0,0,0,0,0,1000.000
3210,0.3740,0.3085,0.00,0.0000,0.0000,0,0,0,140,10,0,0,0,0,0,1000.000
3220,0.3740,0.3085,0.00,0.0000,0.0000,0,0,0,140,10,0,0,0,0,0,1000.000
3230,0.3740,0.3085,0.00,0.0000,0.0000,0,0,0,140,10,0,0,0,0,0,1000.000
3240,0.3740,0.3085,0.00,0.0000,0.0000,0,0,0,140,10,0,0,0,0,0,1000.000
3250,0.3740,0.3085,0.00,0.0000,0.0000,0,0,0,140,10,0,0,0,0,0,1000.000
3260,0.3740,0.3085,0.00,0.0000,0.0000,0,0,0,140,10,0,0,0,0,0,1000.000
3270,0.3740,0.3085,0.00,0.0000,0.0000,0,0,0,140,10,0,0,0,0,0,1000.000
3280,0.3740,0.3085,0.00,0.0000,0.0000,0,0,0,140,10,0,0,0,0,0,1000.000
3290,0.3740,0.3085,0.00,0.0000,0.0000,0,0,0,140,10,0,0,0,0,0,1000.000
3300,0.3740,0.3085,0.00,0.0000,0.0000,0,0,0,140,10,0,0,0,0,0,1000.000
3310,0.3740,0.3085,0.00,0.0000,0.0000,0,0,0,140,10,0,0,0,0,0,1000.000
3320,0.3740,0.3085,0.00,0.0000,0.0000,0,0,0,140,10,0,0,0,0,0,1000.000
3330,0.3740,0.3085,0.00,0.0000,0.0000,0,0,0,140,10,0,0,0,0,0,1000.000
3340,0.3740,0.3085,0.00,0.0000,0.0000,0,0,0,140,10,0,0,0,0,0,1000.000
3350,0.3740,0.3085,0.00,0.0000,0.0000,0,0,0,140,10,0,0,0,0,0,1000.000
3360,0.3740,0.3085,0.00,0.0000,0.0000,0,0,0,140,10,0,0,0,0,0,1000.000
3370,0.3740,0.3085,0.00,0.0000,0.0000,0,0,0,140,10,0,0,0,0,0,1000.000
3380,0.3740,0.3085,0.00,0.0000,0.0000,0,0,0,140,10,0,0,0,0,0,1000.000
3390,0.3740,0.3085,0.00,0.0000,0.0000,0,0,0,140,10,0,0,0,0,0,1000.000
3400,0.3740,0.3085,0.00,0.0000,0.0000,0,0,0,140,10,0,0,0,0,0,1000.000
3410,0.3740,0.3085,0.00,0.0000,0.0000,0,0,0,140,10,0,0,0,0,0,1000.000
3420,0.3740,0.3085,0.00,0.0000,0.0000,0,0,0,140,10,0,0,0,0,0,1000.000
3430,0.3740,0.3085,0.00,0.0000,0.0000,0,0,0,140,10,0,0,0,0,0,1000.000
3440,0.3740,0.3085,0.00,0.0000,0.0000,0,0,0,140,10,0,0,0,0,0,1000.000
3450,0.3740,0.3085,0.00,0.0000,0.0000,0,0,0,140,10,0,0,0,0,0,1000.000
3460,0.3740,0.3085,0.00,0.0000,0.0000,0,0,0,140,10,0,0,0,0,0,1000.000
3470,0.3740,0.3085,0.00,0.0000,0.0000,0,0,0,140,10,0,0,0,0,0,1000.000
3480,0.3740,0.3085,0.00,0.0000,0.0000,0,0,0,140,10,0,0,0,0,0,1000.000
3490,0.3740,0.3085,0.00,0.0000,0.0000,0,0,0,140,10,0,0,0,0,0,1000.000
3500,0.3740,0.3085,0.00,0.0000,0.0000,0,0,0,140,10,0,0,0,0,0,1000.000
3510,0.3740,0.3085,0.00,0.0000,0.0000,0,0,0,140,10,0,0,0,0,0,1000.000
3520,0.3740,0.3085,0.00,0.0000,0.0000,0,0,0,140,10,0,0,0,0,0,1000.000
3530,0.3740,0.3085,0.00,0.0000,0.0000,0,0,0,140,10,0,0,0,0,0,1000.000
3540,0.3740,0.3085,0.00,0.0000,0.0000,0,0,0,140,10,0,0,0,0,0,1000.000
3550,0.3740,0.3085,0.00,0.0000,0.0000,0,0,0,140,10,0,0,0,0,0,1000.000
3560,0.3740,0.3085,0.00,0.0000,0.0000,0,0,0,140,10,0,0,0,0,0,1000.000
3570,0.3740,0.3085,0.00,0.0000,0.0000,0,0,0,140,10,0,0,0,0,0,1000.000
3580,0.3740,0.3085,0.00,0.0000,0.0000,0,0,0,140,10,0,0,0,0,0,1000.000
3590,0.3740,0.3085,0.00,0.0000,0.0000,0,0,0,140,10,0,0,0,0,0,1000.000
3600,0.3740,0.3085,0.00,0.0000,0.0000,0,0,0,140,10,0,0,0,0,0,1000.000
3610,0.3740,0.3085,0.00,0.0000,0.0000,0,0,0,140,10,0,0,0,0,0,1000.000
3620,0.3740,0.3085,0.00,0.0000,0.0000,0,0,0,140,10,0,0,0,0,0,1000.000
3630,0.3740,0.3085,0.00,0.0000,0.0000,0,0,0,140,10,0,0,0,0,0,1000.000
3640,0.3740,0.3085,0.00,0.0000,0.0000,0,0,0,140,10,0,0,0,0,0,1000.000
3650,0.3740,0.3085,0.00,0.0000,0.0000,0,0,0,140,10,0,0,0,0,0,1000.000
3660,0.3740,0.3085,0.00,0.0000,0.0000,0,0,0,140,10,0,0,0,0,0,1000.000
3670,0.3740,0.3085,0.00,0.0000,0.0000,0,0,0,140,10,0,0,0,0,0,1000.000
3680,0.3740,0.3085,0.00,0.0000,0.0000,0,0,0,140,10,0,0,0,0,0,1000.000
3690,0.3740,0.3085,0.00,0.0000,0.0000,0,0,0,140,10,0,0,0,0,0,1000.000
3700,0.3740,0.3085,0.00,0.0000,0.0000,0,0,0,140,10,0,0,0,0,0,1000.000
3710,0.3740,0.3085,0.00,0.0000,0.0000,0,0,0,140,10,0,0,0,0,0,1000.000
3720,0.3740,0.3085,0.00,0.0000,0.0000,0,0,0,140,10,0,0,0,0,0,1000.000
3730,0.3740,0.3085,0.00,0.0000,0.0000,0,0,0,140,10,0,0,0,0,0,1000.000
3740,0.3740,0.3085,0.00,0.0000,0.0000,0,0,0,140,10,0,0,0,0,0,1000.000
3750,0.3740,0.3085,0.00,0.0000,0.0000,0,0,0,140,10,0,0,0,0,0,1000.000
3760,0.3740,0.3085,0.00,0.0000,0.0000,0,0,0,140,10,0,0,0,0,0,1000.000
3770,0.3740,0.3085,0.00,0.0000,0.0000,0,0,0,140,10,0,0,0,0,0,1000.000
3780,0.3740,0.3085,0.00,0.0000,0.0000,0,0,0,140,10,0,0,0,0,0,1000.000
3790,0.3740,0.3085,0.00,0.0000,0.0000,0,0,0,140,10,0,0,0,0,0,1000.000
3800,0.3740,0.3085,0.00,0.0000,0.0000,0,0,0,140,10,0,0,0,0,0,1000.000
3810,0.3740,0.3085,0.00,0.0000,0.0000,0,0,0,140,10,0,0,0,0,0,1000.000
3820,0.3740,0.3085,0.00,0.0000,0.0000,0,0,0,140,10,0,0,0,0,0,1000.000
3830,0.3740,0.3085,0.00,0.0000,0.0000,0,0,0,140,10,0,0,0,0,0,1000.000
3840,0.3740,0.3085,0.00,0.0000,0.0000,0,0,0,140,10,0,0,0,0,0,1000.000
3850,0.3740,0.3085,0.00,0.0000,0.0000,0,0,0,140,10,0,0,0,0,0,1000.000
3860,0.3740,0.3085,0.00,0.0000,0.0000,0,0,0,140,10,0,0,0,0,0,1000.000
3870,0.3740,0.3085,0.00,0.0000,0.0000,0,0,0,140,10,0,0,0,0,0,1000.000
3880,0.3740,0.3085,0.00,0.0000,0.0000,0,0,0,140,10,0,0,0,0,0,1000.000
3890,0.3740,0.3085,0.00,0.0000,0.0000,0,0,0,140,10,0,0,0,0,0,1000.000
3900,0.3740,0.3085,0.00,0.0000,0.0000,0,0,0,140,10,0,0,0,0,0,1000.000
3910,0.3740,0.3085,0.00,0.0000,0.0000,0,0,0,140,10,0,0,0,0,0,1000.000
3920,0.3740,0.3085,0.00,0.0000,0.0000,0,0,0,140,10,0,0,0,0,0,1000.000
3930,0.3740,0.3085,0.00,0.0000,0.0000,0,0,0,140,10,0,0,0,0,0,1000.000
3940,0.3740,0.3085,0.00,0.0000,0.0000,0,0,0,140,10,0,0,0,0,0,1000.000
3950,0.3740,0.3085,0.00,0.0000,0.0000,0,0,0,140,10,0,0,0,0,0,1000.000
3960,0.3740,0.3085,0.00,0.0000,0.0000,0,0,0,140,10,0,0,0,0,0,1000.000
3970,0.3740,0.3085,0.00,0.0000,0.0000,0,0,0,140,10,0,0,0,0,0,1000.000
3980,0.3740,0.3085,0.00,0.0000,0.0000,0,0,0,140,10,0,0,0,0,0,1000.000
3990,0.3740,0.3085,0.00,0.0000,0.0000,0,0,0,140,10,0,0,0,0,0,1000.000
4000,0.3740,0.3085,0.00,0.0000,0.0000,0,0,0,140,10,0,0,0,0,0,1000.000
4010,0.3740,0.3085,0.00,0.0000,0.0000,0,0,0,140,10,0,0,0,0,0,1000.000
4020,0.3740,0.3085,0.00,0.0000,0.0000,0,0,0,140,10,0,0,0,0,0,1000.000
4030,0.3740,0.3085,0.00,0.0000,0.0000,0,0,0,140,10,0,0,0,0,0,1000.000
4040,0.3740,0.3085,0.00,0.0000,0.0000,0,0,0,140,10,0,0,0,0,0,1000.000
4050,0.3740,0.3085,0.00,0.0000,0.0000,0,0,0,140,10,0,0,0,0,0,1000.000
4060,0.3740,0.3085,0.00,0.0000,0.0000,0,0,0,140,10,0,0,0,0,0,1000.000
4070,0.3740,0.3085,0.00,0.0000,0.0000,0,0,0,140,10,0,0,0,0,0,1000.000
4080,0.3740,0.3085,0.00,0.0000,0.0000,0,0,0,140,10,0,0,0,0,0,1000.000
4090,0.3740,0.3085,0.00,0.0000,0.0000,0,0,0,140,10,0,0,0,0,0,1000.000
4100,0.3740,0.3085,0.00,0.0000,0.0000,0,0,0,140,10,0,0,0,0,0,1000.000
4110,0.3740,0.3085,0.00,0.0000,0.0000,0,0,0,140,10,0,0,0,0,0,1000.000
4120,0.3740,0.3085,0.00,0.0000,0.0000,0,0,0,140,10,0,0,0,0,0,1000.000
4130,0.3740,0.3085,0.00,0.0000,0.0000,0,0,0,140,10,0,0,0,0,0,1000.000
4140,0.3740,0.3085,0.00,0.0000,0.0000,0,0,0,140,10,0,0,0,0,0,1000.000
4150,0.3740,0.3085,0.00,0.0000,0.0000,0,0,0,140,10,0,0,0,0,0,1000.000
4160,0.3740,0.3085,0.00,0.0000,0.0000,0,0,0,140,10,0,0,0,0,0,1000.000
4170,0.3740,0.3085,0.00,0.0000,0.0000,0,0,0,140,10,0,0,0,0,0,1000.000
4180,0.3740,0.3085,0.00,0.0000,0.0000,0,0,0,140,10,0,0,0,0,0,1000.000
4190,0.3740,0.3085,0.00,0.0000,0.0000,0,0,0,140,10,0,0,0,0,0,1000.000
4200,0.3740,0.3085,0.00,0.0000,0.0000,0,0,0,140,10,0,0,0,0,0,1000.000
4210,0.3740,0.3085,0.00,0.0000,0.0000,0,0,0,140,10,0,0,0,0,0,1000.000
4220,0.3740,0.3085,0.00,0.0000,0.0000,0,0,0,140,10,0,0,0,0,0,1000.000
4230,0.3740,0.3085,0.00,0.0000,0.0000,0,0,0,140,10,0,0,0,0,0,1000.000
4240,0.3740,0.3085,0.00,0.0000,0.0000,0,0,0,140,10,0,0,0,0,0,1000.000
4250,0.3740,0.3085,0.00,0.0000,0.0000,0,0,0,140,10,0,0,0,0,0,1000.000
4260,0.3740,0.3085,0.00,0.0000,0.0000,0,0,0,140,10,0,0,0,0,0,1000.000
4270,0.3740,0.3085,0.00,0.0000,0.0000,0,0,0,140,10,0,0,0,0,0,1000.000
4280,0.3740,0.3085,0.00,0.0000,0.0000,0,0,0,140,10,0,0,0,0,0,1000.000
4290,0.3740,0.3085,0.00,0.0000,0.0000,0,0,0,140,10,0,0,0,0,0,1000.000
4300,0.3740,0.3085,0.00,0.0000,0.0000,0,0,0,140,10,0,0,0,0,0,1000.000
4310,0.3740,0.3085,0.00,0.0000,0.0000,0,0,0,140,10,0,0,0,0,0,1000.000
4320,0.3740,0.3085,0.00,0.0000,0.0000,0,0,0,140,10,0,0,0,0,0,1000.000
4330,0.3740,0.3085,0.00,0.0000,0.0000,0,0,0,140,10,0,0,0,0,0,1000.000
4340,0.3740,0.3085,0.00,0.0000,0.0000,0,0,0,140,10,0,0,0,0,0,1000.000
4350,0.3740,0.3085,0.00,0.0000,0.0000,0,0,0,140,10,0,0,0,0,0,1000.000
4360,0.3740,0.3085,0.00,0.0000,0.0000,0,0,0,140,10,0,0,0,0,0,1000.000
4370,0.3740,0.3085,0.00,0.0000,0.0000,0,0,0,140,10,0,0,0,0,0,1000.000
4380,0.3740,0.3085,0.00,0.0000,0.0000,0,0,0,140,10,0,0,0,0,0,1000.000
4390,0.3740,0.3085,0.00,0.0000,0.0000,0,0,0,140,10,0,0,0,0,0,1000.000
4400,0.3740,0.3085,0.00,0.0000,0.0000,0,0,0,140,10,0,0,0,0,0,1000.000
4410,0.3740,0.3085,0.00,0.0000,0.0000,0,0,0,140,10,0,0,0,0,0,1000.000
4420,0.3740,0.3085,0.00,0.0000,0.0000,0,0,0,140,10,0,0,0,0,0,1000.000
4430,0.3740,0.3085,0.00,0.0000,0.0000,0,0,0,140,10,0,0,0,0,0,1000.000
4440,0.3740,0.3085,0.00,0.0000,0.0000,0,0,0,140,10,0,0,0,0,0,1000.000
4450,0.3740,0.3085,0.00,0.0000,0.0000,0,0,0,140,10,0,0,0,0,0,1000.000
4460,0.3740,0.3085,0.00,0.0000,0.0000,0,0,0,140,10,0,0,0,0,0,1000.000
4470,0.3740,0.3085,0.00,0.0000,0.0000,0,0,0,140,10,0,0,0,0,0,1000.000
4480,0.3740,0.3085,0.00,0.0000,0.0000,0,0,0,140,10,0,0,0,0,0,1000.000
4490,0.3740,0.3085,0.00,0.0000,0.0000,0,0,0,140,10,0,0,0,0,0,1000.000
4500,0.3740,0.3085,0.00,0.0000,0.0000,0,0,0,140,10,0,0,0,0,0,1000.000
4510,0.3740,0.3085,0.00,0.0000,0.0000,0,0,0,140,10,0,0,0,0,0,1000.000
4520,0.3740,0.3085,0.00,0.0000,0.0000,0,0,0,140,10,0,0,0,0,0,1000.000
4530,0.3740,0.3085,0.00,0.0000,0.0000,0,0,0,140,10,0,0,0,0,0,1000.000
4540,0.3740,0.3085,0.00,0.0000,0.0000,0,0,0,140,10,0,0,0,0,0,1000.000
4550,0.3740,0.3085,0.00,0.0000,0.0000,0,0,0,140,10,0,0,0,0,0,1000.000
4560,0.3740,0.3085,0.00,0.0000,0.0000,0,0,0,140,10,0,0,0,0,0,1000.000
4570,0.3740,0.3085,0.00,0.0000,0.0000,0,0,0,140,10,0,0,0,0,0,1000.000
4580,0.3740,0.3085,0.00,0.0000,0.0000,0,0,0,140,10,0,0,0,0,0,1000.000
4590,0.3740,0.3085,0.00,0.0000,0.0000,0,0,0,140,10,0,0,0,0,0,1000.000
4600,0.3740,0.3085,0.00,0.0000,0.0000,0,0,0,140,10,0,0,0,0,0,1000.000
4610,0.3740,0.3085,0.00,0.0000,0.0000,0,0,0,140,10,0,0,0,0,0,1000.000
4620,0.3740,0.3085,0.00,0.0000,0.0000,0,0,0,140,10,0,0,0,0,0,1000.000
4630,0.3740,0.3085,0.00,0.0000,0.0000,0,0,0,140,10,0,0,0,0,0,1000.000
4640,0.3740,0.3085,0.00,0.0000,0.0000,0,0,0,140,10,0,0,0,0,0,1000.000
4650,0.3740,0.3085,0.00,0.0000,0.0000,0,0,0,140,10,0,0,0,0,0,1000.000
4660,0.3740,0.3085,0.00,0.0000,0.0000,0,0,0,140,10,0,0,0,0,0,1000.000
4670,0.3740,0.3085,0.00,0.0000,0.0000,0,0,0,140,10,0,0,0,0,0,1000.000
4680,0.3740,0.3085,0.00,0.0000,0.0000,0,0,0,140,10,0,0,0,0,0,1000.000
4690,0.3740,0.3085,0.00,0.0000,0.0000,0,0,0,140,10,0,0,0,0,0,1000.000
4700,0.3740,0.3085,0.00,0.0000,0.0000,0,0,0,140,10,0,0,0,0,0,1000.000
4710,0.3740,0.3085,0.00,0.0000,0.0000,0,0,0,140,10,0,0,0,0,0,1000.000
4720,0.3740,0.3085,0.00,0.0000,0.0000,0,0,0,140,10,0,0,0,0,0,1000.000
4730,0.3740,0.3085,0.00,0.0000,0.0000,0,0,0,140,10,0,0,0,0,0,1000.000
4740,0.3740,0.3085,0.00,0.0000,0.0000,0,0,0,140,10,0,0,0,0,0,1000.000
4750,0.3740,0.3085,0.00,0.0000,0.0000,0,0,0,140,10,0,0,0,0,0,1000.000
4760,0.3740,0.3085,0.00,0.0000,0.0000,0,0,0,140,10,0,0,0,0,0,1000.000
4770,0.3740,0.3085,0.00,0.0000,0.0000,0,0,0,140,10,0,0,0,0,0,1000.000
4780,0.3740,0.3085,0.00,0.0000,0.0000,0,0,0,140,10,0,0,0,0,0,1000.000
4790,0.3740,0.3085,0.00,0.0000,0.0000,0,0,0,140,10,0,0,0,0,0,1000.000
4800,0.3740,0.3085,0.00,0.0000,0.0000,0,0,0,140,10,0,0,0,0,0,1000.000
4810,0.3740,0.3085,0.00,0.0000,0.0000,0,0,0,140,10,0,0,0,0,0,1000.000
4820,0.3740,0.3085,0.00,0.0000,0.0000,0,0,0,140,10,0,0,0,0,0,1000.000
4830,0.3740,0.3085,0.00,0.0000,0.0000,0,0,0,140,10,0,0,0,0,0,1000.000
4840,0.3740,0.3085,0.00,0.0000,0.0000,0,0,0,140,10,0,0,0,0,0,1000.000
4850,0.3740,0.3085,0.00,0.0000,0.0000,0,0,0,140,10,0,0,0,0,0,1000.000
4860,0.3740,0.3085,0.00,0.0000,0.0000,0,0,0,140,10,0,0,0,0,0,1000.000
4870,0.3740,0.3085,0.00,0.0000,0.0000,0,0,0,140,10,0,0,0,0,0,1000.000
4880,0.3740,0.3085,0.00,0.0000,0.0000,0,0,0,140,10,0,0,0,0,0,1000.000
4890,0.3740,0.3085,0.00,0.0000,0.0000,0,0,0,140,10,0,0,0,0,0,1000.000
4900,0.3740,0.3085,0.00,0.0000,0.0000,0,0,0,140,10,0,0,0,0,0,1000.000
4910,0.3740,0.3085,0.00,0.0000,0.0000,0,0,0,140,10,0,0,0,0,0,1000.000
4920,0.3740,0.3085,0.00,0.0000,0.0000,0,0,0,140,10,0,0,0,0,0,1000.000
4930,0.3740,0.3085,0.00,0.0000,0.0000,0,0,0,140,10,0,0,0,0,0,1000.000
4940,0.3740,0.3085,0.00,0.0000,0.0000,0,0,0,140,10,0,0,0,0,0,1000.000
4950,0.3740,0.3085,0.00,0.0000,0.0000,0,0,0,140,10,0,0,0,0,0,1000.000
4960,0.3740,0.3085,0.00,0.0000,0.0000,0,0,0,140,10,0,0,0,0,0,1000.000
4970,0.3740,0.3085,0.00,0.0000,0.0000,0,0,0,140,10,0,0,0,0,0,1000.000
4980,0.3740,0.3085,0.00,0.0000,0.0000,0,0,0,140,10,0,0,0,0,0,1000.000
4990,0.3740,0.3085,0.00,0.0000,0.0000,0,0,0,140,10,0,0,0,0,0,1000.000
5000,0.3740,0.3085,0.00,0.0000,0.0000,0,1,0,140,10,0,0,0,0,0,1000.000
5010,0.3740,0.3085,0.00,0.0000,0.0000,0,1,0,140,10,0,0,0,0,0,1000.000
5020,0.3740,0.3085,0.00,0.0000,0.0000,0,1,0,140,10,0,0,0,0,0,1000.000
5030,0.3740,0.3085,0.00,0.0000,0.0000,0,1,0,140,10,0,0,0,0,0,1000.000
5040,0.3740,0.3085,0.00,0.0000,0.0000,0,1,0,140,10,0,0,0,0,0,1000.000
5050,0.3740,0.3085,0.00,0.0000,0.0000,0,1,0,140,10,0,0,0,0,0,1000.000
5060,0.3740,0.3085,0.00,0.0000,0.0000,0,1,0,140,10,0,0,0,0,0,1000.000
5070,0.3740,0.3085,0.00,0.0000,0.0000,0,1,0,140,10,0,0,0,0,0,1000.000
5080,0.3740,0.3085,0.00,0.0000,0.0000,0,1,0,140,10,0,0,0,0,0,1000.000
5090,0.3740,0.3085,0.00,0.0000,0.0000,0,1,0,140,10,0,0,0,0,0,1000.000
5100,0.3740,0.3085,0.00,0.0000,0.0000,0,1,0,140,10,0,0,0,0,0,1000.000
5110,0.3740,0.3085,0.00,0.0000,0.0000,0,1,0,140,10,0,0,0,0,0,1000.000
5120,0.3740,0.3085,0.00,0.0000,0.0000,0,1,0,140,10,0,0,0,0,0,1000.000
5130,0.3740,0.3085,0.00,0.0000,0.0000,0,1,0,140,10,0,0,0,0,0,1000.000
5140,0.3740,0.3085,0.00,0.0000,0.0000,0,1,0,140,10,0,0,0,0,0,1000.000
5150,0.3740,0.3085,0.00,0.0000,0.0000,0,1,0,140,10,0,0,0,0,0,1000.000
5160,0.3740,0.3085,0.00,0.0000,0.0000,0,1,0,140,10,0,0,0,0,0,1000.000
5170,0.3740,0.3085,0.00,0.0000,0.0000,0,1,0,140,10,0,0,0,0,0,1000.000
5180,0.3740,0.3085,0.00,0.0000,0.0000,0,1,0,140,10,0,0,0,0,0,1000.000
5190,0.3740,0.3085,0.00,0.0000,0.0000,0,1,0,140,10,0,0,0,0,0,1000.000
5200,0.3740,0.3085,0.00,0.0000,0.0000,0,1,0,140,10,0,0,0,0,0,1000.000
5210,0.3740,0.3085,0.00,0.0000,0.0000,0,1,0,140,10,0,0,0,0,0,1000.000
5220,0.3740,0.3085,0.00,0.0000,0.0000,0,1,0,140,10,0,0,0,0,0,1000.000
5230,0.3740,0.3085,0.00,0.0000,0.0000,0,1,0,140,10,0,0,0,0,0,1000.000
5240,0.3740,0.3085,0.00,0.0000,0.0000,0,1,0,140,10,0,0,0,0,0,1000.000
5250,0.3740,0.3085,0.00,0.0000,0.0000,0,1,0,140,10,0,0,0,0,0,1000.000
5260,0.3740,0.3085,0.00,0.0000,0.0000,0,1,0,140,10,0,0,0,0,0,1000.000
5270,0.3740,0.3085,0.00,0.0000,0.0000,0,1,0,140,10,0,0,0,0,0,1000.000
5280,0.3740,0.3085,0.00,0.0000,0.0000,0,1,0,140,10,0,0,0,0,0,1000.000
5290,0.3740,0.3085,0.00,0.0000,0.0000,0,1,0,140,10,0,0,0,0,0,1000.000
5300,0.3740,0.3085,0.00,0.0000,0.0000,0,1,0,140,10,0,0,0,0,0,1000.000
5310,0.3740,0.3085,0.00,0.0000,0.0000,0,1,0,140,10,0,0,0,0,0,1000.000
5320,0.3740,0.3085,0.00,0.0000,0.0000,0,1,0,140,10,0,0,0,0,0,1000.000
5330,0.3740,0.3085,0.00,0.0000,0.0000,0,1,0,140,10,0,0,0,0,0,1000.000
5340,0.3740,0.3085,0.00,0.0000,0.0000,0,1,0,140,10,0,0,0,0,0,1000.000
5350,0.3740,0.3085,0.00,0.3690,0.3085,0,3,0,140,10,0,150,0,0,0,1.438
5360,0.3740,0.3086,0.00,0.3690,0.3086,0,3,0,140,10,0,150,0,0,0,1.438
5370,0.3740,0.3089,0.00,0.3690,0.3089,0,3,0,140,10,0,150,0,0,0,1.438
5380,0.3740,0.3094,0.00,0.3690,0.3094,0,3,0,140,10,0,150,0,0,0,1.437
5390,0.3740,0.3101,0.00,0.3690,0.3101,0,3,0,140,10,0,150,0,0,0,1.436
5400,0.3740,0.3110,0.00,0.3690,0.3109,0,3,0,140,10,0,150,0,0,0,1.436
5410,0.3740,0.3120,0.00,0.3690,0.3120,0,3,0,140,10,0,150,0,0,0,1.434
5420,0.3740,0.3133,0.00,0.3690,0.3133,0,3,0,140,10,0,150,0,0,0,1.433
5430,0.3740,0.3148,0.00,0.3690,0.3148,0,3,0,140,10,0,150,0,0,0,1.432
5440,0.3740,0.3165,0.00,0.3690,0.3165,0,3,0,140,10,0,150,0,0,0,1.430
5450,0.3740,0.3184,0.00,0.3690,0.3184,0,3,0,140,10,0,150,0,0,0,1.428
5460,0.3740,0.3205,0.00,0.3690,0.3205,0,3,0,140,10,0,150,0,0,0,1.426
5470,0.3740,0.3228,0.00,0.3690,0.3228,0,3,0,140,10,0,150,0,0,0,1.424
5480,0.3740,0.3253,0.00,0.3690,0.3253,0,3,0,140,10,0,150,0,0,0,1.421
5490,0.3740,0.3280,0.00,0.3690,0.3280,0,3,0,140,10,0,150,0,0,0,1.419
5500,0.3740,0.3309,0.00,0.3690,0.3309,0,3,0,140,10,0,150,0,0,0,1.416
5510,0.3740,0.3339,0.00,0.3690,0.3339,0,3,0,140,10,0,150,0,0,0,1.413
5520,0.3740,0.3372,0.00,0.3690,0.3372,0,3,0,140,10,0,150,0,0,0,1.409
5530,0.3740,0.3407,0.00,0.3690,0.3407,0,3,0,140,10,0,150,0,0,0,1.406
5540,0.3740,0.3444,0.00,0.3690,0.3444,0,3,0,140,10,0,150,0,0,0,1.402
5550,0.3740,0.3483,0.00,0.3690,0.3483,0,3,0,140,10,0,150,0,0,0,1.398
5560,0.3740,0.3524,0.00,0.3690,0.3524,0,3,0,140,10,0,150,0,0,0,1.394
5570,0.3740,0.3567,0.00,0.3690,0.3567,0,3,0,140,10,0,150,0,0,0,1.390
5580,0.3740,0.3612,0.00,0.3690,0.3612,0,3,0,140,10,0,150,0,0,0,1.385
5590,0.3740,0.3659,0.00,0.3690,0.3659,0,3,0,140,10,0,150,0,0,0,1.381
5600,0.3740,0.3707,0.00,0.3690,0.3707,0,3,0,139,10,0,150,0,0,0,1.376
5610,0.3740,0.3758,0.00,0.3690,0.3758,0,3,0,139,10,0,150,0,0,0,1.371
5620,0.3740,0.3811,0.00,0.3690,0.3811,0,3,0,139,10,0,150,0,0,0,1.365
5630,0.3740,0.3866,0.00,0.3690,0.3866,0,3,0,139,10,0,150,0,0,0,1.360
5640,0.3740,0.3923,0.00,0.3690,0.3923,0,3,0,139,10,0,150,0,0,0,1.354
5650,0.3740,0.3982,0.00,0.3690,0.3982,0,3,0,136,10,0,150,0,0,0,1.348
5660,0.3740,0.4043,0.00,0.3690,0.4043,0,3,0,136,10,0,150,0,0,0,1.342
5670,0.3740,0.4106,0.00,0.3690,0.4106,0,3,0,136,10,0,150,0,0,0,1.336
5680,0.3740,0.4171,0.00,0.3690,0.4171,0,3,0,136,10,0,150,0,0,0,1.329
5690,0.3740,0.4238,0.00,0.3690,0.4238,0,3,0,136,10,0,150,0,0,0,1.323
5700,0.3740,0.4306,0.00,0.3690,0.4306,0,3,0,133,10,0,150,0,0,0,1.316
5710,0.3740,0.4377,0.00,0.3690,0.4377,0,3,0,133,10,0,150,0,0,0,1.309
5720,0.3740,0.4450,0.00,0.3690,0.4450,0,3,0,133,10,0,150,0,0,0,1.301
5730,0.3740,0.4525,0.00,0.3690,0.4525,0,3,0,133,10,0,150,0,0,0,1.294
5740,0.3740,0.4602,0.00,0.3690,0.4602,0,3,0,133,10,0,150,0,0,0,1.286
5750,0.3740,0.4681,0.00,0.3690,0.4681,0,3,0,129,10,0,150,0,0,0,1.278
5760,0.3740,0.4762,0.00,0.3690,0.4762,0,3,0,129,10,0,150,0,0,0,1.270
5770,0.3740,0.4845,0.00,0.3690,0.4845,0,3,0,129,10,0,150,0,0,0,1.262
5780,0.3740,0.4930,0.00,0.3690,0.4930,0,3,0,129,10,0,150,0,0,0,1.254
5790,0.3740,0.5017,0.00,0.3690,0.5017,0,3,0,129,10,0,150,0,0,0,1.245
5800,0.3740,0.5106,0.00,0.3690,0.5106,0,3,0,125,10,0,150,0,0,0,1.236
5810,0.3740,0.5196,0.00,0.3690,0.5196,0,3,0,125,10,0,150,0,0,0,1.227
5820,0.3740,0.5289,0.00,0.3690,0.5289,0,3,0,125,10,0,150,0,0,0,1.218
5830,0.3740,0.5384,0.00,0.3690,0.5384,0,3,0,125,10,0,150,0,0,0,1.208
5840,0.3740,0.5481,0.00,0.3690,0.5481,0,3,0,125,10,0,150,0,0,0,1.198
5850,0.3740,0.5580,0.00,0.3690,0.5580,0,3,0,120,10,0,150,0,0,0,1.189
5860,0.3740,0.5681,0.00,0.3690,0.5681,0,3,0,120,10,0,150,0,0,0,1.178
5870,0.3740,0.5784,0.00,0.3690,0.5784,0,3,0,120,10,0,150,0,0,0,1.168
5880,0.3740,0.5889,0.00,0.3690,0.5889,0,3,0,120,10,0,150,0,0,0,1.158
5890,0.3740,0.5996,0.00,0.3690,0.5996,0,3,0,120,10,0,150,0,0,0,1.147
5900,0.3740,0.6105,0.00,0.3690,0.6105,0,3,0,115,10,0,150,0,0,0,1.136
5910,0.3740,0.6215,0.00,0.3690,0.6215,0,3,0,115,10,0,150,0,0,0,1.125
5920,0.3740,0.6328,0.00,0.3690,0.6328,0,3,0,115,10,0,150,0,0,0,1.114
5930,0.3740,0.6443,0.00,0.3690,0.6443,0,3,0,115,10,0,150,0,0,0,1.102
5940,0.3740,0.6560,0.00,0.3690,0.6560,0,3,0,115,10,0,150,0,0,0,1.090
5950,0.3740,0.6679,0.00,0.3690,0.6679,0,3,0,109,10,0,150,0,0,0,1.079
5960,0.3740,0.6798,0.00,0.3690,0.6798,0,3,0,109,10,0,150,0,0,0,1.067
5970,0.3740,0.6918,0.00,0.3690,0.6918,0,3,0,109,10,0,150,0,0,0,1.055
5980,0.3740,0.7037,0.00,0.3690,0.7037,0,3,0,109,10,0,150,0,0,0,1.043
5990,0.3740,0.7156,0.00,0.3690,0.7156,0,3,0,109,10,0,150,0,0,0,1.031
6000,0.3740,0.7276,0.00,0.3690,0.7276,0,3,0,104,10,0,150,0,0,0,1.019
6010,0.3740,0.7395,0.00,0.3690,0.7395,0,3,0,104,10,0,150,0,0,0,1.007
6020,0.3740,0.7515,0.00,0.3690,0.7515,0,3,0,104,10,0,150,0,0,0,0.995
6030,0.3740,0.7634,0.00,0.3690,0.7634,0,3,0,104,10,0,150,0,0,0,0.983
6040,0.3740,0.7753,0.00,0.3690,0.7753,0,3,0,104,10,0,150,0,0,0,0.971
6050,0.3740,0.7873,0.00,0.3690,0.7873,0,3,0,98,10,0,150,0,0,0,0.959
6060,0.3740,0.7992,0.00,0.3690,0.7992,0,3,0,98,10,0,150,0,0,0,0.947
6070,0.3740,0.8111,0.00,0.3690,0.8111,0,3,0,98,10,0,75,0,0,0,0.935
6080,0.3740,0.8227,0.00,0.3690,0.8227,0,3,0,98,10,0,75,0,0,0,0.924
6090,0.3740,0.8342,0.00,0.3690,0.8342,0,3,0,98,10,0,75,0,0,0,0.912
6100,0.3740,0.8454,0.00,0.3690,0.8454,0,3,0,92,10,0,75,0,0,0,0.901
6110,0.3740,0.8565,0.00,0.3690,0.8565,0,3,0,92,10,0,75,0,0,0,0.890
6120,0.3740,0.8673,0.00,0.3690,0.8673,0,3,0,92,10,0,75,0,0,0,0.879
6130,0.3740,0.8779,0.00,0.3690,0.8779,0,3,0,92,10,0,75,0,0,0,0.869
6140,0.3740,0.8884,0.00,0.3690,0.8884,0,3,0,92,10,0,75,0,0,0,0.858
6150,0.3740,0.8986,0.00,0.3690,0.8986,0,3,0,86,10,0,75,0,0,0,0.848
6160,0.3740,0.9087,0.00,0.3690,0.9087,0,3,0,86,10,0,75,0,0,0,0.838
6170,0.3740,0.9185,0.00,0.3690,0.9185,0,3,0,86,10,0,75,0,0,0,0.828
6180,0.3740,0.9282,0.00,0.3690,0.9282,0,3,0,86,10,0,75,0,0,0,0.818
6190,0.3740,0.9376,0.00,0.3690,0.9376,0,3,0,86,10,0,75,0,0,0,0.809
6200,0.3740,0.9469,0.00,0.3690,0.9469,0,3,0,82,10,0,75,0,0,0,0.800
6210,0.3740,0.9559,0.00,0.3690,0.9559,0,3,0,82,10,0,75,0,0,0,0.791
6220,0.3740,0.9648,0.00,0.3690,0.9648,0,3,0,82,10,0,75,0,0,0,0.782
6230,0.3740,0.9734,0.00,0.3690,0.9734,0,3,0,82,10,0,75,0,0,0,0.773
6240,0.3740,0.9819,0.00,0.3690,0.9819,0,3,0,82,10,0,75,0,0,0,0.765
6250,0.3740,0.9901,0.00,0.3690,0.9901,0,3,0,77,10,0,75,0,0,0,0.756
6260,0.3740,0.9982,0.00,0.3690,0.9982,0,3,0,77,10,0,75,0,0,0,0.748
6270,0.3740,1.0060,0.00,0.3690,1.0060,0,3,0,77,10,0,75,0,0,0,0.740
6280,0.3740,1.0137,0.00,0.3690,1.0137,0,3,0,77,10,0,75,0,0,0,0.733
6290,0.3740,1.0211,0.00,0.3690,1.0211,0,3,0,77,10,0,75,0,0,0,0.725
6300,0.3740,1.0284,0.00,0.3690,1.0284,0,3,0,73,10,0,75,0,0,0,0.718
6310,0.3740,1.0354,0.00,0.3690,1.0354,0,3,0,73,10,0,75,0,0,0,0.711
6320,0.3740,1.0423,0.00,0.3690,1.0423,0,3,0,73,10,0,75,0,0,0,0.704
6330,0.3740,1.0489,0.00,0.3690,1.0489,0,3,0,73,10,0,75,0,0,0,0.698
6340,0.3740,1.0554,0.00,0.3690,1.0554,0,3,0,73,10,0,75,0,0,0,0.691
6350,0.3740,1.0616,0.00,0.3690,1.0616,0,3,0,70,10,0,75,0,0,0,0.685
6360,0.3740,1.0677,0.00,0.3690,1.0677,0,3,0,70,10,0,75,0,0,0,0.679
6370,0.3740,1.0736,0.00,0.3690,1.0736,0,3,0,70,10,0,75,0,0,0,0.673
6380,0.3740,1.0796,0.00,0.3690,1.0796,0,3,0,70,10,0,75,0,0,0,0.667
6390,0.3740,1.0856,0.00,0.3690,1.0856,0,3,0,70,10,0,75,0,0,0,0.661
6400,0.3740,1.0915,0.00,0.3690,1.0915,0,3,0,67,10,0,75,0,0,0,0.655
6410,0.3740,1.0975,0.00,0.3690,1.0975,0,3,0,67,10,0,75,0,0,0,0.649
6420,0.3740,1.1035,0.00,0.3690,1.1035,0,3,0,67,10,0,75,0,0,0,0.643
6430,0.3740,1.1094,0.00,0.3690,1.1094,0,3,0,67,10,0,75,0,0,0,0.637
6440,0.3740,1.1154,0.00,0.3690,1.1154,0,3,0,67,10,0,75,0,0,0,0.631
6450,0.3740,1.1214,0.00,0.3690,1.1214,0,3,0,64,10,0,75,0,0,0,0.625
6460,0.3740,1.1273,0.00,0.3690,1.1273,0,3,0,64,10,0,75,0,0,0,0.619
6470,0.3740,1.1333,0.00,0.3690,1.1333,0,3,0,64,10,0,75,0,0,0,0.613
6480,0.3740,1.1393,0.00,0.3690,1.1393,0,3,0,64,10,0,75,0,0,0,0.607
6490,0.3740,1.1453,0.00,0.3690,1.1453,0,3,0,64,10,0,75,0,0,0,0.601
6500,0.3740,1.1512,0.00,0.3690,1.1512,0,3,0,61,10,0,75,0,0,0,0.595
6510,0.3740,1.1572,0.00,0.3690,1.1572,0,3,0,61,10,0,75,0,0,0,0.589
6520,0.3740,1.1632,0.00,0.3690,1.1632,0,3,0,61,10,0,75,0,0,0,0.583
6530,0.3740,1.1691,0.00,0.3690,1.1691,0,3,0,61,10,0,75,0,0,0,0.577
6540,0.3740,1.1751,0.00,0.3690,1.1751,0,3,0,61,10,0,75,0,0,0,0.571
6550,0.3740,1.1811,0.00,0.3690,1.1811,0,3,0,58,10,0,75,0,0,0,0.565
6560,0.3740,1.1870,0.00,0.3690,1.1870,0,3,0,58,10,0,75,0,0,0,0.559
6570,0.3740,1.1930,0.00,0.3690,1.1930,0,3,0,58,10,0,75,0,0,0,0.553
6580,0.3740,1.1990,0.00,0.3690,1.1990,0,3,0,58,10,0,75,0,0,0,0.548
6590,0.3740,1.2049,0.00,0.3690,1.2049,0,3,0,58,10,0,75,0,0,0,0.542
6600,0.3740,1.2109,0.00,0.3690,1.2109,0,3,0,55,10,0,75,0,0,0,0.536
6610,0.3740,1.2169,0.00,0.3690,1.2169,0,3,0,55,10,0,75,0,0,0,0.530
6620,0.3740,1.2228,0.00,0.3690,1.2228,0,3,0,55,10,0,75,0,0,0,0.524
6630,0.3740,1.2288,0.00,0.3690,1.2288,0,3,0,55,10,0,75,0,0,0,0.518
6640,0.3740,1.2348,0.00,0.3690,1.2348,0,3,0,55,10,0,75,0,0,0,0.512
6650,0.3740,1.2408,0.00,0.3690,1.2408,0,3,0,52,10,0,75,0,0,0,0.506
6660,0.3740,1.2467,0.00,0.3690,1.2467,0,3,0,52,10,0,75,0,0,0,0.500
6670,0.3740,1.2527,0.00,0.3690,1.2527,0,3,0,52,10,0,75,0,0,0,0.494
6680,0.3740,1.2587,0.00,0.3690,1.2587,0,3,0,52,10,0,75,0,0,0,0.488
6690,0.3740,1.2646,0.00,0.3690,1.2646,0,3,0,52,10,0,75,0,0,0,0.482
6700,0.3740,1.2706,0.00,0.3690,1.2706,0,3,0,49,10,0,75,0,0,0,0.476
6710,0.3740,1.2766,0.00,0.3690,1.2766,0,3,0,49,10,0,75,0,0,0,0.470
6720,0.3740,1.2825,0.00,0.3690,1.2825,0,3,0,49,10,0,75,0,0,0,0.464
6730,0.3740,1.2885,0.00,0.3690,1.2885,0,3,0,49,10,0,75,0,0,0,0.458
6740,0.3740,1.2945,0.00,0.3690,1.2945,0,3,0,49,10,0,75,0,0,0,0.452
6750,0.3740,1.3004,0.00,0.3690,1.3004,0,3,0,46,10,0,75,0,0,0,0.446
6760,0.3740,1.3064,0.00,0.3690,1.3064,0,3,0,46,10,0,75,0,0,0,0.440
6770,0.3740,1.3124,0.00,0.3690,1.3124,0,3,0,46,10,0,75,0,0,0,0.434
6780,0.3740,1.3184,0.00,0.3690,1.3184,0,3,0,46,10,0,75,0,0,0,0.428
6790,0.3740,1.3243,0.00,0.3690,1.3243,0,3,0,46,10,0,75,0,0,0,0.422
6800,0.3740,1.3303,0.00,0.3690,1.3303,0,3,0,43,10,0,75,0,0,0,0.416
6810,0.3740,1.3363,0.00,0.3690,1.3363,0,3,0,43,10,0,75,0,0,0,0.410
6820,0.3740,1.3422,0.00,0.3690,1.3422,0,3,0,43,10,0,75,0,0,0,0.404
6830,0.3740,1.3482,0.00,0.3690,1.3482,0,3,0,43,10,0,75,0,0,0,0.398
6840,0.3740,1.3542,0.00,0.3690,1.3542,0,3,0,43,10,0,75,0,0,0,0.392
6850,0.3740,1.3601,0.00,0.3690,1.3601,0,3,0,40,10,0,75,0,0,0,0.386
6860,0.3740,1.3661,0.00,0.3690,1.3661,0,3,0,40,10,0,75,0,0,0,0.380
6870,0.3740,1.3721,0.00,0.3690,1.3721,0,3,0,40,10,0,75,0,0,0,0.374
6880,0.3740,1.3780,0.00,0.3690,1.3780,0,3,0,40,10,0,75,0,0,0,0.368
6890,0.3740,1.3840,0.00,0.3690,1.3840,0,3,0,40,10,0,75,0,0,0,0.362
6900,0.3740,1.3900,0.00,0.3690,1.3900,0,3,0,37,10,0,75,0,0,0,0.357
6910,0.3740,1.3960,0.00,0.3690,1.3960,0,3,0,37,10,0,75,0,0,0,0.351
6920,0.3740,1.4019,0.00,0.3690,1.4019,0,3,0,37,10,0,75,0,0,0,0.345
6930,0.3740,1.4079,0.00,0.3690,1.4079,0,3,0,37,10,0,75,0,0,0,0.339
6940,0.3740,1.4139,0.00,0.3690,1.4139,0,3,0,37,10,0,75,0,0,0,0.333
6950,0.3740,1.4198,0.00,0.3690,1.4198,0,3,0,34,10,0,75,0,0,0,0.327
6960,0.3740,1.4258,0.00,0.3690,1.4258,0,3,0,34,10,0,75,0,0,0,0.321
6970,0.3740,1.4318,0.00,0.3690,1.4318,0,3,0,34,10,0,75,0,0,0,0.315
6980,0.3740,1.4377,0.00,0.3690,1.4377,0,3,0,34,10,0,75,0,0,0,0.309
6990,0.3740,1.4437,0.00,0.3690,1.4437,0,3,0,34,10,0,75,0,0,0,0.303
7000,0.3740,1.4497,0.00,0.3690,1.4497,0,3,0,31,10,0,75,0,0,0,0.297
7010,0.3740,1.4556,0.00,0.3690,1.4556,0,3,0,31,10,0,75,0,0,0,0.291
7020,0.3740,1.4616,0.00,0.3690,1.4616,0,3,0,31,10,0,75,0,0,0,0.285
7030,0.3740,1.4676,0.00,0.3690,1.4676,0,3,0,31,10,0,75,0,0,0,0.279
7040,0.3740,1.4735,0.00,0.3690,1.4735,0,3,0,31,10,0,75,0,0,0,0.273
7050,0.3740,1.4795,0.00,0.3690,1.4795,0,3,0,28,10,0,75,0,0,0,0.267
7060,0.3740,1.4855,0.00,0.3690,1.4855,0,3,0,28,10,0,75,0,0,0,0.261
7070,0.3740,1.4915,0.00,0.3690,1.4915,0,3,0,28,10,0,75,0,0,0,0.255
7080,0.3740,1.4974,0.00,0.3690,1.4974,0,3,0,28,10,0,75,0,0,0,0.249
7090,0.3740,1.5034,0.00,0.3690,1.5034,0,3,0,28,10,0,75,0,0,0,0.243
7100,0.3740,1.5094,0.00,0.3690,1.5094,0,3,0,25,10,0,72,0,1,0,0.237
7110,0.3740,1.5152,0.00,0.3690,1.5152,0,3,0,25,10,0,72,0,1,0,0.231
7120,0.3740,1.5210,0.00,0.3690,1.5210,0,3,0,25,10,0,72,0,1,0,0.226
7130,0.3740,1.5267,0.00,0.3690,1.5267,0,3,0,25,10,0,72,0,1,0,0.220
7140,0.3740,1.5324,0.00,0.3690,1.5324,0,3,0,25,10,0,72,0,1,0,0.214
7150,0.3740,1.5381,0.00,0.3690,1.5381,0,3,0,22,10,0,0,0,1,0,0.208
7160,0.3740,1.5438,0.00,0.3690,1.5438,0,3,0,22,10,0,0,0,1,0,0.203
7170,0.3740,1.5492,0.00,0.3690,1.5492,0,3,0,22,10,0,0,0,1,0,0.197
7180,0.3740,1.5544,0.00,0.3690,1.5544,0,3,0,22,10,0,61,0,1,0,0.192
7190,0.3740,1.5594,0.00,0.3690,1.5594,0,3,0,22,10,0,61,0,1,0,0.187
7200,0.3740,1.5642,0.00,0.3690,1.5642,0,3,0,20,10,0,0,0,1,0,0.182
7210,0.3740,1.5689,0.00,0.3690,1.5689,0,3,0,20,10,0,53,0,1,0,0.178
7220,0.3740,1.5733,0.00,0.3690,1.5733,0,3,0,20,10,0,53,0,1,0,0.173
7230,0.3740,1.5775,0.00,0.3690,1.5775,0,3,0,20,10,0,53,0,1,0,0.169
7240,0.3740,1.5815,0.00,0.3690,1.5815,0,3,0,20,10,0,53,0,1,0,0.165
7250,0.3740,1.5853,0.00,0.3690,1.5853,0,3,0,18,10,0,44,0,1,0,0.161
7260,0.3740,1.5890,0.00,0.3690,1.5890,0,3,0,18,10,0,44,1,1,0,0.158
7270,0.3740,1.5924,0.00,0.3690,1.5924,0,3,0,18,10,0,44,1,1,0,0.154
7280,0.3740,1.5956,0.00,0.3690,1.5956,0,3,0,18,10,0,44,1,1,0,0.151
7290,0.3740,1.5986,0.00,0.3690,1.5986,0,3,0,18,10,0,44,1,1,0,0.148
7300,0.3740,1.6014,0.00,0.3690,1.6014,1,3,0,16,10,0,0,0,0,0,1000.000
7310,0.3740,1.6041,0.00,0.3690,1.6041,1,3,0,16,10,0,0,0,0,0,1000.000
7320,0.3740,1.6065,0.00,0.3690,1.6065,1,3,0,16,10,0,0,0,0,0,1000.000
7330,0.3740,1.6087,0.00,0.3690,1.6087,1,3,0,16,10,0,0,0,0,0,1000.000
7340,0.3740,1.6107,0.00,0.3690,1.6107,1,3,0,16,10,0,0,0,0,0,1000.000
7350,0.3740,1.6125,0.00,0.3690,1.6125,1,3,0,15,10,0,0,0,0,0,1000.000
7360,0.3740,1.6142,0.00,0.3690,1.6142,1,3,0,15,10,0,0,0,0,0,1000.000
7370,0.3740,1.6156,0.00,0.3690,1.6156,1,3,0,15,10,0,0,0,0,0,1000.000
7380,0.3740,1.6168,0.00,0.3690,1.6168,1,3,0,15,10,0,0,0,0,0,1000.000
7390,0.3740,1.6178,0.00,0.3690,1.6178,1,3,0,15,10,0,0,0,0,0,1000.000
7400,0.3740,1.6187,0.00,0.3690,1.6187,1,3,0,14,10,0,0,0,0,0,1000.000
7410,0.3740,1.6193,0.00,0.3690,1.6193,1,3,0,14,10,0,0,0,0,0,1000.000
7420,0.3740,1.6197,0.00,0.3690,1.6197,1,3,0,14,10,0,0,0,0,0,1000.000
7430,0.3740,1.6201,0.00,0.3690,1.6201,1,3,0,14,10,0,0,0,0,0,1000.000
7440,0.3740,1.6204,0.00,0.3690,1.6204,1,3,0,14,10,0,0,0,0,0,1000.000
7450,0.3740,1.6206,0.00,0.3690,1.6206,1,3,0,14,10,0,0,0,0,0,1000.000
7460,0.3740,1.6208,0.00,0.3690,1.6208,1,3,0,14,10,0,0,0,0,0,1000.000
7470,0.3740,1.6210,0.00,0.3690,1.6210,1,3,0,14,10,0,0,0,0,0,1000.000
7480,0.3740,1.6211,0.00,0.3690,1.6211,1,3,0,14,10,0,0,0,0,0,1000.000
7490,0.3740,1.6211,0.00,0.3690,1.6211,1,3,0,14,10,0,0,0,0,0,1000.000
7500,0.3740,1.6211,0.00,0.3690,1.6211,1,3,0,14,10,0,0,0,0,0,1000.000
7510,0.3740,1.6211,0.00,0.3690,1.6211,1,3,0,14,10,0,0,0,0,0,1000.000
7520,0.3740,1.6211,0.00,0.3690,1.6211,1,3,0,14,10,0,0,0,0,0,1000.000
7530,0.3740,1.6211,0.00,0.3690,1.6211,1,3,0,14,10,0,0,0,0,0,1000.000
7540,0.3740,1.6211,0.00,0.3690,1.6211,1,3,0,14,10,0,0,0,0,0,1000.000
7550,0.3740,1.6211,0.00,0.3690,1.6211,1,3,0,14,10,0,0,0,0,0,1000.000
7560,0.3740,1.6211,0.00,0.3690,1.6211,1,3,0,14,10,0,0,0,0,0,1000.000
7570,0.3740,1.6211,0.00,0.3690,1.6211,1,3,0,14,10,0,0,0,0,0,1000.000
7580,0.3740,1.6211,0.00,0.3690,1.6211,1,3,0,14,10,0,0,0,0,0,1000.000
7590,0.3740,1.6211,0.00,0.3690,1.6211,1,3,0,14,10,0,0,0,0,0,1000.000
7600,0.3740,1.6211,0.00,0.3690,1.6211,1,3,0,14,10,0,0,0,0,0,1000.000
7610,0.3740,1.6211,0.00,0.3690,1.6211,1,3,0,14,10,0,0,0,0,0,1000.000
7620,0.3740,1.6211,0.00,0.3690,1.6211,1,3,0,14,10,0,0,0,0,0,1000.000
7630,0.3740,1.6211,0.00,0.3690,1.6211,1,3,0,14,10,0,0,0,0,0,1000.000
7640,0.3740,1.6211,0.00,0.3690,1.6211,1,3,0,14,10,0,0,0,0,0,1000.000
7650,0.3740,1.6211,0.00,0.3690,1.6211,1,3,0,14,10,0,0,0,0,0,1000.000
7660,0.3740,1.6211,0.00,0.3690,1.6211,1,3,0,14,10,0,0,0,0,0,1000.000
7670,0.3740,1.6211,0.00,0.3690,1.6211,1,3,0,14,10,0,0,0,0,0,1000.000
7680,0.3740,1.6211,0.00,0.3690,1.6211,1,3,0,14,10,0,0,0,0,0,1000.000
7690,0.3740,1.6211,0.00,0.3690,1.6211,1,3,0,14,10,0,0,0,0,0,1000.000
7700,0.3740,1.6211,0.00,0.3690,1.6211,1,3,0,14,10,150,0,0,0,0,2.361
7710,0.3742,1.6211,0.00,0.3692,1.6211,1,3,0,14,10,150,0,0,0,0,2.361
7720,0.3746,1.6211,0.00,0.3696,1.6211,1,3,0,14,10,150,0,0,0,0,2.360
7730,0.3752,1.6211,0.00,0.3702,1.6211,1,3,0,14,10,150,0,0,0,0,2.360
7740,0.3760,1.6211,0.00,0.3710,1.6211,1,3,0,14,10,150,0,0,0,0,2.359
7750,0.3770,1.6211,0.00,0.3720,1.6211,1,3,0,14,10,150,0,0,0,0,2.358
7760,0.3782,1.6211,0.00,0.3732,1.6211,1,3,0,14,10,150,0,0,0,0,2.357
7770,0.3796,1.6211,0.00,0.3745,1.6211,1,3,0,14,10,150,0,0,0,0,2.355
7780,0.3811,1.6211,0.00,0.3761,1.6211,1,3,0,14,10,150,0,0,0,0,2.354
7790,0.3829,1.6211,0.00,0.3779,1.6211,1,3,0,14,10,150,0,0,0,0,2.352
7800,0.3849,1.6211,0.00,0.3799,1.6211,1,3,0,14,10,150,0,0,0,0,2.350
7810,0.3871,1.6211,0.00,0.3821,1.6211,1,3,0,14,10,150,0,0,0,0,2.348
7820,0.3895,1.6211,0.00,0.3845,1.6211,1,3,0,14,10,150,0,0,0,0,2.345
7830,0.3921,1.6211,0.00,0.3871,1.6211,1,3,0,14,10,150,0,0,0,0,2.343
7840,0.3949,1.6211,0.00,0.3899,1.6211,1,3,0,14,10,150,0,0,0,0,2.340
7850,0.3979,1.6211,0.00,0.3929,1.6211,1,3,0,14,10,150,0,0,0,0,2.337
7860,0.4011,1.6211,0.00,0.3961,1.6211,1,3,0,14,10,150,0,0,0,0,2.334
7870,0.4044,1.6211,0.00,0.3994,1.6211,1,3,0,14,10,150,0,0,0,0,2.331
7880,0.4080,1.6211,0.00,0.4030,1.6211,1,3,0,14,10,150,0,0,0,0,2.327
7890,0.4118,1.6211,0.00,0.4068,1.6211,1,3,0,14,10,150,0,0,0,0,2.323
7900,0.4158,1.6211,0.00,0.4108,1.6211,1,3,0,14,11,150,0,0,0,0,2.319
7910,0.4200,1.6211,0.00,0.4150,1.6211,1,3,0,14,11,150,0,0,0,0,2.315
7920,0.4244,1.6211,0.00,0.4194,1.6211,1,3,0,14,11,150,0,0,0,0,2.311
7930,0.4290,1.6211,0.00,0.4240,1.6211,1,3,0,14,11,150,0,0,0,0,2.306
7940,0.4338,1.6211,0.00,0.4288,1.6211,1,3,0,14,11,150,0,0,0,0,2.301
7950,0.4388,1.6211,0.00,0.4338,1.6211,1,3,0,14,12,150,0,0,0,0,2.296
7960,0.4440,1.6211,0.00,0.4390,1.6211,1,3,0,14,12,150,0,0,0,0,2.291
7970,0.4493,1.6211,0.00,0.4444,1.6211,1,3,0,14,12,150,0,0,0,0,2.286
7980,0.4549,1.6211,0.00,0.4499,1.6211,1,3,0,14,12,150,0,0,0,0,2.280
7990,0.4607,1.6211,0.00,0.4557,1.6211,1,3,0,14,12,150,0,0,0,0,2.274
8000,0.4667,1.6211,0.00,0.4617,1.6211,1,3,0,14,14,150,0,0,0,0,2.268
8010,0.4729,1.6211,0.00,0.4679,1.6211,1,3,0,14,14,150,0,0,0,0,2.262
8020,0.4793,1.6211,0.00,0.4743,1.6211,1,3,0,14,14,150,0,0,0,0,2.256
8030,0.4859,1.6211,0.00,0.4809,1.6211,1,3,0,14,14,150,0,0,0,0,2.249
8040,0.4927,1.6211,0.00,0.4877,1.6211,1,3,0,14,14,150,0,0,0,0,2.242
8050,0.4997,1.6211,0.00,0.4947,1.6211,1,3,0,14,16,150,0,0,0,0,2.235
8060,0.5069,1.6211,0.00,0.5019,1.6211,1,3,0,14,16,150,0,0,0,0,2.228
8070,0.5142,1.6211,0.00,0.5092,1.6211,1,3,0,14,16,150,0,0,0,0,2.221
8080,0.5218,1.6211,0.00,0.5168,1.6211,1,3,0,14,16,150,0,0,0,0,2.213
8090,0.5296,1.6211,0.00,0.5246,1.6211,1,3,0,14,16,150,0,0,0,0,2.205
8100,0.5376,1.6211,0.00,0.5326,1.6211,1,3,0,14,19,150,0,0,0,0,2.197
8110,0.5458,1.6211,0.00,0.5408,1.6211,1,3,0,14,19,150,0,0,0,0,2.189
8120,0.5542,1.6211,0.00,0.5492,1.6211,1,3,0,14,19,150,0,0,0,0,2.181
8130,0.5628,1.6211,0.00,0.5578,1.6211,1,3,0,14,19,150,0,0,0,0,2.172
8140,0.5716,1.6211,0.00,0.5666,1.6211,1,3,0,14,19,150,0,0,0,0,2.163
8150,0.5806,1.6211,0.00,0.5756,1.6211,1,3,0,14,22,150,0,0,0,0,2.154
8160,0.5898,1.6211,0.00,0.5848,1.6211,1,3,0,14,22,150,0,0,0,0,2.145
8170,0.5992,1.6211,0.00,0.5942,1.6211,1,3,0,14,22,150,0,0,0,0,2.136
8180,0.6087,1.6211,0.00,0.6037,1.6211,1,3,0,14,22,150,0,0,0,0,2.126
8190,0.6185,1.6211,0.00,0.6135,1.6211,1,3,0,14,22,150,0,0,0,0,2.116
8200,0.6285,1.6211,0.00,0.6235,1.6211,1,3,0,14,26,150,0,0,0,0,2.106
8210,0.6387,1.6211,0.00,0.6337,1.6211,1,3,0,14,26,150,0,0,0,0,2.096
8220,0.6491,1.6211,0.00,0.6441,1.6211,1,3,0,14,26,150,0,0,0,0,2.086
8230,0.6597,1.6211,0.00,0.6547,1.6211,1,3,0,14,26,150,0,0,0,0,2.075
8240,0.6705,1.6211,0.00,0.6655,1.6211,1,3,0,14,26,150,0,0,0,0,2.065
8250,0.6815,1.6211,0.00,0.6765,1.6211,1,3,0,14,31,150,0,0,0,0,2.054
8260,0.6927,1.6211,0.00,0.6877,1.6211,1,3,0,14,31,150,0,0,0,0,2.042
8270,0.7041,1.6211,0.00,0.6990,1.6211,1,3,0,14,31,150,0,0,0,0,2.031
8280,0.7156,1.6211,0.00,0.7106,1.6211,1,3,0,14,31,150,0,0,0,0,2.019
8290,0.7274,1.6211,0.00,0.7224,1.6211,1,3,0,14,31,150,0,0,0,0,2.008
8300,0.7394,1.6211,0.00,0.7344,1.6211,1,3,0,14,35,150,0,0,0,0,1.996
8310,0.7513,1.6211,0.00,0.7463,1.6211,1,3,0,14,35,150,0,0,0,0,1.984
8320,0.7632,1.6211,0.00,0.7582,1.6211,1,3,0,14,35,150,0,0,0,0,1.972
8330,0.7752,1.6211,0.00,0.7702,1.6211,1,3,0,14,35,150,0,0,0,0,1.960
8340,0.7871,1.6211,0.00,0.7821,1.6211,1,3,0,14,35,150,0,0,0,0,1.948
8350,0.7991,1.6211,0.00,0.7941,1.6211,1,3,0,14,41,150,0,0,0,0,1.936
8360,0.8110,1.6211,0.00,0.8060,1.6211,1,3,0,14,41,150,0,0,0,0,1.924
8370,0.8229,1.6211,0.00,0.8179,1.6211,1,3,0,14,41,150,0,0,0,0,1.912
8380,0.8349,1.6211,0.00,0.8299,1.6211,1,3,0,14,41,150,0,0,0,0,1.900
8390,0.8468,1.6211,0.00,0.8418,1.6211,1,3,0,14,41,150,0,0,0,0,1.888
8400,0.8587,1.6211,0.00,0.8537,1.6211,1,3,0,14,46,150,0,0,0,0,1.876
8410,0.8707,1.6211,0.00,0.8657,1.6211,1,3,0,14,46,150,0,0,0,0,1.864
8420,0.8826,1.6211,0.00,0.8776,1.6211,1,3,0,14,46,150,0,0,0,0,1.852
8430,0.8946,1.6211,0.00,0.8896,1.6211,1,3,0,14,46,150,0,0,0,0,1.840
8440,0.9065,1.6211,0.00,0.9015,1.6211,1,3,0,14,46,150,0,0,0,0,1.829
8450,0.9184,1.6211,0.00,0.9134,1.6211,1,3,0,14,52,150,0,0,0,0,1.817
8460,0.9304,1.6211,0.00,0.9254,1.6211,1,3,0,14,52,150,0,0,0,0,1.805
8470,0.9423,1.6211,0.00,0.9373,1.6211,1,3,0,14,52,150,0,0,0,0,1.793
8480,0.9542,1.6211,0.00,0.9492,1.6211,1,3,0,14,52,150,0,0,0,0,1.781
8490,0.9662,1.6211,0.00,0.9612,1.6211,1,3,0,14,52,150,0,0,0,0,1.769
8500,0.9781,1.6211,0.00,0.9731,1.6211,1,3,0,14,58,150,0,0,0,0,1.757
8510,0.9901,1.6211,0.00,0.9851,1.6211,1,3,0,14,58,150,0,0,0,0,1.745
8520,1.0020,1.6211,0.00,0.9970,1.6211,1,3,0,14,58,150,0,0,0,0,1.733
8530,1.0139,1.6211,0.00,1.0089,1.6211,1,3,0,14,58,150,0,0,0,0,1.721
8540,1.0259,1.6211,0.00,1.0209,1.6211,1,3,0,14,58,150,0,0,0,0,1.709
8550,1.0378,1.6211,0.00,1.0328,1.6211,1,3,0,14,64,150,0,0,0,0,1.697
8560,1.0498,1.6211,0.00,1.0448,1.6211,1,3,0,14,64,150,0,0,0,0,1.685
8570,1.0617,1.6211,0.00,1.0567,1.6211,1,3,0,14,64,150,0,0,0,0,1.673
8580,1.0736,1.6211,0.00,1.0686,1.6211,1,3,0,14,64,150,0,0,0,0,1.661
8590,1.0856,1.6211,0.00,1.0806,1.6211,1,3,0,14,64,150,0,0,0,0,1.649
8600,1.0975,1.6211,0.00,1.0925,1.6211,1,3,0,14,70,150,0,0,0,0,1.637
8610,1.1094,1.6211,0.00,1.1044,1.6211,1,3,0,14,70,150,0,0,0,0,1.626
8620,1.1214,1.6211,0.00,1.1164,1.6211,1,3,0,14,70,150,0,0,0,0,1.614
8630,1.1333,1.6211,0.00,1.1283,1.6211,1,3,0,14,70,150,0,0,0,0,1.602
8640,1.1453,1.6211,0.00,1.1403,1.6211,1,3,0,14,70,150,0,0,0,0,1.590
8650,1.1572,1.6211,0.00,1.1522,1.6211,1,3,0,14,76,150,0,0,0,0,1.578
8660,1.1691,1.6211,0.00,1.1641,1.6211,1,3,0,14,76,150,0,0,0,0,1.566
8670,1.1811,1.6211,0.00,1.1761,1.6211,1,3,0,14,76,150,0,0,0,0,1.554
8680,1.1930,1.6211,0.00,1.1880,1.6211,1,3,0,14,76,150,0,0,0,0,1.542
8690,1.2049,1.6211,0.00,1.1999,1.6211,1,3,0,14,76,150,0,0,0,0,1.530
8700,1.2169,1.6211,0.00,1.2119,1.6211,1,3,0,14,82,150,0,0,0,0,1.518
8710,1.2288,1.6211,0.00,1.2238,1.6211,1,3,0,14,82,150,0,0,0,0,1.506
8720,1.2408,1.6211,0.00,1.2358,1.6211,1,3,0,14,82,150,0,0,0,0,1.494
8730,1.2527,1.6211,0.00,1.2477,1.6211,1,3,0,14,82,150,0,0,0,0,1.482
8740,1.2646,1.6211,0.00,1.2596,1.6211,1,3,0,14,82,150,0,0,0,0,1.470
8750,1.2766,1.6211,0.00,1.2716,1.6211,1,3,0,14,88,150,0,0,0,0,1.458
8760,1.2885,1.6211,0.00,1.2835,1.6211,1,3,0,14,88,150,0,0,0,0,1.446
8770,1.3005,1.6211,0.00,1.2955,1.6211,1,3,0,14,88,150,0,0,0,0,1.435
8780,1.3124,1.6211,0.00,1.3074,1.6211,1,3,0,14,88,150,0,0,0,0,1.423
8790,1.3243,1.6211,0.00,1.3193,1.6211,1,3,0,14,88,150,0,0,0,0,1.411
8800,1.3363,1.6211,0.00,1.3313,1.6211,1,3,0,14,94,150,0,0,0,0,1.399
8810,1.3482,1.6211,0.00,1.3432,1.6211,1,3,0,14,94,150,0,0,0,0,1.387
8820,1.3601,1.6211,0.00,1.3551,1.6211,1,3,0,14,94,150,0,0,0,0,1.375
8830,1.3721,1.6211,0.00,1.3671,1.6211,1,3,0,14,94,150,0,0,0,0,1.363
8840,1.3840,1.6211,0.00,1.3790,1.6211,1,3,0,14,94,150,0,0,0,0,1.351
8850,1.3960,1.6211,0.00,1.3910,1.6211,1,3,0,14,100,150,0,0,0,0,1.339
8860,1.4079,1.6211,0.00,1.4029,1.6211,1,3,0,14,100,150,0,0,0,0,1.327
8870,1.4198,1.6211,0.00,1.4148,1.6211,1,3,0,14,100,150,0,0,0,0,1.315
8880,1.4318,1.6211,0.00,1.4268,1.6211,1,3,0,14,100,150,0,0,0,0,1.303
8890,1.4437,1.6211,0.00,1.4387,1.6211,1,3,0,14,100,150,0,0,0,0,1.291
8900,1.4556,1.6211,0.00,1.4506,1.6211,1,3,0,14,106,150,0,0,0,0,1.279
8910,1.4676,1.6211,0.00,1.4626,1.6211,1,3,0,14,106,150,0,0,0,0,1.267
8920,1.4795,1.6211,0.00,1.4745,1.6211,1,3,0,14,106,150,0,0,0,0,1.255
8930,1.4915,1.6211,0.00,1.4865,1.6211,1,3,0,14,106,150,0,0,0,0,1.244
8940,1.5034,1.6211,0.00,1.4984,1.6211,1,3,0,14,106,150,0,0,0,0,1.232
8950,1.5153,1.6211,0.00,1.5103,1.6211,1,3,0,14,112,150,0,0,0,0,1.220
8960,1.5273,1.6211,0.00,1.5223,1.6211,1,3,0,14,112,150,0,0,0,0,1.208
8970,1.5392,1.6211,0.00,1.5342,1.6211,1,3,0,14,112,150,0,0,0,0,1.196
8980,1.5511,1.6211,0.00,1.5461,1.6211,1,3,0,14,112,150,0,0,0,0,1.184
8990,1.5631,1.6211,0.00,1.5581,1.6211,1,3,0,14,112,150,0,0,0,0,1.172
9000,1.5750,1.6211,0.00,1.5700,1.6211,1,3,0,14,118,150,0,0,0,0,1.160
9010,1.5870,1.6211,0.00,1.5820,1.6211,1,3,0,14,118,150,0,0,0,0,1.148
9020,1.5989,1.6211,0.00,1.5939,1.6211,1,3,0,14,118,150,0,0,0,0,1.136
9030,1.6108,1.6211,0.00,1.6058,1.6211,1,3,0,14,118,150,0,0,0,0,1.124
9040,1.6228,1.6211,0.00,1.6178,1.6211,1,3,0,14,118,150,0,0,0,0,1.112
9050,1.6347,1.6211,0.00,1.6297,1.6211,1,3,0,14,124,150,0,0,0,0,1.100
9060,1.6467,1.6211,0.00,1.6417,1.6211,1,3,0,14,124,150,0,0,0,0,1.088
9070,1.6586,1.6211,0.00,1.6536,1.6211,1,3,0,14,124,150,0,0,0,0,1.076
9080,1.6705,1.6211,0.00,1.6655,1.6211,1,3,0,14,124,150,0,0,0,0,1.064
9090,1.6825,1.6211,0.00,1.6775,1.6211,1,3,0,14,124,150,0,0,0,0,1.053
9100,1.6944,1.6211,0.00,1.6894,1.6211,1,3,0,14,130,75,0,0,0,0,1.041
9110,1.7060,1.6211,0.00,1.7010,1.6211,1,3,0,14,130,75,0,0,0,0,1.029
9120,1.7175,1.6211,0.00,1.7125,1.6211,1,3,0,14,130,75,0,0,0,0,1.017
9130,1.7288,1.6211,0.00,1.7238,1.6211,1,3,0,14,130,75,0,0,0,0,1.006
9140,1.7399,1.6211,0.00,1.7349,1.6211,1,3,0,14,130,75,0,0,0,0,0.995
9150,1.7508,1.6211,0.00,1.7458,1.6211,1,3,0,14,136,75,0,0,0,0,0.984
9160,1.7615,1.6211,0.00,1.7565,1.6211,1,3,0,14,136,75,0,0,0,0,0.974
9170,1.7720,1.6211,0.00,1.7670,1.6211,1,3,0,14,136,75,0,0,0,0,0.963
9180,1.7823,1.6211,0.00,1.7773,1.6211,1,3,0,14,136,75,0,0,0,0,0.953
9190,1.7923,1.6211,0.00,1.7873,1.6211,1,3,0,14,136,75,0,0,0,0,0.943
9200,1.8022,1.6211,0.00,1.7972,1.6211,1,3,0,14,142,75,0,0,0,0,0.933
9210,1.8119,1.6211,0.00,1.8069,1.6211,1,3,0,14,142,75,0,0,0,0,0.923
9220,1.8214,1.6211,0.00,1.8164,1.6211,1,3,0,14,142,75,0,0,0,0,0.914
9230,1.8307,1.6211,0.00,1.8257,1.6211,1,3,0,14,142,75,0,0,0,0,0.904
9240,1.8398,1.6211,0.00,1.8348,1.6211,1,3,0,14,142,75,0,0,0,0,0.895
9250,1.8487,1.6211,0.00,1.8437,1.6211,1,3,0,14,148,75,0,0,0,0,0.886
9260,1.8574,1.6211,0.00,1.8524,1.6211,1,3,0,14,148,75,0,0,0,0,0.878
9270,1.8658,1.6211,0.00,1.8608,1.6211,1,3,0,14,148,75,0,0,0,0,0.869
9280,1.8741,1.6211,0.00,1.8691,1.6211,1,3,0,14,148,75,0,0,0,0,0.861
9290,1.8822,1.6211,0.00,1.8772,1.6211,1,3,0,14,148,75,0,0,0,0,0.853
9300,1.8901,1.6211,0.00,1.8851,1.6211,1,3,0,14,153,75,0,0,0,0,0.845
9310,1.8978,1.6211,0.00,1.8928,1.6211,1,3,0,14,153,75,0,0,0,0,0.837
9320,1.9053,1.6211,0.00,1.9003,1.6211,1,3,0,14,153,75,0,0,0,0,0.830
9330,1.9126,1.6211,0.00,1.9076,1.6211,1,3,0,14,153,75,0,0,0,0,0.822
9340,1.9197,1.6211,0.00,1.9147,1.6211,1,3,0,14,153,75,0,0,0,0,0.815
9350,1.9266,1.6211,0.00,1.9216,1.6211,1,3,0,14,157,75,0,0,0,0,0.808
9360,1.9332,1.6211,0.00,1.9282,1.6211,1,3,0,14,157,75,0,0,0,0,0.802
9370,1.9397,1.6211,0.00,1.9347,1.6211,1,3,0,14,157,75,0,0,0,0,0.795
9380,1.9460,1.6211,0.00,1.9410,1.6211,1,3,0,14,157,75,0,0,0,0,0.789
9390,1.9521,1.6211,0.00,1.9471,1.6211,1,3,0,14,157,75,0,0,0,0,0.783
9400,1.9581,1.6211,0.00,1.9531,1.6211,1,3,0,14,162,75,0,0,0,0,0.777
9410,1.9640,1.6211,0.00,1.9590,1.6211,1,3,0,14,162,75,0,0,0,0,0.771
9420,1.9700,1.6211,0.00,1.9650,1.6211,1,3,0,14,162,75,0,0,0,0,0.765
9430,1.9760,1.6211,0.00,1.9710,1.6211,1,3,0,14,162,75,0,0,0,0,0.759
9440,1.9820,1.6211,0.00,1.9770,1.6211,1,3,0,14,162,75,0,0,0,0,0.753
9450,1.9879,1.6211,0.00,1.9829,1.6211,1,3,0,14,165,75,0,0,0,0,0.747
9460,1.9939,1.6211,0.00,1.9889,1.6211,1,3,0,14,165,75,0,0,0,0,0.741
9470,1.9999,1.6211,0.00,1.9949,1.6211,1,3,0,14,165,75,0,0,0,0,0.735
9480,2.0058,1.6211,0.00,2.0008,1.6211,1,3,0,14,165,75,0,0,0,0,0.729
9490,2.0118,1.6211,0.00,2.0068,1.6211,1,3,0,14,165,75,0,0,0,0,0.723
9500,2.0178,1.6211,0.00,2.0128,1.6211,1,3,0,14,168,75,0,0,0,0,0.717
9510,2.0237,1.6211,0.00,2.0187,1.6211,1,3,0,14,168,75,0,0,0,0,0.711
9520,2.0297,1.6211,0.00,2.0247,1.6211,1,3,0,14,168,75,0,0,0,0,0.705
9530,2.0357,1.6211,0.00,2.0307,1.6211,1,3,0,14,168,75,0,0,0,0,0.699
9540,2.0416,1.6211,0.00,2.0366,1.6211,1,3,0,14,168,75,0,0,0,0,0.693
9550,2.0476,1.6211,0.00,2.0426,1.6211,1,3,0,14,171,75,0,0,0,0,0.687
9560,2.0536,1.6211,0.00,2.0486,1.6211,1,3,0,14,171,75,0,0,0,0,0.681
9570,2.0595,1.6211,0.00,2.0545,1.6211,1,3,0,14,171,75,0,0,0,0,0.675
9580,2.0655,1.6211,0.00,2.0605,1.6211,1,3,0,14,171,75,0,0,0,0,0.669
9590,2.0715,1.6211,0.00,2.0665,1.6211,1,3,0,14,171,75,0,0,0,0,0.664
9600,2.0775,1.6211,0.00,2.0725,1.6211,1,3,0,114,174,75,0,0,0,0,0.658
9610,2.0834,1.6211,0.00,2.0784,1.6211,1,3,0,114,174,75,0,0,0,0,0.652
9620,2.0894,1.6211,0.00,2.0844,1.6211,1,3,0,114,174,75,0,0,0,0,0.646
9630,2.0954,1.6211,0.00,2.0904,1.6211,1,3,0,114,174,75,0,0,0,0,0.640
9640,2.1013,1.6211,0.00,2.0963,1.6211,1,3,0,114,174,75,0,0,0,0,0.634
9650,2.1073,1.6211,0.00,2.1023,1.6211,1,3,0,114,177,75,0,0,0,0,0.628
9660,2.1133,1.6211,0.00,2.1083,1.6211,1,3,0,114,177,75,0,0,0,0,0.622
9670,2.1192,1.6211,0.00,2.1142,1.6211,1,3,0,114,177,75,0,0,0,0,0.616
9680,2.1252,1.6211,0.00,2.1202,1.6211,1,3,0,114,177,75,0,0,0,0,0.610
9690,2.1312,1.6211,0.00,2.1262,1.6211,1,3,0,114,177,75,0,0,0,0,0.604
9700,2.1371,1.6211,0.00,2.1321,1.6211,1,3,0,114,180,75,0,0,0,0,0.598
9710,2.1431,1.6211,0.00,2.1381,1.6211,1,3,0,114,180,75,0,0,0,0,0.592
9720,2.1491,1.6211,0.00,2.1441,1.6211,1,3,0,114,180,75,0,0,0,0,0.586
9730,2.1551,1.6211,0.00,2.1501,1.6211,1,3,0,114,180,75,0,0,0,0,0.580
9740,2.1610,1.6211,0.00,2.1560,1.6211,1,3,0,114,180,75,0,0,0,0,0.574
9750,2.1670,1.6211,0.00,2.1620,1.6211,1,3,0,114,183,75,0,0,0,0,0.568
9760,2.1730,1.6211,0.00,2.1680,1.6211,1,3,0,114,183,75,0,0,0,0,0.562
9770,2.1789,1.6211,0.00,2.1739,1.6211,1,3,0,114,183,75,0,0,0,0,0.556
9780,2.1849,1.6211,0.00,2.1799,1.6211,1,3,0,114,183,75,0,0,0,0,0.550
9790,2.1909,1.6211,0.00,2.1859,1.6211,1,3,0,114,183,75,0,0,0,0,0.544
9800,2.1968,1.6211,0.00,2.1918,1.6211,1,3,0,114,186,75,0,0,0,0,0.538
9810,2.2028,1.6211,0.00,2.1978,1.6211,1,3,0,114,186,75,0,0,0,0,0.532
9820,2.2088,1.6211,0.00,2.2038,1.6211,1,3,0,114,186,75,0,0,0,0,0.526
9830,2.2147,1.6211,0.00,2.2097,1.6211,1,3,0,114,186,75,0,0,0,0,0.520
9840,2.2207,1.6211,0.00,2.2157,1.6211,1,3,0,114,186,75,0,0,0,0,0.514
9850,2.2267,1.6211,0.00,2.2217,1.6211,1,3,0,114,189,75,0,0,0,0,0.508
9860,2.2326,1.6211,0.00,2.2276,1.6211,1,3,0,114,189,75,0,0,0,0,0.502
9870,2.2386,1.6211,0.00,2.2336,1.6211,1,3,0,114,189,75,0,0,0,0,0.496
9880,2.2446,1.6211,0.00,2.2396,1.6211,1,3,0,114,189,75,0,0,0,0,0.490
9890,2.2506,1.6211,0.00,2.2456,1.6211,1,3,0,114,189,75,0,0,0,0,0.484
9900,2.2565,1.6211,0.00,2.2515,1.6211,1,3,0,114,192,75,0,0,0,0,0.478
9910,2.2625,1.6211,0.00,2.2575,1.6211,1,3,0,114,192,75,0,0,0,0,0.473
9920,2.2685,1.6211,0.00,2.2635,1.6211,1,3,0,114,192,75,0,0,0,0,0.467
9930,2.2744,1.6211,0.00,2.2694,1.6211,1,3,0,114,192,75,0,0,0,0,0.461
9940,2.2804,1.6211,0.00,2.2754,1.6211,1,3,0,114,192,75,0,0,0,0,0.455
9950,2.2864,1.6211,0.00,2.2814,1.6211,1,3,0,114,195,75,0,0,0,0,0.449
9960,2.2923,1.6211,0.00,2.2873,1.6211,1,3,0,114,195,75,0,0,0,0,0.443
9970,2.2983,1.6211,0.00,2.2933,1.6211,1,3,0,114,195,75,0,0,0,0,0.437
9980,2.3043,1.6211,0.00,2.2993,1.6211,1,3,0,114,195,75,0,0,0,0,0.431
9990,2.3102,1.6211,0.00,2.3052,1.6211,1,3,0,114,195,75,0,0,0,0,0.425
10000,2.3162,1.6211,0.00,2.3112,1.6211,1,3,0,114,198,75,0,0,0,0,0.419
10010,2.3222,1.6211,0.00,2.3172,1.6211,1,3,0,114,198,75,0,0,0,0,0.413
10020,2.3282,1.6211,0.00,2.3232,1.6211,1,3,0,114,198,75,0,0,0,0,0.407
10030,2.3341,1.6211,0.00,2.3291,1.6211,1,3,0,114,198,75,0,0,0,0,0.401
10040,2.3401,1.6211,0.00,2.3351,1.6211,1,3,0,114,198,75,0,0,0,0,0.395
10050,2.3461,1.6211,0.00,2.3411,1.6211,1,3,0,114,201,75,0,0,0,0,0.389
10060,2.3520,1.6211,0.00,2.3470,1.6211,1,3,0,114,201,75,0,0,0,0,0.383
10070,2.3580,1.6211,0.00,2.3530,1.6211,1,3,0,114,201,75,0,0,0,0,0.377
10080,2.3640,1.6211,0.00,2.3590,1.6211,1,3,0,114,201,75,0,0,0,0,0.371
10090,2.3699,1.6211,0.00,2.3649,1.6211,1,3,0,114,201,75,0,0,0,0,0.365
10100,2.3759,1.6211,0.00,2.3709,1.6211,1,3,0,114,204,75,0,0,0,0,0.359
10110,2.3819,1.6211,0.00,2.3769,1.6211,1,3,0,114,204,75,0,0,0,0,0.353
10120,2.3878,1.6211,0.00,2.3828,1.6211,1,3,0,114,204,75,0,0,0,0,0.347
10130,2.3938,1.6211,0.00,2.3888,1.6211,1,3,0,114,204,75,0,0,0,0,0.341
10140,2.3998,1.6211,0.00,2.3948,1.6211,1,3,0,114,204,75,0,0,0,0,0.335
10150,2.4058,1.6211,0.00,2.4008,1.6211,1,3,0,114,207,75,0,0,0,0,0.329
10160,2.4117,1.6211,0.00,2.4067,1.6211,1,3,0,114,207,75,0,0,0,0,0.323
10170,2.4177,1.6211,0.00,2.4127,1.6211,1,3,0,114,207,75,0,0,0,0,0.317
10180,2.4237,1.6211,0.00,2.4187,1.6211,1,3,0,114,207,75,0,0,0,0,0.311
10190,2.4296,1.6211,0.00,2.4246,1.6211,1,3,0,114,207,75,0,0,0,0,0.305
10200,2.4356,1.6211,0.00,2.4306,1.6211,1,3,0,114,210,75,0,0,0,0,0.299
10210,2.4416,1.6211,0.00,2.4366,1.6211,1,3,0,114,210,75,0,0,0,0,0.293
10220,2.4475,1.6211,0.00,2.4425,1.6211,1,3,0,114,210,75,0,0,0,0,0.287
10230,2.4535,1.6211,0.00,2.4485,1.6211,1,3,0,114,210,75,0,0,0,0,0.281
10240,2.4595,1.6211,0.00,2.4545,1.6211,1,3,0,114,210,75,0,0,0,0,0.276
10250,2.4654,1.6211,0.00,2.4604,1.6211,1,3,0,114,213,75,0,0,0,0,0.270
10260,2.4714,1.6211,0.00,2.4664,1.6211,1,3,0,114,213,75,0,0,0,0,0.264
10270,2.4774,1.6211,0.00,2.4724,1.6211,1,3,0,114,213,75,0,0,0,0,0.258
10280,2.4833,1.6211,0.00,2.4783,1.6211,1,3,0,114,213,75,0,0,0,0,0.252
10290,2.4893,1.6211,0.00,2.4843,1.6211,2,3,0,114,213,0,0,0,0,0,1000.000
10300,2.4950,1.6211,0.00,2.4900,1.6211,2,3,0,114,216,0,0,0,0,0,1000.000
10310,2.5006,1.6211,0.00,2.4956,1.6211,2,3,0,114,216,0,0,0,0,0,1000.000
10320,2.5059,1.6211,0.00,2.5009,1.6211,2,3,0,114,216,0,0,0,0,0,1000.000
10330,2.5110,1.6211,0.00,2.5060,1.6211,2,3,0,114,216,0,0,0,0,0,1000.000
10340,2.5160,1.6211,0.00,2.5110,1.6211,2,3,0,114,216,0,0,0,0,0,1000.000
10350,2.5207,1.6211,0.00,2.5157,1.6211,2,3,0,114,219,0,0,0,0,0,1000.000
10360,2.5252,1.6211,0.00,2.5202,1.6211,2,3,0,114,219,0,0,0,0,0,1000.000
10370,2.5296,1.6211,0.00,2.5246,1.6211,2,3,0,114,219,0,0,0,0,0,1000.000
10380,2.5337,1.6211,0.00,2.5287,1.6211,2,3,0,114,219,0,0,0,0,0,1000.000
10390,2.5377,1.6211,0.00,2.5327,1.6211,2,3,0,114,219,0,0,0,0,0,1000.000
10400,2.5414,1.6211,0.00,2.5364,1.6211,2,3,0,114,222,0,0,0,0,0,1000.000
10410,2.5449,1.6211,0.00,2.5399,1.6211,2,3,0,114,222,0,0,0,0,0,1000.000
10420,2.5483,1.6211,0.00,2.5433,1.6211,2,3,0,114,222,0,0,0,0,0,1000.000
10430,2.5514,1.6211,0.00,2.5464,1.6211,2,3,0,114,222,0,0,0,0,0,1000.000
10440,2.5544,1.6211,0.00,2.5494,1.6211,2,3,0,114,222,0,0,0,0,0,1000.000
10450,2.5571,1.6211,0.00,2.5521,1.6211,2,3,0,114,225,0,0,0,0,0,1000.000
10460,2.5596,1.6211,0.00,2.5546,1.6211,2,3,0,114,225,0,0,0,0,0,1000.000
10470,2.5620,1.6211,0.00,2.5570,1.6211,2,3,0,114,225,0,0,0,0,0,1000.000
10480,2.5641,1.6211,0.00,2.5591,1.6211,2,3,0,114,225,0,0,0,0,0,1000.000
10490,2.5661,1.6211,0.00,2.5611,1.6211,2,3,0,114,225,0,0,0,0,0,1000.000
10500,2.5678,1.6211,0.00,2.5628,1.6211,2,3,0,114,227,0,0,0,0,0,1000.000
10510,2.5693,1.6211,0.00,2.5643,1.6211,2,3,0,114,227,0,0,0,0,0,1000.000
10520,2.5707,1.6211,0.00,2.5657,1.6211,2,3,0,114,227,0,0,0,0,0,1000.000
10530,2.5718,1.6211,0.00,2.5668,1.6211,2,3,0,114,227,0,0,0,0,0,1000.000
10540,2.5728,1.6211,0.00,2.5678,1.6211,2,3,0,114,227,0,0,0,0,0,1000.000
10550,2.5735,1.6211,0.00,2.5685,1.6211,2,3,0,114,228,0,0,0,0,0,1000.000
10560,2.5740,1.6211,0.00,2.5690,1.6211,2,3,0,114,228,0,0,0,0,0,1000.000
10570,2.5744,1.6211,0.00,2.5694,1.6211,2,3,0,114,228,0,0,0,0,0,1000.000
10580,2.5745,1.6211,0.00,2.5695,1.6211,2,3,0,114,228,0,0,0,0,0,1000.000
10590,2.5745,1.6211,0.00,2.5695,1.6211,2,3,0,114,228,0,0,0,0,0,1000.000
10600,2.5745,1.6211,0.00,2.5695,1.6211,2,3,0,114,229,0,0,0,0,0,1000.000
10610,2.5745,1.6211,0.00,2.5695,1.6211,2,3,0,114,229,0,0,0,0,0,1000.000
10620,2.5745,1.6211,0.00,2.5695,1.6211,2,3,0,114,229,0,0,0,0,0,1000.000
10630,2.5745,1.6211,0.00,2.5695,1.6211,2,3,0,114,229,0,0,0,0,0,1000.000
10640,2.5745,1.6211,0.00,2.5695,1.6211,2,3,0,114,229,0,0,0,0,0,1000.000
10650,2.5745,1.6211,0.00,2.5695,1.6211,2,3,0,114,230,0,0,0,0,0,1000.000
10660,2.5745,1.6211,0.00,2.5695,1.6211,2,3,0,114,230,0,0,0,0,0,1000.000
10670,2.5745,1.6211,0.00,2.5695,1.6211,2,3,0,114,230,0,0,0,0,0,1000.000
10680,2.5745,1.6211,0.00,2.5695,1.6211,2,3,0,114,230,0,0,0,0,0,1000.000
10690,2.5745,1.6212,0.00,2.5695,1.6212,2,3,0,114,230,0,150,0,0,0,1.125
10700,2.5745,1.6214,0.00,2.5695,1.6214,2,3,0,114,230,0,150,0,0,0,1.125
10710,2.5745,1.6218,0.00,2.5695,1.6218,2,3,0,114,230,0,150,0,0,0,1.125
10720,2.5745,1.6225,0.00,2.5695,1.6225,2,3,0,114,230,0,150,0,0,0,1.124
10730,2.5745,1.6233,0.00,2.5695,1.6233,2,3,0,114,230,0,150,0,0,0,1.123
10740,2.5745,1.6243,0.00,2.5695,1.6243,2,3,0,114,230,0,150,0,0,0,1.122
10750,2.5745,1.6256,0.00,2.5695,1.6256,2,3,0,114,230,0,150,0,0,0,1.121
10760,2.5745,1.6270,0.00,2.5695,1.6270,2,3,0,114,230,0,150,0,0,0,1.120
10770,2.5745,1.6286,0.00,2.5695,1.6286,2,3,0,114,230,0,150,0,0,0,1.118
10780,2.5745,1.6304,0.00,2.5695,1.6304,2,3,0,114,230,0,150,0,0,0,1.116
10790,2.5745,1.6325,0.00,2.5695,1.6325,2,3,0,114,230,0,150,0,0,0,1.114
10800,2.5745,1.6347,0.00,2.5695,1.6347,2,3,0,113,230,0,150,0,0,0,1.112
10810,2.5745,1.6371,0.00,2.5695,1.6371,2,3,0,113,230,0,150,0,0,0,1.109
10820,2.5745,1.6398,0.00,2.5695,1.6398,2,3,0,113,230,0,150,0,0,0,1.107
10830,2.5745,1.6426,0.00,2.5695,1.6426,2,3,0,113,230,0,150,0,0,0,1.104
10840,2.5745,1.6456,0.00,2.5695,1.6456,2,3,0,113,230,0,150,0,0,0,1.101
10850,2.5745,1.6489,0.00,2.5695,1.6489,2,3,0,111,230,0,150,0,0,0,1.098
10860,2.5745,1.6523,0.00,2.5695,1.6523,2,3,0,111,230,0,150,0,0,0,1.094
10870,2.5745,1.6559,0.00,2.5695,1.6559,2,3,0,111,230,0,150,0,0,0,1.091
10880,2.5745,1.6597,0.00,2.5695,1.6597,2,3,0,111,230,0,150,0,0,0,1.087
10890,2.5745,1.6638,0.00,2.5695,1.6638,2,3,0,111,230,0,150,0,0,0,1.083
10900,2.5745,1.6680,0.00,2.5695,1.6680,2,3,0,109,230,0,150,0,0,0,1.078
10910,2.5745,1.6724,0.00,2.5695,1.6724,2,3,0,109,230,0,150,0,0,0,1.074
10920,2.5745,1.6771,0.00,2.5695,1.6771,2,3,0,109,230,0,150,0,0,0,1.069
10930,2.5745,1.6819,0.00,2.5695,1.6819,2,3,0,109,230,0,150,0,0,0,1.065
10940,2.5745,1.6869,0.00,2.5695,1.6869,2,3,0,109,230,0,150,0,0,0,1.060
10950,2.5745,1.6922,0.00,2.5695,1.6922,2,3,0,107,230,0,150,0,0,0,1.054
10960,2.5745,1.6976,0.00,2.5695,1.6976,2,3,0,107,230,0,150,0,0,0,1.049
10970,2.5745,1.7032,0.00,2.5695,1.7032,2,3,0,107,230,0,150,0,0,0,1.043
10980,2.5745,1.7090,0.00,2.5695,1.7090,2,3,0,107,230,0,150,0,0,0,1.037
10990,2.5745,1.7151,0.00,2.5695,1.7151,2,3,0,107,230,0,150,0,0,0,1.031
11000,2.5745,1.7213,0.00,2.5695,1.7213,2,3,0,104,230,0,150,0,0,0,1.025
11010,2.5745,1.7277,0.00,2.5695,1.7277,2,3,0,104,230,0,150,0,0,0,1.019
11020,2.5745,1.7344,0.00,2.5695,1.7344,2,3,0,104,230,0,150,0,0,0,1.012
11030,2.5745,1.7412,0.00,2.5695,1.7412,2,3,0,104,230,0,150,0,0,0,1.005
11040,2.5745,1.7482,0.00,2.5695,1.7482,2,3,0,104,230,0,150,0,0,0,0.998
11050,2.5745,1.7555,0.00,2.5695,1.7555,2,3,0,101,230,0,150,0,0,0,0.991
11060,2.5745,1.7629,0.00,2.5695,1.7629,2,3,0,101,230,0,150,0,0,0,0.984
11070,2.5745,1.7705,0.00,2.5695,1.7705,2,3,0,101,230,0,150,0,0,0,0.976
11080,2.5745,1.7783,0.00,2.5695,1.7783,2,3,0,101,230,0,150,0,0,0,0.968
11090,2.5745,1.7864,0.00,2.5695,1.7864,2,3,0,101,230,0,150,0,0,0,0.960
11100,2.5745,1.7946,0.00,2.5695,1.7946,2,3,0,97,230,0,150,0,0,0,0.952
11110,2.5745,1.8030,0.00,2.5695,1.8030,2,3,0,97,230,0,75,0,0,0,0.943
11120,2.5745,1.8113,0.00,2.5695,1.8113,2,3,0,97,230,0,75,0,0,0,0.935
11130,2.5745,1.8194,0.00,2.5695,1.8194,2,3,0,97,230,0,75,0,0,0,0.927
11140,2.5745,1.8273,0.00,2.5695,1.8273,2,3,0,97,230,0,75,0,0,0,0.919
11150,2.5745,1.8350,0.00,2.5695,1.8350,2,3,0,93,230,0,75,0,0,0,0.912
11160,2.5745,1.8425,0.00,2.5695,1.8425,2,3,0,93,230,0,75,0,0,0,0.904
11170,2.5745,1.8498,0.00,2.5695,1.8498,2,3,0,93,230,0,75,0,0,0,0.897
11180,2.5745,1.8568,0.00,2.5695,1.8568,2,3,0,93,230,0,75,0,0,0,0.890
11190,2.5745,1.8637,0.00,2.5695,1.8637,2,3,0,93,230,0,75,0,0,0,0.883
11200,2.5745,1.8704,0.00,2.5695,1.8704,2,3,0,89,230,0,75,0,0,0,0.876
11210,2.5745,1.8769,0.00,2.5695,1.8769,2,3,0,89,230,0,75,0,0,0,0.870
11220,2.5745,1.8832,0.00,2.5695,1.8832,2,3,0,89,230,0,75,0,0,0,0.863
11230,2.5745,1.8893,0.00,2.5695,1.8893,2,3,0,89,230,0,75,0,0,0,0.857
11240,2.5745,1.8953,0.00,2.5695,1.8953,2,3,0,89,230,0,75,0,0,0,0.851
11250,2.5745,1.9012,0.00,2.5695,1.9012,2,3,0,86,230,0,75,0,0,0,0.845
11260,2.5745,1.9072,0.00,2.5695,1.9072,2,3,0,86,230,0,75,0,0,0,0.839
11270,2.5745,1.9132,0.00,2.5695,1.9132,2,3,0,86,230,0,75,0,0,0,0.833
11280,2.5745,1.9191,0.00,2.5695,1.9191,2,3,0,86,230,0,75,0,0,0,0.827
11290,2.5745,1.9251,0.00,2.5695,1.9251,2,3,0,86,230,0,75,0,0,0,0.821
11300,2.5745,1.9311,0.00,2.5695,1.9311,2,3,0,83,230,0,75,0,0,0,0.815
11310,2.5745,1.9370,0.00,2.5695,1.9370,2,3,0,83,230,0,75,0,0,0,0.809
11320,2.5745,1.9430,0.00,2.5695,1.9430,2,3,0,83,230,0,75,0,0,0,0.803
11330,2.5745,1.9490,0.00,2.5695,1.9490,2,3,0,83,230,0,75,0,0,0,0.798
11340,2.5745,1.9550,0.00,2.5695,1.9550,2,3,0,83,230,0,75,0,0,0,0.792
11350,2.5745,1.9609,0.00,2.5695,1.9609,2,3,0,80,230,0,75,0,0,0,0.786
11360,2.5745,1.9669,0.00,2.5695,1.9669,2,3,0,80,230,0,75,0,0,0,0.780
11370,2.5745,1.9729,0.00,2.5695,1.9729,2,3,0,80,230,0,75,0,0,0,0.774
11380,2.5745,1.9788,0.00,2.5695,1.9788,2,3,0,80,230,0,75,0,0,0,0.768
11390,2.5745,1.9848,0.00,2.5695,1.9848,2,3,0,80,230,0,75,0,0,0,0.762
11400,2.5745,1.9908,0.00,2.5695,1.9908,2,3,0,77,230,0,75,0,0,0,0.756
11410,2.5745,1.9967,0.00,2.5695,1.9967,2,3,0,77,230,0,75,0,0,0,0.750
11420,2.5745,2.0027,0.00,2.5695,2.0027,2,3,0,77,230,0,75,0,0,0,0.744
11430,2.5745,2.0087,0.00,2.5695,2.0087,2,3,0,77,230,0,75,0,0,0,0.738
11440,2.5745,2.0146,0.00,2.5695,2.0146,2,3,0,77,230,0,75,0,0,0,0.732
11450,2.5745,2.0206,0.00,2.5695,2.0206,2,3,0,74,230,0,75,0,0,0,0.726
11460,2.5745,2.0266,0.00,2.5695,2.0266,2,3,0,74,230,0,75,0,0,0,0.720
11470,2.5745,2.0325,0.00,2.5695,2.0325,2,3,0,74,230,0,75,0,0,0,0.714
11480,2.5745,2.0385,0.00,2.5695,2.0385,2,3,0,74,230,0,75,0,0,0,0.708
11490,2.5745,2.0445,0.00,2.5695,2.0445,2,3,0,74,230,0,75,0,0,0,0.702
11500,2.5745,2.0505,0.00,2.5695,2.0505,2,3,0,71,230,0,75,0,0,0,0.696
11510,2.5745,2.0564,0.00,2.5695,2.0564,2,3,0,71,230,0,75,0,0,0,0.690
11520,2.5745,2.0624,0.00,2.5695,2.0624,2,3,0,71,230,0,75,0,0,0,0.684
11530,2.5745,2.0684,0.00,2.5695,2.0684,2,3,0,71,230,0,75,0,0,0,0.678
11540,2.5745,2.0743,0.00,2.5695,2.0743,2,3,0,71,230,0,75,0,0,0,0.672
11550,2.5745,2.0803,0.00,2.5695,2.0803,2,3,0,68,35,0,75,0,0,0,0.666
11560,2.5745,2.0863,0.00,2.5695,2.0863,2,3,0,68,35,0,75,0,0,0,0.660
11570,2.5745,2.0922,0.00,2.5695,2.0922,2,3,0,68,35,0,75,0,0,0,0.654
11580,2.5745,2.0982,0.00,2.5695,2.0982,2,3,0,68,35,0,75,0,0,0,0.648
11590,2.5745,2.1042,0.00,2.5695,2.1042,2,3,0,68,35,0,75,0,0,0,0.642
11600,2.5745,2.1101,0.00,2.5695,2.1101,2,3,0,65,35,0,75,0,0,0,0.636
11610,2.5745,2.1161,0.00,2.5695,2.1161,2,3,0,65,35,0,75,0,0,0,0.630
11620,2.5745,2.1221,0.00,2.5695,2.1221,2,3,0,65,35,0,75,0,0,0,0.624
11630,2.5745,2.1281,0.00,2.5695,2.1281,2,3,0,65,35,0,75,0,0,0,0.618
11640,2.5745,2.1340,0.00,2.5695,2.1340,2,3,0,65,35,0,75,0,0,0,0.612
11650,2.5745,2.1400,0.00,2.5695,2.1400,2,3,0,62,35,0,75,0,0,0,0.607
11660,2.5745,2.1460,0.00,2.5695,2.1460,2,3,0,62,35,0,75,0,0,0,0.601
11670,2.5745,2.1519,0.00,2.5695,2.1519,2,3,0,62,35,0,75,0,0,0,0.595
11680,2.5745,2.1579,0.00,2.5695,2.1579,2,3,0,62,35,0,75,0,0,0,0.589
11690,2.5745,2.1639,0.00,2.5695,2.1639,2,3,0,62,35,0,75,0,0,0,0.583
11700,2.5745,2.1698,0.00,2.5695,2.1698,2,3,0,59,35,0,75,0,0,0,0.577
11710,2.5745,2.1758,0.00,2.5695,2.1758,2,3,0,59,35,0,75,0,0,0,0.571
11720,2.5745,2.1818,0.00,2.5695,2.1818,2,3,0,59,35,0,75,0,0,0,0.565
11730,2.5745,2.1877,0.00,2.5695,2.1877,2,3,0,59,35,0,75,0,0,0,0.559
11740,2.5745,2.1937,0.00,2.5695,2.1937,2,3,0,59,35,0,75,0,0,0,0.553
11750,2.5745,2.1997,0.00,2.5695,2.1997,2,3,0,56,230,0,75,0,0,0,0.547
11760,2.5745,2.2057,0.00,2.5695,2.2057,2,3,0,56,230,0,75,0,0,0,0.541
11770,2.5745,2.2116,0.00,2.5695,2.2116,2,3,0,56,230,0,75,0,0,0,0.535
11780,2.5745,2.2176,0.00,2.5695,2.2176,2,3,0,56,230,0,75,0,0,0,0.529
11790,2.5745,2.2236,0.00,2.5695,2.2236,2,3,0,56,230,0,75,0,0,0,0.523
11800,2.5745,2.2295,0.00,2.5695,2.2295,2,3,0,53,230,0,75,0,0,0,0.517
11810,2.5745,2.2355,0.00,2.5695,2.2355,2,3,0,53,230,0,75,0,0,0,0.511
11820,2.5745,2.2415,0.00,2.5695,2.2415,2,3,0,53,230,0,75,0,0,0,0.505
11830,2.5745,2.2474,0.00,2.5695,2.2474,2,3,0,53,230,0,75,0,0,0,0.499
11840,2.5745,2.2534,0.00,2.5695,2.2534,2,3,0,53,230,0,75,0,0,0,0.493
11850,2.5745,2.2594,0.00,2.5695,2.2594,2,3,0,50,230,0,75,0,0,0,0.487
11860,2.5745,2.2653,0.00,2.5695,2.2653,2,3,0,50,230,0,75,0,0,0,0.481
11870,2.5745,2.2713,0.00,2.5695,2.2713,2,3,0,50,230,0,75,0,0,0,0.475
11880,2.5745,2.2773,0.00,2.5695,2.2773,2,3,0,50,230,0,75,0,0,0,0.469
11890,2.5745,2.2832,0.00,2.5695,2.2832,2,3,0,50,230,0,75,0,0,0,0.463
11900,2.5745,2.2892,0.00,2.5695,2.2892,2,3,0,47,230,0,75,0,0,0,0.457
11910,2.5745,2.2952,0.00,2.5695,2.2952,2,3,0,47,230,0,75,0,0,0,0.451
11920,2.5745,2.3012,0.00,2.5695,2.3012,2,3,0,47,230,0,75,0,0,0,0.445
11930,2.5745,2.3071,0.00,2.5695,2.3071,2,3,0,47,230,0,75,0,0,0,0.439
11940,2.5745,2.3131,0.00,2.5695,2.3131,2,3,0,47,230,0,75,0,0,0,0.433
11950,2.5745,2.3191,0.00,2.5695,2.3191,2,3,0,44,230,0,75,0,0,0,0.427
11960,2.5745,2.3250,0.00,2.5695,2.3250,2,3,0,44,230,0,75,0,0,0,0.421
11970,2.5745,2.3310,0.00,2.5695,2.3310,2,3,0,44,230,0,75,0,0,0,0.415
11980,2.5745,2.3370,0.00,2.5695,2.3370,2,3,0,44,230,0,75,0,0,0,0.410
11990,2.5745,2.3429,0.00,2.5695,2.3429,2,3,0,44,230,0,75,0,0,0,0.404
12000,2.5745,2.3489,0.00,2.5695,2.3489,2,3,0,41,230,0,75,0,0,0,0.398
12010,2.5745,2.3549,0.00,2.5695,2.3549,2,3,0,41,230,0,75,0,0,0,0.392
12020,2.5745,2.3608,0.00,2.5695,2.3608,2,3,0,41,230,0,75,0,0,0,0.386
12030,2.5745,2.3668,0.00,2.5695,2.3668,2,3,0,41,230,0,75,0,0,0,0.380
12040,2.5745,2.3728,0.00,2.5695,2.3728,2,3,0,41,230,0,75,0,0,0,0.374
12050,2.5745,2.3788,0.00,2.5695,2.3788,2,3,0,38,230,0,75,0,0,0,0.368
12060,2.5745,2.3847,0.00,2.5695,2.3847,2,3,0,38,230,0,75,0,0,0,0.362
12070,2.5745,2.3907,0.00,2.5695,2.3907,2,3,0,38,230,0,75,0,0,0,0.356
12080,2.5745,2.3967,0.00,2.5695,2.3967,2,3,0,38,230,0,75,0,0,0,0.350
12090,2.5745,2.4026,0.00,2.5695,2.4026,2,3,0,38,230,0,75,0,0,0,0.344
12100,2.5745,2.4086,0.00,2.5695,2.4086,2,3,0,35,230,0,75,0,0,0,0.338
12110,2.5745,2.4146,0.00,2.5695,2.4146,2,3,0,35,230,0,75,0,0,0,0.332
12120,2.5745,2.4205,0.00,2.5695,2.4205,2,3,0,35,230,0,75,0,0,0,0.326
12130,2.5745,2.4265,0.00,2.5695,2.4265,2,3,0,35,230,0,75,0,0,0,0.320
12140,2.5745,2.4325,0.00,2.5695,2.4325,2,3,0,35,230,0,75,0,0,0,0.314
12150,2.5745,2.4384,0.00,2.5695,2.4384,2,3,0,32,230,0,75,0,0,0,0.308
12160,2.5745,2.4444,0.00,2.5695,2.4444,2,3,0,32,230,0,75,0,0,0,0.302
12170,2.5745,2.4504,0.00,2.5695,2.4504,2,3,0,32,230,0,75,0,0,0,0.296
12180,2.5745,2.4564,0.00,2.5695,2.4564,2,3,0,32,230,0,75,0,0,0,0.290
12190,2.5745,2.4623,0.00,2.5695,2.4623,2,3,0,32,230,0,75,0,0,0,0.284
12200,2.5745,2.4683,0.00,2.5695,2.4683,2,3,0,29,230,0,75,0,0,0,0.278
12210,2.5745,2.4743,0.00,2.5695,2.4743,2,3,0,29,230,0,75,0,0,0,0.272
12220,2.5745,2.4802,0.00,2.5695,2.4802,2,3,0,29,230,0,75,0,0,0,0.266
12230,2.5745,2.4862,0.00,2.5695,2.4862,2,3,0,29,230,0,75,0,0,0,0.260
12240,2.5745,2.4922,0.00,2.5695,2.4922,2,3,0,29,230,0,75,0,0,0,0.254
12250,2.5745,2.4981,0.00,2.5695,2.4981,2,3,0,26,230,0,75,0,0,0,0.248
12260,2.5745,2.5041,0.00,2.5695,2.5041,2,3,0,26,230,0,75,0,0,0,0.242
12270,2.5745,2.5101,0.00,2.5695,2.5101,2,3,0,26,230,0,75,0,0,0,0.236
12280,2.5745,2.5160,0.00,2.5695,2.5160,2,3,0,26,230,0,75,0,0,0,0.230
12290,2.5745,2.5220,0.00,2.5695,2.5220,2,3,0,26,230,0,75,0,0,0,0.224
12300,2.5745,2.5280,0.00,2.5695,2.5280,2,3,0,23,230,0,0,0,1,0,0.219
12310,2.5745,2.5338,0.00,2.5695,2.5338,2,3,0,23,230,0,0,0,1,0,0.213
12320,2.5745,2.5395,0.00,2.5695,2.5395,2,3,0,23,230,0,0,0,1,0,0.207
12330,2.5745,2.5450,0.00,2.5695,2.5450,2,3,0,23,230,0,65,0,1,0,0.202
12340,2.5745,2.5502,0.00,2.5695,2.5502,2,3,0,23,230,0,65,0,1,0,0.196
12350,2.5745,2.5553,0.00,2.5695,2.5553,2,3,0,21,230,0,0,0,1,0,0.191
12360,2.5745,2.5601,0.00,2.5695,2.5601,2,3,0,21,230,0,57,0,1,0,0.186
12370,2.5745,2.5648,0.00,2.5695,2.5648,2,3,0,21,230,0,57,0,1,0,0.182
12380,2.5745,2.5693,0.00,2.5695,2.5693,2,3,0,21,230,0,57,0,1,0,0.177
12390,2.5745,2.5735,0.00,2.5695,2.5735,2,3,0,21,230,0,57,0,1,0,0.173
12400,2.5745,2.5776,0.00,2.5695,2.5776,2,3,0,18,230,0,0,0,1,0,0.169
12410,2.5745,2.5814,0.00,2.5695,2.5814,2,3,0,18,230,0,44,0,1,0,0.165
12420,2.5745,2.5851,0.00,2.5695,2.5851,2,3,0,18,230,0,44,0,1,0,0.161
12430,2.5745,2.5885,0.00,2.5695,2.5885,2,3,0,18,230,0,44,1,1,0,0.158
12440,2.5745,2.5918,0.00,2.5695,2.5918,2,3,0,18,230,0,44,1,1,0,0.155
12450,2.5745,2.5949,0.00,2.5695,2.5949,2,3,0,17,230,0,39,1,1,0,0.152
12460,2.5745,2.5977,0.00,2.5695,2.5977,2,3,0,17,230,0,39,1,1,0,0.149
12470,2.5745,2.6004,0.00,2.5695,2.6004,3,3,0,17,230,0,0,0,0,0,1000.000
12480,2.5745,2.6028,0.00,2.5695,2.6028,3,3,0,17,230,0,0,0,0,0,1000.000
12490,2.5745,2.6051,0.00,2.5695,2.6051,3,3,0,17,230,0,0,0,0,0,1000.000
12500,2.5745,2.6072,0.00,2.5695,2.6072,3,3,0,15,230,0,0,0,0,0,1000.000
12510,2.5745,2.6090,0.00,2.5695,2.6090,3,3,0,15,230,0,0,0,0,0,1000.000
12520,2.5745,2.6107,0.00,2.5695,2.6107,3,3,0,15,230,0,0,0,0,0,1000.000
12530,2.5745,2.6121,0.00,2.5695,2.6121,3,3,0,15,230,0,0,0,0,0,1000.000
12540,2.5745,2.6134,0.00,2.5695,2.6134,3,3,0,15,230,0,0,0,0,0,1000.000
12550,2.5745,2.6145,0.00,2.5695,2.6145,3,3,0,15,230,0,0,0,0,0,1000.000
12560,2.5745,2.6153,0.00,2.5695,2.6153,3,3,0,15,230,0,0,0,0,0,1000.000
12570,2.5745,2.6160,0.00,2.5695,2.6160,3,3,0,15,230,0,0,0,0,0,1000.000
12580,2.5745,2.6164,0.00,2.5695,2.6164,3,3,0,15,230,0,0,0,0,0,1000.000
12590,2.5745,2.6167,0.00,2.5695,2.6167,3,3,0,15,230,0,0,0,0,0,1000.000
12600,2.5745,2.6170,0.00,2.5695,2.6170,3,3,0,14,230,0,0,0,0,0,1000.000
12610,2.5745,2.6172,0.00,2.5695,2.6172,3,3,0,14,230,0,0,0,0,0,1000.000
12620,2.5745,2.6173,0.00,2.5695,2.6173,3,3,0,14,230,0,0,0,0,0,1000.000
12630,2.5745,2.6175,0.00,2.5695,2.6175,3,3,0,14,230,0,0,0,0,0,1000.000
12640,2.5745,2.6176,0.00,2.5695,2.6176,3,3,0,14,230,0,0,0,0,0,1000.000
12650,2.5745,2.6177,0.00,2.5695,2.6177,3,3,0,14,230,0,0,0,0,0,1000.000
12660,2.5745,2.6177,0.00,2.5695,2.6177,3,3,0,14,230,0,0,0,0,0,1000.000
12670,2.5745,2.6177,0.00,2.5695,2.6177,3,3,0,14,230,0,0,0,0,0,1000.000
12680,2.5745,2.6177,0.00,2.5695,2.6177,3,3,0,14,230,0,0,0,0,0,1000.000
12690,2.5745,2.6177,0.00,2.5695,2.6177,3,3,0,14,230,0,0,0,0,0,1000.000
12700,2.5745,2.6177,0.00,2.5695,2.6177,3,3,0,14,230,0,0,0,0,0,1000.000
12710,2.5745,2.6177,0.00,2.5695,2.6177,3,3,0,14,230,0,0,0,0,0,1000.000
12720,2.5745,2.6177,0.00,2.5695,2.6177,3,3,0,14,230,0,0,0,0,0,1000.000
12730,2.5745,2.6177,0.00,2.5695,2.6177,3,3,0,14,230,0,0,0,0,0,1000.000
12740,2.5745,2.6177,0.00,2.5695,2.6177,3,3,0,14,230,0,0,0,0,0,1000.000
12750,2.5745,2.6177,0.00,2.5695,2.6177,3,3,0,14,230,0,0,0,0,0,1000.000
12760,2.5745,2.6177,0.00,2.5695,2.6177,3,3,0,14,230,0,0,0,0,0,1000.000
12770,2.5745,2.6177,0.00,2.5695,2.6177,3,3,0,14,230,0,0,0,0,0,1000.000
12780,2.5745,2.6177,0.00,2.5695,2.6177,3,3,0,14,230,0,0,0,0,0,1000.000
12790,2.5745,2.6177,0.00,2.5695,2.6177,3,3,0,14,230,0,0,0,0,0,1000.000
12800,2.5745,2.6177,0.00,2.5695,2.6177,3,3,0,14,230,0,0,0,0,0,1000.000
12810,2.5745,2.6177,0.00,2.5695,2.6177,3,3,0,14,230,0,0,0,0,0,1000.000
12820,2.5745,2.6177,0.00,2.5695,2.6177,3,3,0,14,230,0,0,0,0,0,1000.000
12830,2.5745,2.6177,0.00,2.5695,2.6177,3,3,0,14,230,0,0,0,0,0,1000.000
12840,2.5745,2.6177,0.00,2.5695,2.6177,3,3,0,14,230,0,0,0,0,0,1000.000
12850,2.5745,2.6177,0.00,2.5695,2.6177,3,3,0,14,230,0,0,0,0,0,1000.000
12860,2.5745,2.6177,0.00,2.5695,2.6177,3,3,0,14,230,0,0,0,0,0,1000.000
12870,2.5745,2.6177,0.00,2.5695,2.6177,3,3,0,14,230,-150,0,0,0,0,2.300
12880,2.5744,2.6177,0.00,2.5694,2.6177,3,3,0,14,230,-150,0,0,0,0,2.299
12890,2.5741,2.6177,0.00,2.5691,2.6177,3,3,0,14,230,-150,0,0,0,0,2.299
12900,2.5736,2.6177,0.00,2.5686,2.6177,3,3,0,14,230,-150,0,0,0,0,2.299
12910,2.5729,2.6177,0.00,2.5679,2.6177,3,3,0,14,230,-150,0,0,0,0,2.298
12920,2.5720,2.6177,0.00,2.5670,2.6177,3,3,0,14,230,-150,0,0,0,0,2.297
12930,2.5709,2.6177,0.00,2.5659,2.6177,3,3,0,14,230,-150,0,0,0,0,2.296
12940,2.5695,2.6177,0.00,2.5645,2.6177,3,3,0,14,230,-150,0,0,0,0,2.295
12950,2.5680,2.6177,0.00,2.5630,2.6177,3,3,0,14,229,-150,0,0,0,0,2.293
12960,2.5663,2.6177,0.00,2.5613,2.6177,3,3,0,14,229,-150,0,0,0,0,2.291
12970,2.5644,2.6177,0.00,2.5594,2.6177,3,3,0,14,229,-150,0,0,0,0,2.289
12980,2.5623,2.6177,0.00,2.5573,2.6177,3,3,0,14,229,-150,0,0,0,0,2.287
12990,2.5600,2.6177,0.00,2.5550,2.6177,3,3,0,14,229,-150,0,0,0,0,2.285
13000,2.5575,2.6177,0.00,2.5525,2.6177,3,3,0,14,228,-150,0,0,0,0,2.282
13010,2.5548,2.6177,0.00,2.5498,2.6177,3,3,0,14,228,-150,0,0,0,0,2.280
13020,2.5519,2.6177,0.00,2.5469,2.6177,3,3,0,14,228,-150,0,0,0,0,2.277
13030,2.5488,2.6177,0.00,2.5438,2.6177,3,3,0,14,228,-150,0,0,0,0,2.274
13040,2.5454,2.6177,0.00,2.5404,2.6177,3,3,0,14,228,-150,0,0,0,0,2.270
13050,2.5419,2.6177,0.00,2.5369,2.6177,3,3,0,14,227,-150,0,0,0,0,2.267
13060,2.5382,2.6177,0.00,2.5332,2.6177,3,3,0,14,227,-150,0,0,0,0,2.263
13070,2.5343,2.6177,0.00,2.5293,2.6177,3,3,0,14,227,-150,0,0,0,0,2.259
13080,2.5302,2.6177,0.00,2.5252,2.6177,3,3,0,14,227,-150,0,0,0,0,2.255
13090,2.5259,2.6177,0.00,2.5209,2.6177,3,3,0,14,227,-150,0,0,0,0,2.251
13100,2.5214,2.6177,0.00,2.5164,2.6177,3,3,0,14,225,-150,0,0,0,0,2.246
13110,2.5167,2.6177,0.00,2.5117,2.6177,3,3,0,14,225,-150,0,0,0,0,2.242
13120,2.5118,2.6177,0.00,2.5068,2.6177,3,3,0,14,225,-150,0,0,0,0,2.237
13130,2.5067,2.6177,0.00,2.5017,2.6177,3,3,0,14,225,-150,0,0,0,0,2.232
13140,2.5013,2.6177,0.00,2.4963,2.6177,3,3,0,14,225,-150,0,0,0,0,2.226
13150,2.4958,2.6177,0.00,2.4908,2.6177,3,3,0,14,222,-150,0,0,0,0,2.221
13160,2.4901,2.6177,0.00,2.4851,2.6177,3,3,0,14,222,-150,0,0,0,0,2.215
13170,2.4842,2.6177,0.00,2.4792,2.6177,3,3,0,14,222,-150,0,0,0,0,2.209
13180,2.4781,2.6177,0.00,2.4731,2.6177,3,3,0,14,222,-150,0,0,0,0,2.203
13190,2.4718,2.6177,0.00,2.4668,2.6177,3,3,0,14,222,-150,0,0,0,0,2.197
13200,2.4653,2.6177,0.00,2.4603,2.6177,3,3,0,14,219,-150,0,0,0,0,2.190
13210,2.4586,2.6177,0.00,2.4536,2.6177,3,3,0,14,219,-150,0,0,0,0,2.184
13220,2.4517,2.6177,0.00,2.4467,2.6177,3,3,0,14,219,-150,0,0,0,0,2.177
13230,2.4446,2.6177,0.00,2.4396,2.6177,3,3,0,14,219,-150,0,0,0,0,2.170
13240,2.4372,2.6177,0.00,2.4322,2.6177,3,3,0,14,219,-150,0,0,0,0,2.162
13250,2.4297,2.6177,0.00,2.4247,2.6177,3,3,0,14,216,-150,0,0,0,0,2.155
13260,2.4220,2.6177,0.00,2.4170,2.6177,3,3,0,14,216,-150,0,0,0,0,2.147
13270,2.4141,2.6177,0.00,2.4091,2.6177,3,3,0,14,216,-150,0,0,0,0,2.139
13280,2.4060,2.6177,0.00,2.4010,2.6177,3,3,0,14,216,-150,0,0,0,0,2.131
13290,2.3977,2.6177,0.00,2.3927,2.6177,3,3,0,14,216,-150,0,0,0,0,2.123
13300,2.3892,2.6177,0.00,2.3842,2.6177,3,3,0,14,212,-150,0,0,0,0,2.114
13310,2.3805,2.6177,0.00,2.3755,2.6177,3,3,0,14,212,-150,0,0,0,0,2.105
13320,2.3716,2.6177,0.00,2.3666,2.6177,3,3,0,14,212,-150,0,0,0,0,2.097
13330,2.3625,2.6177,0.00,2.3575,2.6177,3,3,0,14,212,-150,0,0,0,0,2.087
13340,2.3531,2.6177,0.00,2.3481,2.6177,3,3,0,14,212,-150,0,0,0,0,2.078
13350,2.3436,2.6177,0.00,2.3386,2.6177,3,3,0,14,207,-150,0,0,0,0,2.069
13360,2.3339,2.6177,0.00,2.3289,2.6177,3,3,0,14,207,-150,0,0,0,0,2.059
13370,2.3240,2.6177,0.00,2.3190,2.6177,3,3,0,14,207,-150,0,0,0,0,2.049
13380,2.3139,2.6177,0.00,2.3089,2.6177,3,3,0,14,207,-150,0,0,0,0,2.039
13390,2.3036,2.6177,0.00,2.2986,2.6177,3,3,0,14,207,-150,0,0,0,0,2.029
13400,2.2931,2.6177,0.00,2.2881,2.6177,3,3,0,14,202,-150,0,0,0,0,2.018
13410,2.2824,2.6177,0.00,2.2774,2.6177,3,3,0,14,202,-150,0,0,0,0,2.007
13420,2.2715,2.6177,0.00,2.2665,2.6177,3,3,0,14,202,-150,0,0,0,0,1.996
13430,2.2604,2.6177,0.00,2.2554,2.6177,3,3,0,14,202,-150,0,0,0,0,1.985
13440,2.2490,2.6177,0.00,2.2440,2.6177,3,3,0,14,202,-150,0,0,0,0,1.974
13450,2.2375,2.6177,0.00,2.2325,2.6177,3,3,0,14,196,-150,0,0,0,0,1.963
13460,2.2258,2.6177,0.00,2.2208,2.6177,3,3,0,14,196,-150,0,0,0,0,1.951
13470,2.2139,2.6177,0.00,2.2089,2.6177,3,3,0,14,196,-150,0,0,0,0,1.939
13480,2.2020,2.6177,0.00,2.1970,2.6177,3,3,0,14,196,-150,0,0,0,0,1.927
13490,2.1900,2.6177,0.00,2.1850,2.6177,3,3,0,14,196,-150,0,0,0,0,1.915
13500,2.1781,2.6177,0.00,2.1731,2.6177,3,3,0,14,191,-150,0,0,0,0,1.903
13510,2.1662,2.6177,0.00,2.1612,2.6177,3,3,0,14,191,-150,0,0,0,0,1.891
13520,2.1542,2.6177,0.00,2.1492,2.6177,3,3,0,14,191,-150,0,0,0,0,1.879
13530,2.1423,2.6177,0.00,2.1373,2.6177,3,3,0,14,191,-150,0,0,0,0,1.867
13540,2.1304,2.6177,0.00,2.1254,2.6177,3,3,0,14,191,-150,0,0,0,0,1.855
13550,2.1184,2.6177,0.00,2.1134,2.6177,3,3,0,14,185,-150,0,0,0,0,1.843
13560,2.1065,2.6177,0.00,2.1015,2.6177,3,3,0,14,185,-150,0,0,0,0,1.831
13570,2.0945,2.6177,0.00,2.0895,2.6177,3,3,0,14,185,-150,0,0,0,0,1.820
13580,2.0826,2.6177,0.00,2.0776,2.6177,3,3,0,14,185,-150,0,0,0,0,1.808
13590,2.0707,2.6177,0.00,2.0657,2.6177,3,3,0,14,185,-150,0,0,0,0,1.796
13600,2.0587,2.6177,0.00,2.0537,2.6177,3,3,0,14,179,-150,0,0,0,0,1.784
13610,2.0468,2.6177,0.00,2.0418,2.6177,3,3,0,14,179,-150,0,0,0,0,1.772
13620,2.0349,2.6177,0.00,2.0299,2.6177,3,3,0,14,179,-150,0,0,0,0,1.760
13630,2.0229,2.6177,0.00,2.0179,2.6177,3,3,0,14,179,-150,0,0,0,0,1.748
13640,2.0110,2.6177,0.00,2.0060,2.6177,3,3,0,14,179,-150,0,0,0,0,1.736
13650,1.9990,2.6177,0.00,1.9940,2.6177,3,3,0,14,173,-150,0,0,0,0,1.724
13660,1.9871,2.6177,0.00,1.9821,2.6177,3,3,0,14,173,-150,0,0,0,0,1.712
13670,1.9752,2.6177,0.00,1.9702,2.6177,3,3,0,14,173,-150,0,0,0,0,1.700
13680,1.9632,2.6177,0.00,1.9582,2.6177,3,3,0,14,173,-150,0,0,0,0,1.688
13690,1.9513,2.6177,0.00,1.9463,2.6177,3,3,0,14,173,-150,0,0,0,0,1.676
13700,1.9393,2.6177,0.00,1.9343,2.6177,3,3,0,14,167,-150,0,0,0,0,1.664
13710,1.9274,2.6177,0.00,1.9224,2.6177,3,3,0,14,167,-150,0,0,0,0,1.652
13720,1.9155,2.6177,0.00,1.9105,2.6177,3,3,0,14,167,-150,0,0,0,0,1.640
13730,1.9035,2.6177,0.00,1.8985,2.6177,3,3,0,14,167,-150,0,0,0,0,1.629
13740,1.8916,2.6177,0.00,1.8866,2.6177,3,3,0,14,167,-150,0,0,0,0,1.617
13750,1.8797,2.6177,0.00,1.8747,2.6177,3,3,0,14,161,-150,0,0,0,0,1.605
13760,1.8677,2.6177,0.00,1.8627,2.6177,3,3,0,14,161,-150,0,0,0,0,1.593
13770,1.8558,2.6177,0.00,1.8508,2.6177,3,3,0,14,161,-150,0,0,0,0,1.581
13780,1.8438,2.6177,0.00,1.8388,2.6177,3,3,0,14,161,-150,0,0,0,0,1.569
13790,1.8319,2.6177,0.00,1.8269,2.6177,3,3,0,14,161,-150,0,0,0,0,1.557
13800,1.8200,2.6177,0.00,1.8150,2.6177,3,3,0,14,155,-150,0,0,0,0,1.545
13810,1.8080,2.6177,0.00,1.8030,2.6177,3,3,0,14,155,-150,0,0,0,0,1.533
13820,1.7961,2.6177,0.00,1.7911,2.6177,3,3,0,14,155,-150,0,0,0,0,1.521
13830,1.7842,2.6177,0.00,1.7792,2.6177,3,3,0,14,155,-150,0,0,0,0,1.509
13840,1.7722,2.6177,0.00,1.7672,2.6177,3,3,0,14,155,-150,0,0,0,0,1.497
13850,1.7603,2.6177,0.00,1.7553,2.6177,3,3,0,14,149,-150,0,0,0,0,1.485
13860,1.7483,2.6177,0.00,1.7433,2.6177,3,3,0,14,149,-150,0,0,0,0,1.473
13870,1.7364,2.6177,0.00,1.7314,2.6177,3,3,0,14,149,-150,0,0,0,0,1.461
13880,1.7245,2.6177,0.00,1.7195,2.6177,3,3,0,14,149,-150,0,0,0,0,1.449
13890,1.7125,2.6177,0.00,1.7075,2.6177,3,3,0,14,149,-150,0,0,0,0,1.438
13900,1.7006,2.6177,0.00,1.6956,2.6177,3,3,0,14,143,-150,0,0,0,0,1.426
13910,1.6886,2.6177,0.00,1.6836,2.6177,3,3,0,14,143,-150,0,0,0,0,1.414
13920,1.6767,2.6177,0.00,1.6717,2.6177,3,3,0,14,143,-150,0,0,0,0,1.402
13930,1.6648,2.6177,0.00,1.6598,2.6177,3,3,0,14,143,-150,0,0,0,0,1.390
13940,1.6528,2.6177,0.00,1.6478,2.6177,3,3,0,14,143,-150,0,0,0,0,1.378
13950,1.6409,2.6177,0.00,1.6359,2.6177,3,3,0,14,137,-150,0,0,0,0,1.366
13960,1.6290,2.6177,0.00,1.6240,2.6177,3,3,0,14,137,-150,0,0,0,0,1.354
13970,1.6170,2.6177,0.00,1.6120,2.6177,3,3,0,14,137,-150,0,0,0,0,1.342
13980,1.6051,2.6177,0.00,1.6001,2.6177,3,3,0,14,137,-150,0,0,0,0,1.330
13990,1.5931,2.6177,0.00,1.5881,2.6177,3,3,0,14,137,-150,0,0,0,0,1.318
14000,1.5812,2.6177,0.00,1.5762,2.6177,3,3,0,14,131,-150,0,0,0,0,1.306
14010,1.5693,2.6177,0.00,1.5643,2.6177,3,3,0,14,131,-150,0,0,0,0,1.294
14020,1.5573,2.6177,0.00,1.5523,2.6177,3,3,0,14,131,-150,0,0,0,0,1.282
14030,1.5454,2.6177,0.00,1.5404,2.6177,3,3,0,14,131,-150,0,0,0,0,1.270
14040,1.5335,2.6177,0.00,1.5285,2.6177,3,3,0,14,131,-150,0,0,0,0,1.258
14050,1.5215,2.6177,0.00,1.5165,2.6177,3,3,0,14,125,-150,0,0,0,0,1.247
14060,1.5096,2.6177,0.00,1.5046,2.6177,3,3,0,14,125,-150,0,0,0,0,1.235
14070,1.4976,2.6177,0.00,1.4926,2.6177,3,3,0,14,125,-150,0,0,0,0,1.223
14080,1.4857,2.6177,0.00,1.4807,2.6177,3,3,0,14,125,-150,0,0,0,0,1.211
14090,1.4738,2.6177,0.00,1.4688,2.6177,3,3,0,14,125,-150,0,0,0,0,1.199
14100,1.4618,2.6177,0.00,1.4568,2.6177,3,3,0,14,119,-150,0,0,0,0,1.187
14110,1.4499,2.6177,0.00,1.4449,2.6177,3,3,0,14,119,-150,0,0,0,0,1.175
14120,1.4380,2.6177,0.00,1.4330,2.6177,3,3,0,14,119,-150,0,0,0,0,1.163
14130,1.4260,2.6177,0.00,1.4210,2.6177,3,3,0,14,119,-150,0,0,0,0,1.151
14140,1.4141,2.6177,0.00,1.4091,2.6177,3,3,0,14,119,-150,0,0,0,0,1.139
14150,1.4021,2.6177,0.00,1.3971,2.6177,3,3,0,14,113,-150,0,0,0,0,1.127
14160,1.3902,2.6177,0.00,1.3852,2.6177,3,3,0,14,113,-150,0,0,0,0,1.115
14170,1.3783,2.6177,0.00,1.3733,2.6177,3,3,0,14,113,-150,0,0,0,0,1.103
14180,1.3663,2.6177,0.00,1.3613,2.6177,3,3,0,14,113,-150,0,0,0,0,1.091
14190,1.3544,2.6177,0.00,1.3494,2.6177,3,3,0,14,113,-150,0,0,0,0,1.079
14200,1.3424,2.6177,0.00,1.3374,2.6177,3,3,0,14,107,-150,0,0,0,0,1.067
14210,1.3305,2.6177,0.00,1.3255,2.6177,3,3,0,14,107,-150,0,0,0,0,1.056
14220,1.3186,2.6177,0.00,1.3136,2.6177,3,3,0,14,107,-150,0,0,0,0,1.044
14230,1.3066,2.6177,0.00,1.3016,2.6177,3,3,0,14,107,-150,0,0,0,0,1.032
14240,1.2947,2.6177,0.00,1.2897,2.6177,3,3,0,14,107,-150,0,0,0,0,1.020
14250,1.2828,2.6177,0.00,1.2778,2.6177,3,3,0,14,101,-150,0,0,0,0,1.008
14260,1.2708,2.6177,0.00,1.2658,2.6177,3,3,0,14,101,-150,0,0,0,0,0.996
14270,1.2589,2.6177,0.00,1.2539,2.6177,3,3,0,14,101,-150,0,0,0,0,0.984
14280,1.2469,2.6177,0.00,1.2419,2.6177,3,3,0,14,101,-150,0,0,0,0,0.972
14290,1.2350,2.6177,0.00,1.2300,2.6177,3,3,0,14,101,-150,0,0,0,0,0.960
14300,1.2231,2.6177,0.00,1.2181,2.6177,3,3,0,14,95,-150,0,0,0,0,0.948
14310,1.2111,2.6177,0.00,1.2061,2.6177,3,3,0,14,95,-150,0,0,0,0,0.936
14320,1.1992,2.6177,0.00,1.1942,2.6177,3,3,0,14,95,-150,0,0,0,0,0.924
14330,1.1873,2.6177,0.00,1.1823,2.6177,3,3,0,14,95,-150,0,0,0,0,0.912
14340,1.1753,2.6177,0.00,1.1703,2.6177,3,3,0,14,95,-150,0,0,0,0,0.900
14350,1.1634,2.6177,0.00,1.1584,2.6177,3,3,0,14,89,-75,0,0,0,0,0.888
14360,1.1516,2.6177,0.00,1.1466,2.6177,3,3,0,14,89,-75,0,0,0,0,0.877
14370,1.1400,2.6177,0.00,1.1350,2.6177,3,3,0,14,89,-75,0,0,0,0,0.865
14380,1.1286,2.6177,0.00,1.1236,2.6177,3,3,0,14,89,-75,0,0,0,0,0.854
14390,1.1173,2.6177,0.00,1.1123,2.6177,3,3,0,14,89,-75,0,0,0,0,0.842
14400,1.1063,2.6177,0.00,1.1013,2.6177,3,3,0,14,83,-75,0,0,0,0,0.831
14410,1.0955,2.6177,0.00,1.0905,2.6177,3,3,0,14,83,-75,0,0,0,0,0.821
14420,1.0849,2.6177,0.00,1.0799,2.6177,3,3,0,14,83,-75,0,0,0,0,0.810
14430,1.0745,2.6177,0.00,1.0695,2.6177,3,3,0,14,83,-75,0,0,0,0,0.800
14440,1.0643,2.6177,0.00,1.0593,2.6177,3,3,0,14,83,-75,0,0,0,0,0.789
14450,1.0543,2.6177,0.00,1.0493,2.6177,3,3,0,14,78,-75,0,0,0,0,0.779
14460,1.0445,2.6177,0.00,1.0395,2.6177,3,3,0,14,78,-75,0,0,0,0,0.769
14470,1.0349,2.6177,0.00,1.0299,2.6177,3,3,0,14,78,-75,0,0,0,0,0.760
14480,1.0255,2.6177,0.00,1.0205,2.6177,3,3,0,14,78,-75,0,0,0,0,0.750
14490,1.0163,2.6177,0.00,1.0113,2.6177,3,3,0,14,78,-75,0,0,0,0,0.741
14500,1.0073,2.6177,0.00,1.0023,2.6177,3,3,0,14,73,-75,0,0,0,0,0.732
14510,0.9984,2.6177,0.00,0.9934,2.6177,3,3,0,14,73,-75,0,0,0,0,0.723
14520,0.9898,2.6177,0.00,0.9848,2.6177,3,3,0,14,73,-75,0,0,0,0,0.715
14530,0.9814,2.6177,0.00,0.9764,2.6177,3,3,0,14,73,-75,0,0,0,0,0.706
14540,0.9732,2.6177,0.00,0.9682,2.6177,3,3,0,14,73,-75,0,0,0,0,0.698
14550,0.9652,2.6177,0.00,0.9602,2.6177,3,3,0,14,69,-75,0,0,0,0,0.690
14560,0.9574,2.6177,0.00,0.9524,2.6177,3,3,0,14,69,-75,0,0,0,0,0.682
14570,0.9498,2.6177,0.00,0.9448,2.6177,3,3,0,14,69,-75,0,0,0,0,0.675
14580,0.9424,2.6177,0.00,0.9374,2.6177,3,3,0,14,69,-75,0,0,0,0,0.667
14590,0.9352,2.6177,0.00,0.9302,2.6177,3,3,0,14,69,-75,0,0,0,0,0.660
14600,0.9282,2.6177,0.00,0.9232,2.6177,3,3,0,140,65,-75,0,0,0,0,0.653
14610,0.9214,2.6177,0.00,0.9164,2.6177,3,3,0,140,65,-75,0,0,0,0,0.646
14620,0.9148,2.6177,0.00,0.9098,2.6177,3,3,0,140,65,-75,0,0,0,0,0.640
14630,0.9084,2.6177,0.00,0.9034,2.6177,3,3,0,140,65,-75,0,0,0,0,0.633
14640,0.9021,2.6177,0.00,0.8971,2.6177,3,3,0,140,65,-75,0,0,0,0,0.627
14650,0.8961,2.6177,0.00,0.8911,2.6177,3,3,0,140,62,-75,0,0,0,0,0.621
14660,0.8902,2.6177,0.00,0.8852,2.6177,3,3,0,140,62,-75,0,0,0,0,0.615
14670,0.8842,2.6177,0.00,0.8792,2.6177,3,3,0,140,62,-75,0,0,0,0,0.609
14680,0.8782,2.6177,0.00,0.8732,2.6177,3,3,0,140,62,-75,0,0,0,0,0.603
14690,0.8723,2.6177,0.00,0.8673,2.6177,3,3,0,140,62,-75,0,0,0,0,0.597
14700,0.8663,2.6177,0.00,0.8613,2.6177,3,3,0,140,59,-75,0,0,0,0,0.591
14710,0.8603,2.6177,0.00,0.8553,2.6177,3,3,0,140,59,-75,0,0,0,0,0.585
14720,0.8543,2.6177,0.00,0.8493,2.6177,3,3,0,140,59,-75,0,0,0,0,0.579
14730,0.8484,2.6177,0.00,0.8434,2.6177,3,3,0,140,59,-75,0,0,0,0,0.573
14740,0.8424,2.6177,0.00,0.8374,2.6177,3,3,0,140,59,-75,0,0,0,0,0.567
14750,0.8364,2.6177,0.00,0.8314,2.6177,3,3,0,140,56,-75,0,0,0,0,0.561
14760,0.8305,2.6177,0.00,0.8255,2.6177,3,3,0,140,56,-75,0,0,0,0,0.555
14770,0.8245,2.6177,0.00,0.8195,2.6177,3,3,0,140,56,-75,0,0,0,0,0.549
14780,0.8185,2.6177,0.00,0.8135,2.6177,3,3,0,140,56,-75,0,0,0,0,0.544
14790,0.8126,2.6177,0.00,0.8076,2.6177,3,3,0,140,56,-75,0,0,0,0,0.538
14800,0.8066,2.6177,0.00,0.8016,2.6177,3,3,0,140,53,-75,0,0,0,0,0.532
14810,0.8006,2.6177,0.00,0.7956,2.6177,3,3,0,140,53,-75,0,0,0,0,0.526
14820,0.7947,2.6177,0.00,0.7897,2.6177,3,3,0,140,53,-75,0,0,0,0,0.520
14830,0.7887,2.6177,0.00,0.7837,2.6177,3,3,0,140,53,-75,0,0,0,0,0.514
14840,0.7827,2.6177,0.00,0.7777,2.6177,3,3,0,140,53,-75,0,0,0,0,0.508
14850,0.7767,2.6177,0.00,0.7717,2.6177,3,3,0,140,50,-75,0,0,0,0,0.502
14860,0.7708,2.6177,0.00,0.7658,2.6177,3,3,0,140,50,-75,0,0,0,0,0.496
14870,0.7648,2.6177,0.00,0.7598,2.6177,3,3,0,140,50,-75,0,0,0,0,0.490
14880,0.7588,2.6177,0.00,0.7538,2.6177,3,3,0,140,50,-75,0,0,0,0,0.484
14890,0.7529,2.6177,0.00,0.7479,2.6177,3,3,0,140,50,-75,0,0,0,0,0.478
14900,0.7469,2.6177,0.00,0.7419,2.6177,3,3,0,140,47,-75,0,0,0,0,0.472
14910,0.7409,2.6177,0.00,0.7359,2.6177,3,3,0,140,47,-75,0,0,0,0,0.466
14920,0.7350,2.6177,0.00,0.7300,2.6177,3,3,0,140,47,-75,0,0,0,0,0.460
14930,0.7290,2.6177,0.00,0.7240,2.6177,3,3,0,140,47,-75,0,0,0,0,0.454
14940,0.7230,2.6177,0.00,0.7180,2.6177,3,3,0,140,47,-75,0,0,0,0,0.448
14950,0.7171,2.6177,0.00,0.7121,2.6177,3,3,0,140,44,-75,0,0,0,0,0.442
14960,0.7111,2.6177,0.00,0.7061,2.6177,3,3,0,140,44,-75,0,0,0,0,0.436
14970,0.7051,2.6177,0.00,0.7001,2.6177,3,3,0,140,44,-75,0,0,0,0,0.430
14980,0.6991,2.6177,0.00,0.6941,2.6177,3,3,0,140,44,-75,0,0,0,0,0.424
14990,0.6932,2.6177,0.00,0.6882,2.6177,3,3,0,140,44,-75,0,0,0,0,0.418
15000,0.6872,2.6177,0.00,0.6822,2.6177,3,3,0,140,41,-75,0,0,0,0,0.412
15010,0.6812,2.6177,0.00,0.6762,2.6177,3,3,0,140,41,-75,0,0,0,0,0.406
15020,0.6753,2.6177,0.00,0.6703,2.6177,3,3,0,140,41,-75,0,0,0,0,0.400
15030,0.6693,2.6177,0.00,0.6643,2.6177,3,3,0,140,41,-75,0,0,0,0,0.394
15040,0.6633,2.6177,0.00,0.6583,2.6177,3,3,0,140,41,-75,0,0,0,0,0.388
15050,0.6574,2.6177,0.00,0.6524,2.6177,3,3,0,140,38,-75,0,0,0,0,0.382
15060,0.6514,2.6177,0.00,0.6464,2.6177,3,3,0,140,38,-75,0,0,0,0,0.376
15070,0.6454,2.6177,0.00,0.6404,2.6177,3,3,0,140,38,-75,0,0,0,0,0.370
15080,0.6395,2.6177,0.00,0.6345,2.6177,3,3,0,140,38,-75,0,0,0,0,0.364
15090,0.6335,2.6177,0.00,0.6285,2.6177,3,3,0,140,38,-75,0,0,0,0,0.358
15100,0.6275,2.6177,0.00,0.6225,2.6177,3,3,0,140,35,-75,0,0,0,0,0.353
15110,0.6216,2.6177,0.00,0.6166,2.6177,3,3,0,140,35,-75,0,0,0,0,0.347
15120,0.6156,2.6177,0.00,0.6106,2.6177,3,3,0,140,35,-75,0,0,0,0,0.341
15130,0.6096,2.6177,0.00,0.6046,2.6177,3,3,0,140,35,-75,0,0,0,0,0.335
15140,0.6036,2.6177,0.00,0.5986,2.6177,3,3,0,140,35,-75,0,0,0,0,0.329
15150,0.5977,2.6177,0.00,0.5927,2.6177,3,3,0,140,32,-75,0,0,0,0,0.323
15160,0.5917,2.6177,0.00,0.5867,2.6177,3,3,0,140,32,-75,0,0,0,0,0.317
15170,0.5857,2.6177,0.00,0.5807,2.6177,3,3,0,140,32,-75,0,0,0,0,0.311
15180,0.5798,2.6177,0.00,0.5748,2.6177,3,3,0,140,32,-75,0,0,0,0,0.305
15190,0.5738,2.6177,0.00,0.5688,2.6177,3,3,0,140,32,-75,0,0,0,0,0.299
15200,0.5678,2.6177,0.00,0.5628,2.6177,3,3,0,140,29,-75,0,0,0,0,0.293
15210,0.5619,2.6177,0.00,0.5569,2.6177,3,3,0,140,29,-75,0,0,0,0,0.287
15220,0.5559,2.6177,0.00,0.5509,2.6177,3,3,0,140,29,-75,0,0,0,0,0.281
15230,0.5499,2.6177,0.00,0.5449,2.6177,3,3,0,140,29,-75,0,0,0,0,0.275
15240,0.5440,2.6177,0.00,0.5390,2.6177,3,3,0,140,29,-75,0,0,0,0,0.269
15250,0.5380,2.6177,0.00,0.5330,2.6177,3,3,0,140,26,-75,0,0,0,0,0.263
15260,0.5320,2.6177,0.00,0.5270,2.6177,3,3,0,140,26,-75,0,0,0,0,0.257
15270,0.5260,2.6177,0.00,0.5210,2.6177,3,3,0,140,26,-75,0,0,0,0,0.251
15280,0.5201,2.6177,0.00,0.5151,2.6177,3,3,0,140,26,-75,0,0,0,0,0.245
15290,0.5141,2.6177,0.00,0.5091,2.6177,3,3,0,140,26,-75,0,0,0,0,0.239
15300,0.5081,2.6177,0.00,0.5031,2.6177,3,3,0,140,23,-75,0,0,0,0,0.233
15310,0.5022,2.6177,0.00,0.4972,2.6177,3,3,0,140,23,-75,0,0,0,0,0.227
15320,0.4962,2.6177,0.00,0.4912,2.6177,3,3,0,140,23,-75,0,0,0,0,0.221
15330,0.4902,2.6177,0.00,0.4852,2.6177,3,3,0,140,23,-75,0,0,0,0,0.215
15340,0.4843,2.6177,0.00,0.4793,2.6177,3,3,0,140,23,-75,0,0,0,0,0.209
15350,0.4783,2.6177,0.00,0.4733,2.6177,3,3,0,140,20,-75,0,0,0,0,0.203
15360,0.4723,2.6177,0.00,0.4673,2.6177,3,3,0,140,20,-75,0,0,0,0,0.197
15370,0.4664,2.6177,0.00,0.4614,2.6177,3,3,0,140,20,-75,0,0,0,0,0.191
15380,0.4604,2.6177,0.00,0.4554,2.6177,3,3,0,140,20,-75,0,0,0,0,0.185
15390,0.4544,2.6177,0.00,0.4494,2.6177,3,3,0,140,20,-75,0,0,0,0,0.179
15400,0.4484,2.6177,0.00,0.4434,2.6177,3,3,0,140,18,0,0,0,0,1,0.173
15410,0.4426,2.6177,0.00,0.4376,2.6177,3,3,0,140,18,-70,0,0,0,1,0.168
15420,0.4369,2.6177,0.00,0.4319,2.6177,3,3,0,140,18,-70,0,0,0,1,0.162
15430,0.4315,2.6177,0.00,0.4265,2.6177,3,3,0,140,18,-70,0,1,0,1,0.156
15440,0.4262,2.6177,0.00,0.4212,2.6177,3,3,0,140,18,-70,0,1,0,1,0.151
15450,0.4212,2.6177,0.00,0.4162,2.6177,3,3,0,140,15,-59,0,1,0,1,0.146
15460,0.4163,2.6177,0.00,0.4113,2.6177,3,3,0,140,15,-59,0,1,0,1,0.141
15470,0.4116,2.6177,0.00,0.4066,2.6177,3,3,0,140,15,-59,0,1,0,1,0.137
15480,0.4072,2.6177,0.00,0.4022,2.6177,3,3,0,140,15,-59,0,1,0,1,0.132
15490,0.4029,2.6177,0.00,0.3979,2.6177,3,3,0,140,15,-59,0,1,0,1,0.128
15500,0.3989,2.6177,0.00,0.3939,2.6177,3,3,0,140,13,-51,0,1,0,1,0.124
15510,0.3950,2.6177,0.00,0.3900,2.6177,3,3,0,140,13,-51,0,1,0,1,0.120
15520,0.3913,2.6177,0.00,0.3863,2.6177,3,3,0,140,13,-51,0,1,0,1,0.116
15530,0.3879,2.6177,0.00,0.3829,2.6177,3,3,0,140,13,-51,0,1,0,1,0.113
15540,0.3846,2.6177,0.00,0.3796,2.6177,3,3,0,140,13,-51,0,1,0,1,0.110
15550,0.3816,2.6177,0.00,0.3766,2.6177,3,3,0,140,11,-42,0,1,0,1,0.107
15560,0.3787,2.6177,0.00,0.3737,2.6177,3,3,0,140,11,-42,0,1,0,1,0.104
15570,0.3760,2.6177,0.00,0.3710,2.6177,3,3,0,140,11,-42,0,1,0,1,0.101
15580,0.3736,2.6177,0.00,0.3686,2.6177,3,3,0,140,11,-42,0,1,0,1,0.099
15590,0.3713,2.6177,0.00,0.3663,2.6177,3,3,0,140,11,-42,0,1,0,1,0.096
15600,0.3692,2.6177,0.00,0.3642,2.6177,3,3,0,140,10,-36,0,1,0,1,0.094
15610,0.3671,2.6177,0.00,0.3621,2.6177,3,3,0,140,10,-36,0,1,0,1,0.092
15620,0.3650,2.6177,0.00,0.3600,2.6177,3,3,0,140,10,-36,0,1,0,1,0.090
15630,0.3630,2.6177,0.00,0.3580,2.6177,4,3,0,140,10,0,0,0,0,0,1000.000
15640,0.3610,2.6177,0.00,0.3560,2.6177,4,3,0,140,10,0,0,0,0,0,1000.000
15650,0.3592,2.6177,0.00,0.3542,2.6177,4,3,0,140,9,0,0,0,0,0,1000.000
15660,0.3574,2.6177,0.00,0.3524,2.6177,4,3,0,140,9,0,0,0,0,0,1000.000
15670,0.3558,2.6177,0.00,0.3508,2.6177,4,3,0,140,9,0,0,0,0,0,1000.000
15680,0.3543,2.6177,0.00,0.3493,2.6177,4,3,0,140,9,0,0,0,0,0,1000.000
15690,0.3528,2.6177,0.00,0.3478,2.6177,4,3,0,140,9,0,0,0,0,0,1000.000
15700,0.3515,2.6177,0.00,0.3465,2.6177,4,3,0,140,8,0,0,0,0,0,1000.000
15710,0.3503,2.6177,0.00,0.3453,2.6177,4,3,0,140,8,0,0,0,0,0,1000.000
15720,0.3492,2.6177,0.00,0.3442,2.6177,4,3,0,140,8,0,0,0,0,0,1000.000
15730,0.3482,2.6177,0.00,0.3432,2.6177,4,3,0,140,8,0,0,0,0,0,1000.000
15740,0.3473,2.6177,0.00,0.3423,2.6177,4,3,0,140,8,0,0,0,0,0,1000.000
15750,0.3465,2.6177,0.00,0.3415,2.6177,4,3,0,140,7,0,0,0,0,0,1000.000
15760,0.3458,2.6177,0.00,0.3408,2.6177,4,3,0,140,7,0,0,0,0,0,1000.000
15770,0.3452,2.6177,0.00,0.3402,2.6177,4,3,0,140,7,0,0,0,0,0,1000.000
15780,0.3447,2.6177,0.00,0.3397,2.6177,4,3,0,140,7,0,0,0,0,0,1000.000
15790,0.3443,2.6177,0.00,0.3393,2.6177,4,3,0,140,7,0,0,0,0,0,1000.000
15800,0.3440,2.6177,0.00,0.3390,2.6177,4,3,0,140,7,0,0,0,0,0,1000.000
15810,0.3439,2.6177,0.00,0.3389,2.6177,4,3,0,140,7,0,0,0,0,0,1000.000
15820,0.3438,2.6177,0.00,0.3388,2.6177,4,3,0,140,7,0,0,0,0,0,1000.000
15830,0.3438,2.6177,0.00,0.3388,2.6177,4,3,0,140,7,0,0,0,0,0,1000.000
15840,0.3438,2.6177,0.00,0.3388,2.6177,4,3,0,140,7,0,0,0,0,0,1000.000
15850,0.3438,2.6177,0.00,0.3388,2.6177,4,3,0,140,7,0,0,0,0,0,1000.000
15860,0.3438,2.6177,0.00,0.3388,2.6177,4,3,0,140,7,0,0,0,0,0,1000.000
15870,0.3438,2.6177,0.00,0.3388,2.6177,4,3,0,140,7,0,0,0,0,0,1000.000
15880,0.3438,2.6177,0.00,0.3388,2.6177,4,3,0,140,7,0,0,0,0,0,1000.000
15890,0.3438,2.6177,0.00,0.3388,2.6177,4,3,0,140,7,0,0,0,0,0,1000.000
15900,0.3438,2.6177,0.00,0.3388,2.6177,4,3,0,140,7,0,0,0,0,0,1000.000
15910,0.3438,2.6177,0.00,0.3388,2.6177,4,3,0,140,7,0,0,0,0,0,1000.000
15920,0.3438,2.6177,0.00,0.3388,2.6177,4,3,0,140,7,0,0,0,0,0,1000.000
15930,0.3438,2.6177,0.00,0.3388,2.6177,4,3,0,140,7,0,0,0,0,0,1000.000
15940,0.3438,2.6177,0.00,0.3388,2.6177,4,3,0,140,7,0,0,0,0,0,1000.000
15950,0.3438,2.6177,0.00,0.3388,2.6177,4,3,0,140,7,0,0,0,0,0,1000.000
15960,0.3438,2.6177,0.00,0.3388,2.6177,4,3,0,140,7,0,0,0,0,0,1000.000
15970,0.3438,2.6177,0.00,0.3388,2.6177,4,3,0,140,7,0,0,0,0,0,1000.000
15980,0.3438,2.6177,0.00,0.3388,2.6177,4,3,0,140,7,0,0,0,0,0,1000.000
15990,0.3438,2.6177,0.00,0.3388,2.6177,4,3,0,140,7,0,0,0,0,0,1000.000
16000,0.3438,2.6177,0.00,0.3388,2.6177,4,3,0,140,7,0,0,0,0,0,1000.000
16010,0.3438,2.6177,0.00,0.3388,2.6177,4,3,0,140,7,0,0,0,0,0,1000.000
16020,0.3438,2.6177,0.00,0.3388,2.6177,4,3,0,140,7,0,0,0,0,0,1000.000
16030,0.3438,2.6178,0.00,0.3388,2.6178,4,3,0,140,7,0,150,0,0,0,3.054
16040,0.3438,2.6181,0.00,0.3388,2.6181,4,3,0,140,7,0,150,0,0,0,3.053
16050,0.3438,2.6185,0.00,0.3388,2.6185,4,3,0,140,7,0,150,0,0,0,3.053
16060,0.3438,2.6192,0.00,0.3388,2.6192,4,3,0,140,7,0,150,0,0,0,3.052
16070,0.3438,2.6201,0.00,0.3388,2.6201,4,3,0,140,7,0,150,0,0,0,3.051
16080,0.3438,2.6212,0.00,0.3388,2.6212,4,3,0,140,7,0,150,0,0,0,3.050
16090,0.3438,2.6224,0.00,0.3388,2.6224,4,3,0,140,7,0,150,0,0,0,3.049
16100,0.3438,2.6239,0.00,0.3388,2.6239,4,3,0,140,7,0,150,0,0,0,3.048
16110,0.3438,2.6256,0.00,0.3388,2.6256,4,3,0,140,7,0,150,0,0,0,3.046
16120,0.3438,2.6274,0.00,0.3388,2.6274,4,3,0,140,7,0,150,0,0,0,3.044
16130,0.3438,2.6295,0.00,0.3388,2.6295,4,3,0,140,7,0,150,0,0,0,3.042
16140,0.3438,2.6318,0.00,0.3388,2.6318,4,3,0,140,7,0,150,0,0,0,3.040
16150,0.3438,2.6342,0.00,0.3388,2.6342,4,3,0,140,7,0,150,0,0,0,3.037
16160,0.3438,2.6369,0.00,0.3388,2.6369,4,3,0,140,7,0,150,0,0,0,3.035
16170,0.3438,2.6398,0.00,0.3388,2.6398,4,3,0,140,7,0,150,0,0,0,3.032
16180,0.3438,2.6429,0.00,0.3388,2.6429,4,3,0,140,7,0,150,0,0,0,3.029
16190,0.3438,2.6461,0.00,0.3388,2.6461,4,3,0,140,7,0,150,0,0,0,3.025
16200,0.3438,2.6496,0.00,0.3388,2.6496,4,3,0,140,7,0,150,0,0,0,3.022
16210,0.3438,2.6533,0.00,0.3388,2.6533,4,3,0,140,7,0,150,0,0,0,3.018
16220,0.3438,2.6571,0.00,0.3388,2.6571,4,3,0,140,7,0,150,0,0,0,3.014
16230,0.3438,2.6612,0.00,0.3388,2.6612,4,3,0,140,7,0,150,0,0,0,3.010
16240,0.3438,2.6655,0.00,0.3388,2.6655,4,3,0,140,7,0,150,0,0,0,3.006
16250,0.3438,2.6699,0.00,0.3388,2.6699,4,3,0,140,7,0,150,0,0,0,3.002
16260,0.3438,2.6746,0.00,0.3388,2.6746,4,3,0,140,7,0,150,0,0,0,2.997
16270,0.3438,2.6795,0.00,0.3388,2.6795,4,3,0,140,7,0,150,0,0,0,2.992
16280,0.3438,2.6846,0.00,0.3388,2.6846,4,3,0,140,7,0,150,0,0,0,2.987
16290,0.3438,2.6898,0.00,0.3388,2.6898,4,3,0,140,7,0,150,0,0,0,2.982
16300,0.3438,2.6953,0.00,0.3388,2.6953,4,3,0,140,7,0,150,0,0,0,2.976
16310,0.3438,2.7010,0.00,0.3388,2.7010,4,3,0,140,7,0,150,0,0,0,2.971
16320,0.3438,2.7068,0.00,0.3388,2.7068,4,3,0,140,7,0,150,0,0,0,2.965
16330,0.3438,2.7129,0.00,0.3388,2.7129,4,3,0,140,7,0,150,0,0,0,2.959
16340,0.3438,2.7192,0.00,0.3388,2.7192,4,3,0,140,7,0,150,0,0,0,2.952
16350,0.3438,2.7256,0.00,0.3388,2.7256,4,3,0,140,7,0,150,0,0,0,2.946
16360,0.3438,2.7323,0.00,0.3388,2.7323,4,3,0,140,7,0,150,0,0,0,2.939
16370,0.3438,2.7392,0.00,0.3388,2.7392,4,3,0,140,7,0,150,0,0,0,2.932
16380,0.3438,2.7463,0.00,0.3388,2.7463,4,3,0,140,7,0,150,0,0,0,2.925
16390,0.3438,2.7535,0.00,0.3388,2.7535,4,3,0,140,7,0,150,0,0,0,2.918
16400,0.3438,2.7610,0.00,0.3388,2.7610,4,3,0,140,7,0,150,0,0,0,2.911
16410,0.3438,2.7687,0.00,0.3388,2.7687,4,3,0,140,7,0,150,0,0,0,2.903
16420,0.3438,2.7765,0.00,0.3388,2.7765,4,3,0,140,7,0,150,0,0,0,2.895
16430,0.3438,2.7846,0.00,0.3388,2.7846,4,3,0,140,7,0,150,0,0,0,2.887
16440,0.3438,2.7929,0.00,0.3388,2.7929,4,3,0,140,7,0,150,0,0,0,2.879
16450,0.3438,2.8013,0.00,0.3388,2.8013,4,3,0,140,7,0,150,0,0,0,2.870
16460,0.3438,2.8100,0.00,0.3388,2.8100,4,3,0,140,7,0,150,0,0,0,2.861
16470,0.3438,2.8189,0.00,0.3388,2.8189,4,3,0,140,7,0,150,0,0,0,2.853
16480,0.3438,2.8280,0.00,0.3388,2.8280,4,3,0,140,7,0,150,0,0,0,2.844
16490,0.3438,2.8372,0.00,0.3388,2.8372,4,3,0,140,7,0,150,0,0,0,2.834
16500,0.3438,2.8467,0.00,0.3388,2.8467,4,3,0,140,7,0,150,0,0,0,2.825
16510,0.3438,2.8564,0.00,0.3388,2.8564,4,3,0,140,7,0,150,0,0,0,2.815
16520,0.3438,2.8662,0.00,0.3388,2.8662,4,3,0,140,7,0,150,0,0,0,2.805
16530,0.3438,2.8763,0.00,0.3388,2.8763,4,3,0,140,7,0,150,0,0,0,2.795
16540,0.3438,2.8866,0.00,0.3388,2.8866,4,3,0,140,7,0,150,0,0,0,2.785
16550,0.3438,2.8970,0.00,0.3388,2.8970,4,3,0,140,7,0,150,0,0,0,2.774
16560,0.3438,2.9076,0.00,0.3388,2.9076,4,3,0,140,7,0,75,0,0,0,2.764
16570,0.3438,2.9180,0.00,0.3388,2.9180,4,3,0,140,7,0,75,0,0,0,2.754
16580,0.3438,2.9281,0.00,0.3388,2.9281,4,3,0,140,7,0,75,0,0,0,2.743
16590,0.3438,2.9381,0.00,0.3388,2.9381,4,3,0,140,7,0,75,0,0,0,2.733
16600,0.3438,2.9479,0.00,0.3388,2.9479,4,3,0,140,7,0,75,0,0,0,2.724
16610,0.3438,2.9575,0.00,0.3388,2.9575,4,3,0,140,7,0,75,0,0,0,2.714
16620,0.3438,2.9668,0.00,0.3388,2.9668,4,3,0,140,7,0,75,0,0,0,2.705
16630,0.3438,2.9760,0.00,0.3388,2.9760,4,3,0,140,7,0,75,0,0,0,2.696
16640,0.3438,2.9850,0.00,0.3388,2.9850,4,3,0,140,7,0,75,0,0,0,2.687
16650,0.3438,2.9937,0.00,0.3388,2.9937,4,3,0,140,7,0,75,0,0,0,2.678
16660,0.3438,3.0023,0.00,0.3388,3.0023,4,3,0,140,7,0,75,0,0,0,2.669
16670,0.3438,3.0107,0.00,0.3388,3.0107,4,3,0,140,7,0,75,0,0,0,2.661
16680,0.3438,3.0188,0.00,0.3388,3.0188,4,3,0,140,7,0,75,0,0,0,2.653
16690,0.3438,3.0268,0.00,0.3388,3.0268,4,3,0,140,7,0,75,0,0,0,2.645
16700,0.3438,3.0346,0.00,0.3388,3.0346,4,3,0,140,7,0,75,0,0,0,2.637
16710,0.3438,3.0422,0.00,0.3388,3.0422,4,3,0,140,7,0,75,0,0,0,2.629
16720,0.3438,3.0495,0.00,0.3388,3.0495,4,3,0,140,7,0,75,0,0,0,2.622
16730,0.3438,3.0567,0.00,0.3388,3.0567,4,3,0,140,7,0,75,0,0,0,2.615
16740,0.3438,3.0637,0.00,0.3388,3.0637,4,3,0,140,7,0,75,0,0,0,2.608
16750,0.3438,3.0704,0.00,0.3388,3.0704,4,3,0,140,7,0,75,0,0,0,2.601
16760,0.3438,3.0770,0.00,0.3388,3.0770,4,3,0,140,7,0,75,0,0,0,2.594
16770,0.3438,3.0834,0.00,0.3388,3.0834,4,3,0,140,7,0,75,0,0,0,2.588
16780,0.3438,3.0895,0.00,0.3388,3.0895,4,3,0,140,7,0,75,0,0,0,2.582
16790,0.3438,3.0955,0.00,0.3388,3.0955,4,3,0,140,7,0,75,0,0,0,2.576
16800,0.3438,3.1015,0.00,0.3388,3.1015,4,3,0,140,7,0,75,0,0,0,2.570
16810,0.3438,3.1075,0.00,0.3388,3.1075,4,3,0,140,7,0,75,0,0,0,2.564
16820,0.3438,3.1134,0.00,0.3388,3.1134,4,3,0,140,7,0,75,0,0,0,2.558
16830,0.3438,3.1194,0.00,0.3388,3.1194,4,3,0,140,7,0,75,0,0,0,2.552
16840,0.3438,3.1254,0.00,0.3388,3.1254,4,3,0,140,7,0,75,0,0,0,2.546
16850,0.3438,3.1313,0.00,0.3388,3.1313,4,3,0,140,7,0,75,0,0,0,2.540
16860,0.3438,3.1373,0.00,0.3388,3.1373,4,3,0,140,7,0,75,0,0,0,2.534
16870,0.3438,3.1433,0.00,0.3388,3.1433,4,3,0,140,7,0,75,0,0,0,2.528
16880,0.3438,3.1493,0.00,0.3388,3.1493,4,3,0,140,7,0,75,0,0,0,2.522
16890,0.3438,3.1552,0.00,0.3388,3.1552,4,3,0,140,7,0,75,0,0,0,2.516
16900,0.3438,3.1612,0.00,0.3388,3.1612,4,3,0,140,7,0,75,0,0,0,2.510
16910,0.3438,3.1672,0.00,0.3388,3.1672,4,3,0,140,7,0,75,0,0,0,2.504
16920,0.3438,3.1731,0.00,0.3388,3.1731,4,3,0,140,7,0,75,0,0,0,2.498
16930,0.3438,3.1791,0.00,0.3388,3.1791,4,3,0,140,7,0,75,0,0,0,2.492
16940,0.3438,3.1851,0.00,0.3388,3.1851,4,3,0,140,7,0,75,0,0,0,2.486
16950,0.3438,3.1910,0.00,0.3388,3.1910,4,3,0,140,7,0,75,0,0,0,2.480
16960,0.3438,3.1970,0.00,0.3388,3.1970,4,3,0,140,7,0,75,0,0,0,2.474
16970,0.3438,3.2030,0.00,0.3388,3.2030,4,3,0,140,7,0,75,0,0,0,2.469
16980,0.3438,3.2089,0.00,0.3388,3.2089,4,3,0,140,7,0,75,0,0,0,2.463
16990,0.3438,3.2149,0.00,0.3388,3.2149,4,3,0,140,7,0,75,0,0,0,2.457
17000,0.3438,3.2209,0.00,0.3388,3.2209,4,3,0,140,7,0,75,0,0,0,2.451
17010,0.3438,3.2269,0.00,0.3388,3.2269,4,3,0,140,7,0,75,0,0,0,2.445
17020,0.3438,3.2328,0.00,0.3388,3.2328,4,3,0,140,7,0,75,0,0,0,2.439
17030,0.3438,3.2388,0.00,0.3388,3.2388,4,3,0,140,7,0,75,0,0,0,2.433
17040,0.3438,3.2448,0.00,0.3388,3.2448,4,3,0,140,7,0,75,0,0,0,2.427
17050,0.3438,3.2507,0.00,0.3388,3.2507,4,3,0,140,7,0,75,0,0,0,2.421
17060,0.3438,3.2567,0.00,0.3388,3.2567,4,3,0,140,7,0,75,0,0,0,2.415
17070,0.3438,3.2627,0.00,0.3388,3.2627,4,3,0,140,7,0,75,0,0,0,2.409
17080,0.3438,3.2686,0.00,0.3388,3.2686,4,3,0,140,7,0,75,0,0,0,2.403
17090,0.3438,3.2746,0.00,0.3388,3.2746,4,3,0,140,7,0,75,0,0,0,2.397
17100,0.3438,3.2806,0.00,0.3388,3.2806,4,3,0,140,7,0,75,0,0,0,2.391
17110,0.3438,3.2865,0.00,0.3388,3.2865,4,3,0,140,7,0,75,0,0,0,2.385
17120,0.3438,3.2925,0.00,0.3388,3.2925,4,3,0,140,7,0,75,0,0,0,2.379
17130,0.3438,3.2985,0.00,0.3388,3.2985,4,3,0,140,7,0,75,0,0,0,2.373
17140,0.3438,3.3045,0.00,0.3388,3.3045,4,3,0,140,7,0,75,0,0,0,2.367
17150,0.3438,3.3104,0.00,0.3388,3.3104,4,3,0,140,7,0,75,0,0,0,2.361
17160,0.3438,3.3164,0.00,0.3388,3.3164,4,3,0,140,7,0,75,0,0,0,2.355
17170,0.3438,3.3224,0.00,0.3388,3.3224,4,3,0,140,7,0,75,0,0,0,2.349
17180,0.3438,3.3283,0.00,0.3388,3.3283,4,3,0,140,7,0,75,0,0,0,2.343
17190,0.3438,3.3343,0.00,0.3388,3.3343,4,3,0,140,7,0,75,0,0,0,2.337
17200,0.3438,3.3403,0.00,0.3388,3.3403,4,3,0,140,7,0,75,0,0,0,2.331
17210,0.3438,3.3462,0.00,0.3388,3.3462,4,3,0,140,7,0,75,0,0,0,2.325
17220,0.3438,3.3522,0.00,0.3388,3.3522,4,3,0,140,7,0,75,0,0,0,2.319
17230,0.3438,3.3582,0.00,0.3388,3.3582,4,3,0,140,7,0,75,0,0,0,2.313
17240,0.3438,3.3641,0.00,0.3388,3.3641,4,3,0,140,7,0,75,0,0,0,2.307
17250,0.3438,3.3701,0.00,0.3388,3.3701,4,3,0,140,7,0,75,0,0,0,2.301
17260,0.3438,3.3761,0.00,0.3388,3.3761,4,3,0,140,7,0,75,0,0,0,2.295
17270,0.3438,3.3820,0.00,0.3388,3.3820,4,3,0,140,7,0,75,0,0,0,2.289
17280,0.3438,3.3880,0.00,0.3388,3.3880,4,3,0,140,7,0,75,0,0,0,2.283
17290,0.3438,3.3940,0.00,0.3388,3.3940,4,3,0,140,7,0,75,0,0,0,2.278
17300,0.3438,3.4000,0.00,0.3388,3.4000,4,3,0,140,7,0,75,0,0,0,2.272
17310,0.3438,3.4059,0.00,0.3388,3.4059,4,3,0,140,7,0,75,0,0,0,2.266
17320,0.3438,3.4119,0.00,0.3388,3.4119,4,3,0,140,7,0,75,0,0,0,2.260
17330,0.3438,3.4179,0.00,0.3388,3.4179,4,3,0,140,7,0,75,0,0,0,2.254
17340,0.3438,3.4238,0.00,0.3388,3.4238,4,3,0,140,7,0,75,0,0,0,2.248
17350,0.3438,3.4298,0.00,0.3388,3.4298,4,3,0,140,7,0,75,0,0,0,2.242
17360,0.3438,3.4358,0.00,0.3388,3.4358,4,3,0,140,7,0,75,0,0,0,2.236
17370,0.3438,3.4417,0.00,0.3388,3.4417,4,3,0,140,7,0,75,0,0,0,2.230
17380,0.3438,3.4477,0.00,0.3388,3.4477,4,3,0,140,7,0,75,0,0,0,2.224
17390,0.3438,3.4537,0.00,0.3388,3.4537,4,3,0,140,7,0,75,0,0,0,2.218
17400,0.3438,3.4596,0.00,0.3388,3.4596,4,3,0,140,7,0,75,0,0,0,2.212
17410,0.3438,3.4656,0.00,0.3388,3.4656,4,3,0,140,7,0,75,0,0,0,2.206
17420,0.3438,3.4716,0.00,0.3388,3.4716,4,3,0,140,7,0,75,0,0,0,2.200
17430,0.3438,3.4776,0.00,0.3388,3.4776,4,3,0,140,7,0,75,0,0,0,2.194
17440,0.3438,3.4835,0.00,0.3388,3.4835,4,3,0,140,7,0,75,0,0,0,2.188
17450,0.3438,3.4895,0.00,0.3388,3.4895,4,3,0,140,7,0,75,0,0,0,2.182
17460,0.3438,3.4955,0.00,0.3388,3.4955,4,3,0,140,7,0,75,0,0,0,2.176
17470,0.3438,3.5014,0.00,0.3388,3.5014,4,3,0,140,7,0,75,0,0,0,2.170
17480,0.3438,3.5074,0.00,0.3388,3.5074,4,3,0,140,7,0,75,0,0,0,2.164
17490,0.3438,3.5134,0.00,0.3388,3.5134,4,3,0,140,7,0,75,0,0,0,2.158
17500,0.3438,3.5193,0.00,0.3388,3.5193,4,3,0,140,7,0,75,0,0,0,2.152
17510,0.3438,3.5253,0.00,0.3388,3.5253,4,3,0,140,7,0,75,0,0,0,2.146
17520,0.3438,3.5313,0.00,0.3388,3.5313,4,3,0,140,7,0,75,0,0,0,2.140
17530,0.3438,3.5372,0.00,0.3388,3.5372,4,3,0,140,7,0,75,0,0,0,2.134
17540,0.3438,3.5432,0.00,0.3388,3.5432,4,3,0,140,7,0,75,0,0,0,2.128
17550,0.3438,3.5492,0.00,0.3388,3.5492,4,3,0,140,7,0,75,0,0,0,2.122
17560,0.3438,3.5552,0.00,0.3388,3.5552,4,3,0,140,7,0,75,0,0,0,2.116
17570,0.3438,3.5611,0.00,0.3388,3.5611,4,3,0,140,7,0,75,0,0,0,2.110
17580,0.3438,3.5671,0.00,0.3388,3.5671,4,3,0,140,7,0,75,0,0,0,2.104
17590,0.3438,3.5731,0.00,0.3388,3.5731,4,3,0,140,7,0,75,0,0,0,2.098
17600,0.3438,3.5790,0.00,0.3388,3.5790,4,3,0,140,7,0,75,0,0,0,2.092
17610,0.3438,3.5850,0.00,0.3388,3.5850,4,3,0,140,7,0,75,0,0,0,2.087
17620,0.3438,3.5910,0.00,0.3388,3.5910,4,3,0,140,7,0,75,0,0,0,2.081
17630,0.3438,3.5969,0.00,0.3388,3.5969,4,3,0,140,7,0,75,0,0,0,2.075
17640,0.3438,3.6029,0.00,0.3388,3.6029,4,3,0,140,7,0,75,0,0,0,2.069
17650,0.3438,3.6089,0.00,0.3388,3.6089,4,3,0,140,7,0,75,0,0,0,2.063
17660,0.3438,3.6148,0.00,0.3388,3.6148,4,3,0,140,7,0,75,0,0,0,2.057
17670,0.3438,3.6208,0.00,0.3388,3.6208,4,3,0,140,7,0,75,0,0,0,2.051
17680,0.3438,3.6268,0.00,0.3388,3.6268,4,3,0,140,7,0,75,0,0,0,2.045
17690,0.3438,3.6327,0.00,0.3388,3.6327,4,3,0,140,7,0,75,0,0,0,2.039
17700,0.3438,3.6387,0.00,0.3388,3.6387,4,3,0,140,7,0,75,0,0,0,2.033
17710,0.3438,3.6447,0.00,0.3388,3.6447,4,3,0,140,7,0,75,0,0,0,2.027
17720,0.3438,3.6507,0.00,0.3388,3.6507,4,3,0,140,7,0,75,0,0,0,2.021
17730,0.3438,3.6566,0.00,0.3388,3.6566,4,3,0,140,7,0,75,0,0,0,2.015
17740,0.3438,3.6626,0.00,0.3388,3.6626,4,3,0,140,7,0,75,0,0,0,2.009
17750,0.3438,3.6686,0.00,0.3388,3.6686,4,3,0,140,7,0,75,0,0,0,2.003
17760,0.3438,3.6745,0.00,0.3388,3.6745,4,3,0,140,7,0,75,0,0,0,1.997
17770,0.3438,3.6805,0.00,0.3388,3.6805,4,3,0,140,7,0,75,0,0,0,1.991
17780,0.3438,3.6865,0.00,0.3388,3.6865,4,3,0,140,7,0,75,0,0,0,1.985
17790,0.3438,3.6924,0.00,0.3388,3.6924,4,3,0,140,7,0,75,0,0,0,1.979
17800,0.3438,3.6984,0.00,0.3388,3.6984,4,3,0,140,7,0,75,0,0,0,1.973
17810,0.3438,3.7043,0.00,0.3388,3.7043,5,3,0,140,7,0,0,0,0,0,1000.000
17820,0.3438,3.7101,0.00,0.3388,3.7101,5,3,0,140,7,0,0,0,0,0,1000.000
17830,0.3438,3.7156,0.00,0.3388,3.7156,5,3,0,140,7,0,0,0,0,0,1000.000
17840,0.3438,3.7210,0.00,0.3388,3.7210,5,3,0,140,7,0,0,0,0,0,1000.000
17850,0.3438,3.7261,0.00,0.3388,3.7261,5,3,0,140,7,0,0,0,0,0,1000.000
17860,0.3438,3.7310,0.00,0.3388,3.7310,5,3,0,140,7,0,0,0,0,0,1000.000
17870,0.3438,3.7358,0.00,0.3388,3.7358,5,3,0,140,7,0,0,0,0,0,1000.000
17880,0.3438,3.7403,0.00,0.3388,3.7403,5,3,0,140,7,0,0,0,0,0,1000.000
17890,0.3438,3.7446,0.00,0.3388,3.7446,5,3,0,140,7,0,0,0,0,0,1000.000
17900,0.3438,3.7488,0.00,0.3388,3.7488,5,3,0,140,7,0,0,0,0,0,1000.000
17910,0.3438,3.7527,0.00,0.3388,3.7527,5,3,0,140,7,0,0,0,0,0,1000.000
17920,0.3438,3.7565,0.00,0.3388,3.7565,5,3,0,140,7,0,0,0,0,0,1000.000
17930,0.3438,3.7600,0.00,0.3388,3.7600,5,3,0,140,7,0,0,0,0,0,1000.000
17940,0.3438,3.7633,0.00,0.3388,3.7633,5,3,0,140,7,0,0,0,0,0,1000.000
17950,0.3438,3.7665,0.00,0.3388,3.7665,5,3,0,140,7,0,0,0,0,0,1000.000
17960,0.3438,3.7694,0.00,0.3388,3.7694,5,3,0,140,7,0,0,0,0,0,1000.000
17970,0.3438,3.7722,0.00,0.3388,3.7722,5,3,0,140,7,0,0,0,0,0,1000.000
17980,0.3438,3.7747,0.00,0.3388,3.7747,5,3,0,140,7,0,0,0,0,0,1000.000
17990,0.3438,3.7770,0.00,0.3388,3.7770,5,3,0,140,7,0,0,0,0,0,1000.000
18000,0.3438,3.7792,0.00,0.3388,3.7792,5,3,0,140,7,0,0,0,0,0,1000.000
18010,0.3438,3.7811,0.00,0.3388,3.7811,5,3,0,140,7,0,0,0,0,0,1000.000
18020,0.3438,3.7829,0.00,0.3388,3.7829,5,3,0,140,7,0,0,0,0,0,1000.000
18030,0.3438,3.7844,0.00,0.3388,3.7844,5,3,0,140,7,0,0,0,0,0,1000.000
18040,0.3438,3.7857,0.00,0.3388,3.7857,5,3,0,140,7,0,0,0,0,0,1000.000
18050,0.3438,3.7869,0.00,0.3388,3.7869,5,3,0,140,7,0,0,0,0,0,1000.000
18060,0.3438,3.7878,0.00,0.3388,3.7878,5,3,0,140,7,0,0,0,0,0,1000.000
18070,0.3438,3.7885,0.00,0.3388,3.7885,5,3,0,140,7,0,0,0,0,0,1000.000
18080,0.3438,3.7891,0.00,0.3388,3.7891,5,3,0,140,7,0,0,0,0,0,1000.000
18090,0.3438,3.7894,0.00,0.3388,3.7894,5,3,0,140,7,0,0,0,0,0,1000.000
18100,0.3438,3.7896,0.00,0.3388,3.7896,5,3,0,140,7,0,0,0,0,0,1000.000
18110,0.3438,3.7896,0.00,0.3388,3.7896,5,3,0,140,7,0,0,0,0,0,1000.000
18120,0.3438,3.7896,0.00,0.3388,3.7896,5,3,0,140,7,0,0,0,0,0,1000.000
18130,0.3438,3.7896,0.00,0.3388,3.7896,5,3,0,140,7,0,0,0,0,0,1000.000
18140,0.3438,3.7896,0.00,0.3388,3.7896,5,3,0,140,7,0,0,0,0,0,1000.000
18150,0.3438,3.7896,0.00,0.3388,3.7896,5,3,0,140,7,0,0,0,0,0,1000.000
18160,0.3438,3.7896,0.00,0.3388,3.7896,5,3,0,140,7,0,0,0,0,0,1000.000
18170,0.3438,3.7896,0.00,0.3388,3.7896,5,3,0,140,7,0,0,0,0,0,1000.000
18180,0.3438,3.7896,0.00,0.3388,3.7896,5,3,0,140,7,0,0,0,0,0,1000.000
18190,0.3438,3.7896,0.00,0.3388,3.7896,5,3,0,140,7,0,0,0,0,0,1000.000
18200,0.3438,3.7896,0.00,0.3388,3.7896,5,3,0,140,7,0,0,0,0,0,1000.000
18210,0.3438,3.7896,0.00,0.3388,3.7896,5,3,0,140,7,75,0,0,0,0,2.391
18220,0.3441,3.7896,0.00,0.3391,3.7896,5,3,0,140,7,75,0,0,0,0,2.391
18230,0.3445,3.7896,0.00,0.3395,3.7896,5,3,0,140,7,75,0,0,0,0,2.390
18240,0.3451,3.7896,0.00,0.3401,3.7896,5,3,0,140,7,75,0,0,0,0,2.390
18250,0.3460,3.7896,0.00,0.3410,3.7896,5,3,0,140,7,75,0,0,0,0,2.389
18260,0.3470,3.7896,0.00,0.3420,3.7896,5,3,0,140,7,75,0,0,0,0,2.388
18270,0.3482,3.7896,0.00,0.3432,3.7896,5,3,0,140,7,75,0,0,0,0,2.387
18280,0.3496,3.7896,0.00,0.3446,3.7896,5,3,0,140,7,75,0,0,0,0,2.385
18290,0.3512,3.7896,0.00,0.3462,3.7896,5,3,0,140,7,75,0,0,0,0,2.384
18300,0.3531,3.7896,0.00,0.3481,3.7896,5,3,0,140,7,75,0,0,0,0,2.382
18310,0.3551,3.7896,0.00,0.3501,3.7896,5,3,0,140,7,75,0,0,0,0,2.380
18320,0.3573,3.7896,0.00,0.3523,3.7896,5,3,0,140,7,75,0,0,0,0,2.378
18330,0.3597,3.7896,0.00,0.3547,3.7896,5,3,0,140,7,75,0,0,0,0,2.375
18340,0.3623,3.7896,0.00,0.3573,3.7896,5,3,0,140,7,75,0,0,0,0,2.373
18350,0.3652,3.7896,0.00,0.3602,3.7896,5,3,0,140,7,75,0,0,0,0,2.370
18360,0.3682,3.7896,0.00,0.3632,3.7896,5,3,0,140,7,75,0,0,0,0,2.367
18370,0.3714,3.7896,0.00,0.3664,3.7896,5,3,0,140,7,75,0,0,0,0,2.364
18380,0.3748,3.7896,0.00,0.3698,3.7896,5,3,0,140,7,75,0,0,0,0,2.360
18390,0.3784,3.7896,0.00,0.3734,3.7896,5,3,0,140,7,75,0,0,0,0,2.357
18400,0.3822,3.7896,0.00,0.3772,3.7896,5,3,0,140,8,75,0,0,0,0,2.353
18410,0.3862,3.7896,0.00,0.3812,3.7896,5,3,0,140,8,75,0,0,0,0,2.349
18420,0.3904,3.7896,0.00,0.3854,3.7896,5,3,0,140,8,75,0,0,0,0,2.345
18430,0.3948,3.7896,0.00,0.3898,3.7896,5,3,0,140,8,75,0,0,0,0,2.340
18440,0.3994,3.7896,0.00,0.3944,3.7896,5,3,0,140,8,75,0,0,0,0,2.336
18450,0.4043,3.7896,0.00,0.3993,3.7896,5,3,0,140,9,75,0,0,0,0,2.331
18460,0.4093,3.7896,0.00,0.4043,3.7896,5,3,0,140,9,75,0,0,0,0,2.326
18470,0.4145,3.7896,0.00,0.4095,3.7896,5,3,0,140,9,75,0,0,0,0,2.321
18480,0.4199,3.7896,0.00,0.4149,3.7896,5,3,0,140,9,75,0,0,0,0,2.315
18490,0.4255,3.7896,0.00,0.4205,3.7896,5,3,0,140,9,75,0,0,0,0,2.310
18500,0.4313,3.7896,0.00,0.4263,3.7896,5,3,0,140,11,75,0,0,0,0,2.304
18510,0.4372,3.7896,0.00,0.4322,3.7896,5,3,0,140,11,75,0,0,0,0,2.298
18520,0.4432,3.7896,0.00,0.4382,3.7896,5,3,0,140,11,75,0,0,0,0,2.292
18530,0.4492,3.7896,0.00,0.4442,3.7896,5,3,0,140,11,75,0,0,0,0,2.286
18540,0.4551,3.7896,0.00,0.4501,3.7896,5,3,0,140,11,75,0,0,0,0,2.280
18550,0.4611,3.7896,0.00,0.4561,3.7896,5,3,0,140,13,75,0,0,0,0,2.274
18560,0.4671,3.7896,0.00,0.4621,3.7896,5,3,0,140,13,75,0,0,0,0,2.268
18570,0.4730,3.7896,0.00,0.4680,3.7896,5,3,0,140,13,75,0,0,0,0,2.262
18580,0.4790,3.7896,0.00,0.4740,3.7896,5,3,0,140,13,75,0,0,0,0,2.256
18590,0.4850,3.7896,0.00,0.4800,3.7896,5,3,0,140,13,75,0,0,0,0,2.250
18600,0.4909,3.7896,0.00,0.4859,3.7896,5,3,0,140,16,75,0,0,0,0,2.244
18610,0.4969,3.7896,0.00,0.4919,3.7896,5,3,0,140,16,75,0,0,0,0,2.238
18620,0.5029,3.7896,0.00,0.4979,3.7896,5,3,0,140,16,75,0,0,0,0,2.232
18630,0.5088,3.7896,0.00,0.5003,3.7896,6,4,1,140,16,0,0,0,0,0,1000.000
18640,0.5145,3.7896,0.00,0.5003,3.7896,6,4,1,140,16,0,0,0,0,0,1000.000
18650,0.5201,3.7896,0.00,0.5003,3.7896,6,4,1,140,19,0,0,0,0,0,1000.000
18660,0.5254,3.7896,0.00,0.5003,3.7896,6,4,1,140,19,0,0,0,0,0,1000.000
18670,0.5306,3.7896,0.00,0.5003,3.7896,6,4,1,140,19,0,0,0,0,0,1000.000
18680,0.5355,3.7896,0.00,0.5003,3.7896,6,4,1,140,19,0,0,0,0,0,1000.000
18690,0.5402,3.7896,0.00,0.5003,3.7896,6,4,1,140,19,0,0,0,0,0,1000.000
18700,0.5448,3.7896,0.00,0.5003,3.7896,6,4,1,140,22,0,0,0,0,0,1000.000
18710,0.5491,3.7896,0.00,0.5003,3.7896,6,4,1,140,22,0,0,0,0,0,1000.000
18720,0.5533,3.7896,0.00,0.5003,3.7896,6,4,1,140,22,0,0,0,0,0,1000.000
18730,0.5572,3.7896,0.00,0.5003,3.7896,6,4,1,140,22,0,0,0,0,0,1000.000
18740,0.5609,3.7896,0.00,0.5003,3.7896,6,4,1,140,22,0,0,0,0,0,1000.000
18750,0.5645,3.7896,0.00,0.5003,3.7896,6,4,1,140,25,0,0,0,0,0,1000.000
18760,0.5678,3.7896,0.00,0.5003,3.7896,6,4,1,140,25,0,0,0,0,0,1000.000
18770,0.5709,3.7896,0.00,0.5003,3.7896,6,4,1,140,25,0,0,0,0,0,1000.000
18780,0.5739,3.7896,0.00,0.5003,3.7896,6,4,1,140,25,0,0,0,0,0,1000.000
18790,0.5766,3.7896,0.00,0.5003,3.7896,6,4,1,140,25,0,0,0,0,0,1000.000
18800,0.5792,3.7896,0.00,0.5003,3.7896,6,4,1,140,27,0,0,0,0,0,1000.000
18810,0.5815,3.7896,0.00,0.5003,3.7896,6,4,1,140,27,0,0,0,0,0,1000.000
18820,0.5836,3.7896,0.00,0.5003,3.7896,6,4,1,140,27,0,0,0,0,0,1000.000
18830,0.5856,3.7896,0.00,0.5003,3.7896,6,4,1,140,27,0,0,0,0,0,1000.000
18840,0.5873,3.7896,0.00,0.5003,3.7896,6,4,1,140,27,0,0,0,0,0,1000.000
18850,0.5889,3.7896,0.00,0.5003,3.7896,6,4,1,140,29,0,0,0,0,0,1000.000
18860,0.5902,3.7896,0.00,0.5003,3.7896,6,4,1,140,29,0,0,0,0,0,1000.000
18870,0.5913,3.7896,0.00,0.5003,3.7896,6,4,1,140,29,0,0,0,0,0,1000.000
18880,0.5923,3.7896,0.00,0.5003,3.7896,6,4,1,140,29,0,0,0,0,0,1000.000
18890,0.5930,3.7896,0.00,0.5003,3.7896,6,4,1,140,29,0,0,0,0,0,1000.000
18900,0.5936,3.7896,0.00,0.5003,3.7896,6,4,1,140,30,0,0,0,0,0,1000.000
18910,0.5939,3.7896,0.00,0.5003,3.7896,6,4,1,140,30,0,0,0,0,0,1000.000
18920,0.5940,3.7896,0.00,0.5003,3.7896,6,4,1,140,30,0,0,0,0,0,1000.000
18930,0.5940,3.7896,0.00,0.5003,3.7896,6,4,1,140,30,0,0,0,0,0,1000.000
18940,0.5940,3.7896,0.00,0.5003,3.7896,6,4,1,140,30,0,0,0,0,0,1000.000
18950,0.5940,3.7896,0.00,0.5003,3.7896,6,4,1,140,31,0,0,0,0,0,1000.000
18960,0.5940,3.7896,0.00,0.5003,3.7896,6,4,1,140,31,0,0,0,0,0,1000.000
18970,0.5940,3.7896,0.00,0.5003,3.7896,6,4,1,140,31,0,0,0,0,0,1000.000
18980,0.5940,3.7896,0.00,0.5003,3.7896,6,4,1,140,31,0,0,0,0,0,1000.000
18990,0.5940,3.7896,0.00,0.5003,3.7896,6,4,1,140,31,0,0,0,0,0,1000.000
19000,0.5940,3.7896,0.00,0.5003,3.7896,6,4,1,140,32,0,0,0,0,0,1000.000
19010,0.5940,3.7896,0.00,0.5003,3.7896,6,4,1,140,32,0,0,0,0,0,1000.000
19020,0.5940,3.7896,0.00,0.5003,3.7896,6,4,1,140,32,0,0,0,0,0,1000.000
19030,0.5940,3.7896,0.00,0.5003,3.7896,6,4,1,140,32,0,0,0,0,0,1000.000
19040,0.5940,3.7896,0.00,0.5003,3.7896,6,4,1,140,32,0,0,0,0,0,1000.000
19050,0.5940,3.7896,0.00,0.5003,3.7896,6,4,1,140,32,0,0,0,0,0,1000.000
19060,0.5940,3.7896,0.00,0.5003,3.7896,6,4,1,140,32,0,0,0,0,0,1000.000
19070,0.5940,3.7896,0.00,0.5003,3.7896,6,4,1,140,32,0,0,0,0,0,1000.000
19080,0.5940,3.7896,0.00,0.5003,3.7896,6,4,1,140,32,0,0,0,0,0,1000.000
19090,0.5940,3.7896,0.00,0.5003,3.7896,6,4,1,140,32,0,0,0,0,0,1000.000
19100,0.5940,3.7896,0.00,0.5003,3.7896,6,4,1,140,32,0,0,0,0,0,1000.000
19110,0.5940,3.7896,0.00,0.5003,3.7896,6,4,1,140,32,0,0,0,0,0,1000.000
19120,0.5940,3.7896,0.00,0.5003,3.7896,6,4,1,140,32,0,0,0,0,0,1000.000
19130,0.5940,3.7896,0.00,0.5003,3.7896,6,4,1,140,32,0,0,0,0,0,1000.000
19140,0.5940,3.7896,0.00,0.5003,3.7896,6,4,1,140,32,0,0,0,0,0,1000.000
19150,0.5940,3.7896,0.00,0.5003,3.7896,6,4,1,140,32,0,0,0,0,0,1000.000
19160,0.5940,3.7896,0.00,0.5003,3.7896,6,4,1,140,32,0,0,0,0,0,1000.000
19170,0.5940,3.7896,0.00,0.5003,3.7896,6,4,1,140,32,0,0,0,0,0,1000.000
19180,0.5940,3.7896,0.00,0.5003,3.7896,6,4,1,140,32,0,0,0,0,0,1000.000
19190,0.5940,3.7896,0.00,0.5003,3.7896,6,4,1,140,32,0,0,0,0,0,1000.000
19200,0.5940,3.7896,0.00,0.5003,3.7896,6,4,1,140,32,0,0,0,0,0,1000.000
19210,0.5940,3.7896,0.00,0.5003,3.7896,6,4,1,140,32,0,0,0,0,0,1000.000
19220,0.5940,3.7896,0.00,0.5003,3.7896,6,4,1,140,32,0,0,0,0,0,1000.000
19230,0.5940,3.7896,0.00,0.5003,3.7896,6,4,1,140,32,0,0,0,0,0,1000.000
19240,0.5940,3.7896,0.00,0.5003,3.7896,6,4,1,140,32,0,0,0,0,0,1000.000
19250,0.5940,3.7896,0.00,0.5003,3.7896,6,4,1,140,32,0,0,0,0,0,1000.000
19260,0.5940,3.7896,0.00,0.5003,3.7896,6,4,1,140,32,0,0,0,0,0,1000.000
19270,0.5940,3.7896,0.00,0.5003,3.7896,6,4,1,140,32,0,0,0,0,0,1000.000
19280,0.5940,3.7896,0.00,0.5003,3.7896,6,4,1,140,32,0,0,0,0,0,1000.000
19290,0.5940,3.7896,0.00,0.5003,3.7896,6,4,1,140,32,0,0,0,0,0,1000.000
19300,0.5940,3.7896,0.00,0.5003,3.7896,6,4,1,140,32,0,0,0,0,0,1000.000
19310,0.5940,3.7896,0.00,0.5003,3.7896,6,4,1,140,32,0,0,0,0,0,1000.000
19320,0.5940,3.7896,0.00,0.5003,3.7896,6,4,1,140,32,0,0,0,0,0,1000.000
19330,0.5940,3.7896,0.00,0.5003,3.7896,6,4,1,140,32,0,0,0,0,0,1000.000
19340,0.5940,3.7896,0.00,0.5003,3.7896,6,4,1,140,32,0,0,0,0,0,1000.000
19350,0.5940,3.7896,0.00,0.5003,3.7896,6,4,1,140,32,0,0,0,0,0,1000.000
19360,0.5940,3.7896,0.00,0.5003,3.7896,6,4,1,140,32,0,0,0,0,0,1000.000
19370,0.5940,3.7896,0.00,0.5003,3.7896,6,4,1,140,32,0,0,0,0,0,1000.000
19380,0.5940,3.7896,0.00,0.5003,3.7896,6,4,1,140,32,0,0,0,0,0,1000.000
19390,0.5940,3.7896,0.00,0.5003,3.7896,6,4,1,140,32,0,0,0,0,0,1000.000
19400,0.5940,3.7896,0.00,0.5003,3.7896,6,4,1,140,32,0,0,0,0,0,1000.000
19410,0.5940,3.7896,0.00,0.5003,3.7896,6,4,1,140,32,0,0,0,0,0,1000.000
19420,0.5940,3.7896,0.00,0.5003,3.7896,6,4,1,140,32,0,0,0,0,0,1000.000
19430,0.5940,3.7896,0.00,0.5003,3.7896,6,4,1,140,32,0,0,0,0,0,1000.000
19440,0.5940,3.7896,0.00,0.5003,3.7896,6,4,1,140,32,0,0,0,0,0,1000.000
19450,0.5940,3.7896,0.00,0.5003,3.7896,6,4,1,140,32,0,0,0,0,0,1000.000
19460,0.5940,3.7896,0.00,0.5003,3.7896,6,4,1,140,32,0,0,0,0,0,1000.000
19470,0.5940,3.7896,0.00,0.5003,3.7896,6,4,1,140,32,0,0,0,0,0,1000.000
19480,0.5940,3.7896,0.00,0.5003,3.7896,6,4,1,140,32,0,0,0,0,0,1000.000
19490,0.5940,3.7896,0.00,0.5003,3.7896,6,4,1,140,32,0,0,0,0,0,1000.000
19500,0.5940,3.7896,0.00,0.5003,3.7896,6,4,1,140,32,0,0,0,0,0,1000.000
19510,0.5940,3.7896,0.00,0.5003,3.7896,6,4,1,140,32,0,0,0,0,0,1000.000
19520,0.5940,3.7896,0.00,0.5003,3.7896,6,4,1,140,32,0,0,0,0,0,1000.000
19530,0.5940,3.7896,0.00,0.5003,3.7896,6,4,1,140,32,0,0,0,0,0,1000.000
19540,0.5940,3.7896,0.00,0.5003,3.7896,6,4,1,140,32,0,0,0,0,0,1000.000
19550,0.5940,3.7896,0.00,0.5003,3.7896,6,4,1,140,32,0,0,0,0,0,1000.000
19560,0.5940,3.7896,0.00,0.5003,3.7896,6,4,1,140,32,0,0,0,0,0,1000.000
19570,0.5940,3.7896,0.00,0.5003,3.7896,6,4,1,140,32,0,0,0,0,0,1000.000
19580,0.5940,3.7896,0.00,0.5003,3.7896,6,4,1,140,32,0,0,0,0,0,1000.000
19590,0.5940,3.7896,0.00,0.5003,3.7896,6,4,1,140,32,0,0,0,0,0,1000.000
19600,0.5940,3.7896,0.00,0.5003,3.7896,6,4,1,140,32,0,0,0,0,0,1000.000
19610,0.5940,3.7896,0.00,0.5003,3.7896,6,4,1,140,32,0,0,0,0,0,1000.000
19620,0.5940,3.7896,0.00,0.5003,3.7896,6,4,1,140,32,0,0,0,0,0,1000.000
19630,0.5940,3.7896,0.00,0.5003,3.7896,6,4,1,140,32,0,0,0,0,0,1000.000
19640,0.5940,3.7896,0.00,0.5003,3.7896,6,4,1,140,32,0,0,0,0,0,1000.000
19650,0.5940,3.7896,0.00,0.5003,3.7896,6,4,1,140,32,0,0,0,0,0,1000.000
19660,0.5940,3.7896,0.00,0.5003,3.7896,6,4,1,140,32,0,0,0,0,0,1000.000
19670,0.5940,3.7896,0.00,0.5003,3.7896,6,4,1,140,32,0,0,0,0,0,1000.000
19680,0.5940,3.7896,0.00,0.5003,3.7896,6,4,1,140,32,0,0,0,0,0,1000.000
19690,0.5940,3.7896,0.00,0.5003,3.7896,6,4,1,140,32,0,0,0,0,0,1000.000
19700,0.5940,3.7896,0.00,0.5003,3.7896,6,4,1,140,32,0,0,0,0,0,1000.000
19710,0.5940,3.7896,0.00,0.5003,3.7896,6,4,1,140,32,0,0,0,0,0,1000.000
19720,0.5940,3.7896,0.00,0.5003,3.7896,6,4,1,140,32,0,0,0,0,0,1000.000
19730,0.5940,3.7896,0.00,0.5003,3.7896,6,4,1,140,32,0,0,0,0,0,1000.000
19740,0.5940,3.7896,0.00,0.5003,3.7896,6,4,1,140,32,0,0,0,0,0,1000.000
19750,0.5940,3.7896,0.00,0.5003,3.7896,6,4,1,140,32,0,0,0,0,0,1000.000
19760,0.5940,3.7896,0.00,0.5003,3.7896,6,4,1,140,32,0,0,0,0,0,1000.000
19770,0.5940,3.7896,0.00,0.5003,3.7896,6,4,1,140,32,0,0,0,0,0,1000.000
19780,0.5940,3.7896,0.00,0.5003,3.7896,6,4,1,140,32,0,0,0,0,0,1000.000
19790,0.5940,3.7896,0.00,0.5003,3.7896,6,4,1,140,32,0,0,0,0,0,1000.000
19800,0.5940,3.7896,0.00,0.5003,3.7896,6,4,1,140,32,0,0,0,0,0,1000.000
19810,0.5940,3.7896,0.00,0.5003,3.7896,6,4,1,140,32,0,0,0,0,0,1000.000
19820,0.5940,3.7896,0.00,0.5003,3.7896,6,4,1,140,32,0,0,0,0,0,1000.000
19830,0.5940,3.7896,0.00,0.5003,3.7896,6,4,1,140,32,0,0,0,0,0,1000.000
19840,0.5940,3.7896,0.00,0.5003,3.7896,6,4,1,140,32,0,0,0,0,0,1000.000
19850,0.5940,3.7896,0.00,0.5003,3.7896,6,4,1,140,32,0,0,0,0,0,1000.000
19860,0.5940,3.7896,0.00,0.5003,3.7896,6,4,1,140,32,0,0,0,0,0,1000.000
19870,0.5940,3.7896,0.00,0.5003,3.7896,6,4,1,140,32,0,0,0,0,0,1000.000
19880,0.5940,3.7896,0.00,0.5003,3.7896,6,4,1,140,32,0,0,0,0,0,1000.000
19890,0.5940,3.7896,0.00,0.5003,3.7896,6,4,1,140,32,0,0,0,0,0,1000.000
19900,0.5940,3.7896,0.00,0.5003,3.7896,6,4,1,140,32,0,0,0,0,0,1000.000
19910,0.5940,3.7896,0.00,0.5003,3.7896,6,4,1,140,32,0,0,0,0,0,1000.000
19920,0.5940,3.7896,0.00,0.5003,3.7896,6,4,1,140,32,0,0,0,0,0,1000.000
19930,0.5940,3.7896,0.00,0.5003,3.7896,6,4,1,140,32,0,0,0,0,0,1000.000
19940,0.5940,3.7896,0.00,0.5003,3.7896,6,4,1,140,32,0,0,0,0,0,1000.000
19950,0.5940,3.7896,0.00,0.5003,3.7896,6,4,1,140,32,0,0,0,0,0,1000.000
19960,0.5940,3.7896,0.00,0.5003,3.7896,6,4,1,140,32,0,0,0,0,0,1000.000
19970,0.5940,3.7896,0.00,0.5003,3.7896,6,4,1,140,32,0,0,0,0,0,1000.000
19980,0.5940,3.7896,0.00,0.5003,3.7896,6,4,1,140,32,0,0,0,0,0,1000.000
19990,0.5940,3.7896,0.00,0.5003,3.7896,6,4,1,140,32,0,0,0,0,0,1000.000
20000,0.5940,3.7896,0.00,0.5003,3.7896,6,4,1,140,32,0,0,0,0,0,1000.000
20010,0.5940,3.7896,0.00,0.5003,3.7896,6,4,1,140,32,0,0,0,0,0,1000.000
20020,0.5940,3.7896,0.00,0.5003,3.7896,6,4,1,140,32,0,0,0,0,0,1000.000
20030,0.5940,3.7896,0.00,0.5003,3.7896,6,4,1,140,32,0,0,0,0,0,1000.000
20040,0.5940,3.7896,0.00,0.5003,3.7896,6,4,1,140,32,0,0,0,0,0,1000.000
20050,0.5940,3.7896,0.00,0.5003,3.7896,6,4,1,140,32,0,0,0,0,0,1000.000
20060,0.5940,3.7896,0.00,0.5003,3.7896,6,4,1,140,32,0,0,0,0,0,1000.000
20070,0.5940,3.7896,0.00,0.5003,3.7896,6,4,1,140,32,0,0,0,0,0,1000.000
20080,0.5940,3.7896,0.00,0.5003,3.7896,6,4,1,140,32,0,0,0,0,0,1000.000
20090,0.5940,3.7896,0.00,0.5003,3.7896,6,4,1,140,32,0,0,0,0,0,1000.000
20100,0.5940,3.7896,0.00,0.5003,3.7896,6,4,1,140,32,0,0,0,0,0,1000.000
20110,0.5940,3.7896,0.00,0.5003,3.7896,6,4,1,140,32,0,0,0,0,0,1000.000
20120,0.5940,3.7896,0.00,0.5003,3.7896,6,4,1,140,32,0,0,0,0,0,1000.000
